,Source,Location ID,City,State,Country,Latitude,Longitude,Time Zone,Elevation,Local Time Zone,Clearsky DHI Units,Clearsky DNI Units,Clearsky GHI Units,Dew Point Units,DHI Units,DNI Units,GHI Units,Solar Zenith Angle Units,Temperature Units,Pressure Units,Relative Humidity Units,Precipitable Water Units,Wind Direction Units,Wind Speed Units,Cloud Type -15,Cloud Type 0,Cloud Type 1,Cloud Type 2,Cloud Type 3,Cloud Type 4,Cloud Type 5,Cloud Type 6,Cloud Type 7,Cloud Type 8,Cloud Type 9,Cloud Type 10,Cloud Type 11,Cloud Type 12,Fill Flag 0,Fill Flag 1,Fill Flag 2,Fill Flag 3,Fill Flag 4,Fill Flag 5,Surface Albedo Units,Version
,NSRDB,771867,-,Iowa,USA,41.61,-93.54,-6,264,-6,w/m2,w/m2,w/m2,c,w/m2,w/m2,w/m2,Degree,c,mbar,%,cm,Degrees,m/s,N/A,Clear,Probably Clear,Fog,Water,Super-Cooled Water,Mixed,Opaque Ice,Cirrus,Overlapping,Overshooting,Unknown,Dust,Smoke,N/A,Missing Image,Low Irradiance,Exceeds Clearsky,Missing CLoud Properties,Rayleigh Violation,N/A,3.2.0
Date (MM/DD/YYYY),Year,Month,Day,Hour,Minute,DHI,DNI,Dew Point,Surface Albedo,Wind Speed,Relative Humidity,Temperature,Pressure,,,,,,,,,,,,,,,,,,,,,,,,,,,,,,,,,
1/1/2020,2020,1,1,0,30,0,0,-5.9,0.87,2.7,97.45,-5.6,979,,,,,,,,,,,,,,,,,,,,,,,,,,,,,,,,,
1/1/2020,2020,1,1,1,30,0,0,-5.7,0.87,2.8,99.36,-5.6,978,,,,,,,,,,,,,,,,,,,,,,,,,,,,,,,,,
1/1/2020,2020,1,1,2,30,0,0,-5.5,0.87,2.9,99.94,-5.5,977,,,,,,,,,,,,,,,,,,,,,,,,,,,,,,,,,
1/1/2020,2020,1,1,3,30,0,0,-5.4,0.87,3.2,98.89,-5.3,976,,,,,,,,,,,,,,,,,,,,,,,,,,,,,,,,,
1/1/2020,2020,1,1,4,30,0,0,-5.5,0.87,3.4,97.13,-5.1,975,,,,,,,,,,,,,,,,,,,,,,,,,,,,,,,,,
1/1/2020,2020,1,1,5,30,0,0,-5.6,0.87,3.7,95.67,-5,974,,,,,,,,,,,,,,,,,,,,,,,,,,,,,,,,,
1/1/2020,2020,1,1,6,30,0,0,-5.7,0.87,4,94.44,-4.9,974,,,,,,,,,,,,,,,,,,,,,,,,,,,,,,,,,
1/1/2020,2020,1,1,7,30,0,0,-5.7,0.87,4.7,89.57,-4.2,973,,,,,,,,,,,,,,,,,,,,,,,,,,,,,,,,,
1/1/2020,2020,1,1,8,30,30,588,-5.2,0.87,5.3,81.53,-2.5,972,,,,,,,,,,,,,,,,,,,,,,,,,,,,,,,,,
1/1/2020,2020,1,1,9,30,48,794,-4.1,0.87,5.3,74.17,-0.1,971,,,,,,,,,,,,,,,,,,,,,,,,,,,,,,,,,
1/1/2020,2020,1,1,10,30,59,875,-2.6,0.87,5.3,70.9,2.1,970,,,,,,,,,,,,,,,,,,,,,,,,,,,,,,,,,
1/1/2020,2020,1,1,11,30,126,452,-1.2,0.87,5.2,70.79,3.6,968,,,,,,,,,,,,,,,,,,,,,,,,,,,,,,,,,
1/1/2020,2020,1,1,12,30,155,382,-0.2,0.87,5.3,71.42,4.5,967,,,,,,,,,,,,,,,,,,,,,,,,,,,,,,,,,
1/1/2020,2020,1,1,13,30,144,352,0.6,0.87,5.1,71.96,5.2,966,,,,,,,,,,,,,,,,,,,,,,,,,,,,,,,,,
1/1/2020,2020,1,1,14,30,102,429,1.3,0.87,4.4,75.82,5.2,965,,,,,,,,,,,,,,,,,,,,,,,,,,,,,,,,,
1/1/2020,2020,1,1,15,30,53,582,1.8,0.87,3.6,86.02,3.9,965,,,,,,,,,,,,,,,,,,,,,,,,,,,,,,,,,
1/1/2020,2020,1,1,16,30,21,69,1.4,0.87,3.4,92.7,2.5,965,,,,,,,,,,,,,,,,,,,,,,,,,,,,,,,,,
1/1/2020,2020,1,1,17,30,0,0,1.5,0.87,3.5,95.5,2.1,965,,,,,,,,,,,,,,,,,,,,,,,,,,,,,,,,,
1/1/2020,2020,1,1,18,30,0,0,1.6,0.16,3.9,95.22,2.3,966,,,,,,,,,,,,,,,,,,,,,,,,,,,,,,,,,
1/1/2020,2020,1,1,19,30,0,0,1.8,0.16,3.9,95.1,2.5,966,,,,,,,,,,,,,,,,,,,,,,,,,,,,,,,,,
1/1/2020,2020,1,1,20,30,0,0,1.9,0.16,3.8,96.72,2.4,966,,,,,,,,,,,,,,,,,,,,,,,,,,,,,,,,,
1/1/2020,2020,1,1,21,30,0,0,2,0.16,3.6,99.93,2,965,,,,,,,,,,,,,,,,,,,,,,,,,,,,,,,,,
1/1/2020,2020,1,1,22,30,0,0,1.6,0.16,3.7,100,1.6,965,,,,,,,,,,,,,,,,,,,,,,,,,,,,,,,,,
1/1/2020,2020,1,1,23,30,0,0,1.4,0.16,3.9,100,1.4,965,,,,,,,,,,,,,,,,,,,,,,,,,,,,,,,,,
1/2/2020,2020,1,2,0,30,0,0,1.1,0.16,3.9,100,1.1,965,,,,,,,,,,,,,,,,,,,,,,,,,,,,,,,,,
1/2/2020,2020,1,2,1,30,0,0,0.7,0.16,3.8,100,0.7,966,,,,,,,,,,,,,,,,,,,,,,,,,,,,,,,,,
1/2/2020,2020,1,2,2,30,0,0,0.2,0.16,3.7,100,0.2,966,,,,,,,,,,,,,,,,,,,,,,,,,,,,,,,,,
1/2/2020,2020,1,2,3,30,0,0,-0.3,0.16,3.6,98.55,-0.1,966,,,,,,,,,,,,,,,,,,,,,,,,,,,,,,,,,
1/2/2020,2020,1,2,4,30,0,0,-0.6,0.16,3.5,97.41,-0.2,967,,,,,,,,,,,,,,,,,,,,,,,,,,,,,,,,,
1/2/2020,2020,1,2,5,30,0,0,-0.6,0.16,3.3,96.95,-0.2,967,,,,,,,,,,,,,,,,,,,,,,,,,,,,,,,,,
1/2/2020,2020,1,2,6,30,0,0,-0.6,0.16,3,96.95,-0.2,968,,,,,,,,,,,,,,,,,,,,,,,,,,,,,,,,,
1/2/2020,2020,1,2,7,30,0,0,-0.7,0.16,2.9,95.07,0,968,,,,,,,,,,,,,,,,,,,,,,,,,,,,,,,,,
1/2/2020,2020,1,2,8,30,32,416,-0.5,0.16,3,91.31,0.8,969,,,,,,,,,,,,,,,,,,,,,,,,,,,,,,,,,
1/2/2020,2020,1,2,9,30,50,682,0.3,0.16,2.9,86.76,2.3,970,,,,,,,,,,,,,,,,,,,,,,,,,,,,,,,,,
1/2/2020,2020,1,2,10,30,116,440,1.2,0.16,2.8,81.1,4.2,971,,,,,,,,,,,,,,,,,,,,,,,,,,,,,,,,,
1/2/2020,2020,1,2,11,30,53,892,2.2,0.16,3.1,76.61,6,971,,,,,,,,,,,,,,,,,,,,,,,,,,,,,,,,,
1/2/2020,2020,1,2,12,30,58,891,2.9,0.16,3.4,75.67,6.9,971,,,,,,,,,,,,,,,,,,,,,,,,,,,,,,,,,
1/2/2020,2020,1,2,13,30,59,864,3.2,0.16,3.4,77.63,6.8,971,,,,,,,,,,,,,,,,,,,,,,,,,,,,,,,,,
1/2/2020,2020,1,2,14,30,98,309,3,0.16,2.8,84.2,5.5,971,,,,,,,,,,,,,,,,,,,,,,,,,,,,,,,,,
1/2/2020,2020,1,2,15,30,46,652,2.7,0.16,2.1,96.19,3.2,972,,,,,,,,,,,,,,,,,,,,,,,,,,,,,,,,,
1/2/2020,2020,1,2,16,30,23,311,1.5,0.16,2,100,1.5,973,,,,,,,,,,,,,,,,,,,,,,,,,,,,,,,,,
1/2/2020,2020,1,2,17,30,0,0,1.1,0.16,2.1,99.71,1.1,974,,,,,,,,,,,,,,,,,,,,,,,,,,,,,,,,,
1/2/2020,2020,1,2,18,30,0,0,0.6,0.16,2.2,100,0.6,975,,,,,,,,,,,,,,,,,,,,,,,,,,,,,,,,,
1/2/2020,2020,1,2,19,30,0,0,0,0.16,2,100,0,976,,,,,,,,,,,,,,,,,,,,,,,,,,,,,,,,,
1/2/2020,2020,1,2,20,30,0,0,-0.8,0.16,1.8,99.96,-0.8,977,,,,,,,,,,,,,,,,,,,,,,,,,,,,,,,,,
1/2/2020,2020,1,2,21,30,0,0,-1.7,0.16,1.8,100,-1.7,977,,,,,,,,,,,,,,,,,,,,,,,,,,,,,,,,,
1/2/2020,2020,1,2,22,30,0,0,-2.4,0.16,1.8,100,-2.4,977,,,,,,,,,,,,,,,,,,,,,,,,,,,,,,,,,
1/2/2020,2020,1,2,23,30,0,0,-2.9,0.16,1.7,100,-2.9,978,,,,,,,,,,,,,,,,,,,,,,,,,,,,,,,,,
1/3/2020,2020,1,3,0,30,0,0,-3,0.16,1.6,99.97,-3,978,,,,,,,,,,,,,,,,,,,,,,,,,,,,,,,,,
1/3/2020,2020,1,3,1,30,0,0,-3,0.16,1.3,99.14,-2.9,979,,,,,,,,,,,,,,,,,,,,,,,,,,,,,,,,,
1/3/2020,2020,1,3,2,30,0,0,-3,0.16,1,98.85,-2.8,979,,,,,,,,,,,,,,,,,,,,,,,,,,,,,,,,,
1/3/2020,2020,1,3,3,30,0,0,-2.9,0.16,0.8,98.95,-2.8,979,,,,,,,,,,,,,,,,,,,,,,,,,,,,,,,,,
1/3/2020,2020,1,3,4,30,0,0,-3,0.16,0.5,97.1,-2.6,980,,,,,,,,,,,,,,,,,,,,,,,,,,,,,,,,,
1/3/2020,2020,1,3,5,30,0,0,-3.1,0.16,0.4,95.67,-2.5,980,,,,,,,,,,,,,,,,,,,,,,,,,,,,,,,,,
1/3/2020,2020,1,3,6,30,0,0,-3.2,0.16,0.9,95.58,-2.6,980,,,,,,,,,,,,,,,,,,,,,,,,,,,,,,,,,
1/3/2020,2020,1,3,7,30,0,0,-3.3,0.16,1.6,94.12,-2.5,981,,,,,,,,,,,,,,,,,,,,,,,,,,,,,,,,,
1/3/2020,2020,1,3,8,30,32,510,-3.1,0.16,2.2,89.16,-1.5,981,,,,,,,,,,,,,,,,,,,,,,,,,,,,,,,,,
1/3/2020,2020,1,3,9,30,32,312,-2.3,0.16,2.8,83.21,0.2,981,,,,,,,,,,,,,,,,,,,,,,,,,,,,,,,,,
1/3/2020,2020,1,3,10,30,50,0,-1.5,0.16,3.4,78.24,1.9,981,,,,,,,,,,,,,,,,,,,,,,,,,,,,,,,,,
1/3/2020,2020,1,3,11,30,119,11,-0.6,0.16,3.8,76.95,3,980,,,,,,,,,,,,,,,,,,,,,,,,,,,,,,,,,
1/3/2020,2020,1,3,12,30,86,2,0,0.16,4,79.61,3.2,979,,,,,,,,,,,,,,,,,,,,,,,,,,,,,,,,,
1/3/2020,2020,1,3,13,30,79,1,0.4,0.16,4,83.23,3,979,,,,,,,,,,,,,,,,,,,,,,,,,,,,,,,,,
1/3/2020,2020,1,3,14,30,18,0,0.7,0.16,3.8,87.13,2.6,979,,,,,,,,,,,,,,,,,,,,,,,,,,,,,,,,,
1/3/2020,2020,1,3,15,30,31,19,0.7,0.16,3.8,92.52,1.8,980,,,,,,,,,,,,,,,,,,,,,,,,,,,,,,,,,
1/3/2020,2020,1,3,16,30,7,0,0.1,0.16,4.4,93.75,1,980,,,,,,,,,,,,,,,,,,,,,,,,,,,,,,,,,
1/3/2020,2020,1,3,17,30,0,0,-0.5,0.16,4.8,91.42,0.7,980,,,,,,,,,,,,,,,,,,,,,,,,,,,,,,,,,
1/3/2020,2020,1,3,18,30,0,0,-1.1,0.87,4.9,93.06,-0.1,981,,,,,,,,,,,,,,,,,,,,,,,,,,,,,,,,,
1/3/2020,2020,1,3,19,30,0,0,-1.5,0.87,5,92.06,-0.4,981,,,,,,,,,,,,,,,,,,,,,,,,,,,,,,,,,
1/3/2020,2020,1,3,20,30,0,0,-2,0.87,5.5,91.17,-0.7,981,,,,,,,,,,,,,,,,,,,,,,,,,,,,,,,,,
1/3/2020,2020,1,3,21,30,0,0,-2.4,0.87,6,89.9,-1,982,,,,,,,,,,,,,,,,,,,,,,,,,,,,,,,,,
1/3/2020,2020,1,3,22,30,0,0,-2.9,0.87,6.2,89.64,-1.4,982,,,,,,,,,,,,,,,,,,,,,,,,,,,,,,,,,
1/3/2020,2020,1,3,23,30,0,0,-3.3,0.87,6.4,88.37,-1.6,983,,,,,,,,,,,,,,,,,,,,,,,,,,,,,,,,,
1/4/2020,2020,1,4,0,30,0,0,-3.7,0.87,6.5,87.82,-2,984,,,,,,,,,,,,,,,,,,,,,,,,,,,,,,,,,
1/4/2020,2020,1,4,1,30,0,0,-4.5,0.87,6.3,86.48,-2.6,985,,,,,,,,,,,,,,,,,,,,,,,,,,,,,,,,,
1/4/2020,2020,1,4,2,30,0,0,-5.5,0.87,5.7,85.73,-3.5,986,,,,,,,,,,,,,,,,,,,,,,,,,,,,,,,,,
1/4/2020,2020,1,4,3,30,0,0,-6.5,0.87,5,84.77,-4.3,987,,,,,,,,,,,,,,,,,,,,,,,,,,,,,,,,,
1/4/2020,2020,1,4,4,30,0,0,-7,0.87,4.3,85.15,-4.9,988,,,,,,,,,,,,,,,,,,,,,,,,,,,,,,,,,
1/4/2020,2020,1,4,5,30,0,0,-7,0.87,3.6,86.88,-5.2,989,,,,,,,,,,,,,,,,,,,,,,,,,,,,,,,,,
1/4/2020,2020,1,4,6,30,0,0,-6.9,0.87,3.1,88.93,-5.4,989,,,,,,,,,,,,,,,,,,,,,,,,,,,,,,,,,
1/4/2020,2020,1,4,7,30,0,0,-6.8,0.87,3,87.09,-5,989,,,,,,,,,,,,,,,,,,,,,,,,,,,,,,,,,
1/4/2020,2020,1,4,8,30,36,526,-6.5,0.87,3.2,81.05,-3.7,990,,,,,,,,,,,,,,,,,,,,,,,,,,,,,,,,,
1/4/2020,2020,1,4,9,30,68,25,-6,0.87,3.2,76.39,-2.4,991,,,,,,,,,,,,,,,,,,,,,,,,,,,,,,,,,
1/4/2020,2020,1,4,10,30,108,0,-5.5,0.87,3,73.45,-1.4,991,,,,,,,,,,,,,,,,,,,,,,,,,,,,,,,,,
1/4/2020,2020,1,4,11,30,160,41,-5.1,0.87,2.9,71.26,-0.5,990,,,,,,,,,,,,,,,,,,,,,,,,,,,,,,,,,
1/4/2020,2020,1,4,12,30,178,63,-4.7,0.87,3.2,67.95,0.5,989,,,,,,,,,,,,,,,,,,,,,,,,,,,,,,,,,
1/4/2020,2020,1,4,13,30,116,556,-4.9,0.87,3.5,63.92,1.2,989,,,,,,,,,,,,,,,,,,,,,,,,,,,,,,,,,
1/4/2020,2020,1,4,14,30,55,848,-5.4,0.87,2.9,61.63,1.2,989,,,,,,,,,,,,,,,,,,,,,,,,,,,,,,,,,
1/4/2020,2020,1,4,15,30,41,722,-4.8,0.87,1.7,71.07,-0.2,989,,,,,,,,,,,,,,,,,,,,,,,,,,,,,,,,,
1/4/2020,2020,1,4,16,30,22,407,-4.6,0.87,1.3,82,-1.9,988,,,,,,,,,,,,,,,,,,,,,,,,,,,,,,,,,
1/4/2020,2020,1,4,17,30,0,0,-5.5,0.87,1.5,79,-2.4,988,,,,,,,,,,,,,,,,,,,,,,,,,,,,,,,,,
1/4/2020,2020,1,4,18,30,0,0,-5.6,0.16,2.8,76.65,-2,988,,,,,,,,,,,,,,,,,,,,,,,,,,,,,,,,,
1/4/2020,2020,1,4,19,30,0,0,-5.6,0.16,3.6,75.12,-1.8,987,,,,,,,,,,,,,,,,,,,,,,,,,,,,,,,,,
1/4/2020,2020,1,4,20,30,0,0,-5.5,0.16,4.1,76.17,-1.9,986,,,,,,,,,,,,,,,,,,,,,,,,,,,,,,,,,
1/4/2020,2020,1,4,21,30,0,0,-5.3,0.16,4.4,77.54,-1.9,985,,,,,,,,,,,,,,,,,,,,,,,,,,,,,,,,,
1/4/2020,2020,1,4,22,30,0,0,-5,0.16,4.6,78.91,-1.8,984,,,,,,,,,,,,,,,,,,,,,,,,,,,,,,,,,
1/4/2020,2020,1,4,23,30,0,0,-4.6,0.16,4.8,80.62,-1.7,984,,,,,,,,,,,,,,,,,,,,,,,,,,,,,,,,,
1/5/2020,2020,1,5,0,30,0,0,-4.2,0.16,5.2,82.21,-1.6,983,,,,,,,,,,,,,,,,,,,,,,,,,,,,,,,,,
1/5/2020,2020,1,5,1,30,0,0,-3.9,0.16,5.8,83.86,-1.5,981,,,,,,,,,,,,,,,,,,,,,,,,,,,,,,,,,
1/5/2020,2020,1,5,2,30,0,0,-3.4,0.16,6.1,84.92,-1.2,980,,,,,,,,,,,,,,,,,,,,,,,,,,,,,,,,,
1/5/2020,2020,1,5,3,30,0,0,-2.9,0.16,6.3,84.81,-0.7,980,,,,,,,,,,,,,,,,,,,,,,,,,,,,,,,,,
1/5/2020,2020,1,5,4,30,0,0,-2.3,0.16,6.2,86.07,-0.3,980,,,,,,,,,,,,,,,,,,,,,,,,,,,,,,,,,
1/5/2020,2020,1,5,5,30,0,0,-1.8,0.16,5.9,88.57,-0.1,981,,,,,,,,,,,,,,,,,,,,,,,,,,,,,,,,,
1/5/2020,2020,1,5,6,30,0,0,-1.3,0.16,5.8,89.92,0.2,982,,,,,,,,,,,,,,,,,,,,,,,,,,,,,,,,,
1/5/2020,2020,1,5,7,30,0,0,-0.8,0.16,6.1,86.59,1.2,983,,,,,,,,,,,,,,,,,,,,,,,,,,,,,,,,,
1/5/2020,2020,1,5,8,30,28,576,-0.3,0.16,7.1,80.33,2.8,984,,,,,,,,,,,,,,,,,,,,,,,,,,,,,,,,,
1/5/2020,2020,1,5,9,30,50,691,-0.2,0.16,8.3,71.86,4.4,985,,,,,,,,,,,,,,,,,,,,,,,,,,,,,,,,,
1/5/2020,2020,1,5,10,30,105,456,-1,0.16,9.1,63.34,5.4,986,,,,,,,,,,,,,,,,,,,,,,,,,,,,,,,,,
1/5/2020,2020,1,5,11,30,171,185,-2.1,0.16,9.4,56.28,6,986,,,,,,,,,,,,,,,,,,,,,,,,,,,,,,,,,
1/5/2020,2020,1,5,12,30,54,935,-2.1,0.16,9.1,55.85,6.1,987,,,,,,,,,,,,,,,,,,,,,,,,,,,,,,,,,
1/5/2020,2020,1,5,13,30,51,928,-2,0.16,8.4,57.28,5.8,987,,,,,,,,,,,,,,,,,,,,,,,,,,,,,,,,,
1/5/2020,2020,1,5,14,30,48,872,-2.1,0.16,7.3,59.98,5,988,,,,,,,,,,,,,,,,,,,,,,,,,,,,,,,,,
1/5/2020,2020,1,5,15,30,41,748,-2,0.16,5.9,68.3,3.3,989,,,,,,,,,,,,,,,,,,,,,,,,,,,,,,,,,
1/5/2020,2020,1,5,16,30,21,448,-2.1,0.16,4.9,78.05,1.3,990,,,,,,,,,,,,,,,,,,,,,,,,,,,,,,,,,
1/5/2020,2020,1,5,17,30,0,0,-2.5,0.16,4.6,80.62,0.4,990,,,,,,,,,,,,,,,,,,,,,,,,,,,,,,,,,
1/5/2020,2020,1,5,18,30,0,0,-2.8,0.16,3.8,87.49,-1,991,,,,,,,,,,,,,,,,,,,,,,,,,,,,,,,,,
1/5/2020,2020,1,5,19,30,0,0,-2.9,0.16,3.5,89.93,-1.5,991,,,,,,,,,,,,,,,,,,,,,,,,,,,,,,,,,
1/5/2020,2020,1,5,20,30,0,0,-3,0.16,3.3,92.62,-2,991,,,,,,,,,,,,,,,,,,,,,,,,,,,,,,,,,
1/5/2020,2020,1,5,21,30,0,0,-3.2,0.16,3.1,94.15,-2.4,991,,,,,,,,,,,,,,,,,,,,,,,,,,,,,,,,,
1/5/2020,2020,1,5,22,30,0,0,-3.5,0.16,2.9,94.93,-2.8,992,,,,,,,,,,,,,,,,,,,,,,,,,,,,,,,,,
1/5/2020,2020,1,5,23,30,0,0,-3.8,0.16,2.6,94.6,-3.1,992,,,,,,,,,,,,,,,,,,,,,,,,,,,,,,,,,
1/6/2020,2020,1,6,0,30,0,0,-4.1,0.16,2.4,92.49,-3.1,992,,,,,,,,,,,,,,,,,,,,,,,,,,,,,,,,,
1/6/2020,2020,1,6,1,30,0,0,-4.2,0.16,2.2,90.49,-2.9,992,,,,,,,,,,,,,,,,,,,,,,,,,,,,,,,,,
1/6/2020,2020,1,6,2,30,0,0,-4.2,0.16,1.8,88.94,-2.6,992,,,,,,,,,,,,,,,,,,,,,,,,,,,,,,,,,
1/6/2020,2020,1,6,3,30,0,0,-4.1,0.16,1.5,88.95,-2.5,991,,,,,,,,,,,,,,,,,,,,,,,,,,,,,,,,,
1/6/2020,2020,1,6,4,30,0,0,-4,0.16,1.1,89.47,-2.5,991,,,,,,,,,,,,,,,,,,,,,,,,,,,,,,,,,
1/6/2020,2020,1,6,5,30,0,0,-4,0.16,0.8,89.47,-2.5,991,,,,,,,,,,,,,,,,,,,,,,,,,,,,,,,,,
1/6/2020,2020,1,6,6,30,0,0,-4.4,0.16,0.5,86.36,-2.4,991,,,,,,,,,,,,,,,,,,,,,,,,,,,,,,,,,
1/6/2020,2020,1,6,7,30,0,0,-4.6,0.16,0.6,83.3,-2.2,991,,,,,,,,,,,,,,,,,,,,,,,,,,,,,,,,,
1/6/2020,2020,1,6,8,30,42,189,-4.1,0.16,1.2,82.35,-1.5,991,,,,,,,,,,,,,,,,,,,,,,,,,,,,,,,,,
1/6/2020,2020,1,6,9,30,81,390,-4.1,0.16,1.6,75.89,-0.4,991,,,,,,,,,,,,,,,,,,,,,,,,,,,,,,,,,
1/6/2020,2020,1,6,10,30,143,241,-3.3,0.16,1.7,74.16,0.8,991,,,,,,,,,,,,,,,,,,,,,,,,,,,,,,,,,
1/6/2020,2020,1,6,11,30,154,347,-2.2,0.16,1.9,73.53,2,990,,,,,,,,,,,,,,,,,,,,,,,,,,,,,,,,,
1/6/2020,2020,1,6,12,30,185,141,-2.4,0.16,2.1,68.09,2.9,989,,,,,,,,,,,,,,,,,,,,,,,,,,,,,,,,,
1/6/2020,2020,1,6,13,30,144,394,-2.5,0.16,1.5,66.5,3.1,988,,,,,,,,,,,,,,,,,,,,,,,,,,,,,,,,,
1/6/2020,2020,1,6,14,30,73,739,-0.5,0.16,1,80.79,2.5,988,,,,,,,,,,,,,,,,,,,,,,,,,,,,,,,,,
1/6/2020,2020,1,6,15,30,67,23,-0.6,0.16,0.9,87.11,1.3,988,,,,,,,,,,,,,,,,,,,,,,,,,,,,,,,,,
1/6/2020,2020,1,6,16,30,14,0,-2,0.16,1,82.83,0.6,988,,,,,,,,,,,,,,,,,,,,,,,,,,,,,,,,,
1/6/2020,2020,1,6,17,30,0,0,-2.5,0.16,1,81.74,0.3,988,,,,,,,,,,,,,,,,,,,,,,,,,,,,,,,,,
1/6/2020,2020,1,6,18,30,0,0,-2.6,0.16,1,81.74,0.2,988,,,,,,,,,,,,,,,,,,,,,,,,,,,,,,,,,
1/6/2020,2020,1,6,19,30,0,0,-2.8,0.16,1,81.99,-0.1,987,,,,,,,,,,,,,,,,,,,,,,,,,,,,,,,,,
1/6/2020,2020,1,6,20,30,0,0,-2.9,0.16,1.1,83.08,-0.4,987,,,,,,,,,,,,,,,,,,,,,,,,,,,,,,,,,
1/6/2020,2020,1,6,21,30,0,0,-3.1,0.16,1.3,85.34,-1,986,,,,,,,,,,,,,,,,,,,,,,,,,,,,,,,,,
1/6/2020,2020,1,6,22,30,0,0,-3.8,0.16,1.7,85.67,-1.7,986,,,,,,,,,,,,,,,,,,,,,,,,,,,,,,,,,
1/6/2020,2020,1,6,23,30,0,0,-4.3,0.16,2.2,85.27,-2.2,986,,,,,,,,,,,,,,,,,,,,,,,,,,,,,,,,,
1/7/2020,2020,1,7,0,30,0,0,-4.6,0.16,2.8,85.35,-2.5,986,,,,,,,,,,,,,,,,,,,,,,,,,,,,,,,,,
1/7/2020,2020,1,7,1,30,0,0,-4.5,0.16,3.7,87.3,-2.7,986,,,,,,,,,,,,,,,,,,,,,,,,,,,,,,,,,
1/7/2020,2020,1,7,2,30,0,0,-4.2,0.16,4.3,91.71,-3,986,,,,,,,,,,,,,,,,,,,,,,,,,,,,,,,,,
1/7/2020,2020,1,7,3,30,0,0,-3.9,0.16,4.2,96.91,-3.5,987,,,,,,,,,,,,,,,,,,,,,,,,,,,,,,,,,
1/7/2020,2020,1,7,4,30,0,0,-4.3,0.16,3.8,100,-4.3,987,,,,,,,,,,,,,,,,,,,,,,,,,,,,,,,,,
1/7/2020,2020,1,7,5,30,0,0,-4.9,0.16,3.7,100,-4.9,988,,,,,,,,,,,,,,,,,,,,,,,,,,,,,,,,,
1/7/2020,2020,1,7,6,30,0,0,-5.6,0.16,3.7,97.94,-5.3,988,,,,,,,,,,,,,,,,,,,,,,,,,,,,,,,,,
1/7/2020,2020,1,7,7,30,0,0,-6.3,0.16,3.6,92.32,-5.2,989,,,,,,,,,,,,,,,,,,,,,,,,,,,,,,,,,
1/7/2020,2020,1,7,8,30,29,600,-6.4,0.16,3.6,84.15,-4.1,989,,,,,,,,,,,,,,,,,,,,,,,,,,,,,,,,,
1/7/2020,2020,1,7,9,30,100,171,-5.7,0.16,3.6,76.96,-2.2,989,,,,,,,,,,,,,,,,,,,,,,,,,,,,,,,,,
1/7/2020,2020,1,7,10,30,79,706,-5.1,0.16,4,67.75,0.2,989,,,,,,,,,,,,,,,,,,,,,,,,,,,,,,,,,
1/7/2020,2020,1,7,11,30,180,106,-5.5,0.16,4.3,57.09,2.1,988,,,,,,,,,,,,,,,,,,,,,,,,,,,,,,,,,
1/7/2020,2020,1,7,12,30,102,705,-5.5,0.16,4.3,53.17,3.1,987,,,,,,,,,,,,,,,,,,,,,,,,,,,,,,,,,
1/7/2020,2020,1,7,13,30,115,566,-5,0.16,3.7,53.2,3.7,987,,,,,,,,,,,,,,,,,,,,,,,,,,,,,,,,,
1/7/2020,2020,1,7,14,30,67,751,-3.7,0.16,2.6,59.57,3.4,987,,,,,,,,,,,,,,,,,,,,,,,,,,,,,,,,,
1/7/2020,2020,1,7,15,30,47,661,-1.4,0.16,1.7,79.55,1.8,987,,,,,,,,,,,,,,,,,,,,,,,,,,,,,,,,,
1/7/2020,2020,1,7,16,30,25,370,-2.6,0.16,1.9,82.59,0,988,,,,,,,,,,,,,,,,,,,,,,,,,,,,,,,,,
1/7/2020,2020,1,7,17,30,0,0,-3.4,0.16,2.1,81.37,-0.6,988,,,,,,,,,,,,,,,,,,,,,,,,,,,,,,,,,
1/7/2020,2020,1,7,18,30,0,0,-3.4,0.16,3.1,83.59,-1,990,,,,,,,,,,,,,,,,,,,,,,,,,,,,,,,,,
1/7/2020,2020,1,7,19,30,0,0,-3.9,0.16,3.6,85.2,-1.7,991,,,,,,,,,,,,,,,,,,,,,,,,,,,,,,,,,
1/7/2020,2020,1,7,20,30,0,0,-4.5,0.16,3.8,87.04,-2.6,992,,,,,,,,,,,,,,,,,,,,,,,,,,,,,,,,,
1/7/2020,2020,1,7,21,30,0,0,-5.3,0.16,3.9,87.73,-3.6,993,,,,,,,,,,,,,,,,,,,,,,,,,,,,,,,,,
1/7/2020,2020,1,7,22,30,0,0,-6.8,0.16,3.8,85.04,-4.7,993,,,,,,,,,,,,,,,,,,,,,,,,,,,,,,,,,
1/7/2020,2020,1,7,23,30,0,0,-8.7,0.16,3.9,80.26,-5.8,994,,,,,,,,,,,,,,,,,,,,,,,,,,,,,,,,,
1/8/2020,2020,1,8,0,30,0,0,-10.9,0.16,4.1,72.87,-6.8,995,,,,,,,,,,,,,,,,,,,,,,,,,,,,,,,,,
1/8/2020,2020,1,8,1,30,0,0,-12.5,0.16,4,69.02,-7.8,996,,,,,,,,,,,,,,,,,,,,,,,,,,,,,,,,,
1/8/2020,2020,1,8,2,30,0,0,-13.6,0.16,4,67.55,-8.7,996,,,,,,,,,,,,,,,,,,,,,,,,,,,,,,,,,
1/8/2020,2020,1,8,3,30,0,0,-14.3,0.16,4,67.79,-9.5,996,,,,,,,,,,,,,,,,,,,,,,,,,,,,,,,,,
1/8/2020,2020,1,8,4,30,0,0,-15,0.16,3.9,67.2,-10.1,996,,,,,,,,,,,,,,,,,,,,,,,,,,,,,,,,,
1/8/2020,2020,1,8,5,30,0,0,-15.6,0.16,3.8,66.68,-10.6,996,,,,,,,,,,,,,,,,,,,,,,,,,,,,,,,,,
1/8/2020,2020,1,8,6,30,0,0,-16,0.16,3.6,66.66,-11,996,,,,,,,,,,,,,,,,,,,,,,,,,,,,,,,,,
1/8/2020,2020,1,8,7,30,0,0,-16.2,0.16,3.9,64.49,-10.8,996,,,,,,,,,,,,,,,,,,,,,,,,,,,,,,,,,
1/8/2020,2020,1,8,8,30,34,489,-16.4,0.16,4.5,58.58,-9.8,996,,,,,,,,,,,,,,,,,,,,,,,,,,,,,,,,,
1/8/2020,2020,1,8,9,30,49,745,-16.1,0.16,5,53.41,-8.3,996,,,,,,,,,,,,,,,,,,,,,,,,,,,,,,,,,
1/8/2020,2020,1,8,10,30,56,849,-15.4,0.16,5.5,49.08,-6.5,995,,,,,,,,,,,,,,,,,,,,,,,,,,,,,,,,,
1/8/2020,2020,1,8,11,30,60,894,-14.7,0.16,5.8,45.72,-4.8,994,,,,,,,,,,,,,,,,,,,,,,,,,,,,,,,,,
1/8/2020,2020,1,8,12,30,62,901,-13.6,0.16,6.2,45.03,-3.4,993,,,,,,,,,,,,,,,,,,,,,,,,,,,,,,,,,
1/8/2020,2020,1,8,13,30,69,833,-12.8,0.16,6.5,44.52,-2.3,991,,,,,,,,,,,,,,,,,,,,,,,,,,,,,,,,,
1/8/2020,2020,1,8,14,30,54,836,-11.9,0.16,6.6,45.93,-1.8,990,,,,,,,,,,,,,,,,,,,,,,,,,,,,,,,,,
1/8/2020,2020,1,8,15,30,44,716,-11.1,0.16,6.2,51.1,-2.3,989,,,,,,,,,,,,,,,,,,,,,,,,,,,,,,,,,
1/8/2020,2020,1,8,16,30,25,421,-10.1,0.16,6,58.88,-3.2,989,,,,,,,,,,,,,,,,,,,,,,,,,,,,,,,,,
1/8/2020,2020,1,8,17,30,0,0,-9.7,0.16,6.2,63.39,-3.8,988,,,,,,,,,,,,,,,,,,,,,,,,,,,,,,,,,
1/8/2020,2020,1,8,18,30,0,0,-9.5,0.16,6.7,66.49,-4.2,987,,,,,,,,,,,,,,,,,,,,,,,,,,,,,,,,,
1/8/2020,2020,1,8,19,30,0,0,-9.1,0.16,6.9,68.14,-4.1,986,,,,,,,,,,,,,,,,,,,,,,,,,,,,,,,,,
1/8/2020,2020,1,8,20,30,0,0,-8.5,0.16,7,69.62,-3.8,985,,,,,,,,,,,,,,,,,,,,,,,,,,,,,,,,,
1/8/2020,2020,1,8,21,30,0,0,-7.7,0.16,7.1,71.64,-3.3,984,,,,,,,,,,,,,,,,,,,,,,,,,,,,,,,,,
1/8/2020,2020,1,8,22,30,0,0,-6.4,0.16,7,75.96,-2.7,983,,,,,,,,,,,,,,,,,,,,,,,,,,,,,,,,,
1/8/2020,2020,1,8,23,30,0,0,-4.6,0.16,6.6,81.94,-1.9,981,,,,,,,,,,,,,,,,,,,,,,,,,,,,,,,,,
1/9/2020,2020,1,9,0,30,0,0,-2.7,0.16,6.4,88.05,-1,980,,,,,,,,,,,,,,,,,,,,,,,,,,,,,,,,,
1/9/2020,2020,1,9,1,30,0,0,-1.2,0.16,6.6,91.92,0,979,,,,,,,,,,,,,,,,,,,,,,,,,,,,,,,,,
1/9/2020,2020,1,9,2,30,0,0,-0.2,0.16,6.8,92.83,0.8,978,,,,,,,,,,,,,,,,,,,,,,,,,,,,,,,,,
1/9/2020,2020,1,9,3,30,0,0,0.3,0.16,7,91.41,1.5,977,,,,,,,,,,,,,,,,,,,,,,,,,,,,,,,,,
1/9/2020,2020,1,9,4,30,0,0,0.7,0.16,7.5,88.13,2.5,976,,,,,,,,,,,,,,,,,,,,,,,,,,,,,,,,,
1/9/2020,2020,1,9,5,30,0,0,1.6,0.16,8.1,85.3,3.8,975,,,,,,,,,,,,,,,,,,,,,,,,,,,,,,,,,
1/9/2020,2020,1,9,6,30,0,0,2.8,0.16,8.2,85.34,5.1,974,,,,,,,,,,,,,,,,,,,,,,,,,,,,,,,,,
1/9/2020,2020,1,9,7,30,0,0,4,0.16,8.2,86.37,6.1,974,,,,,,,,,,,,,,,,,,,,,,,,,,,,,,,,,
1/9/2020,2020,1,9,8,30,44,338,5.1,0.16,8.4,86.89,7.1,974,,,,,,,,,,,,,,,,,,,,,,,,,,,,,,,,,
1/9/2020,2020,1,9,9,30,65,239,6.2,0.16,8.7,84.72,8.6,973,,,,,,,,,,,,,,,,,,,,,,,,,,,,,,,,,
1/9/2020,2020,1,9,10,30,41,0,7.6,0.16,9.2,81.62,10.6,973,,,,,,,,,,,,,,,,,,,,,,,,,,,,,,,,,
1/9/2020,2020,1,9,11,30,125,14,8.4,0.16,9.5,80.31,11.7,973,,,,,,,,,,,,,,,,,,,,,,,,,,,,,,,,,
1/9/2020,2020,1,9,12,30,87,758,7.1,0.16,9,75.57,11.3,974,,,,,,,,,,,,,,,,,,,,,,,,,,,,,,,,,
1/9/2020,2020,1,9,13,30,136,475,4.7,0.16,7.4,71.28,9.7,975,,,,,,,,,,,,,,,,,,,,,,,,,,,,,,,,,
1/9/2020,2020,1,9,14,30,116,373,3,0.16,5.4,74.07,7.3,976,,,,,,,,,,,,,,,,,,,,,,,,,,,,,,,,,
1/9/2020,2020,1,9,15,30,74,301,2.3,0.16,3.7,84.08,4.8,978,,,,,,,,,,,,,,,,,,,,,,,,,,,,,,,,,
1/9/2020,2020,1,9,16,30,27,20,1.6,0.16,2.8,94.44,2.4,979,,,,,,,,,,,,,,,,,,,,,,,,,,,,,,,,,
1/9/2020,2020,1,9,17,30,0,0,0.9,0.16,2.6,97.37,1.3,980,,,,,,,,,,,,,,,,,,,,,,,,,,,,,,,,,
1/9/2020,2020,1,9,18,30,0,0,0.2,0.87,2.5,100,0.2,982,,,,,,,,,,,,,,,,,,,,,,,,,,,,,,,,,
1/9/2020,2020,1,9,19,30,0,0,-0.4,0.87,2.5,100,-0.4,983,,,,,,,,,,,,,,,,,,,,,,,,,,,,,,,,,
1/9/2020,2020,1,9,20,30,0,0,-0.9,0.87,2.5,99.87,-0.9,983,,,,,,,,,,,,,,,,,,,,,,,,,,,,,,,,,
1/9/2020,2020,1,9,21,30,0,0,-1.4,0.87,3,97.32,-1,984,,,,,,,,,,,,,,,,,,,,,,,,,,,,,,,,,
1/9/2020,2020,1,9,22,30,0,0,-1.6,0.87,3.3,95.6,-1,985,,,,,,,,,,,,,,,,,,,,,,,,,,,,,,,,,
1/9/2020,2020,1,9,23,30,0,0,-1.9,0.87,3.1,96.13,-1.4,985,,,,,,,,,,,,,,,,,,,,,,,,,,,,,,,,,
1/10/2020,2020,1,10,0,30,0,0,-2.4,0.87,2.8,97.75,-2.1,986,,,,,,,,,,,,,,,,,,,,,,,,,,,,,,,,,
1/10/2020,2020,1,10,1,30,0,0,-3.1,0.87,2.9,95.74,-2.5,986,,,,,,,,,,,,,,,,,,,,,,,,,,,,,,,,,
1/10/2020,2020,1,10,2,30,0,0,-3.6,0.87,3.3,92.58,-2.6,987,,,,,,,,,,,,,,,,,,,,,,,,,,,,,,,,,
1/10/2020,2020,1,10,3,30,0,0,-4.2,0.87,3.5,89.66,-2.7,987,,,,,,,,,,,,,,,,,,,,,,,,,,,,,,,,,
1/10/2020,2020,1,10,4,30,0,0,-4.7,0.87,3.6,87.64,-2.9,988,,,,,,,,,,,,,,,,,,,,,,,,,,,,,,,,,
1/10/2020,2020,1,10,5,30,0,0,-5.2,0.87,3.7,85.44,-3.1,988,,,,,,,,,,,,,,,,,,,,,,,,,,,,,,,,,
1/10/2020,2020,1,10,6,30,0,0,-5.6,0.87,3.6,84.43,-3.4,989,,,,,,,,,,,,,,,,,,,,,,,,,,,,,,,,,
1/10/2020,2020,1,10,7,30,0,0,-6.1,0.87,3.8,81.83,-3.4,989,,,,,,,,,,,,,,,,,,,,,,,,,,,,,,,,,
1/10/2020,2020,1,10,8,30,34,0,-6.4,0.87,4.2,76.46,-2.8,989,,,,,,,,,,,,,,,,,,,,,,,,,,,,,,,,,
1/10/2020,2020,1,10,9,30,93,26,-6.2,0.87,4.2,71.85,-1.8,989,,,,,,,,,,,,,,,,,,,,,,,,,,,,,,,,,
1/10/2020,2020,1,10,10,30,69,0,-5.7,0.87,4.2,69.3,-0.8,989,,,,,,,,,,,,,,,,,,,,,,,,,,,,,,,,,
1/10/2020,2020,1,10,11,30,159,56,-5.2,0.87,4.5,69,-0.2,988,,,,,,,,,,,,,,,,,,,,,,,,,,,,,,,,,
1/10/2020,2020,1,10,12,30,43,0,-4.8,0.87,5.5,69.4,0.1,986,,,,,,,,,,,,,,,,,,,,,,,,,,,,,,,,,
1/10/2020,2020,1,10,13,30,40,0,-4.5,0.87,6.3,73.11,-0.3,986,,,,,,,,,,,,,,,,,,,,,,,,,,,,,,,,,
1/10/2020,2020,1,10,14,30,35,0,-4.3,0.87,7.1,79.37,-1.2,986,,,,,,,,,,,,,,,,,,,,,,,,,,,,,,,,,
1/10/2020,2020,1,10,15,30,50,0,-4.6,0.87,7.5,82.12,-2,987,,,,,,,,,,,,,,,,,,,,,,,,,,,,,,,,,
1/10/2020,2020,1,10,16,30,17,0,-5.1,0.87,7.5,84.98,-2.9,988,,,,,,,,,,,,,,,,,,,,,,,,,,,,,,,,,
1/10/2020,2020,1,10,17,30,0,0,-6,0.87,7.7,81.56,-3.3,988,,,,,,,,,,,,,,,,,,,,,,,,,,,,,,,,,
1/10/2020,2020,1,10,18,30,0,0,-7.5,0.87,8.6,84.14,-5.2,989,,,,,,,,,,,,,,,,,,,,,,,,,,,,,,,,,
1/10/2020,2020,1,10,19,30,0,0,-9,0.87,8.3,79.62,-6,988,,,,,,,,,,,,,,,,,,,,,,,,,,,,,,,,,
1/10/2020,2020,1,10,20,30,0,0,-9.9,0.87,7.9,75.94,-6.4,988,,,,,,,,,,,,,,,,,,,,,,,,,,,,,,,,,
1/10/2020,2020,1,10,21,30,0,0,-10.6,0.87,7.6,74.66,-6.9,988,,,,,,,,,,,,,,,,,,,,,,,,,,,,,,,,,
1/10/2020,2020,1,10,22,30,0,0,-11.4,0.87,7.4,73.18,-7.4,988,,,,,,,,,,,,,,,,,,,,,,,,,,,,,,,,,
1/10/2020,2020,1,10,23,30,0,0,-11.9,0.87,7.3,72.22,-7.8,988,,,,,,,,,,,,,,,,,,,,,,,,,,,,,,,,,
1/11/2020,2020,1,11,0,30,0,0,-12.4,0.87,7.3,71.84,-8.2,988,,,,,,,,,,,,,,,,,,,,,,,,,,,,,,,,,
1/11/2020,2020,1,11,1,30,0,0,-12.9,0.87,7.9,71.93,-8.8,987,,,,,,,,,,,,,,,,,,,,,,,,,,,,,,,,,
1/11/2020,2020,1,11,2,30,0,0,-13.8,0.87,7.6,68.79,-9.1,986,,,,,,,,,,,,,,,,,,,,,,,,,,,,,,,,,
1/11/2020,2020,1,11,3,30,0,0,-14.2,0.87,7,67.17,-9.2,987,,,,,,,,,,,,,,,,,,,,,,,,,,,,,,,,,
1/11/2020,2020,1,11,4,30,0,0,-14.5,0.87,6.9,67.27,-9.6,987,,,,,,,,,,,,,,,,,,,,,,,,,,,,,,,,,
1/11/2020,2020,1,11,5,30,0,0,-15.1,0.87,6.9,67.89,-10.3,987,,,,,,,,,,,,,,,,,,,,,,,,,,,,,,,,,
1/11/2020,2020,1,11,6,30,0,0,-15.6,0.87,6.8,69.98,-11.2,986,,,,,,,,,,,,,,,,,,,,,,,,,,,,,,,,,
1/11/2020,2020,1,11,7,30,0,0,-16,0.87,5.9,68.69,-11.4,988,,,,,,,,,,,,,,,,,,,,,,,,,,,,,,,,,
1/11/2020,2020,1,11,8,30,44,47,-15.9,0.87,5.6,65.88,-10.8,989,,,,,,,,,,,,,,,,,,,,,,,,,,,,,,,,,
1/11/2020,2020,1,11,9,30,95,254,-15.3,0.87,6,64.39,-9.8,989,,,,,,,,,,,,,,,,,,,,,,,,,,,,,,,,,
1/11/2020,2020,1,11,10,30,124,395,-14.4,0.87,6.2,63.54,-8.7,987,,,,,,,,,,,,,,,,,,,,,,,,,,,,,,,,,
1/11/2020,2020,1,11,11,30,177,227,-13.5,0.87,5.9,62.68,-7.6,986,,,,,,,,,,,,,,,,,,,,,,,,,,,,,,,,,
1/11/2020,2020,1,11,12,30,165,377,-12.7,0.87,5.2,62.37,-6.7,986,,,,,,,,,,,,,,,,,,,,,,,,,,,,,,,,,
1/11/2020,2020,1,11,13,30,103,627,-12.1,0.87,4.6,63.71,-6.3,986,,,,,,,,,,,,,,,,,,,,,,,,,,,,,,,,,
1/11/2020,2020,1,11,14,30,82,623,-11.6,0.87,4.1,65.38,-6.2,985,,,,,,,,,,,,,,,,,,,,,,,,,,,,,,,,,
1/11/2020,2020,1,11,15,30,50,727,-11.4,0.87,3.5,69.29,-6.7,986,,,,,,,,,,,,,,,,,,,,,,,,,,,,,,,,,
1/11/2020,2020,1,11,16,30,26,362,-11.7,0.87,2.7,75.87,-8.2,986,,,,,,,,,,,,,,,,,,,,,,,,,,,,,,,,,
1/11/2020,2020,1,11,17,30,0,0,-12.5,0.87,2.3,76.93,-9.2,987,,,,,,,,,,,,,,,,,,,,,,,,,,,,,,,,,
1/11/2020,2020,1,11,18,30,0,0,-13,0.87,2.2,81.84,-10.5,988,,,,,,,,,,,,,,,,,,,,,,,,,,,,,,,,,
1/11/2020,2020,1,11,19,30,0,0,-13.2,0.87,2.2,84.39,-11.1,988,,,,,,,,,,,,,,,,,,,,,,,,,,,,,,,,,
1/11/2020,2020,1,11,20,30,0,0,-13.3,0.87,2,85.71,-11.4,988,,,,,,,,,,,,,,,,,,,,,,,,,,,,,,,,,
1/11/2020,2020,1,11,21,30,0,0,-13.3,0.87,1.7,86.8,-11.5,989,,,,,,,,,,,,,,,,,,,,,,,,,,,,,,,,,
1/11/2020,2020,1,11,22,30,0,0,-13.1,0.87,1.4,88.13,-11.5,989,,,,,,,,,,,,,,,,,,,,,,,,,,,,,,,,,
1/11/2020,2020,1,11,23,30,0,0,-12.9,0.87,1.1,89.33,-11.5,989,,,,,,,,,,,,,,,,,,,,,,,,,,,,,,,,,
1/12/2020,2020,1,12,0,30,0,0,-12.8,0.87,1,90.7,-11.6,989,,,,,,,,,,,,,,,,,,,,,,,,,,,,,,,,,
1/12/2020,2020,1,12,1,30,0,0,-12.8,0.87,1.1,92.25,-11.8,989,,,,,,,,,,,,,,,,,,,,,,,,,,,,,,,,,
1/12/2020,2020,1,12,2,30,0,0,-12.8,0.87,1.5,92.17,-11.8,990,,,,,,,,,,,,,,,,,,,,,,,,,,,,,,,,,
1/12/2020,2020,1,12,3,30,0,0,-12.7,0.87,2,88.79,-11.2,990,,,,,,,,,,,,,,,,,,,,,,,,,,,,,,,,,
1/12/2020,2020,1,12,4,30,0,0,-12.3,0.87,2.2,87.25,-10.6,990,,,,,,,,,,,,,,,,,,,,,,,,,,,,,,,,,
1/12/2020,2020,1,12,5,30,0,0,-11.9,0.87,2.4,87.94,-10.3,991,,,,,,,,,,,,,,,,,,,,,,,,,,,,,,,,,
1/12/2020,2020,1,12,6,30,0,0,-11.9,0.87,2.5,89.09,-10.4,991,,,,,,,,,,,,,,,,,,,,,,,,,,,,,,,,,
1/12/2020,2020,1,12,7,30,0,0,-11.9,0.87,2.6,86.31,-10,992,,,,,,,,,,,,,,,,,,,,,,,,,,,,,,,,,
1/12/2020,2020,1,12,8,30,43,216,-11.2,0.87,2.9,78.19,-8.1,992,,,,,,,,,,,,,,,,,,,,,,,,,,,,,,,,,
1/12/2020,2020,1,12,9,30,68,626,-9.5,0.87,3.6,74.54,-5.7,992,,,,,,,,,,,,,,,,,,,,,,,,,,,,,,,,,
1/12/2020,2020,1,12,10,30,78,792,-8.2,0.87,4,72.27,-3.9,991,,,,,,,,,,,,,,,,,,,,,,,,,,,,,,,,,
1/12/2020,2020,1,12,11,30,165,310,-7,0.87,4.2,72.27,-2.7,990,,,,,,,,,,,,,,,,,,,,,,,,,,,,,,,,,
1/12/2020,2020,1,12,12,30,165,20,-6,0.87,4.7,74.36,-2,989,,,,,,,,,,,,,,,,,,,,,,,,,,,,,,,,,
1/12/2020,2020,1,12,13,30,147,13,-5.2,0.87,5.1,77.79,-1.8,988,,,,,,,,,,,,,,,,,,,,,,,,,,,,,,,,,
1/12/2020,2020,1,12,14,30,89,42,-4.7,0.87,5.1,81.82,-2,987,,,,,,,,,,,,,,,,,,,,,,,,,,,,,,,,,
1/12/2020,2020,1,12,15,30,73,10,-4.5,0.87,4.6,84.88,-2.3,987,,,,,,,,,,,,,,,,,,,,,,,,,,,,,,,,,
1/12/2020,2020,1,12,16,30,22,0,-4.4,0.87,3.7,88.37,-2.7,987,,,,,,,,,,,,,,,,,,,,,,,,,,,,,,,,,
1/12/2020,2020,1,12,17,30,0,0,-4.2,0.87,3.2,90.62,-2.9,987,,,,,,,,,,,,,,,,,,,,,,,,,,,,,,,,,
1/12/2020,2020,1,12,18,30,0,0,-4.2,0.87,2.9,92.58,-3.2,987,,,,,,,,,,,,,,,,,,,,,,,,,,,,,,,,,
1/12/2020,2020,1,12,19,30,0,0,-4.3,0.87,2.9,93.69,-3.4,987,,,,,,,,,,,,,,,,,,,,,,,,,,,,,,,,,
1/12/2020,2020,1,12,20,30,0,0,-4.5,0.87,2.9,94.69,-3.8,987,,,,,,,,,,,,,,,,,,,,,,,,,,,,,,,,,
1/12/2020,2020,1,12,21,30,0,0,-4.9,0.87,3,94.21,-4.1,988,,,,,,,,,,,,,,,,,,,,,,,,,,,,,,,,,
1/12/2020,2020,1,12,22,30,0,0,-5,0.87,3,94.56,-4.3,988,,,,,,,,,,,,,,,,,,,,,,,,,,,,,,,,,
1/12/2020,2020,1,12,23,30,0,0,-5.2,0.87,2.8,96.18,-4.7,988,,,,,,,,,,,,,,,,,,,,,,,,,,,,,,,,,
1/13/2020,2020,1,13,0,30,0,0,-5.6,0.87,2.5,97.68,-5.3,988,,,,,,,,,,,,,,,,,,,,,,,,,,,,,,,,,
1/13/2020,2020,1,13,1,30,0,0,-6.1,0.87,2.3,98.64,-5.9,989,,,,,,,,,,,,,,,,,,,,,,,,,,,,,,,,,
1/13/2020,2020,1,13,2,30,0,0,-6.6,0.87,2.1,97.41,-6.3,990,,,,,,,,,,,,,,,,,,,,,,,,,,,,,,,,,
1/13/2020,2020,1,13,3,30,0,0,-7.2,0.87,1.9,95.8,-6.6,990,,,,,,,,,,,,,,,,,,,,,,,,,,,,,,,,,
1/13/2020,2020,1,13,4,30,0,0,-7.3,0.87,1.4,93.8,-6.5,990,,,,,,,,,,,,,,,,,,,,,,,,,,,,,,,,,
1/13/2020,2020,1,13,5,30,0,0,-7.1,0.87,1,94.56,-6.4,991,,,,,,,,,,,,,,,,,,,,,,,,,,,,,,,,,
1/13/2020,2020,1,13,6,30,0,0,-7.2,0.87,1.2,96.39,-6.7,992,,,,,,,,,,,,,,,,,,,,,,,,,,,,,,,,,
1/13/2020,2020,1,13,7,30,0,0,-7.6,0.87,1.9,92.99,-6.7,992,,,,,,,,,,,,,,,,,,,,,,,,,,,,,,,,,
1/13/2020,2020,1,13,8,30,41,484,-7.4,0.87,2.9,84.92,-5.3,992,,,,,,,,,,,,,,,,,,,,,,,,,,,,,,,,,
1/13/2020,2020,1,13,9,30,91,50,-5.7,0.87,3.9,83.7,-3.3,992,,,,,,,,,,,,,,,,,,,,,,,,,,,,,,,,,
1/13/2020,2020,1,13,10,30,139,249,-4.7,0.87,4.5,80.01,-1.7,991,,,,,,,,,,,,,,,,,,,,,,,,,,,,,,,,,
1/13/2020,2020,1,13,11,30,114,47,-3.7,0.87,4.9,78.44,-0.4,990,,,,,,,,,,,,,,,,,,,,,,,,,,,,,,,,,
1/13/2020,2020,1,13,12,30,128,15,-2.7,0.87,5.2,80.74,0.2,989,,,,,,,,,,,,,,,,,,,,,,,,,,,,,,,,,
1/13/2020,2020,1,13,13,30,131,90,-2.1,0.87,5.4,84.59,0.2,988,,,,,,,,,,,,,,,,,,,,,,,,,,,,,,,,,
1/13/2020,2020,1,13,14,30,115,10,-1.7,0.87,5.5,88.44,0,987,,,,,,,,,,,,,,,,,,,,,,,,,,,,,,,,,
1/13/2020,2020,1,13,15,30,64,0,-1.3,0.87,5.6,92.03,-0.2,986,,,,,,,,,,,,,,,,,,,,,,,,,,,,,,,,,
1/13/2020,2020,1,13,16,30,27,20,-1.1,0.87,5.8,93.44,-0.2,986,,,,,,,,,,,,,,,,,,,,,,,,,,,,,,,,,
1/13/2020,2020,1,13,17,30,0,0,-1,0.87,5.9,94.45,-0.2,985,,,,,,,,,,,,,,,,,,,,,,,,,,,,,,,,,
1/13/2020,2020,1,13,18,30,0,0,-0.8,0.87,5.2,94.63,0,985,,,,,,,,,,,,,,,,,,,,,,,,,,,,,,,,,
1/13/2020,2020,1,13,19,30,0,0,-0.5,0.87,4.8,94.75,0.2,985,,,,,,,,,,,,,,,,,,,,,,,,,,,,,,,,,
1/13/2020,2020,1,13,20,30,0,0,-0.3,0.87,4.4,95.02,0.4,985,,,,,,,,,,,,,,,,,,,,,,,,,,,,,,,,,
1/13/2020,2020,1,13,21,30,0,0,0,0.87,4,95.44,0.6,985,,,,,,,,,,,,,,,,,,,,,,,,,,,,,,,,,
1/13/2020,2020,1,13,22,30,0,0,0.2,0.87,3.5,96.69,0.7,985,,,,,,,,,,,,,,,,,,,,,,,,,,,,,,,,,
1/13/2020,2020,1,13,23,30,0,0,0.4,0.87,2.8,97.73,0.7,984,,,,,,,,,,,,,,,,,,,,,,,,,,,,,,,,,
1/14/2020,2020,1,14,0,30,0,0,0.3,0.87,2.4,100,0.3,984,,,,,,,,,,,,,,,,,,,,,,,,,,,,,,,,,
1/14/2020,2020,1,14,1,30,0,0,0.1,0.87,2.6,100,0.1,984,,,,,,,,,,,,,,,,,,,,,,,,,,,,,,,,,
1/14/2020,2020,1,14,2,30,0,0,0.1,0.87,3.3,98.31,0.3,985,,,,,,,,,,,,,,,,,,,,,,,,,,,,,,,,,
1/14/2020,2020,1,14,3,30,0,0,0.1,0.87,3.9,98.61,0.3,985,,,,,,,,,,,,,,,,,,,,,,,,,,,,,,,,,
1/14/2020,2020,1,14,4,30,0,0,-0.2,0.87,4.5,98.77,0,986,,,,,,,,,,,,,,,,,,,,,,,,,,,,,,,,,
1/14/2020,2020,1,14,5,30,0,0,-1,0.87,4.5,99.93,-1,987,,,,,,,,,,,,,,,,,,,,,,,,,,,,,,,,,
1/14/2020,2020,1,14,6,30,0,0,-2.4,0.87,4,99.69,-2.4,988,,,,,,,,,,,,,,,,,,,,,,,,,,,,,,,,,
1/14/2020,2020,1,14,7,30,0,0,-4.2,0.87,3.8,94.88,-3.5,989,,,,,,,,,,,,,,,,,,,,,,,,,,,,,,,,,
1/14/2020,2020,1,14,8,30,33,591,-5.2,0.87,4.1,87.39,-3.4,989,,,,,,,,,,,,,,,,,,,,,,,,,,,,,,,,,
1/14/2020,2020,1,14,9,30,96,263,-5.3,0.87,4.5,82.26,-2.7,990,,,,,,,,,,,,,,,,,,,,,,,,,,,,,,,,,
1/14/2020,2020,1,14,10,30,83,663,-5.4,0.87,4,77.03,-1.9,991,,,,,,,,,,,,,,,,,,,,,,,,,,,,,,,,,
1/14/2020,2020,1,14,11,30,72,924,-5,0.87,3.3,74.96,-1.1,990,,,,,,,,,,,,,,,,,,,,,,,,,,,,,,,,,
1/14/2020,2020,1,14,12,30,76,930,-4.4,0.87,2.6,74.28,-0.4,990,,,,,,,,,,,,,,,,,,,,,,,,,,,,,,,,,
1/14/2020,2020,1,14,13,30,73,915,-4.1,0.87,2.3,73.89,0,989,,,,,,,,,,,,,,,,,,,,,,,,,,,,,,,,,
1/14/2020,2020,1,14,14,30,68,857,-3.9,0.87,2.1,76.09,-0.2,989,,,,,,,,,,,,,,,,,,,,,,,,,,,,,,,,,
1/14/2020,2020,1,14,15,30,56,725,-3.7,0.87,1.8,86.04,-1.7,989,,,,,,,,,,,,,,,,,,,,,,,,,,,,,,,,,
1/14/2020,2020,1,14,16,30,31,448,-5.1,0.87,1.6,93.58,-4.2,989,,,,,,,,,,,,,,,,,,,,,,,,,,,,,,,,,
1/14/2020,2020,1,14,17,30,0,0,-6.9,0.87,1.7,89.5,-5.4,989,,,,,,,,,,,,,,,,,,,,,,,,,,,,,,,,,
1/14/2020,2020,1,14,18,30,0,0,-7.5,0.87,2.4,92.55,-6.5,989,,,,,,,,,,,,,,,,,,,,,,,,,,,,,,,,,
1/14/2020,2020,1,14,19,30,0,0,-7.9,0.87,2.5,93.51,-7,989,,,,,,,,,,,,,,,,,,,,,,,,,,,,,,,,,
1/14/2020,2020,1,14,20,30,0,0,-8.2,0.87,2.5,94.98,-7.5,989,,,,,,,,,,,,,,,,,,,,,,,,,,,,,,,,,
1/14/2020,2020,1,14,21,30,0,0,-8.4,0.87,2.5,95.5,-7.8,989,,,,,,,,,,,,,,,,,,,,,,,,,,,,,,,,,
1/14/2020,2020,1,14,22,30,0,0,-8.4,0.87,2.7,94.38,-7.7,988,,,,,,,,,,,,,,,,,,,,,,,,,,,,,,,,,
1/14/2020,2020,1,14,23,30,0,0,-8.3,0.87,3.1,90.55,-7,987,,,,,,,,,,,,,,,,,,,,,,,,,,,,,,,,,
1/15/2020,2020,1,15,0,30,0,0,-7.4,0.87,3.5,86.97,-5.6,986,,,,,,,,,,,,,,,,,,,,,,,,,,,,,,,,,
1/15/2020,2020,1,15,1,30,0,0,-6.1,0.87,3.5,87.49,-4.3,986,,,,,,,,,,,,,,,,,,,,,,,,,,,,,,,,,
1/15/2020,2020,1,15,2,30,0,0,-5.2,0.87,3,88.86,-3.6,985,,,,,,,,,,,,,,,,,,,,,,,,,,,,,,,,,
1/15/2020,2020,1,15,3,30,0,0,-4.6,0.87,2.3,91.41,-3.4,985,,,,,,,,,,,,,,,,,,,,,,,,,,,,,,,,,
1/15/2020,2020,1,15,4,30,0,0,-4.5,0.87,1.6,92.95,-3.5,985,,,,,,,,,,,,,,,,,,,,,,,,,,,,,,,,,
1/15/2020,2020,1,15,5,30,0,0,-4.5,0.87,1.1,93.36,-3.6,985,,,,,,,,,,,,,,,,,,,,,,,,,,,,,,,,,
1/15/2020,2020,1,15,6,30,0,0,-4.5,0.87,1.4,92.99,-3.5,986,,,,,,,,,,,,,,,,,,,,,,,,,,,,,,,,,
1/15/2020,2020,1,15,7,30,0,0,-4.5,0.87,2.5,91.44,-3.3,986,,,,,,,,,,,,,,,,,,,,,,,,,,,,,,,,,
1/15/2020,2020,1,15,8,30,40,131,-4.3,0.87,3.5,89.61,-2.8,987,,,,,,,,,,,,,,,,,,,,,,,,,,,,,,,,,
1/15/2020,2020,1,15,9,30,105,55,-4,0.87,4.3,87.5,-2.2,988,,,,,,,,,,,,,,,,,,,,,,,,,,,,,,,,,
1/15/2020,2020,1,15,10,30,123,88,-3.7,0.87,5.4,86.07,-1.7,989,,,,,,,,,,,,,,,,,,,,,,,,,,,,,,,,,
1/15/2020,2020,1,15,11,30,177,161,-3.6,0.87,6.3,84.85,-1.4,989,,,,,,,,,,,,,,,,,,,,,,,,,,,,,,,,,
1/15/2020,2020,1,15,12,30,185,184,-3.8,0.87,6.8,82.85,-1.3,990,,,,,,,,,,,,,,,,,,,,,,,,,,,,,,,,,
1/15/2020,2020,1,15,13,30,181,77,-4.3,0.87,7.1,81.66,-1.6,991,,,,,,,,,,,,,,,,,,,,,,,,,,,,,,,,,
1/15/2020,2020,1,15,14,30,123,9,-5.3,0.87,7.1,81.99,-2.6,992,,,,,,,,,,,,,,,,,,,,,,,,,,,,,,,,,
1/15/2020,2020,1,15,15,30,91,91,-6.7,0.87,6.8,81.97,-4.1,993,,,,,,,,,,,,,,,,,,,,,,,,,,,,,,,,,
1/15/2020,2020,1,15,16,30,33,10,-8.5,0.87,6.3,81.19,-5.8,995,,,,,,,,,,,,,,,,,,,,,,,,,,,,,,,,,
1/15/2020,2020,1,15,17,30,0,0,-10.2,0.87,6.1,75.59,-6.6,996,,,,,,,,,,,,,,,,,,,,,,,,,,,,,,,,,
1/15/2020,2020,1,15,18,30,0,0,-11.6,0.87,6.2,78.41,-8.5,999,,,,,,,,,,,,,,,,,,,,,,,,,,,,,,,,,
1/15/2020,2020,1,15,19,30,0,0,-13,0.87,6.2,77.2,-9.8,1000,,,,,,,,,,,,,,,,,,,,,,,,,,,,,,,,,
1/15/2020,2020,1,15,20,30,0,0,-14.5,0.87,6,76.92,-11.3,1002,,,,,,,,,,,,,,,,,,,,,,,,,,,,,,,,,
1/15/2020,2020,1,15,21,30,0,0,-16.1,0.87,5.8,76.25,-12.8,1003,,,,,,,,,,,,,,,,,,,,,,,,,,,,,,,,,
1/15/2020,2020,1,15,22,30,0,0,-17.5,0.87,5.4,75.76,-14.2,1004,,,,,,,,,,,,,,,,,,,,,,,,,,,,,,,,,
1/15/2020,2020,1,15,23,30,0,0,-18.7,0.87,5,75.1,-15.3,1004,,,,,,,,,,,,,,,,,,,,,,,,,,,,,,,,,
1/16/2020,2020,1,16,0,30,0,0,-19.8,0.87,4.6,75.22,-16.4,1005,,,,,,,,,,,,,,,,,,,,,,,,,,,,,,,,,
1/16/2020,2020,1,16,1,30,0,0,-20.8,0.87,4.3,75.66,-17.5,1005,,,,,,,,,,,,,,,,,,,,,,,,,,,,,,,,,
1/16/2020,2020,1,16,2,30,0,0,-21.7,0.87,4.3,74.63,-18.3,1006,,,,,,,,,,,,,,,,,,,,,,,,,,,,,,,,,
1/16/2020,2020,1,16,3,30,0,0,-22.5,0.87,4.3,73.42,-18.9,1007,,,,,,,,,,,,,,,,,,,,,,,,,,,,,,,,,
1/16/2020,2020,1,16,4,30,0,0,-23.1,0.87,4.2,72.54,-19.4,1008,,,,,,,,,,,,,,,,,,,,,,,,,,,,,,,,,
1/16/2020,2020,1,16,5,30,0,0,-23.7,0.87,3.9,72.67,-20.1,1009,,,,,,,,,,,,,,,,,,,,,,,,,,,,,,,,,
1/16/2020,2020,1,16,6,30,0,0,-24.4,0.87,3.5,71.87,-20.6,1009,,,,,,,,,,,,,,,,,,,,,,,,,,,,,,,,,
1/16/2020,2020,1,16,7,30,0,0,-24.7,0.87,3.1,67.05,-20.2,1010,,,,,,,,,,,,,,,,,,,,,,,,,,,,,,,,,
1/16/2020,2020,1,16,8,30,32,642,-24.1,0.87,3,59.33,-18.1,1010,,,,,,,,,,,,,,,,,,,,,,,,,,,,,,,,,
1/16/2020,2020,1,16,9,30,47,858,-21.9,0.87,2.8,59.55,-15.8,1011,,,,,,,,,,,,,,,,,,,,,,,,,,,,,,,,,
1/16/2020,2020,1,16,10,30,64,844,-20.4,0.87,2.6,59.71,-14.3,1011,,,,,,,,,,,,,,,,,,,,,,,,,,,,,,,,,
1/16/2020,2020,1,16,11,30,68,877,-19,0.87,2.5,60.48,-12.9,1011,,,,,,,,,,,,,,,,,,,,,,,,,,,,,,,,,
1/16/2020,2020,1,16,12,30,95,756,-17.8,0.87,2.4,61.15,-11.8,1010,,,,,,,,,,,,,,,,,,,,,,,,,,,,,,,,,
1/16/2020,2020,1,16,13,30,55,597,-16.9,0.87,2.4,62,-11,1010,,,,,,,,,,,,,,,,,,,,,,,,,,,,,,,,,
1/16/2020,2020,1,16,14,30,56,640,-16.3,0.87,2.3,62.79,-10.6,1009,,,,,,,,,,,,,,,,,,,,,,,,,,,,,,,,,
1/16/2020,2020,1,16,15,30,80,346,-15.9,0.87,2,67.13,-11,1009,,,,,,,,,,,,,,,,,,,,,,,,,,,,,,,,,
1/16/2020,2020,1,16,16,30,33,5,-16.4,0.87,2,68.98,-11.9,1009,,,,,,,,,,,,,,,,,,,,,,,,,,,,,,,,,
1/16/2020,2020,1,16,17,30,0,0,-17.1,0.87,2.1,67.44,-12.3,1009,,,,,,,,,,,,,,,,,,,,,,,,,,,,,,,,,
1/16/2020,2020,1,16,18,30,0,0,-17.1,0.87,2.2,68.98,-12.6,1010,,,,,,,,,,,,,,,,,,,,,,,,,,,,,,,,,
1/16/2020,2020,1,16,19,30,0,0,-17,0.87,2.3,69.88,-12.6,1010,,,,,,,,,,,,,,,,,,,,,,,,,,,,,,,,,
1/16/2020,2020,1,16,20,30,0,0,-16.8,0.87,2.4,72.48,-12.9,1009,,,,,,,,,,,,,,,,,,,,,,,,,,,,,,,,,
1/16/2020,2020,1,16,21,30,0,0,-16.9,0.87,2.6,75.23,-13.4,1009,,,,,,,,,,,,,,,,,,,,,,,,,,,,,,,,,
1/16/2020,2020,1,16,22,30,0,0,-17.1,0.87,2.9,77.59,-14,1008,,,,,,,,,,,,,,,,,,,,,,,,,,,,,,,,,
1/16/2020,2020,1,16,23,30,0,0,-17.1,0.87,3.2,80.1,-14.4,1007,,,,,,,,,,,,,,,,,,,,,,,,,,,,,,,,,
1/17/2020,2020,1,17,0,30,0,0,-16.9,0.87,3.4,81.67,-14.5,1006,,,,,,,,,,,,,,,,,,,,,,,,,,,,,,,,,
1/17/2020,2020,1,17,1,30,0,0,-16.6,0.87,3.7,79.87,-13.9,1005,,,,,,,,,,,,,,,,,,,,,,,,,,,,,,,,,
1/17/2020,2020,1,17,2,30,0,0,-15.7,0.87,4.1,78.56,-12.7,1005,,,,,,,,,,,,,,,,,,,,,,,,,,,,,,,,,
1/17/2020,2020,1,17,3,30,0,0,-14.6,0.87,4.1,78.76,-11.7,1004,,,,,,,,,,,,,,,,,,,,,,,,,,,,,,,,,
1/17/2020,2020,1,17,4,30,0,0,-14.1,0.87,3.8,77.99,-11,1003,,,,,,,,,,,,,,,,,,,,,,,,,,,,,,,,,
1/17/2020,2020,1,17,5,30,0,0,-13.6,0.87,3.9,77.5,-10.4,1003,,,,,,,,,,,,,,,,,,,,,,,,,,,,,,,,,
1/17/2020,2020,1,17,6,30,0,0,-13,0.87,4.5,77.1,-9.7,1002,,,,,,,,,,,,,,,,,,,,,,,,,,,,,,,,,
1/17/2020,2020,1,17,7,30,0,0,-12.2,0.87,5.3,77.81,-9,1001,,,,,,,,,,,,,,,,,,,,,,,,,,,,,,,,,
1/17/2020,2020,1,17,8,30,34,0,-11.1,0.87,5.5,78.84,-8.1,1000,,,,,,,,,,,,,,,,,,,,,,,,,,,,,,,,,
1/17/2020,2020,1,17,9,30,100,51,-9.9,0.87,5.6,80.26,-7.1,999,,,,,,,,,,,,,,,,,,,,,,,,,,,,,,,,,
1/17/2020,2020,1,17,10,30,144,28,-8.7,0.87,6.5,82.45,-6.2,998,,,,,,,,,,,,,,,,,,,,,,,,,,,,,,,,,
1/17/2020,2020,1,17,11,30,190,133,-7.6,0.87,7.4,84.51,-5.4,995,,,,,,,,,,,,,,,,,,,,,,,,,,,,,,,,,
1/17/2020,2020,1,17,12,30,187,81,-6.6,0.87,7.9,85.74,-4.6,993,,,,,,,,,,,,,,,,,,,,,,,,,,,,,,,,,
1/17/2020,2020,1,17,13,30,184,80,-5.8,0.87,8.1,87.74,-4.1,991,,,,,,,,,,,,,,,,,,,,,,,,,,,,,,,,,
1/17/2020,2020,1,17,14,30,133,15,-5.3,0.87,7.9,89.31,-3.8,989,,,,,,,,,,,,,,,,,,,,,,,,,,,,,,,,,
1/17/2020,2020,1,17,15,30,69,0,-5,0.87,7.6,90.66,-3.7,988,,,,,,,,,,,,,,,,,,,,,,,,,,,,,,,,,
1/17/2020,2020,1,17,16,30,24,0,-4.9,0.87,7.4,90.92,-3.6,986,,,,,,,,,,,,,,,,,,,,,,,,,,,,,,,,,
1/17/2020,2020,1,17,17,30,0,0,-4.7,0.87,7.4,91.83,-3.6,985,,,,,,,,,,,,,,,,,,,,,,,,,,,,,,,,,
1/17/2020,2020,1,17,18,30,0,0,-4.5,0.87,7,91.14,-3.3,984,,,,,,,,,,,,,,,,,,,,,,,,,,,,,,,,,
1/17/2020,2020,1,17,19,30,0,0,-4.3,0.87,6.6,91.48,-3.1,983,,,,,,,,,,,,,,,,,,,,,,,,,,,,,,,,,
1/17/2020,2020,1,17,20,30,0,0,-4,0.87,6.1,92.22,-2.9,982,,,,,,,,,,,,,,,,,,,,,,,,,,,,,,,,,
1/17/2020,2020,1,17,21,30,0,0,-3.7,0.87,5.6,92.99,-2.7,980,,,,,,,,,,,,,,,,,,,,,,,,,,,,,,,,,
1/17/2020,2020,1,17,22,30,0,0,-3.4,0.87,4.8,93.09,-2.4,979,,,,,,,,,,,,,,,,,,,,,,,,,,,,,,,,,
1/17/2020,2020,1,17,23,30,0,0,-3,0.87,3.7,94.14,-2.2,978,,,,,,,,,,,,,,,,,,,,,,,,,,,,,,,,,
1/18/2020,2020,1,18,0,30,0,0,-2.7,0.87,2.5,95.23,-2,977,,,,,,,,,,,,,,,,,,,,,,,,,,,,,,,,,
1/18/2020,2020,1,18,1,30,0,0,-2.3,0.87,1.9,96.91,-1.9,976,,,,,,,,,,,,,,,,,,,,,,,,,,,,,,,,,
1/18/2020,2020,1,18,2,30,0,0,-2.2,0.87,2.4,97.11,-1.8,976,,,,,,,,,,,,,,,,,,,,,,,,,,,,,,,,,
1/18/2020,2020,1,18,3,30,0,0,-2.1,0.87,4,96.06,-1.6,976,,,,,,,,,,,,,,,,,,,,,,,,,,,,,,,,,
1/18/2020,2020,1,18,4,30,0,0,-2,0.87,6.3,97.05,-1.6,977,,,,,,,,,,,,,,,,,,,,,,,,,,,,,,,,,
1/18/2020,2020,1,18,5,30,0,0,-2.7,0.87,8.3,100,-2.7,979,,,,,,,,,,,,,,,,,,,,,,,,,,,,,,,,,
1/18/2020,2020,1,18,6,30,0,0,-5.2,0.87,9.3,100,-5.2,981,,,,,,,,,,,,,,,,,,,,,,,,,,,,,,,,,
1/18/2020,2020,1,18,7,30,0,0,-8.7,0.87,9.6,94.6,-8,982,,,,,,,,,,,,,,,,,,,,,,,,,,,,,,,,,
1/18/2020,2020,1,18,8,30,48,268,-11.7,0.87,9.9,87.69,-10,984,,,,,,,,,,,,,,,,,,,,,,,,,,,,,,,,,
1/18/2020,2020,1,18,9,30,77,511,-13.5,0.87,10.1,82.39,-11.1,986,,,,,,,,,,,,,,,,,,,,,,,,,,,,,,,,,
1/18/2020,2020,1,18,10,30,71,798,-14.7,0.87,10,78.69,-11.7,987,,,,,,,,,,,,,,,,,,,,,,,,,,,,,,,,,
1/18/2020,2020,1,18,11,30,107,679,-15.2,0.87,9.9,77.14,-12,988,,,,,,,,,,,,,,,,,,,,,,,,,,,,,,,,,
1/18/2020,2020,1,18,12,30,98,665,-15.5,0.87,9.9,76.54,-12.2,988,,,,,,,,,,,,,,,,,,,,,,,,,,,,,,,,,
1/18/2020,2020,1,18,13,30,80,930,-15.8,0.87,9.9,76.48,-12.5,989,,,,,,,,,,,,,,,,,,,,,,,,,,,,,,,,,
1/18/2020,2020,1,18,14,30,72,892,-16.2,0.87,9.8,76.78,-13,990,,,,,,,,,,,,,,,,,,,,,,,,,,,,,,,,,
1/18/2020,2020,1,18,15,30,58,796,-16.7,0.87,9.4,77.22,-13.6,991,,,,,,,,,,,,,,,,,,,,,,,,,,,,,,,,,
1/18/2020,2020,1,18,16,30,36,366,-17.4,0.87,9,77.39,-14.3,992,,,,,,,,,,,,,,,,,,,,,,,,,,,,,,,,,
1/18/2020,2020,1,18,17,30,0,0,-18.1,0.87,8.8,75.26,-14.7,992,,,,,,,,,,,,,,,,,,,,,,,,,,,,,,,,,
1/18/2020,2020,1,18,18,30,0,0,-18.7,0.87,8.5,77.05,-15.6,993,,,,,,,,,,,,,,,,,,,,,,,,,,,,,,,,,
1/18/2020,2020,1,18,19,30,0,0,-19.1,0.87,8.4,76.69,-16,994,,,,,,,,,,,,,,,,,,,,,,,,,,,,,,,,,
1/18/2020,2020,1,18,20,30,0,0,-19.6,0.87,8.3,76.45,-16.4,994,,,,,,,,,,,,,,,,,,,,,,,,,,,,,,,,,
1/18/2020,2020,1,18,21,30,0,0,-20,0.87,8.1,76.15,-16.8,994,,,,,,,,,,,,,,,,,,,,,,,,,,,,,,,,,
1/18/2020,2020,1,18,22,30,0,0,-20.4,0.87,7.9,75.81,-17.2,995,,,,,,,,,,,,,,,,,,,,,,,,,,,,,,,,,
1/18/2020,2020,1,18,23,30,0,0,-20.9,0.87,7.7,75.21,-17.6,995,,,,,,,,,,,,,,,,,,,,,,,,,,,,,,,,,
1/19/2020,2020,1,19,0,30,0,0,-21.4,0.87,7.5,74.86,-18,996,,,,,,,,,,,,,,,,,,,,,,,,,,,,,,,,,
1/19/2020,2020,1,19,1,30,0,0,-21.8,0.87,7.2,74.7,-18.4,996,,,,,,,,,,,,,,,,,,,,,,,,,,,,,,,,,
1/19/2020,2020,1,19,2,30,0,0,-22.1,0.87,6.9,74.4,-18.7,997,,,,,,,,,,,,,,,,,,,,,,,,,,,,,,,,,
1/19/2020,2020,1,19,3,30,0,0,-22.4,0.87,6.6,74.26,-19,997,,,,,,,,,,,,,,,,,,,,,,,,,,,,,,,,,
1/19/2020,2020,1,19,4,30,0,0,-22.6,0.87,6.2,74.85,-19.3,998,,,,,,,,,,,,,,,,,,,,,,,,,,,,,,,,,
1/19/2020,2020,1,19,5,30,0,0,-22.8,0.87,5.9,74.82,-19.5,999,,,,,,,,,,,,,,,,,,,,,,,,,,,,,,,,,
1/19/2020,2020,1,19,6,30,0,0,-23,0.87,5.5,74.88,-19.7,1000,,,,,,,,,,,,,,,,,,,,,,,,,,,,,,,,,
1/19/2020,2020,1,19,7,30,0,0,-23.1,0.87,5.4,73.23,-19.5,1001,,,,,,,,,,,,,,,,,,,,,,,,,,,,,,,,,
1/19/2020,2020,1,19,8,30,42,477,-22.6,0.87,5.5,71.75,-18.8,1001,,,,,,,,,,,,,,,,,,,,,,,,,,,,,,,,,
1/19/2020,2020,1,19,9,30,63,783,-21.7,0.87,5.7,71.63,-17.8,1002,,,,,,,,,,,,,,,,,,,,,,,,,,,,,,,,,
1/19/2020,2020,1,19,10,30,74,829,-20.5,0.87,5.6,72.42,-16.7,1002,,,,,,,,,,,,,,,,,,,,,,,,,,,,,,,,,
1/19/2020,2020,1,19,11,30,106,710,-19.2,0.87,5.3,74.37,-15.7,1002,,,,,,,,,,,,,,,,,,,,,,,,,,,,,,,,,
1/19/2020,2020,1,19,12,30,115,655,-18.3,0.87,5.1,76.08,-15,1002,,,,,,,,,,,,,,,,,,,,,,,,,,,,,,,,,
1/19/2020,2020,1,19,13,30,98,682,-17.6,0.87,5,77.88,-14.6,1002,,,,,,,,,,,,,,,,,,,,,,,,,,,,,,,,,
1/19/2020,2020,1,19,14,30,110,506,-17.2,0.87,4.7,78.51,-14.3,1003,,,,,,,,,,,,,,,,,,,,,,,,,,,,,,,,,
1/19/2020,2020,1,19,15,30,93,265,-17.1,0.87,4.1,79.35,-14.3,1003,,,,,,,,,,,,,,,,,,,,,,,,,,,,,,,,,
1/19/2020,2020,1,19,16,30,39,93,-17.1,0.87,2.9,82.3,-14.8,1004,,,,,,,,,,,,,,,,,,,,,,,,,,,,,,,,,
1/19/2020,2020,1,19,17,30,0,0,-17.8,0.87,2.3,80.8,-15.2,1004,,,,,,,,,,,,,,,,,,,,,,,,,,,,,,,,,
1/19/2020,2020,1,19,18,30,0,0,-18.4,0.87,2,82.1,-16.1,1004,,,,,,,,,,,,,,,,,,,,,,,,,,,,,,,,,
1/19/2020,2020,1,19,19,30,0,0,-18.8,0.87,2,81.82,-16.4,1005,,,,,,,,,,,,,,,,,,,,,,,,,,,,,,,,,
1/19/2020,2020,1,19,20,30,0,0,-19.1,0.87,1.9,81.97,-16.7,1005,,,,,,,,,,,,,,,,,,,,,,,,,,,,,,,,,
1/19/2020,2020,1,19,21,30,0,0,-19.4,0.87,1.8,81.73,-17,1005,,,,,,,,,,,,,,,,,,,,,,,,,,,,,,,,,
1/19/2020,2020,1,19,22,30,0,0,-19.7,0.87,1.8,81.41,-17.3,1005,,,,,,,,,,,,,,,,,,,,,,,,,,,,,,,,,
1/19/2020,2020,1,19,23,30,0,0,-20,0.87,1.8,80.56,-17.5,1005,,,,,,,,,,,,,,,,,,,,,,,,,,,,,,,,,
1/20/2020,2020,1,20,0,30,0,0,-20.2,0.87,1.7,80.49,-17.7,1005,,,,,,,,,,,,,,,,,,,,,,,,,,,,,,,,,
1/20/2020,2020,1,20,1,30,0,0,-20.4,0.87,1.6,79.97,-17.8,1004,,,,,,,,,,,,,,,,,,,,,,,,,,,,,,,,,
1/20/2020,2020,1,20,2,30,0,0,-20.6,0.87,1.5,80.22,-18,1004,,,,,,,,,,,,,,,,,,,,,,,,,,,,,,,,,
1/20/2020,2020,1,20,3,30,0,0,-20.7,0.87,1.6,79.9,-18.1,1004,,,,,,,,,,,,,,,,,,,,,,,,,,,,,,,,,
1/20/2020,2020,1,20,4,30,0,0,-20.8,0.87,1.7,79.16,-18.1,1005,,,,,,,,,,,,,,,,,,,,,,,,,,,,,,,,,
1/20/2020,2020,1,20,5,30,0,0,-20.6,0.87,2,78.39,-17.8,1005,,,,,,,,,,,,,,,,,,,,,,,,,,,,,,,,,
1/20/2020,2020,1,20,6,30,0,0,-20.1,0.87,2.3,78.81,-17.3,1006,,,,,,,,,,,,,,,,,,,,,,,,,,,,,,,,,
1/20/2020,2020,1,20,7,30,1,0,-19.7,0.87,2.6,78.12,-16.8,1006,,,,,,,,,,,,,,,,,,,,,,,,,,,,,,,,,
1/20/2020,2020,1,20,8,30,50,82,-19.3,0.87,2.9,76.89,-16.2,1007,,,,,,,,,,,,,,,,,,,,,,,,,,,,,,,,,
1/20/2020,2020,1,20,9,30,92,310,-18.7,0.87,3,74.4,-15.2,1007,,,,,,,,,,,,,,,,,,,,,,,,,,,,,,,,,
1/20/2020,2020,1,20,10,30,97,603,-17.8,0.87,2.9,73.37,-14.1,1007,,,,,,,,,,,,,,,,,,,,,,,,,,,,,,,,,
1/20/2020,2020,1,20,11,30,170,300,-16.7,0.87,2.6,73.27,-12.9,1007,,,,,,,,,,,,,,,,,,,,,,,,,,,,,,,,,
1/20/2020,2020,1,20,12,30,104,694,-15.6,0.87,2.4,74.17,-11.9,1007,,,,,,,,,,,,,,,,,,,,,,,,,,,,,,,,,
1/20/2020,2020,1,20,13,30,111,632,-14.7,0.87,2.1,74.87,-11.1,1006,,,,,,,,,,,,,,,,,,,,,,,,,,,,,,,,,
1/20/2020,2020,1,20,14,30,115,479,-14.1,0.87,1.9,75.81,-10.7,1006,,,,,,,,,,,,,,,,,,,,,,,,,,,,,,,,,
1/20/2020,2020,1,20,15,30,88,331,-14,0.87,1.4,77.44,-10.8,1006,,,,,,,,,,,,,,,,,,,,,,,,,,,,,,,,,
1/20/2020,2020,1,20,16,30,37,218,-13.9,0.87,0.9,82.99,-11.6,1006,,,,,,,,,,,,,,,,,,,,,,,,,,,,,,,,,
1/20/2020,2020,1,20,17,30,0,0,-15.3,0.87,0.9,77.74,-12.2,1007,,,,,,,,,,,,,,,,,,,,,,,,,,,,,,,,,
1/20/2020,2020,1,20,18,30,0,0,-15.8,0.87,0.6,78.92,-12.9,1007,,,,,,,,,,,,,,,,,,,,,,,,,,,,,,,,,
1/20/2020,2020,1,20,19,30,0,0,-16,0.87,0.6,83.61,-13.8,1006,,,,,,,,,,,,,,,,,,,,,,,,,,,,,,,,,
1/20/2020,2020,1,20,20,30,0,0,-16.5,0.87,0.9,89.77,-15.2,1006,,,,,,,,,,,,,,,,,,,,,,,,,,,,,,,,,
1/20/2020,2020,1,20,21,30,0,0,-17.4,0.87,1.4,95.74,-16.9,1006,,,,,,,,,,,,,,,,,,,,,,,,,,,,,,,,,
1/20/2020,2020,1,20,22,30,0,0,-18.8,0.87,1.6,95.28,-18.2,1006,,,,,,,,,,,,,,,,,,,,,,,,,,,,,,,,,
1/20/2020,2020,1,20,23,30,0,0,-19.8,0.87,1.4,90.33,-18.6,1006,,,,,,,,,,,,,,,,,,,,,,,,,,,,,,,,,
1/21/2020,2020,1,21,0,30,0,0,-20.2,0.87,1.3,87.75,-18.7,1005,,,,,,,,,,,,,,,,,,,,,,,,,,,,,,,,,
1/21/2020,2020,1,21,1,30,0,0,-20.8,0.87,1.2,84.9,-18.9,1005,,,,,,,,,,,,,,,,,,,,,,,,,,,,,,,,,
1/21/2020,2020,1,21,2,30,0,0,-21.3,0.87,1.2,83.36,-19.2,1005,,,,,,,,,,,,,,,,,,,,,,,,,,,,,,,,,
1/21/2020,2020,1,21,3,30,0,0,-21.6,0.87,1.3,82.32,-19.4,1004,,,,,,,,,,,,,,,,,,,,,,,,,,,,,,,,,
1/21/2020,2020,1,21,4,30,0,0,-21.9,0.87,1.4,81.58,-19.6,1004,,,,,,,,,,,,,,,,,,,,,,,,,,,,,,,,,
1/21/2020,2020,1,21,5,30,0,0,-22.2,0.87,1.6,80.78,-19.7,1004,,,,,,,,,,,,,,,,,,,,,,,,,,,,,,,,,
1/21/2020,2020,1,21,6,30,0,0,-22.1,0.87,1.9,79.81,-19.5,1003,,,,,,,,,,,,,,,,,,,,,,,,,,,,,,,,,
1/21/2020,2020,1,21,7,30,3,33,-21.7,0.87,2.5,75.94,-18.5,1003,,,,,,,,,,,,,,,,,,,,,,,,,,,,,,,,,
1/21/2020,2020,1,21,8,30,42,552,-19.9,0.87,3.4,74.8,-16.5,1003,,,,,,,,,,,,,,,,,,,,,,,,,,,,,,,,,
1/21/2020,2020,1,21,9,30,62,812,-17.6,0.87,4.2,76.08,-14.3,1002,,,,,,,,,,,,,,,,,,,,,,,,,,,,,,,,,
1/21/2020,2020,1,21,10,30,75,903,-15.5,0.87,4.6,77.03,-12.3,1001,,,,,,,,,,,,,,,,,,,,,,,,,,,,,,,,,
1/21/2020,2020,1,21,11,30,78,609,-13.6,0.87,4.9,77.76,-10.5,1000,,,,,,,,,,,,,,,,,,,,,,,,,,,,,,,,,
1/21/2020,2020,1,21,12,30,67,635,-11.8,0.87,5.3,78.58,-8.8,998,,,,,,,,,,,,,,,,,,,,,,,,,,,,,,,,,
1/21/2020,2020,1,21,13,30,63,758,-10.2,0.87,5.4,79.57,-7.3,997,,,,,,,,,,,,,,,,,,,,,,,,,,,,,,,,,
1/21/2020,2020,1,21,14,30,104,547,-8.9,0.87,5,81.8,-6.3,996,,,,,,,,,,,,,,,,,,,,,,,,,,,,,,,,,
1/21/2020,2020,1,21,15,30,77,393,-8,0.87,4.3,86.67,-6.1,995,,,,,,,,,,,,,,,,,,,,,,,,,,,,,,,,,
1/21/2020,2020,1,21,16,30,40,238,-7.9,0.87,4,91.26,-6.7,994,,,,,,,,,,,,,,,,,,,,,,,,,,,,,,,,,
1/21/2020,2020,1,21,17,30,0,0,-8.5,0.87,4,89.9,-7.1,994,,,,,,,,,,,,,,,,,,,,,,,,,,,,,,,,,
1/21/2020,2020,1,21,18,30,0,0,-8.5,0.87,4.8,89.87,-7.1,992,,,,,,,,,,,,,,,,,,,,,,,,,,,,,,,,,
1/21/2020,2020,1,21,19,30,0,0,-8.4,0.87,5,90.47,-7.1,991,,,,,,,,,,,,,,,,,,,,,,,,,,,,,,,,,
1/21/2020,2020,1,21,20,30,0,0,-8.3,0.87,5,90.15,-7,991,,,,,,,,,,,,,,,,,,,,,,,,,,,,,,,,,
1/21/2020,2020,1,21,21,30,0,0,-8.2,0.87,4.9,89.6,-6.8,990,,,,,,,,,,,,,,,,,,,,,,,,,,,,,,,,,
1/21/2020,2020,1,21,22,30,0,0,-8,0.87,4.7,88.66,-6.4,989,,,,,,,,,,,,,,,,,,,,,,,,,,,,,,,,,
1/21/2020,2020,1,21,23,30,0,0,-7.5,0.87,4.6,88.22,-5.9,989,,,,,,,,,,,,,,,,,,,,,,,,,,,,,,,,,
1/22/2020,2020,1,22,0,30,0,0,-7,0.87,4.6,88.47,-5.4,988,,,,,,,,,,,,,,,,,,,,,,,,,,,,,,,,,
1/22/2020,2020,1,22,1,30,0,0,-6.4,0.87,4.7,88.55,-4.8,988,,,,,,,,,,,,,,,,,,,,,,,,,,,,,,,,,
1/22/2020,2020,1,22,2,30,0,0,-5.8,0.87,4.7,89.16,-4.3,987,,,,,,,,,,,,,,,,,,,,,,,,,,,,,,,,,
1/22/2020,2020,1,22,3,30,0,0,-5.3,0.87,4.6,89.42,-3.8,986,,,,,,,,,,,,,,,,,,,,,,,,,,,,,,,,,
1/22/2020,2020,1,22,4,30,0,0,-4.8,0.87,4.7,89.45,-3.3,986,,,,,,,,,,,,,,,,,,,,,,,,,,,,,,,,,
1/22/2020,2020,1,22,5,30,0,0,-4.4,0.87,4.7,90.14,-3,986,,,,,,,,,,,,,,,,,,,,,,,,,,,,,,,,,
1/22/2020,2020,1,22,6,30,0,0,-4.1,0.87,4.8,90.86,-2.8,986,,,,,,,,,,,,,,,,,,,,,,,,,,,,,,,,,
1/22/2020,2020,1,22,7,30,1,0,-3.8,0.87,4.7,90.6,-2.5,985,,,,,,,,,,,,,,,,,,,,,,,,,,,,,,,,,
1/22/2020,2020,1,22,8,30,40,0,-3.4,0.87,4.8,90.61,-2.1,985,,,,,,,,,,,,,,,,,,,,,,,,,,,,,,,,,
1/22/2020,2020,1,22,9,30,107,265,-2.9,0.87,4.8,91.32,-1.7,985,,,,,,,,,,,,,,,,,,,,,,,,,,,,,,,,,
1/22/2020,2020,1,22,10,30,166,100,-2.4,0.87,5,91.3,-1.2,984,,,,,,,,,,,,,,,,,,,,,,,,,,,,,,,,,
1/22/2020,2020,1,22,11,30,197,239,-2,0.87,5.2,91.83,-0.8,983,,,,,,,,,,,,,,,,,,,,,,,,,,,,,,,,,
1/22/2020,2020,1,22,12,30,208,208,-1.5,0.87,5.1,92.47,-0.4,983,,,,,,,,,,,,,,,,,,,,,,,,,,,,,,,,,
1/22/2020,2020,1,22,13,30,160,347,-1,0.87,4.9,92.94,0,982,,,,,,,,,,,,,,,,,,,,,,,,,,,,,,,,,
1/22/2020,2020,1,22,14,30,117,276,-0.7,0.87,4.8,94.69,0.1,982,,,,,,,,,,,,,,,,,,,,,,,,,,,,,,,,,
1/22/2020,2020,1,22,15,30,90,105,-0.5,0.87,4.7,95.7,0.1,982,,,,,,,,,,,,,,,,,,,,,,,,,,,,,,,,,
1/22/2020,2020,1,22,16,30,27,0,-0.6,0.87,4.6,96.46,-0.1,982,,,,,,,,,,,,,,,,,,,,,,,,,,,,,,,,,
1/22/2020,2020,1,22,17,30,0,0,-0.8,0.87,4.5,95.76,-0.2,982,,,,,,,,,,,,,,,,,,,,,,,,,,,,,,,,,
1/22/2020,2020,1,22,18,30,0,0,-0.9,0.87,4.3,96.14,-0.4,982,,,,,,,,,,,,,,,,,,,,,,,,,,,,,,,,,
1/22/2020,2020,1,22,19,30,0,0,-1.1,0.87,4,96.4,-0.6,982,,,,,,,,,,,,,,,,,,,,,,,,,,,,,,,,,
1/22/2020,2020,1,22,20,30,0,0,-1.3,0.87,3.7,96.64,-0.8,982,,,,,,,,,,,,,,,,,,,,,,,,,,,,,,,,,
1/22/2020,2020,1,22,21,30,0,0,-1.5,0.87,3.3,97.37,-1.1,982,,,,,,,,,,,,,,,,,,,,,,,,,,,,,,,,,
1/22/2020,2020,1,22,22,30,0,0,-1.8,0.87,2.9,97.79,-1.5,982,,,,,,,,,,,,,,,,,,,,,,,,,,,,,,,,,
1/22/2020,2020,1,22,23,30,0,0,-2.4,0.87,2.3,98.74,-2.2,982,,,,,,,,,,,,,,,,,,,,,,,,,,,,,,,,,
1/23/2020,2020,1,23,0,30,0,0,-3.2,0.87,1.9,98.09,-2.9,982,,,,,,,,,,,,,,,,,,,,,,,,,,,,,,,,,
1/23/2020,2020,1,23,1,30,0,0,-3.9,0.87,1.7,97.23,-3.5,982,,,,,,,,,,,,,,,,,,,,,,,,,,,,,,,,,
1/23/2020,2020,1,23,2,30,0,0,-4.4,0.87,1.5,96.23,-3.9,981,,,,,,,,,,,,,,,,,,,,,,,,,,,,,,,,,
1/23/2020,2020,1,23,3,30,0,0,-4.7,0.87,1.3,94.97,-4,981,,,,,,,,,,,,,,,,,,,,,,,,,,,,,,,,,
1/23/2020,2020,1,23,4,30,0,0,-4.7,0.87,1.1,93.59,-3.8,981,,,,,,,,,,,,,,,,,,,,,,,,,,,,,,,,,
1/23/2020,2020,1,23,5,30,0,0,-4.3,0.87,0.9,92.48,-3.3,981,,,,,,,,,,,,,,,,,,,,,,,,,,,,,,,,,
1/23/2020,2020,1,23,6,30,0,0,-3.9,0.87,0.7,93.45,-3,982,,,,,,,,,,,,,,,,,,,,,,,,,,,,,,,,,
1/23/2020,2020,1,23,7,30,1,0,-3.7,0.87,0.7,92.65,-2.7,982,,,,,,,,,,,,,,,,,,,,,,,,,,,,,,,,,
1/23/2020,2020,1,23,8,30,48,146,-3.5,0.87,0.8,88.89,-1.9,982,,,,,,,,,,,,,,,,,,,,,,,,,,,,,,,,,
1/23/2020,2020,1,23,9,30,101,320,-2,0.87,1.1,90.79,-0.7,983,,,,,,,,,,,,,,,,,,,,,,,,,,,,,,,,,
1/23/2020,2020,1,23,10,30,136,353,-1.1,0.87,1.2,92.65,-0.1,983,,,,,,,,,,,,,,,,,,,,,,,,,,,,,,,,,
1/23/2020,2020,1,23,11,30,184,155,-0.8,0.87,1.1,93.17,0.2,982,,,,,,,,,,,,,,,,,,,,,,,,,,,,,,,,,
1/23/2020,2020,1,23,12,30,189,63,-0.5,0.87,1.1,94.31,0.3,982,,,,,,,,,,,,,,,,,,,,,,,,,,,,,,,,,
1/23/2020,2020,1,23,13,30,145,145,-0.3,0.87,1.2,95.13,0.4,982,,,,,,,,,,,,,,,,,,,,,,,,,,,,,,,,,
1/23/2020,2020,1,23,14,30,113,176,-0.3,0.87,1.5,95.39,0.4,982,,,,,,,,,,,,,,,,,,,,,,,,,,,,,,,,,
1/23/2020,2020,1,23,15,30,102,60,-0.2,0.87,1.7,96.8,0.2,982,,,,,,,,,,,,,,,,,,,,,,,,,,,,,,,,,
1/23/2020,2020,1,23,16,30,40,12,-0.6,0.87,2,98.59,-0.4,983,,,,,,,,,,,,,,,,,,,,,,,,,,,,,,,,,
1/23/2020,2020,1,23,17,30,0,0,-1.2,0.87,2.2,96.88,-0.8,983,,,,,,,,,,,,,,,,,,,,,,,,,,,,,,,,,
1/23/2020,2020,1,23,18,30,0,0,-1.7,0.87,2.5,96.66,-1.2,983,,,,,,,,,,,,,,,,,,,,,,,,,,,,,,,,,
1/23/2020,2020,1,23,19,30,0,0,-1.8,0.87,2.8,96.2,-1.3,983,,,,,,,,,,,,,,,,,,,,,,,,,,,,,,,,,
1/23/2020,2020,1,23,20,30,0,0,-1.9,0.87,2.9,97.73,-1.6,983,,,,,,,,,,,,,,,,,,,,,,,,,,,,,,,,,
1/23/2020,2020,1,23,21,30,0,0,-2.3,0.87,2.7,98.24,-2.1,983,,,,,,,,,,,,,,,,,,,,,,,,,,,,,,,,,
1/23/2020,2020,1,23,22,30,0,0,-3,0.87,2.8,97.29,-2.6,983,,,,,,,,,,,,,,,,,,,,,,,,,,,,,,,,,
1/23/2020,2020,1,23,23,30,0,0,-3.4,0.87,3.3,95.37,-2.8,983,,,,,,,,,,,,,,,,,,,,,,,,,,,,,,,,,
1/24/2020,2020,1,24,0,30,0,0,-3.7,0.87,3.9,95.14,-3,983,,,,,,,,,,,,,,,,,,,,,,,,,,,,,,,,,
1/24/2020,2020,1,24,1,30,0,0,-3.9,0.87,4.3,94.9,-3.2,982,,,,,,,,,,,,,,,,,,,,,,,,,,,,,,,,,
1/24/2020,2020,1,24,2,30,0,0,-4.1,0.87,4.4,93.9,-3.3,982,,,,,,,,,,,,,,,,,,,,,,,,,,,,,,,,,
1/24/2020,2020,1,24,3,30,0,0,-4.4,0.87,4.5,93.04,-3.4,982,,,,,,,,,,,,,,,,,,,,,,,,,,,,,,,,,
1/24/2020,2020,1,24,4,30,0,0,-4.5,0.87,4.5,92.7,-3.5,982,,,,,,,,,,,,,,,,,,,,,,,,,,,,,,,,,
1/24/2020,2020,1,24,5,30,0,0,-4.6,0.87,4.5,92.06,-3.5,983,,,,,,,,,,,,,,,,,,,,,,,,,,,,,,,,,
1/24/2020,2020,1,24,6,30,0,0,-4.7,0.87,4.5,91.44,-3.5,983,,,,,,,,,,,,,,,,,,,,,,,,,,,,,,,,,
1/24/2020,2020,1,24,7,30,1,0,-4.8,0.87,4.5,90.9,-3.5,983,,,,,,,,,,,,,,,,,,,,,,,,,,,,,,,,,
1/24/2020,2020,1,24,8,30,36,0,-4.7,0.87,4.6,90.18,-3.3,983,,,,,,,,,,,,,,,,,,,,,,,,,,,,,,,,,
1/24/2020,2020,1,24,9,30,104,238,-4.3,0.87,4.6,89.46,-2.8,983,,,,,,,,,,,,,,,,,,,,,,,,,,,,,,,,,
1/24/2020,2020,1,24,10,30,137,81,-3.5,0.87,4.6,89.21,-2,983,,,,,,,,,,,,,,,,,,,,,,,,,,,,,,,,,
1/24/2020,2020,1,24,11,30,189,161,-2.6,0.87,4.8,89.66,-1.1,983,,,,,,,,,,,,,,,,,,,,,,,,,,,,,,,,,
1/24/2020,2020,1,24,12,30,206,266,-1.9,0.87,5,90.19,-0.5,982,,,,,,,,,,,,,,,,,,,,,,,,,,,,,,,,,
1/24/2020,2020,1,24,13,30,161,438,-1.6,0.87,5,90.88,-0.3,982,,,,,,,,,,,,,,,,,,,,,,,,,,,,,,,,,
1/24/2020,2020,1,24,14,30,131,439,-1.4,0.87,4.8,91.91,-0.2,983,,,,,,,,,,,,,,,,,,,,,,,,,,,,,,,,,
1/24/2020,2020,1,24,15,30,102,181,-1.3,0.87,4.5,93.54,-0.4,983,,,,,,,,,,,,,,,,,,,,,,,,,,,,,,,,,
1/24/2020,2020,1,24,16,30,38,9,-1.6,0.87,4.3,94.44,-0.8,983,,,,,,,,,,,,,,,,,,,,,,,,,,,,,,,,,
1/24/2020,2020,1,24,17,30,0,0,-2,0.87,4.2,92.79,-1,983,,,,,,,,,,,,,,,,,,,,,,,,,,,,,,,,,
1/24/2020,2020,1,24,18,30,0,0,-2.4,0.87,4,95.73,-1.8,984,,,,,,,,,,,,,,,,,,,,,,,,,,,,,,,,,
1/24/2020,2020,1,24,19,30,0,0,-3,0.87,3.8,96,-2.4,984,,,,,,,,,,,,,,,,,,,,,,,,,,,,,,,,,
1/24/2020,2020,1,24,20,30,0,0,-3.7,0.87,3.7,95.84,-3.1,984,,,,,,,,,,,,,,,,,,,,,,,,,,,,,,,,,
1/24/2020,2020,1,24,21,30,0,0,-4.5,0.87,3.8,95.2,-3.8,984,,,,,,,,,,,,,,,,,,,,,,,,,,,,,,,,,
1/24/2020,2020,1,24,22,30,0,0,-5,0.87,3.8,93.5,-4.1,984,,,,,,,,,,,,,,,,,,,,,,,,,,,,,,,,,
1/24/2020,2020,1,24,23,30,0,0,-5.3,0.87,3.7,93.42,-4.4,984,,,,,,,,,,,,,,,,,,,,,,,,,,,,,,,,,
1/25/2020,2020,1,25,0,30,0,0,-5.6,0.87,3.7,94.21,-4.8,984,,,,,,,,,,,,,,,,,,,,,,,,,,,,,,,,,
1/25/2020,2020,1,25,1,30,0,0,-6.1,0.87,3.7,94.32,-5.3,984,,,,,,,,,,,,,,,,,,,,,,,,,,,,,,,,,
1/25/2020,2020,1,25,2,30,0,0,-6.7,0.87,3.8,94.04,-5.9,984,,,,,,,,,,,,,,,,,,,,,,,,,,,,,,,,,
1/25/2020,2020,1,25,3,30,0,0,-7.3,0.87,3.9,91.75,-6.2,984,,,,,,,,,,,,,,,,,,,,,,,,,,,,,,,,,
1/25/2020,2020,1,25,4,30,0,0,-7.6,0.87,3.9,90.22,-6.3,984,,,,,,,,,,,,,,,,,,,,,,,,,,,,,,,,,
1/25/2020,2020,1,25,5,30,0,0,-7.8,0.87,3.9,89.68,-6.4,985,,,,,,,,,,,,,,,,,,,,,,,,,,,,,,,,,
1/25/2020,2020,1,25,6,30,0,0,-8,0.87,3.8,88.67,-6.4,985,,,,,,,,,,,,,,,,,,,,,,,,,,,,,,,,,
1/25/2020,2020,1,25,7,30,1,5,-8.1,0.87,3.9,86.44,-6.2,986,,,,,,,,,,,,,,,,,,,,,,,,,,,,,,,,,
1/25/2020,2020,1,25,8,30,49,51,-7.7,0.87,4.2,84.47,-5.5,986,,,,,,,,,,,,,,,,,,,,,,,,,,,,,,,,,
1/25/2020,2020,1,25,9,30,113,45,-6.7,0.87,4.2,83.51,-4.3,986,,,,,,,,,,,,,,,,,,,,,,,,,,,,,,,,,
1/25/2020,2020,1,25,10,30,173,132,-5,0.87,4.2,83.11,-2.5,986,,,,,,,,,,,,,,,,,,,,,,,,,,,,,,,,,
1/25/2020,2020,1,25,11,30,204,218,-3.3,0.87,4.4,84.17,-1,985,,,,,,,,,,,,,,,,,,,,,,,,,,,,,,,,,
1/25/2020,2020,1,25,12,30,139,592,-2.9,0.87,4.5,82.55,-0.3,985,,,,,,,,,,,,,,,,,,,,,,,,,,,,,,,,,
1/25/2020,2020,1,25,13,30,193,286,-2.8,0.87,4.1,82.08,-0.1,984,,,,,,,,,,,,,,,,,,,,,,,,,,,,,,,,,
1/25/2020,2020,1,25,14,30,167,159,-2.7,0.87,3.4,83.88,-0.3,985,,,,,,,,,,,,,,,,,,,,,,,,,,,,,,,,,
1/25/2020,2020,1,25,15,30,95,330,-2.7,0.87,2.2,92.48,-1.6,985,,,,,,,,,,,,,,,,,,,,,,,,,,,,,,,,,
1/25/2020,2020,1,25,16,30,35,580,-4.4,0.87,1.5,100,-4.4,985,,,,,,,,,,,,,,,,,,,,,,,,,,,,,,,,,
1/25/2020,2020,1,25,17,30,0,0,-7.4,0.87,1.5,89.75,-6,985,,,,,,,,,,,,,,,,,,,,,,,,,,,,,,,,,
1/25/2020,2020,1,25,18,30,0,0,-8.9,0.87,1.6,97.37,-8.6,985,,,,,,,,,,,,,,,,,,,,,,,,,,,,,,,,,
1/25/2020,2020,1,25,19,30,0,0,-9.7,0.87,1.7,100,-9.7,985,,,,,,,,,,,,,,,,,,,,,,,,,,,,,,,,,
1/25/2020,2020,1,25,20,30,0,0,-10.6,0.87,1.6,100,-10.6,985,,,,,,,,,,,,,,,,,,,,,,,,,,,,,,,,,
1/25/2020,2020,1,25,21,30,0,0,-11.4,0.87,1.6,95.42,-10.8,985,,,,,,,,,,,,,,,,,,,,,,,,,,,,,,,,,
1/25/2020,2020,1,25,22,30,0,0,-11.6,0.87,1.6,90.36,-10.3,986,,,,,,,,,,,,,,,,,,,,,,,,,,,,,,,,,
1/25/2020,2020,1,25,23,30,0,0,-11.2,0.87,1.6,90.25,-9.9,986,,,,,,,,,,,,,,,,,,,,,,,,,,,,,,,,,
1/26/2020,2020,1,26,0,30,0,0,-10.9,0.87,1.5,89.88,-9.6,985,,,,,,,,,,,,,,,,,,,,,,,,,,,,,,,,,
1/26/2020,2020,1,26,1,30,0,0,-10.7,0.87,1.2,89.57,-9.3,985,,,,,,,,,,,,,,,,,,,,,,,,,,,,,,,,,
1/26/2020,2020,1,26,2,30,0,0,-10.3,0.87,1.1,89.74,-8.9,984,,,,,,,,,,,,,,,,,,,,,,,,,,,,,,,,,
1/26/2020,2020,1,26,3,30,0,0,-10,0.87,1.1,91.31,-8.8,984,,,,,,,,,,,,,,,,,,,,,,,,,,,,,,,,,
1/26/2020,2020,1,26,4,30,0,0,-10,0.87,1.2,90.53,-8.7,984,,,,,,,,,,,,,,,,,,,,,,,,,,,,,,,,,
1/26/2020,2020,1,26,5,30,0,0,-9.9,0.87,1.2,90.21,-8.6,984,,,,,,,,,,,,,,,,,,,,,,,,,,,,,,,,,
1/26/2020,2020,1,26,6,30,0,0,-9.8,0.87,1.2,89.68,-8.4,984,,,,,,,,,,,,,,,,,,,,,,,,,,,,,,,,,
1/26/2020,2020,1,26,7,30,3,21,-9.7,0.87,1.3,85.02,-7.6,984,,,,,,,,,,,,,,,,,,,,,,,,,,,,,,,,,
1/26/2020,2020,1,26,8,30,48,454,-8.2,0.87,2,82.95,-5.8,984,,,,,,,,,,,,,,,,,,,,,,,,,,,,,,,,,
1/26/2020,2020,1,26,9,30,119,86,-6.1,0.87,2.4,85.13,-4,984,,,,,,,,,,,,,,,,,,,,,,,,,,,,,,,,,
1/26/2020,2020,1,26,10,30,171,189,-4.4,0.87,2.3,86.79,-2.5,984,,,,,,,,,,,,,,,,,,,,,,,,,,,,,,,,,
1/26/2020,2020,1,26,11,30,206,212,-2.7,0.87,2.2,89.32,-1.2,983,,,,,,,,,,,,,,,,,,,,,,,,,,,,,,,,,
1/26/2020,2020,1,26,12,30,211,67,-1.9,0.87,2.1,90.59,-0.6,982,,,,,,,,,,,,,,,,,,,,,,,,,,,,,,,,,
1/26/2020,2020,1,26,13,30,206,98,-1.5,0.87,2,90.9,-0.2,982,,,,,,,,,,,,,,,,,,,,,,,,,,,,,,,,,
1/26/2020,2020,1,26,14,30,168,100,-1.2,0.87,2,91.88,0,982,,,,,,,,,,,,,,,,,,,,,,,,,,,,,,,,,
1/26/2020,2020,1,26,15,30,114,114,-0.9,0.87,1.8,95.18,-0.2,982,,,,,,,,,,,,,,,,,,,,,,,,,,,,,,,,,
1/26/2020,2020,1,26,16,30,42,501,-1,0.87,1.6,99.98,-1,982,,,,,,,,,,,,,,,,,,,,,,,,,,,,,,,,,
1/26/2020,2020,1,26,17,30,0,0,-2.1,0.87,1.6,96.84,-1.7,982,,,,,,,,,,,,,,,,,,,,,,,,,,,,,,,,,
1/26/2020,2020,1,26,18,30,0,0,-3.1,0.87,1.4,97.15,-2.7,982,,,,,,,,,,,,,,,,,,,,,,,,,,,,,,,,,
1/26/2020,2020,1,26,19,30,0,0,-3.4,0.87,1.3,96.51,-2.9,982,,,,,,,,,,,,,,,,,,,,,,,,,,,,,,,,,
1/26/2020,2020,1,26,20,30,0,0,-3.5,0.87,1.2,96.89,-3.1,982,,,,,,,,,,,,,,,,,,,,,,,,,,,,,,,,,
1/26/2020,2020,1,26,21,30,0,0,-3.8,0.87,1.2,97.22,-3.4,982,,,,,,,,,,,,,,,,,,,,,,,,,,,,,,,,,
1/26/2020,2020,1,26,22,30,0,0,-4.1,0.87,1.3,97.09,-3.7,982,,,,,,,,,,,,,,,,,,,,,,,,,,,,,,,,,
1/26/2020,2020,1,26,23,30,0,0,-4.4,0.87,1.3,95.92,-3.8,982,,,,,,,,,,,,,,,,,,,,,,,,,,,,,,,,,
1/27/2020,2020,1,27,0,30,0,0,-4.5,0.87,1.4,95.82,-3.9,982,,,,,,,,,,,,,,,,,,,,,,,,,,,,,,,,,
1/27/2020,2020,1,27,1,30,0,0,-4.6,0.87,1.5,96.73,-4.2,983,,,,,,,,,,,,,,,,,,,,,,,,,,,,,,,,,
1/27/2020,2020,1,27,2,30,0,0,-5,0.87,1.6,96.77,-4.6,983,,,,,,,,,,,,,,,,,,,,,,,,,,,,,,,,,
1/27/2020,2020,1,27,3,30,0,0,-5.5,0.87,1.9,95.63,-4.9,983,,,,,,,,,,,,,,,,,,,,,,,,,,,,,,,,,
1/27/2020,2020,1,27,4,30,0,0,-5.8,0.87,2.1,94.1,-5,983,,,,,,,,,,,,,,,,,,,,,,,,,,,,,,,,,
1/27/2020,2020,1,27,5,30,0,0,-6,0.87,2.3,93.66,-5.1,984,,,,,,,,,,,,,,,,,,,,,,,,,,,,,,,,,
1/27/2020,2020,1,27,6,30,0,0,-6.1,0.87,2.1,93.08,-5.2,985,,,,,,,,,,,,,,,,,,,,,,,,,,,,,,,,,
1/27/2020,2020,1,27,7,30,2,0,-6.4,0.87,2,87.9,-4.7,985,,,,,,,,,,,,,,,,,,,,,,,,,,,,,,,,,
1/27/2020,2020,1,27,8,30,53,12,-5.2,0.87,2.4,84.79,-3,986,,,,,,,,,,,,,,,,,,,,,,,,,,,,,,,,,
1/27/2020,2020,1,27,9,30,104,23,-3.3,0.87,2.7,86.55,-1.3,986,,,,,,,,,,,,,,,,,,,,,,,,,,,,,,,,,
1/27/2020,2020,1,27,10,30,155,172,-2,0.87,2.5,88.78,-0.4,987,,,,,,,,,,,,,,,,,,,,,,,,,,,,,,,,,
1/27/2020,2020,1,27,11,30,128,134,-1.6,0.87,2.2,88.76,0,987,,,,,,,,,,,,,,,,,,,,,,,,,,,,,,,,,
1/27/2020,2020,1,27,12,30,217,153,-1.6,0.87,2,88.66,0.1,986,,,,,,,,,,,,,,,,,,,,,,,,,,,,,,,,,
1/27/2020,2020,1,27,13,30,208,113,-1.5,0.87,2,88.18,0.2,986,,,,,,,,,,,,,,,,,,,,,,,,,,,,,,,,,
1/27/2020,2020,1,27,14,30,168,210,-1.6,0.87,2.1,87.9,0.2,986,,,,,,,,,,,,,,,,,,,,,,,,,,,,,,,,,
1/27/2020,2020,1,27,15,30,107,243,-1.6,0.87,1.9,90.14,-0.2,986,,,,,,,,,,,,,,,,,,,,,,,,,,,,,,,,,
1/27/2020,2020,1,27,16,30,43,1,-1.8,0.87,1.5,96.27,-1.3,987,,,,,,,,,,,,,,,,,,,,,,,,,,,,,,,,,
1/27/2020,2020,1,27,17,30,0,0,-3.3,0.87,1.4,91.48,-2.1,987,,,,,,,,,,,,,,,,,,,,,,,,,,,,,,,,,
1/27/2020,2020,1,27,18,30,0,0,-4.8,0.87,1.3,94.77,-4.1,988,,,,,,,,,,,,,,,,,,,,,,,,,,,,,,,,,
1/27/2020,2020,1,27,19,30,0,0,-5.7,0.87,1.3,93.24,-4.8,988,,,,,,,,,,,,,,,,,,,,,,,,,,,,,,,,,
1/27/2020,2020,1,27,20,30,0,0,-6.3,0.87,1.4,93.52,-5.4,989,,,,,,,,,,,,,,,,,,,,,,,,,,,,,,,,,
1/27/2020,2020,1,27,21,30,0,0,-6.7,0.87,1.4,93.85,-5.9,989,,,,,,,,,,,,,,,,,,,,,,,,,,,,,,,,,
1/27/2020,2020,1,27,22,30,0,0,-7.2,0.87,1.5,94.33,-6.4,989,,,,,,,,,,,,,,,,,,,,,,,,,,,,,,,,,
1/27/2020,2020,1,27,23,30,0,0,-7.6,0.87,1.6,94.39,-6.9,989,,,,,,,,,,,,,,,,,,,,,,,,,,,,,,,,,
1/28/2020,2020,1,28,0,30,0,0,-8.2,0.87,1.6,94.52,-7.5,989,,,,,,,,,,,,,,,,,,,,,,,,,,,,,,,,,
1/28/2020,2020,1,28,1,30,0,0,-8.7,0.87,1.6,93.55,-7.8,990,,,,,,,,,,,,,,,,,,,,,,,,,,,,,,,,,
1/28/2020,2020,1,28,2,30,0,0,-8.9,0.87,1.6,93.13,-8,990,,,,,,,,,,,,,,,,,,,,,,,,,,,,,,,,,
1/28/2020,2020,1,28,3,30,0,0,-9.1,0.87,1.6,92.36,-8.1,989,,,,,,,,,,,,,,,,,,,,,,,,,,,,,,,,,
1/28/2020,2020,1,28,4,30,0,0,-9.3,0.87,1.6,92.24,-8.3,989,,,,,,,,,,,,,,,,,,,,,,,,,,,,,,,,,
1/28/2020,2020,1,28,5,30,0,0,-9.7,0.87,1.6,91.36,-8.5,989,,,,,,,,,,,,,,,,,,,,,,,,,,,,,,,,,
1/28/2020,2020,1,28,6,30,0,0,-10,0.87,1.5,90.42,-8.7,990,,,,,,,,,,,,,,,,,,,,,,,,,,,,,,,,,
1/28/2020,2020,1,28,7,30,3,16,-10.2,0.87,1.5,84.52,-8.1,990,,,,,,,,,,,,,,,,,,,,,,,,,,,,,,,,,
1/28/2020,2020,1,28,8,30,46,0,-9.2,0.87,2,79.65,-6.3,990,,,,,,,,,,,,,,,,,,,,,,,,,,,,,,,,,
1/28/2020,2020,1,28,9,30,107,47,-7.6,0.87,2.5,81.24,-4.9,990,,,,,,,,,,,,,,,,,,,,,,,,,,,,,,,,,
1/28/2020,2020,1,28,10,30,159,77,-7.2,0.87,2.2,80.36,-4.3,990,,,,,,,,,,,,,,,,,,,,,,,,,,,,,,,,,
1/28/2020,2020,1,28,11,30,152,15,-6.6,0.87,1.7,81.26,-3.9,989,,,,,,,,,,,,,,,,,,,,,,,,,,,,,,,,,
1/28/2020,2020,1,28,12,30,189,94,-6.2,0.87,1.2,82.28,-3.6,989,,,,,,,,,,,,,,,,,,,,,,,,,,,,,,,,,
1/28/2020,2020,1,28,13,30,188,35,-5.9,0.87,1,82.7,-3.4,988,,,,,,,,,,,,,,,,,,,,,,,,,,,,,,,,,
1/28/2020,2020,1,28,14,30,155,44,-5.9,0.87,1.1,82.83,-3.4,988,,,,,,,,,,,,,,,,,,,,,,,,,,,,,,,,,
1/28/2020,2020,1,28,15,30,58,17,-6.1,0.87,1,84.05,-3.8,988,,,,,,,,,,,,,,,,,,,,,,,,,,,,,,,,,
1/28/2020,2020,1,28,16,30,52,167,-6.2,0.87,0.9,88.66,-4.6,988,,,,,,,,,,,,,,,,,,,,,,,,,,,,,,,,,
1/28/2020,2020,1,28,17,30,1,0,-7.3,0.87,0.9,84.64,-5.1,988,,,,,,,,,,,,,,,,,,,,,,,,,,,,,,,,,
1/28/2020,2020,1,28,18,30,0,0,-7.9,0.87,1,85.55,-5.9,989,,,,,,,,,,,,,,,,,,,,,,,,,,,,,,,,,
1/28/2020,2020,1,28,19,30,0,0,-8.1,0.87,1,85.24,-6,989,,,,,,,,,,,,,,,,,,,,,,,,,,,,,,,,,
1/28/2020,2020,1,28,20,30,0,0,-7.9,0.87,0.9,86.56,-6,989,,,,,,,,,,,,,,,,,,,,,,,,,,,,,,,,,
1/28/2020,2020,1,28,21,30,0,0,-7.7,0.87,0.8,87.79,-6,989,,,,,,,,,,,,,,,,,,,,,,,,,,,,,,,,,
1/28/2020,2020,1,28,22,30,0,0,-7.7,0.87,0.8,88.31,-6.1,989,,,,,,,,,,,,,,,,,,,,,,,,,,,,,,,,,
1/28/2020,2020,1,28,23,30,0,0,-7.7,0.87,0.8,88.79,-6.2,990,,,,,,,,,,,,,,,,,,,,,,,,,,,,,,,,,
1/29/2020,2020,1,29,0,30,0,0,-7.7,0.87,0.7,89.52,-6.3,990,,,,,,,,,,,,,,,,,,,,,,,,,,,,,,,,,
1/29/2020,2020,1,29,1,30,0,0,-7.8,0.87,0.6,89.64,-6.4,989,,,,,,,,,,,,,,,,,,,,,,,,,,,,,,,,,
1/29/2020,2020,1,29,2,30,0,0,-7.9,0.87,0.5,89.71,-6.5,989,,,,,,,,,,,,,,,,,,,,,,,,,,,,,,,,,
1/29/2020,2020,1,29,3,30,0,0,-8,0.87,0.4,88.94,-6.5,989,,,,,,,,,,,,,,,,,,,,,,,,,,,,,,,,,
1/29/2020,2020,1,29,4,30,0,0,-8.1,0.87,0.3,88.35,-6.5,990,,,,,,,,,,,,,,,,,,,,,,,,,,,,,,,,,
1/29/2020,2020,1,29,5,30,0,0,-8.2,0.87,0.4,88.44,-6.6,990,,,,,,,,,,,,,,,,,,,,,,,,,,,,,,,,,
1/29/2020,2020,1,29,6,30,0,0,-8.3,0.87,0.6,89.06,-6.8,991,,,,,,,,,,,,,,,,,,,,,,,,,,,,,,,,,
1/29/2020,2020,1,29,7,30,3,0,-8.6,0.87,0.9,87.18,-6.8,991,,,,,,,,,,,,,,,,,,,,,,,,,,,,,,,,,
1/29/2020,2020,1,29,8,30,53,7,-8.3,0.87,1.3,84.64,-6.1,992,,,,,,,,,,,,,,,,,,,,,,,,,,,,,,,,,
1/29/2020,2020,1,29,9,30,84,516,-7.3,0.87,1.6,84.22,-5,992,,,,,,,,,,,,,,,,,,,,,,,,,,,,,,,,,
1/29/2020,2020,1,29,10,30,139,430,-6.7,0.87,1.2,82.26,-4.1,992,,,,,,,,,,,,,,,,,,,,,,,,,,,,,,,,,
1/29/2020,2020,1,29,11,30,135,591,-6.2,0.87,0.7,81.57,-3.5,991,,,,,,,,,,,,,,,,,,,,,,,,,,,,,,,,,
1/29/2020,2020,1,29,12,30,189,422,-5.8,0.87,0.4,80.94,-3,991,,,,,,,,,,,,,,,,,,,,,,,,,,,,,,,,,
1/29/2020,2020,1,29,13,30,202,142,-5.5,0.87,0.6,80.34,-2.6,991,,,,,,,,,,,,,,,,,,,,,,,,,,,,,,,,,
1/29/2020,2020,1,29,14,30,169,229,-5.4,0.87,1,80.74,-2.5,991,,,,,,,,,,,,,,,,,,,,,,,,,,,,,,,,,
1/29/2020,2020,1,29,15,30,101,324,-5.4,0.87,0.9,82.26,-2.8,991,,,,,,,,,,,,,,,,,,,,,,,,,,,,,,,,,
1/29/2020,2020,1,29,16,30,44,528,-5.3,0.87,0.7,88.96,-3.7,991,,,,,,,,,,,,,,,,,,,,,,,,,,,,,,,,,
1/29/2020,2020,1,29,17,30,1,0,-6.5,0.87,0.7,84.68,-4.3,991,,,,,,,,,,,,,,,,,,,,,,,,,,,,,,,,,
1/29/2020,2020,1,29,18,30,0,0,-7.3,0.87,0.9,87.9,-5.6,991,,,,,,,,,,,,,,,,,,,,,,,,,,,,,,,,,
1/29/2020,2020,1,29,19,30,0,0,-7.8,0.87,1.1,89.01,-6.3,991,,,,,,,,,,,,,,,,,,,,,,,,,,,,,,,,,
1/29/2020,2020,1,29,20,30,0,0,-8.3,0.87,1.2,89.93,-6.9,991,,,,,,,,,,,,,,,,,,,,,,,,,,,,,,,,,
1/29/2020,2020,1,29,21,30,0,0,-8.6,0.87,1.3,90.71,-7.3,991,,,,,,,,,,,,,,,,,,,,,,,,,,,,,,,,,
1/29/2020,2020,1,29,22,30,0,0,-8.7,0.87,1.3,90.6,-7.4,991,,,,,,,,,,,,,,,,,,,,,,,,,,,,,,,,,
1/29/2020,2020,1,29,23,30,0,0,-8.7,0.87,1.2,90.57,-7.4,991,,,,,,,,,,,,,,,,,,,,,,,,,,,,,,,,,
1/30/2020,2020,1,30,0,30,0,0,-8.6,0.87,1.2,90.25,-7.3,991,,,,,,,,,,,,,,,,,,,,,,,,,,,,,,,,,
1/30/2020,2020,1,30,1,30,0,0,-8.6,0.87,1.2,90.53,-7.3,991,,,,,,,,,,,,,,,,,,,,,,,,,,,,,,,,,
1/30/2020,2020,1,30,2,30,0,0,-8.6,0.87,1.2,90.59,-7.3,991,,,,,,,,,,,,,,,,,,,,,,,,,,,,,,,,,
1/30/2020,2020,1,30,3,30,0,0,-8.5,0.87,1.1,90.19,-7.2,991,,,,,,,,,,,,,,,,,,,,,,,,,,,,,,,,,
1/30/2020,2020,1,30,4,30,0,0,-8.5,0.87,1.2,91.13,-7.3,991,,,,,,,,,,,,,,,,,,,,,,,,,,,,,,,,,
1/30/2020,2020,1,30,5,30,0,0,-8.6,0.87,1.3,92.24,-7.6,990,,,,,,,,,,,,,,,,,,,,,,,,,,,,,,,,,
1/30/2020,2020,1,30,6,30,0,0,-9,0.87,1.4,92.04,-7.9,990,,,,,,,,,,,,,,,,,,,,,,,,,,,,,,,,,
1/30/2020,2020,1,30,7,30,4,15,-9.3,0.87,1.8,87.5,-7.6,990,,,,,,,,,,,,,,,,,,,,,,,,,,,,,,,,,
1/30/2020,2020,1,30,8,30,53,57,-8.3,0.87,2.5,84.17,-6.1,990,,,,,,,,,,,,,,,,,,,,,,,,,,,,,,,,,
1/30/2020,2020,1,30,9,30,98,221,-6.6,0.87,3.1,84.25,-4.3,990,,,,,,,,,,,,,,,,,,,,,,,,,,,,,,,,,
1/30/2020,2020,1,30,10,30,170,139,-5.4,0.87,3.2,84.42,-3.1,990,,,,,,,,,,,,,,,,,,,,,,,,,,,,,,,,,
1/30/2020,2020,1,30,11,30,99,47,-4.5,0.87,3.2,84.98,-2.3,989,,,,,,,,,,,,,,,,,,,,,,,,,,,,,,,,,
1/30/2020,2020,1,30,12,30,224,232,-3.7,0.87,3.2,85.45,-1.6,989,,,,,,,,,,,,,,,,,,,,,,,,,,,,,,,,,
1/30/2020,2020,1,30,13,30,200,204,-3.1,0.87,3.1,86.91,-1.2,988,,,,,,,,,,,,,,,,,,,,,,,,,,,,,,,,,
1/30/2020,2020,1,30,14,30,102,10,-2.7,0.87,2.9,88.75,-1.1,988,,,,,,,,,,,,,,,,,,,,,,,,,,,,,,,,,
1/30/2020,2020,1,30,15,30,73,3,-2.5,0.87,2.5,91.27,-1.3,988,,,,,,,,,,,,,,,,,,,,,,,,,,,,,,,,,
1/30/2020,2020,1,30,16,30,52,27,-2.6,0.87,1.8,96,-2,988,,,,,,,,,,,,,,,,,,,,,,,,,,,,,,,,,
1/30/2020,2020,1,30,17,30,1,0,-3.5,0.87,1.6,93.83,-2.6,988,,,,,,,,,,,,,,,,,,,,,,,,,,,,,,,,,
1/30/2020,2020,1,30,18,30,0,0,-4.3,0.87,1.7,95.21,-3.6,988,,,,,,,,,,,,,,,,,,,,,,,,,,,,,,,,,
1/30/2020,2020,1,30,19,30,0,0,-4.8,0.87,1.7,96.33,-4.3,988,,,,,,,,,,,,,,,,,,,,,,,,,,,,,,,,,
1/30/2020,2020,1,30,20,30,0,0,-5.4,0.87,1.7,96.69,-5,988,,,,,,,,,,,,,,,,,,,,,,,,,,,,,,,,,
1/30/2020,2020,1,30,21,30,0,0,-6.2,0.87,1.7,96.53,-5.7,988,,,,,,,,,,,,,,,,,,,,,,,,,,,,,,,,,
1/30/2020,2020,1,30,22,30,0,0,-6.7,0.87,1.8,96.26,-6.2,988,,,,,,,,,,,,,,,,,,,,,,,,,,,,,,,,,
1/30/2020,2020,1,30,23,30,0,0,-7.1,0.87,2,94.36,-6.3,988,,,,,,,,,,,,,,,,,,,,,,,,,,,,,,,,,
1/31/2020,2020,1,31,0,30,0,0,-7,0.87,2.2,92.79,-6,988,,,,,,,,,,,,,,,,,,,,,,,,,,,,,,,,,
1/31/2020,2020,1,31,1,30,0,0,-6.5,0.87,2.4,91.59,-5.3,987,,,,,,,,,,,,,,,,,,,,,,,,,,,,,,,,,
1/31/2020,2020,1,31,2,30,0,0,-5.9,0.87,2.5,92.88,-4.9,987,,,,,,,,,,,,,,,,,,,,,,,,,,,,,,,,,
1/31/2020,2020,1,31,3,30,0,0,-5.7,0.87,2.6,93.73,-4.8,986,,,,,,,,,,,,,,,,,,,,,,,,,,,,,,,,,
1/31/2020,2020,1,31,4,30,0,0,-5.7,0.87,2.6,93.15,-4.8,986,,,,,,,,,,,,,,,,,,,,,,,,,,,,,,,,,
1/31/2020,2020,1,31,5,30,0,0,-5.7,0.87,2.6,92.64,-4.7,986,,,,,,,,,,,,,,,,,,,,,,,,,,,,,,,,,
1/31/2020,2020,1,31,6,30,0,0,-5.6,0.87,2.6,91.32,-4.4,986,,,,,,,,,,,,,,,,,,,,,,,,,,,,,,,,,
1/31/2020,2020,1,31,7,30,3,0,-5.3,0.87,2.9,88.6,-3.7,986,,,,,,,,,,,,,,,,,,,,,,,,,,,,,,,,,
1/31/2020,2020,1,31,8,30,46,1,-4.3,0.87,3.2,88.39,-2.6,986,,,,,,,,,,,,,,,,,,,,,,,,,,,,,,,,,
1/31/2020,2020,1,31,9,30,122,214,-3.2,0.87,3.1,88.63,-1.6,986,,,,,,,,,,,,,,,,,,,,,,,,,,,,,,,,,
1/31/2020,2020,1,31,10,30,131,169,-2.1,0.87,3,88.9,-0.5,986,,,,,,,,,,,,,,,,,,,,,,,,,,,,,,,,,
1/31/2020,2020,1,31,11,30,197,215,-1.1,0.87,2.8,90.85,0.2,985,,,,,,,,,,,,,,,,,,,,,,,,,,,,,,,,,
1/31/2020,2020,1,31,12,30,189,40,-0.6,0.87,2.6,91.83,0.6,985,,,,,,,,,,,,,,,,,,,,,,,,,,,,,,,,,
1/31/2020,2020,1,31,13,30,176,39,-0.3,0.87,2.4,92.87,0.7,984,,,,,,,,,,,,,,,,,,,,,,,,,,,,,,,,,
1/31/2020,2020,1,31,14,30,114,2,-0.2,0.87,2,93.82,0.7,984,,,,,,,,,,,,,,,,,,,,,,,,,,,,,,,,,
1/31/2020,2020,1,31,15,30,41,0,-0.1,0.87,1.3,96.42,0.4,985,,,,,,,,,,,,,,,,,,,,,,,,,,,,,,,,,
1/31/2020,2020,1,31,16,30,34,0,-0.5,0.87,0.9,100,-0.5,985,,,,,,,,,,,,,,,,,,,,,,,,,,,,,,,,,
1/31/2020,2020,1,31,17,30,1,0,-1.6,0.87,0.9,97.24,-1.2,985,,,,,,,,,,,,,,,,,,,,,,,,,,,,,,,,,
1/31/2020,2020,1,31,18,30,0,0,-2.3,0.87,1.1,99.67,-2.3,985,,,,,,,,,,,,,,,,,,,,,,,,,,,,,,,,,
1/31/2020,2020,1,31,19,30,0,0,-2.9,0.87,1.2,99.85,-2.9,985,,,,,,,,,,,,,,,,,,,,,,,,,,,,,,,,,
1/31/2020,2020,1,31,20,30,0,0,-3.5,0.87,1.3,99.54,-3.4,985,,,,,,,,,,,,,,,,,,,,,,,,,,,,,,,,,
1/31/2020,2020,1,31,21,30,0,0,-3.9,0.87,1.3,99.05,-3.8,986,,,,,,,,,,,,,,,,,,,,,,,,,,,,,,,,,
1/31/2020,2020,1,31,22,30,0,0,-4.4,0.87,1.4,98.39,-4.2,986,,,,,,,,,,,,,,,,,,,,,,,,,,,,,,,,,
1/31/2020,2020,1,31,23,30,0,0,-4.9,0.87,1.5,100,-4.9,985,,,,,,,,,,,,,,,,,,,,,,,,,,,,,,,,,
2/1/2020,2020,2,1,0,30,0,0,-5.5,0.87,1.6,100,-5.5,985,,,,,,,,,,,,,,,,,,,,,,,,,,,,,,,,,
2/1/2020,2020,2,1,1,30,0,0,-5.9,0.87,1.8,98.38,-5.7,985,,,,,,,,,,,,,,,,,,,,,,,,,,,,,,,,,
2/1/2020,2020,2,1,2,30,0,0,-5.9,0.87,2,95.15,-5.2,985,,,,,,,,,,,,,,,,,,,,,,,,,,,,,,,,,
2/1/2020,2020,2,1,3,30,0,0,-5.3,0.87,2.3,92.96,-4.3,984,,,,,,,,,,,,,,,,,,,,,,,,,,,,,,,,,
2/1/2020,2020,2,1,4,30,0,0,-4.5,0.87,2.4,93.82,-3.6,984,,,,,,,,,,,,,,,,,,,,,,,,,,,,,,,,,
2/1/2020,2020,2,1,5,30,0,0,-4,0.87,2.2,95.72,-3.4,984,,,,,,,,,,,,,,,,,,,,,,,,,,,,,,,,,
2/1/2020,2020,2,1,6,30,0,0,-4,0.87,2.2,95.88,-3.4,985,,,,,,,,,,,,,,,,,,,,,,,,,,,,,,,,,
2/1/2020,2020,2,1,7,30,9,121,-4.2,0.87,2.7,90.99,-2.9,984,,,,,,,,,,,,,,,,,,,,,,,,,,,,,,,,,
2/1/2020,2020,2,1,8,30,49,473,-3.3,0.87,3.4,88.46,-1.6,984,,,,,,,,,,,,,,,,,,,,,,,,,,,,,,,,,
2/1/2020,2020,2,1,9,30,56,819,-2,0.87,3.8,87.36,-0.2,983,,,,,,,,,,,,,,,,,,,,,,,,,,,,,,,,,
2/1/2020,2020,2,1,10,30,64,901,-1.4,0.87,3.8,84.82,0.9,983,,,,,,,,,,,,,,,,,,,,,,,,,,,,,,,,,
2/1/2020,2020,2,1,11,30,68,923,-1,0.87,3.6,83.72,1.5,982,,,,,,,,,,,,,,,,,,,,,,,,,,,,,,,,,
2/1/2020,2020,2,1,12,30,73,935,-0.7,0.87,3.5,83.03,1.9,981,,,,,,,,,,,,,,,,,,,,,,,,,,,,,,,,,
2/1/2020,2020,2,1,13,30,73,915,-0.4,0.87,3.2,83.84,2,980,,,,,,,,,,,,,,,,,,,,,,,,,,,,,,,,,
2/1/2020,2020,2,1,14,30,75,818,-0.2,0.87,3.2,85,2.1,980,,,,,,,,,,,,,,,,,,,,,,,,,,,,,,,,,
2/1/2020,2020,2,1,15,30,66,639,0.2,0.87,3.5,87.75,2,979,,,,,,,,,,,,,,,,,,,,,,,,,,,,,,,,,
2/1/2020,2020,2,1,16,30,54,265,0.3,0.87,3.7,90.06,1.8,978,,,,,,,,,,,,,,,,,,,,,,,,,,,,,,,,,
2/1/2020,2020,2,1,17,30,3,0,0.3,0.87,3.9,91.36,1.6,978,,,,,,,,,,,,,,,,,,,,,,,,,,,,,,,,,
2/1/2020,2020,2,1,18,30,0,0,0.6,0.87,4.5,92.08,1.7,977,,,,,,,,,,,,,,,,,,,,,,,,,,,,,,,,,
2/1/2020,2020,2,1,19,30,0,0,0.7,0.87,4.9,92.55,1.8,976,,,,,,,,,,,,,,,,,,,,,,,,,,,,,,,,,
2/1/2020,2020,2,1,20,30,0,0,0.9,0.87,5.3,93.87,1.8,975,,,,,,,,,,,,,,,,,,,,,,,,,,,,,,,,,
2/1/2020,2020,2,1,21,30,0,0,1.1,0.87,5.6,95.95,1.7,974,,,,,,,,,,,,,,,,,,,,,,,,,,,,,,,,,
2/1/2020,2020,2,1,22,30,0,0,1.3,0.87,5.7,98.28,1.5,974,,,,,,,,,,,,,,,,,,,,,,,,,,,,,,,,,
2/1/2020,2020,2,1,23,30,0,0,1.1,0.87,6,99.59,1.2,973,,,,,,,,,,,,,,,,,,,,,,,,,,,,,,,,,
2/2/2020,2020,2,2,0,30,0,0,0.8,0.87,6.4,99.1,0.9,973,,,,,,,,,,,,,,,,,,,,,,,,,,,,,,,,,
2/2/2020,2020,2,2,1,30,0,0,0.4,0.87,6.5,97.09,0.8,973,,,,,,,,,,,,,,,,,,,,,,,,,,,,,,,,,
2/2/2020,2020,2,2,2,30,0,0,0.2,0.87,6.2,96.25,0.7,973,,,,,,,,,,,,,,,,,,,,,,,,,,,,,,,,,
2/2/2020,2020,2,2,3,30,0,0,0,0.87,5.4,96.65,0.5,973,,,,,,,,,,,,,,,,,,,,,,,,,,,,,,,,,
2/2/2020,2020,2,2,4,30,0,0,-0.2,0.87,4.5,96.28,0.3,974,,,,,,,,,,,,,,,,,,,,,,,,,,,,,,,,,
2/2/2020,2020,2,2,5,30,0,0,-0.5,0.87,3.9,95.53,0.1,974,,,,,,,,,,,,,,,,,,,,,,,,,,,,,,,,,
2/2/2020,2020,2,2,6,30,0,0,-0.9,0.87,3.6,90.9,0.4,974,,,,,,,,,,,,,,,,,,,,,,,,,,,,,,,,,
2/2/2020,2020,2,2,7,30,9,113,-0.8,0.87,3.9,83.5,1.7,975,,,,,,,,,,,,,,,,,,,,,,,,,,,,,,,,,
2/2/2020,2020,2,2,8,30,43,569,0.3,0.87,4.2,79.55,3.5,975,,,,,,,,,,,,,,,,,,,,,,,,,,,,,,,,,
2/2/2020,2020,2,2,9,30,60,746,1.2,0.87,4.3,76.81,4.9,975,,,,,,,,,,,,,,,,,,,,,,,,,,,,,,,,,
2/2/2020,2020,2,2,10,30,65,892,2.2,0.87,4.1,74.18,6.5,976,,,,,,,,,,,,,,,,,,,,,,,,,,,,,,,,,
2/2/2020,2020,2,2,11,30,74,927,3.5,0.87,3.7,72.7,8.1,975,,,,,,,,,,,,,,,,,,,,,,,,,,,,,,,,,
2/2/2020,2020,2,2,12,30,91,779,4.8,0.87,3.2,73.12,9.4,975,,,,,,,,,,,,,,,,,,,,,,,,,,,,,,,,,
2/2/2020,2020,2,2,13,30,86,883,6,0.87,2.5,76.49,9.9,975,,,,,,,,,,,,,,,,,,,,,,,,,,,,,,,,,
2/2/2020,2020,2,2,14,30,75,869,6.8,0.87,1.7,85.69,9.1,975,,,,,,,,,,,,,,,,,,,,,,,,,,,,,,,,,
2/2/2020,2020,2,2,15,30,64,776,6.6,0.87,1.4,97.26,7,976,,,,,,,,,,,,,,,,,,,,,,,,,,,,,,,,,
2/2/2020,2020,2,2,16,30,44,565,4.5,0.87,1.5,100,4.5,976,,,,,,,,,,,,,,,,,,,,,,,,,,,,,,,,,
2/2/2020,2020,2,2,17,30,6,52,3.4,0.87,1.6,100,3.4,976,,,,,,,,,,,,,,,,,,,,,,,,,,,,,,,,,
2/2/2020,2020,2,2,18,30,0,0,1.2,0.87,1.7,100,1.2,977,,,,,,,,,,,,,,,,,,,,,,,,,,,,,,,,,
2/2/2020,2020,2,2,19,30,0,0,0.2,0.87,1.8,100,0.2,977,,,,,,,,,,,,,,,,,,,,,,,,,,,,,,,,,
2/2/2020,2020,2,2,20,30,0,0,-0.2,0.87,2,100,-0.2,977,,,,,,,,,,,,,,,,,,,,,,,,,,,,,,,,,
2/2/2020,2020,2,2,21,30,0,0,-0.6,0.87,2.3,100,-0.6,978,,,,,,,,,,,,,,,,,,,,,,,,,,,,,,,,,
2/2/2020,2020,2,2,22,30,0,0,-1,0.87,2.5,100,-1,978,,,,,,,,,,,,,,,,,,,,,,,,,,,,,,,,,
2/2/2020,2020,2,2,23,30,0,0,-1.4,0.87,2.6,100,-1.4,978,,,,,,,,,,,,,,,,,,,,,,,,,,,,,,,,,
2/3/2020,2020,2,3,0,30,0,0,-1.7,0.87,2.8,99.72,-1.7,978,,,,,,,,,,,,,,,,,,,,,,,,,,,,,,,,,
2/3/2020,2020,2,3,1,30,0,0,-2.1,0.87,3.2,98.74,-1.9,978,,,,,,,,,,,,,,,,,,,,,,,,,,,,,,,,,
2/3/2020,2020,2,3,2,30,0,0,-2.3,0.87,3.6,97.69,-2,977,,,,,,,,,,,,,,,,,,,,,,,,,,,,,,,,,
2/3/2020,2020,2,3,3,30,0,0,-2.4,0.87,4.2,96.04,-1.9,977,,,,,,,,,,,,,,,,,,,,,,,,,,,,,,,,,
2/3/2020,2020,2,3,4,30,0,0,-2.4,0.87,4.8,94.62,-1.7,976,,,,,,,,,,,,,,,,,,,,,,,,,,,,,,,,,
2/3/2020,2020,2,3,5,30,0,0,-2.3,0.87,5,95,-1.6,976,,,,,,,,,,,,,,,,,,,,,,,,,,,,,,,,,
2/3/2020,2020,2,3,6,30,0,0,-2.3,0.87,5,94.78,-1.6,976,,,,,,,,,,,,,,,,,,,,,,,,,,,,,,,,,
2/3/2020,2020,2,3,7,30,10,99,-2.4,0.87,5.5,90.71,-1.1,975,,,,,,,,,,,,,,,,,,,,,,,,,,,,,,,,,
2/3/2020,2020,2,3,8,30,47,587,-1.9,0.87,6.4,85.16,0.3,975,,,,,,,,,,,,,,,,,,,,,,,,,,,,,,,,,
2/3/2020,2020,2,3,9,30,89,566,-1.3,0.87,7,79.49,1.9,975,,,,,,,,,,,,,,,,,,,,,,,,,,,,,,,,,
2/3/2020,2020,2,3,10,30,85,833,-0.9,0.87,7.2,73.99,3.3,974,,,,,,,,,,,,,,,,,,,,,,,,,,,,,,,,,
2/3/2020,2020,2,3,11,30,202,194,-0.6,0.87,7.2,70.71,4.3,974,,,,,,,,,,,,,,,,,,,,,,,,,,,,,,,,,
2/3/2020,2020,2,3,12,30,226,92,-0.4,0.87,7.3,68.68,4.9,973,,,,,,,,,,,,,,,,,,,,,,,,,,,,,,,,,
2/3/2020,2020,2,3,13,30,150,562,-0.5,0.87,7.3,67.74,5,973,,,,,,,,,,,,,,,,,,,,,,,,,,,,,,,,,
2/3/2020,2020,2,3,14,30,157,331,-0.9,0.87,6.9,68.57,4.4,974,,,,,,,,,,,,,,,,,,,,,,,,,,,,,,,,,
2/3/2020,2020,2,3,15,30,114,31,-1.5,0.87,6.4,71.3,3.2,975,,,,,,,,,,,,,,,,,,,,,,,,,,,,,,,,,
2/3/2020,2020,2,3,16,30,50,0,-2.4,0.87,6.1,74.06,1.7,976,,,,,,,,,,,,,,,,,,,,,,,,,,,,,,,,,
2/3/2020,2020,2,3,17,30,4,0,-3.3,0.87,6,72.74,1,977,,,,,,,,,,,,,,,,,,,,,,,,,,,,,,,,,
2/3/2020,2020,2,3,18,30,0,0,-4,0.87,6,76.64,-0.4,978,,,,,,,,,,,,,,,,,,,,,,,,,,,,,,,,,
2/3/2020,2020,2,3,19,30,0,0,-4.4,0.87,6.3,77.85,-1,979,,,,,,,,,,,,,,,,,,,,,,,,,,,,,,,,,
2/3/2020,2020,2,3,20,30,0,0,-4.9,0.87,6.6,77.41,-1.5,980,,,,,,,,,,,,,,,,,,,,,,,,,,,,,,,,,
2/3/2020,2020,2,3,21,30,0,0,-5.4,0.87,6.5,77.05,-1.9,981,,,,,,,,,,,,,,,,,,,,,,,,,,,,,,,,,
2/3/2020,2020,2,3,22,30,0,0,-5.7,0.87,6.1,76.83,-2.2,981,,,,,,,,,,,,,,,,,,,,,,,,,,,,,,,,,
2/3/2020,2020,2,3,23,30,0,0,-6.1,0.87,6,76.93,-2.6,982,,,,,,,,,,,,,,,,,,,,,,,,,,,,,,,,,
2/4/2020,2020,2,4,0,30,0,0,-6.5,0.87,6,76.66,-3,982,,,,,,,,,,,,,,,,,,,,,,,,,,,,,,,,,
2/4/2020,2020,2,4,1,30,0,0,-6.9,0.87,6.1,75.72,-3.2,983,,,,,,,,,,,,,,,,,,,,,,,,,,,,,,,,,
2/4/2020,2020,2,4,2,30,0,0,-7.2,0.87,6.1,74.58,-3.3,984,,,,,,,,,,,,,,,,,,,,,,,,,,,,,,,,,
2/4/2020,2020,2,4,3,30,0,0,-7.5,0.87,6.1,74.19,-3.6,985,,,,,,,,,,,,,,,,,,,,,,,,,,,,,,,,,
2/4/2020,2020,2,4,4,30,0,0,-8,0.87,6,73.73,-4,985,,,,,,,,,,,,,,,,,,,,,,,,,,,,,,,,,
2/4/2020,2020,2,4,5,30,0,0,-8.5,0.87,6,72.88,-4.4,986,,,,,,,,,,,,,,,,,,,,,,,,,,,,,,,,,
2/4/2020,2020,2,4,6,30,0,0,-9.1,0.87,6.2,71.05,-4.7,987,,,,,,,,,,,,,,,,,,,,,,,,,,,,,,,,,
2/4/2020,2020,2,4,7,30,7,6,-10,0.87,6.5,66.34,-4.7,988,,,,,,,,,,,,,,,,,,,,,,,,,,,,,,,,,
2/4/2020,2020,2,4,8,30,60,42,-11,0.87,6.8,59.3,-4.2,989,,,,,,,,,,,,,,,,,,,,,,,,,,,,,,,,,
2/4/2020,2020,2,4,9,30,79,608,-11.5,0.87,7.1,54.11,-3.5,990,,,,,,,,,,,,,,,,,,,,,,,,,,,,,,,,,
2/4/2020,2020,2,4,10,30,85,756,-11.7,0.87,7.4,49.28,-2.5,990,,,,,,,,,,,,,,,,,,,,,,,,,,,,,,,,,
2/4/2020,2020,2,4,11,30,179,349,-11.7,0.87,7.6,45.59,-1.5,989,,,,,,,,,,,,,,,,,,,,,,,,,,,,,,,,,
2/4/2020,2020,2,4,12,30,120,701,-11.5,0.87,7.6,43.85,-0.7,989,,,,,,,,,,,,,,,,,,,,,,,,,,,,,,,,,
2/4/2020,2020,2,4,13,30,113,721,-11.1,0.87,7.1,44.6,-0.5,989,,,,,,,,,,,,,,,,,,,,,,,,,,,,,,,,,
2/4/2020,2020,2,4,14,30,147,422,-10.8,0.87,6.7,47.4,-1,989,,,,,,,,,,,,,,,,,,,,,,,,,,,,,,,,,
2/4/2020,2020,2,4,15,30,101,437,-10.5,0.87,6.1,51.26,-1.8,990,,,,,,,,,,,,,,,,,,,,,,,,,,,,,,,,,
2/4/2020,2020,2,4,16,30,64,100,-10.1,0.87,5.7,56.65,-2.7,991,,,,,,,,,,,,,,,,,,,,,,,,,,,,,,,,,
2/4/2020,2020,2,4,17,30,5,0,-9.7,0.87,5.5,60.96,-3.2,991,,,,,,,,,,,,,,,,,,,,,,,,,,,,,,,,,
2/4/2020,2020,2,4,18,30,0,0,-9.6,0.87,5.3,66.11,-4.2,992,,,,,,,,,,,,,,,,,,,,,,,,,,,,,,,,,
2/4/2020,2020,2,4,19,30,0,0,-9.7,0.87,5,68.17,-4.7,992,,,,,,,,,,,,,,,,,,,,,,,,,,,,,,,,,
2/4/2020,2020,2,4,20,30,0,0,-9.8,0.87,4.6,70.05,-5.2,992,,,,,,,,,,,,,,,,,,,,,,,,,,,,,,,,,
2/4/2020,2020,2,4,21,30,0,0,-10.1,0.87,4,71.29,-5.7,992,,,,,,,,,,,,,,,,,,,,,,,,,,,,,,,,,
2/4/2020,2020,2,4,22,30,0,0,-10.2,0.87,3.3,73.12,-6.2,992,,,,,,,,,,,,,,,,,,,,,,,,,,,,,,,,,
2/4/2020,2020,2,4,23,30,0,0,-10.1,0.87,3.1,75.12,-6.4,993,,,,,,,,,,,,,,,,,,,,,,,,,,,,,,,,,
2/5/2020,2020,2,5,0,30,0,0,-10,0.87,3.4,75.37,-6.4,992,,,,,,,,,,,,,,,,,,,,,,,,,,,,,,,,,
2/5/2020,2020,2,5,1,30,0,0,-10.2,0.87,3.5,76.13,-6.7,991,,,,,,,,,,,,,,,,,,,,,,,,,,,,,,,,,
2/5/2020,2020,2,5,2,30,0,0,-10.4,0.87,3.2,78.01,-7.2,991,,,,,,,,,,,,,,,,,,,,,,,,,,,,,,,,,
2/5/2020,2020,2,5,3,30,0,0,-10.5,0.87,2.9,78.76,-7.4,991,,,,,,,,,,,,,,,,,,,,,,,,,,,,,,,,,
2/5/2020,2020,2,5,4,30,0,0,-10.6,0.87,2.8,78.02,-7.4,991,,,,,,,,,,,,,,,,,,,,,,,,,,,,,,,,,
2/5/2020,2020,2,5,5,30,0,0,-10.7,0.87,2.8,78.03,-7.5,990,,,,,,,,,,,,,,,,,,,,,,,,,,,,,,,,,
2/5/2020,2020,2,5,6,30,0,0,-10.7,0.87,2.7,77.66,-7.5,990,,,,,,,,,,,,,,,,,,,,,,,,,,,,,,,,,
2/5/2020,2020,2,5,7,30,6,0,-10.8,0.87,2.7,76.34,-7.3,990,,,,,,,,,,,,,,,,,,,,,,,,,,,,,,,,,
2/5/2020,2020,2,5,8,30,60,4,-10.8,0.87,2.7,72.36,-6.7,989,,,,,,,,,,,,,,,,,,,,,,,,,,,,,,,,,
2/5/2020,2020,2,5,9,30,112,394,-11.1,0.87,2.8,65.64,-5.7,989,,,,,,,,,,,,,,,,,,,,,,,,,,,,,,,,,
2/5/2020,2020,2,5,10,30,160,363,-10.9,0.87,2.7,61.3,-4.6,988,,,,,,,,,,,,,,,,,,,,,,,,,,,,,,,,,
2/5/2020,2020,2,5,11,30,149,561,-10.6,0.87,2.6,56.49,-3.2,988,,,,,,,,,,,,,,,,,,,,,,,,,,,,,,,,,
2/5/2020,2020,2,5,12,30,108,753,-11,0.87,2.6,49.99,-1.9,987,,,,,,,,,,,,,,,,,,,,,,,,,,,,,,,,,
2/5/2020,2020,2,5,13,30,94,804,-11.6,0.87,2.9,45.32,-1.3,986,,,,,,,,,,,,,,,,,,,,,,,,,,,,,,,,,
2/5/2020,2020,2,5,14,30,141,479,-11.4,0.87,3.4,46.27,-1.3,984,,,,,,,,,,,,,,,,,,,,,,,,,,,,,,,,,
2/5/2020,2020,2,5,15,30,114,348,-11.1,0.87,3.3,49.33,-1.9,983,,,,,,,,,,,,,,,,,,,,,,,,,,,,,,,,,
2/5/2020,2020,2,5,16,30,64,80,-10.2,0.87,2.2,58.27,-3.2,982,,,,,,,,,,,,,,,,,,,,,,,,,,,,,,,,,
2/5/2020,2020,2,5,17,30,5,0,-8.5,0.87,1.4,71.58,-4.1,982,,,,,,,,,,,,,,,,,,,,,,,,,,,,,,,,,
2/5/2020,2020,2,5,18,30,0,0,-8.5,0.87,1.2,76.16,-4.9,983,,,,,,,,,,,,,,,,,,,,,,,,,,,,,,,,,
2/5/2020,2020,2,5,19,30,0,0,-8.7,0.87,1.1,78.09,-5.5,982,,,,,,,,,,,,,,,,,,,,,,,,,,,,,,,,,
2/5/2020,2020,2,5,20,30,0,0,-9.5,0.87,1.1,76.93,-6.1,982,,,,,,,,,,,,,,,,,,,,,,,,,,,,,,,,,
2/5/2020,2020,2,5,21,30,0,0,-10.5,0.87,1.1,73.99,-6.6,981,,,,,,,,,,,,,,,,,,,,,,,,,,,,,,,,,
2/5/2020,2020,2,5,22,30,0,0,-11.3,0.87,1,70.57,-6.8,981,,,,,,,,,,,,,,,,,,,,,,,,,,,,,,,,,
2/5/2020,2020,2,5,23,30,0,0,-11.9,0.87,0.9,67.66,-6.9,980,,,,,,,,,,,,,,,,,,,,,,,,,,,,,,,,,
2/6/2020,2020,2,6,0,30,0,0,-12.3,0.87,0.9,66.59,-7.1,980,,,,,,,,,,,,,,,,,,,,,,,,,,,,,,,,,
2/6/2020,2020,2,6,1,30,0,0,-12.6,0.87,0.8,65.86,-7.3,979,,,,,,,,,,,,,,,,,,,,,,,,,,,,,,,,,
2/6/2020,2020,2,6,2,30,0,0,-12.9,0.87,0.8,65.52,-7.6,978,,,,,,,,,,,,,,,,,,,,,,,,,,,,,,,,,
2/6/2020,2020,2,6,3,30,0,0,-13.3,0.87,0.8,66.77,-8.2,978,,,,,,,,,,,,,,,,,,,,,,,,,,,,,,,,,
2/6/2020,2020,2,6,4,30,0,0,-13.6,0.87,0.8,67.89,-8.7,977,,,,,,,,,,,,,,,,,,,,,,,,,,,,,,,,,
2/6/2020,2020,2,6,5,30,0,0,-13.8,0.87,0.6,67.78,-8.9,977,,,,,,,,,,,,,,,,,,,,,,,,,,,,,,,,,
2/6/2020,2020,2,6,6,30,0,0,-13.9,0.87,0.5,67.53,-9,977,,,,,,,,,,,,,,,,,,,,,,,,,,,,,,,,,
2/6/2020,2020,2,6,7,30,12,140,-13.7,0.87,0.7,65.36,-8.4,977,,,,,,,,,,,,,,,,,,,,,,,,,,,,,,,,,
2/6/2020,2020,2,6,8,30,44,697,-12.5,0.87,1,63.39,-6.7,977,,,,,,,,,,,,,,,,,,,,,,,,,,,,,,,,,
2/6/2020,2020,2,6,9,30,54,806,-11.8,0.87,1.3,54.34,-3.9,976,,,,,,,,,,,,,,,,,,,,,,,,,,,,,,,,,
2/6/2020,2020,2,6,10,30,71,953,-12.4,0.87,1.3,42.25,-1.2,976,,,,,,,,,,,,,,,,,,,,,,,,,,,,,,,,,
2/6/2020,2020,2,6,11,30,80,983,-11.3,0.87,1.3,41.89,0.1,975,,,,,,,,,,,,,,,,,,,,,,,,,,,,,,,,,
2/6/2020,2020,2,6,12,30,86,975,-10.6,0.87,1.3,42.29,0.8,974,,,,,,,,,,,,,,,,,,,,,,,,,,,,,,,,,
2/6/2020,2020,2,6,13,30,83,963,-10.2,0.87,1.2,42.71,1.1,973,,,,,,,,,,,,,,,,,,,,,,,,,,,,,,,,,
2/6/2020,2020,2,6,14,30,78,922,-9.9,0.87,1.1,44.37,0.9,973,,,,,,,,,,,,,,,,,,,,,,,,,,,,,,,,,
2/6/2020,2020,2,6,15,30,66,838,-9.7,0.87,0.8,47.5,0.2,973,,,,,,,,,,,,,,,,,,,,,,,,,,,,,,,,,
2/6/2020,2020,2,6,16,30,47,547,-7.7,0.87,0.7,60.76,-1.1,973,,,,,,,,,,,,,,,,,,,,,,,,,,,,,,,,,
2/6/2020,2020,2,6,17,30,7,4,-9.4,0.87,0.8,56.9,-2,973,,,,,,,,,,,,,,,,,,,,,,,,,,,,,,,,,
2/6/2020,2020,2,6,18,30,0,0,-8.9,0.87,1.1,67.1,-3.7,973,,,,,,,,,,,,,,,,,,,,,,,,,,,,,,,,,
2/6/2020,2020,2,6,19,30,0,0,-8.9,0.87,1.3,71.8,-4.6,973,,,,,,,,,,,,,,,,,,,,,,,,,,,,,,,,,
2/6/2020,2020,2,6,20,30,0,0,-9.2,0.87,1.6,71.88,-4.9,973,,,,,,,,,,,,,,,,,,,,,,,,,,,,,,,,,
2/6/2020,2020,2,6,21,30,0,0,-9.1,0.87,2,71.47,-4.7,973,,,,,,,,,,,,,,,,,,,,,,,,,,,,,,,,,
2/6/2020,2020,2,6,22,30,0,0,-9,0.87,2.3,71.31,-4.6,973,,,,,,,,,,,,,,,,,,,,,,,,,,,,,,,,,
2/6/2020,2020,2,6,23,30,0,0,-8.7,0.87,2.5,72.8,-4.6,973,,,,,,,,,,,,,,,,,,,,,,,,,,,,,,,,,
2/7/2020,2020,2,7,0,30,0,0,-8.5,0.87,2.5,75.34,-4.8,973,,,,,,,,,,,,,,,,,,,,,,,,,,,,,,,,,
2/7/2020,2020,2,7,1,30,0,0,-8.3,0.87,2.4,77.86,-5,973,,,,,,,,,,,,,,,,,,,,,,,,,,,,,,,,,
2/7/2020,2020,2,7,2,30,0,0,-8,0.87,2.2,79.56,-5,973,,,,,,,,,,,,,,,,,,,,,,,,,,,,,,,,,
2/7/2020,2020,2,7,3,30,0,0,-7.6,0.87,2.1,82.1,-5,973,,,,,,,,,,,,,,,,,,,,,,,,,,,,,,,,,
2/7/2020,2020,2,7,4,30,0,0,-7.3,0.87,1.9,84.11,-5,974,,,,,,,,,,,,,,,,,,,,,,,,,,,,,,,,,
2/7/2020,2020,2,7,5,30,0,0,-7.1,0.87,1.9,85.51,-5,974,,,,,,,,,,,,,,,,,,,,,,,,,,,,,,,,,
2/7/2020,2020,2,7,6,30,0,0,-6.9,0.87,1.8,86.19,-4.9,974,,,,,,,,,,,,,,,,,,,,,,,,,,,,,,,,,
2/7/2020,2020,2,7,7,30,11,13,-6.6,0.87,1.7,85.96,-4.6,975,,,,,,,,,,,,,,,,,,,,,,,,,,,,,,,,,
2/7/2020,2020,2,7,8,30,72,115,-6.2,0.87,1.4,84.24,-3.9,975,,,,,,,,,,,,,,,,,,,,,,,,,,,,,,,,,
2/7/2020,2020,2,7,9,30,114,297,-5.8,0.87,1.4,82.7,-3.3,976,,,,,,,,,,,,,,,,,,,,,,,,,,,,,,,,,
2/7/2020,2020,2,7,10,30,89,396,-5.6,0.87,1.9,80.99,-2.8,977,,,,,,,,,,,,,,,,,,,,,,,,,,,,,,,,,
2/7/2020,2020,2,7,11,30,126,704,-5.5,0.87,2.5,78.15,-2.2,977,,,,,,,,,,,,,,,,,,,,,,,,,,,,,,,,,
2/7/2020,2020,2,7,12,30,184,507,-5.4,0.87,3.1,76.48,-1.8,977,,,,,,,,,,,,,,,,,,,,,,,,,,,,,,,,,
2/7/2020,2020,2,7,13,30,110,750,-5.4,0.87,3.8,74.93,-1.5,978,,,,,,,,,,,,,,,,,,,,,,,,,,,,,,,,,
2/7/2020,2020,2,7,14,30,180,284,-5.5,0.87,4.4,74.93,-1.6,979,,,,,,,,,,,,,,,,,,,,,,,,,,,,,,,,,
2/7/2020,2020,2,7,15,30,123,51,-5.6,0.87,4.7,76.78,-2.1,980,,,,,,,,,,,,,,,,,,,,,,,,,,,,,,,,,
2/7/2020,2020,2,7,16,30,69,89,-5.8,0.87,4.4,80.84,-3,981,,,,,,,,,,,,,,,,,,,,,,,,,,,,,,,,,
2/7/2020,2020,2,7,17,30,6,0,-6,0.87,4.2,82.59,-3.5,981,,,,,,,,,,,,,,,,,,,,,,,,,,,,,,,,,
2/7/2020,2020,2,7,18,30,0,0,-6.3,0.87,4.1,87.33,-4.5,983,,,,,,,,,,,,,,,,,,,,,,,,,,,,,,,,,
2/7/2020,2020,2,7,19,30,0,0,-6.6,0.87,4.1,88.86,-5,984,,,,,,,,,,,,,,,,,,,,,,,,,,,,,,,,,
2/7/2020,2020,2,7,20,30,0,0,-6.9,0.87,4,89.74,-5.5,984,,,,,,,,,,,,,,,,,,,,,,,,,,,,,,,,,
2/7/2020,2020,2,7,21,30,0,0,-7.3,0.87,3.7,90.22,-6,985,,,,,,,,,,,,,,,,,,,,,,,,,,,,,,,,,
2/7/2020,2020,2,7,22,30,0,0,-7.9,0.87,3.5,90.59,-6.6,985,,,,,,,,,,,,,,,,,,,,,,,,,,,,,,,,,
2/7/2020,2020,2,7,23,30,0,0,-8.6,0.87,3.4,90.45,-7.3,986,,,,,,,,,,,,,,,,,,,,,,,,,,,,,,,,,
2/8/2020,2020,2,8,0,30,0,0,-9.4,0.87,3.3,89.81,-8,986,,,,,,,,,,,,,,,,,,,,,,,,,,,,,,,,,
2/8/2020,2020,2,8,1,30,0,0,-10.1,0.87,3.2,88.24,-8.5,987,,,,,,,,,,,,,,,,,,,,,,,,,,,,,,,,,
2/8/2020,2020,2,8,2,30,0,0,-10.6,0.87,3.2,86.48,-8.8,988,,,,,,,,,,,,,,,,,,,,,,,,,,,,,,,,,
2/8/2020,2020,2,8,3,30,0,0,-11.1,0.87,3.1,85.87,-9.2,988,,,,,,,,,,,,,,,,,,,,,,,,,,,,,,,,,
2/8/2020,2020,2,8,4,30,0,0,-11.5,0.87,2.7,85.72,-9.6,989,,,,,,,,,,,,,,,,,,,,,,,,,,,,,,,,,
2/8/2020,2020,2,8,5,30,0,0,-12,0.87,2.5,85.95,-10.1,989,,,,,,,,,,,,,,,,,,,,,,,,,,,,,,,,,
2/8/2020,2020,2,8,6,30,0,0,-12.4,0.87,2.6,84.48,-10.3,990,,,,,,,,,,,,,,,,,,,,,,,,,,,,,,,,,
2/8/2020,2020,2,8,7,30,9,6,-12.7,0.87,2.7,79.77,-9.9,990,,,,,,,,,,,,,,,,,,,,,,,,,,,,,,,,,
2/8/2020,2020,2,8,8,30,74,82,-12.6,0.87,2.7,74.68,-8.9,991,,,,,,,,,,,,,,,,,,,,,,,,,,,,,,,,,
2/8/2020,2020,2,8,9,30,124,320,-12.3,0.87,2.5,68.72,-7.5,991,,,,,,,,,,,,,,,,,,,,,,,,,,,,,,,,,
2/8/2020,2020,2,8,10,30,89,786,-11.6,0.87,2.6,62.87,-5.6,990,,,,,,,,,,,,,,,,,,,,,,,,,,,,,,,,,
2/8/2020,2020,2,8,11,30,80,977,-10.7,0.87,2.8,57.69,-3.6,990,,,,,,,,,,,,,,,,,,,,,,,,,,,,,,,,,
2/8/2020,2020,2,8,12,30,82,987,-9.9,0.87,3,53.36,-1.7,989,,,,,,,,,,,,,,,,,,,,,,,,,,,,,,,,,
2/8/2020,2020,2,8,13,30,80,976,-8.8,0.87,2.9,53.45,-0.5,989,,,,,,,,,,,,,,,,,,,,,,,,,,,,,,,,,
2/8/2020,2020,2,8,14,30,76,925,-7.8,0.87,2.5,55.69,0,988,,,,,,,,,,,,,,,,,,,,,,,,,,,,,,,,,
2/8/2020,2020,2,8,15,30,67,834,-7.1,0.87,1.8,60.48,-0.4,988,,,,,,,,,,,,,,,,,,,,,,,,,,,,,,,,,
2/8/2020,2020,2,8,16,30,50,602,-5.6,0.87,1.3,76.51,-2,988,,,,,,,,,,,,,,,,,,,,,,,,,,,,,,,,,
2/8/2020,2020,2,8,17,30,10,40,-5.9,0.87,1.1,80.22,-3,988,,,,,,,,,,,,,,,,,,,,,,,,,,,,,,,,,
2/8/2020,2020,2,8,18,30,0,0,-6.1,0.87,2.1,80.29,-3.2,988,,,,,,,,,,,,,,,,,,,,,,,,,,,,,,,,,
2/8/2020,2020,2,8,19,30,0,0,-6.2,0.87,2.9,78.88,-3.1,988,,,,,,,,,,,,,,,,,,,,,,,,,,,,,,,,,
2/8/2020,2020,2,8,20,30,0,0,-6.1,0.87,3.4,79.16,-3,988,,,,,,,,,,,,,,,,,,,,,,,,,,,,,,,,,
2/8/2020,2020,2,8,21,30,0,0,-5.7,0.87,3.8,81.49,-3,987,,,,,,,,,,,,,,,,,,,,,,,,,,,,,,,,,
2/8/2020,2020,2,8,22,30,0,0,-5.4,0.87,4.2,83.78,-3,987,,,,,,,,,,,,,,,,,,,,,,,,,,,,,,,,,
2/8/2020,2020,2,8,23,30,0,0,-5.1,0.87,4.6,84.6,-2.9,986,,,,,,,,,,,,,,,,,,,,,,,,,,,,,,,,,
2/9/2020,2020,2,9,0,30,0,0,-5,0.87,4.8,85.74,-2.9,985,,,,,,,,,,,,,,,,,,,,,,,,,,,,,,,,,
2/9/2020,2020,2,9,1,30,0,0,-4.7,0.87,4.8,87.14,-2.9,984,,,,,,,,,,,,,,,,,,,,,,,,,,,,,,,,,
2/9/2020,2020,2,9,2,30,0,0,-4.5,0.87,5,88.25,-2.8,983,,,,,,,,,,,,,,,,,,,,,,,,,,,,,,,,,
2/9/2020,2020,2,9,3,30,0,0,-4.2,0.87,5.1,88.89,-2.6,982,,,,,,,,,,,,,,,,,,,,,,,,,,,,,,,,,
2/9/2020,2020,2,9,4,30,0,0,-3.9,0.87,5.2,89.71,-2.4,981,,,,,,,,,,,,,,,,,,,,,,,,,,,,,,,,,
2/9/2020,2020,2,9,5,30,0,0,-3.6,0.87,5,91.01,-2.3,980,,,,,,,,,,,,,,,,,,,,,,,,,,,,,,,,,
2/9/2020,2020,2,9,6,30,0,0,-3.3,0.87,4.9,89.65,-1.8,980,,,,,,,,,,,,,,,,,,,,,,,,,,,,,,,,,
2/9/2020,2020,2,9,7,30,7,0,-2.6,0.87,4.7,84.65,-0.3,980,,,,,,,,,,,,,,,,,,,,,,,,,,,,,,,,,
2/9/2020,2020,2,9,8,30,39,0,-0.8,0.87,4.1,85.37,1.4,980,,,,,,,,,,,,,,,,,,,,,,,,,,,,,,,,,
2/9/2020,2020,2,9,9,30,88,45,0.4,0.87,3.3,86.8,2.4,980,,,,,,,,,,,,,,,,,,,,,,,,,,,,,,,,,
2/9/2020,2020,2,9,10,30,60,0,1.3,0.87,3.2,86.57,3.3,980,,,,,,,,,,,,,,,,,,,,,,,,,,,,,,,,,
2/9/2020,2020,2,9,11,30,162,627,1.7,0.87,4,85.74,3.9,980,,,,,,,,,,,,,,,,,,,,,,,,,,,,,,,,,
2/9/2020,2020,2,9,12,30,222,111,1.5,0.87,5.5,84.25,3.9,980,,,,,,,,,,,,,,,,,,,,,,,,,,,,,,,,,
2/9/2020,2020,2,9,13,30,161,584,0.4,0.87,7,82.76,3,981,,,,,,,,,,,,,,,,,,,,,,,,,,,,,,,,,
2/9/2020,2020,2,9,14,30,167,19,-1.5,0.87,7.6,79.41,1.7,982,,,,,,,,,,,,,,,,,,,,,,,,,,,,,,,,,
2/9/2020,2020,2,9,15,30,118,20,-3.1,0.87,7.5,77.13,0.4,984,,,,,,,,,,,,,,,,,,,,,,,,,,,,,,,,,
2/9/2020,2020,2,9,16,30,64,311,-4.2,0.87,7,79.18,-1,985,,,,,,,,,,,,,,,,,,,,,,,,,,,,,,,,,
2/9/2020,2020,2,9,17,30,9,8,-4.8,0.87,6.6,79.11,-1.7,986,,,,,,,,,,,,,,,,,,,,,,,,,,,,,,,,,
2/9/2020,2020,2,9,18,30,0,0,-5.4,0.87,5.9,84.32,-3.1,988,,,,,,,,,,,,,,,,,,,,,,,,,,,,,,,,,
2/9/2020,2020,2,9,19,30,0,0,-5.9,0.87,5.5,85.51,-3.8,988,,,,,,,,,,,,,,,,,,,,,,,,,,,,,,,,,
2/9/2020,2020,2,9,20,30,0,0,-6.4,0.87,5,86.05,-4.4,989,,,,,,,,,,,,,,,,,,,,,,,,,,,,,,,,,
2/9/2020,2020,2,9,21,30,0,0,-6.9,0.87,4.3,86.43,-5,989,,,,,,,,,,,,,,,,,,,,,,,,,,,,,,,,,
2/9/2020,2020,2,9,22,30,0,0,-7.3,0.87,3.4,89.12,-5.8,990,,,,,,,,,,,,,,,,,,,,,,,,,,,,,,,,,
2/9/2020,2020,2,9,23,30,0,0,-7.6,0.87,2.8,92.85,-6.6,990,,,,,,,,,,,,,,,,,,,,,,,,,,,,,,,,,
2/10/2020,2020,2,10,0,30,0,0,-7.8,0.87,2.6,93.9,-7,990,,,,,,,,,,,,,,,,,,,,,,,,,,,,,,,,,
2/10/2020,2020,2,10,1,30,0,0,-8.1,0.87,2.6,93.17,-7.2,990,,,,,,,,,,,,,,,,,,,,,,,,,,,,,,,,,
2/10/2020,2020,2,10,2,30,0,0,-8.4,0.87,2.3,93.16,-7.5,990,,,,,,,,,,,,,,,,,,,,,,,,,,,,,,,,,
2/10/2020,2020,2,10,3,30,0,0,-8.8,0.87,1.8,93.99,-8,990,,,,,,,,,,,,,,,,,,,,,,,,,,,,,,,,,
2/10/2020,2020,2,10,4,30,0,0,-9.2,0.87,1.4,93,-8.3,990,,,,,,,,,,,,,,,,,,,,,,,,,,,,,,,,,
2/10/2020,2020,2,10,5,30,0,0,-9.6,0.87,1,91.35,-8.4,990,,,,,,,,,,,,,,,,,,,,,,,,,,,,,,,,,
2/10/2020,2020,2,10,6,30,0,0,-9.7,0.87,0.6,90.5,-8.4,990,,,,,,,,,,,,,,,,,,,,,,,,,,,,,,,,,
2/10/2020,2020,2,10,7,30,14,43,-9.7,0.87,0.5,87.4,-8,991,,,,,,,,,,,,,,,,,,,,,,,,,,,,,,,,,
2/10/2020,2020,2,10,8,30,52,589,-9.4,0.87,0.7,83.55,-7.1,991,,,,,,,,,,,,,,,,,,,,,,,,,,,,,,,,,
2/10/2020,2020,2,10,9,30,62,793,-8.6,0.87,1.1,78.58,-5.5,991,,,,,,,,,,,,,,,,,,,,,,,,,,,,,,,,,
2/10/2020,2020,2,10,10,30,73,905,-7.4,0.87,1.6,73.32,-3.3,991,,,,,,,,,,,,,,,,,,,,,,,,,,,,,,,,,
2/10/2020,2020,2,10,11,30,82,972,-6.2,0.87,2.1,67.57,-1,991,,,,,,,,,,,,,,,,,,,,,,,,,,,,,,,,,
2/10/2020,2020,2,10,12,30,88,972,-5.8,0.87,2.7,61.3,0.8,990,,,,,,,,,,,,,,,,,,,,,,,,,,,,,,,,,
2/10/2020,2020,2,10,13,30,86,960,-5.7,0.87,2.8,56.52,2,989,,,,,,,,,,,,,,,,,,,,,,,,,,,,,,,,,
2/10/2020,2020,2,10,14,30,84,902,-5.6,0.87,2.7,55.62,2.4,989,,,,,,,,,,,,,,,,,,,,,,,,,,,,,,,,,
2/10/2020,2020,2,10,15,30,76,802,-5.1,0.87,2,60.51,1.7,988,,,,,,,,,,,,,,,,,,,,,,,,,,,,,,,,,
2/10/2020,2020,2,10,16,30,54,612,-3,0.87,1.2,80.9,-0.1,989,,,,,,,,,,,,,,,,,,,,,,,,,,,,,,,,,
2/10/2020,2020,2,10,17,30,15,132,-4.8,0.87,1.2,76.23,-1.1,989,,,,,,,,,,,,,,,,,,,,,,,,,,,,,,,,,
2/10/2020,2020,2,10,18,30,0,0,-4.9,0.87,1.2,77.14,-1.4,989,,,,,,,,,,,,,,,,,,,,,,,,,,,,,,,,,
2/10/2020,2020,2,10,19,30,0,0,-4.7,0.87,1.3,80.41,-1.8,989,,,,,,,,,,,,,,,,,,,,,,,,,,,,,,,,,
2/10/2020,2020,2,10,20,30,0,0,-4.7,0.87,1.4,83.68,-2.3,990,,,,,,,,,,,,,,,,,,,,,,,,,,,,,,,,,
2/10/2020,2020,2,10,21,30,0,0,-4.9,0.87,1.6,86.79,-3,990,,,,,,,,,,,,,,,,,,,,,,,,,,,,,,,,,
2/10/2020,2020,2,10,22,30,0,0,-5.1,0.87,1.7,89.42,-3.6,990,,,,,,,,,,,,,,,,,,,,,,,,,,,,,,,,,
2/10/2020,2020,2,10,23,30,0,0,-5.3,0.87,1.7,92.35,-4.2,991,,,,,,,,,,,,,,,,,,,,,,,,,,,,,,,,,
2/11/2020,2020,2,11,0,30,0,0,-5.6,0.87,1.8,92.77,-4.6,990,,,,,,,,,,,,,,,,,,,,,,,,,,,,,,,,,
2/11/2020,2020,2,11,1,30,0,0,-5.9,0.87,2,91.93,-4.8,990,,,,,,,,,,,,,,,,,,,,,,,,,,,,,,,,,
2/11/2020,2020,2,11,2,30,0,0,-6.1,0.87,2.7,90.35,-4.8,990,,,,,,,,,,,,,,,,,,,,,,,,,,,,,,,,,
2/11/2020,2020,2,11,3,30,0,0,-6.1,0.87,3.3,90.38,-4.8,990,,,,,,,,,,,,,,,,,,,,,,,,,,,,,,,,,
2/11/2020,2020,2,11,4,30,0,0,-6,0.87,3.4,92.8,-5,991,,,,,,,,,,,,,,,,,,,,,,,,,,,,,,,,,
2/11/2020,2020,2,11,5,30,0,0,-5.9,0.87,3.4,95.43,-5.3,991,,,,,,,,,,,,,,,,,,,,,,,,,,,,,,,,,
2/11/2020,2020,2,11,6,30,0,0,-6,0.87,3.5,94.96,-5.3,991,,,,,,,,,,,,,,,,,,,,,,,,,,,,,,,,,
2/11/2020,2020,2,11,7,30,13,20,-6.1,0.87,3.7,89.01,-4.6,992,,,,,,,,,,,,,,,,,,,,,,,,,,,,,,,,,
2/11/2020,2020,2,11,8,30,60,424,-5.9,0.87,4,81.07,-3.1,992,,,,,,,,,,,,,,,,,,,,,,,,,,,,,,,,,
2/11/2020,2020,2,11,9,30,77,594,-6.7,0.87,4.4,67.63,-1.5,993,,,,,,,,,,,,,,,,,,,,,,,,,,,,,,,,,
2/11/2020,2020,2,11,10,30,83,930,-7.5,0.87,4.5,57.97,-0.2,992,,,,,,,,,,,,,,,,,,,,,,,,,,,,,,,,,
2/11/2020,2020,2,11,11,30,90,964,-7.3,0.87,4.6,54.12,0.9,992,,,,,,,,,,,,,,,,,,,,,,,,,,,,,,,,,
2/11/2020,2020,2,11,12,30,95,970,-7.1,0.87,4.6,52.58,1.6,991,,,,,,,,,,,,,,,,,,,,,,,,,,,,,,,,,
2/11/2020,2020,2,11,13,30,92,960,-6.8,0.87,4.5,51.76,2.1,990,,,,,,,,,,,,,,,,,,,,,,,,,,,,,,,,,
2/11/2020,2020,2,11,14,30,83,926,-6.5,0.87,4.1,52.82,2.1,990,,,,,,,,,,,,,,,,,,,,,,,,,,,,,,,,,
2/11/2020,2020,2,11,15,30,68,854,-6.2,0.87,3,57.17,1.4,989,,,,,,,,,,,,,,,,,,,,,,,,,,,,,,,,,
2/11/2020,2020,2,11,16,30,47,700,-4.3,0.87,1.7,75.77,-0.6,988,,,,,,,,,,,,,,,,,,,,,,,,,,,,,,,,,
2/11/2020,2020,2,11,17,30,16,205,-5.3,0.87,1.3,78.19,-2,988,,,,,,,,,,,,,,,,,,,,,,,,,,,,,,,,,
2/11/2020,2020,2,11,18,30,0,0,-5.5,0.87,1.8,79.65,-2.5,988,,,,,,,,,,,,,,,,,,,,,,,,,,,,,,,,,
2/11/2020,2020,2,11,19,30,0,0,-5.6,0.87,2.3,80.14,-2.6,988,,,,,,,,,,,,,,,,,,,,,,,,,,,,,,,,,
2/11/2020,2020,2,11,20,30,0,0,-5.6,0.87,2.8,80.16,-2.7,988,,,,,,,,,,,,,,,,,,,,,,,,,,,,,,,,,
2/11/2020,2020,2,11,21,30,0,0,-5.8,0.87,3.4,80.4,-2.9,987,,,,,,,,,,,,,,,,,,,,,,,,,,,,,,,,,
2/11/2020,2020,2,11,22,30,0,0,-5.8,0.87,3.7,82.02,-3.2,987,,,,,,,,,,,,,,,,,,,,,,,,,,,,,,,,,
2/11/2020,2020,2,11,23,30,0,0,-5.8,0.87,3.9,84.14,-3.5,986,,,,,,,,,,,,,,,,,,,,,,,,,,,,,,,,,
2/12/2020,2020,2,12,0,30,0,0,-5.7,0.87,4.1,84.99,-3.5,986,,,,,,,,,,,,,,,,,,,,,,,,,,,,,,,,,
2/12/2020,2020,2,12,1,30,0,0,-5.4,0.87,4.2,85.97,-3.4,985,,,,,,,,,,,,,,,,,,,,,,,,,,,,,,,,,
2/12/2020,2020,2,12,2,30,0,0,-5.1,0.87,4.1,87.07,-3.3,985,,,,,,,,,,,,,,,,,,,,,,,,,,,,,,,,,
2/12/2020,2020,2,12,3,30,0,0,-4.9,0.87,4,87.14,-3.1,984,,,,,,,,,,,,,,,,,,,,,,,,,,,,,,,,,
2/12/2020,2020,2,12,4,30,0,0,-4.8,0.87,4.1,87.63,-3,983,,,,,,,,,,,,,,,,,,,,,,,,,,,,,,,,,
2/12/2020,2020,2,12,5,30,0,0,-4.6,0.87,4.1,87.64,-2.8,983,,,,,,,,,,,,,,,,,,,,,,,,,,,,,,,,,
2/12/2020,2020,2,12,6,30,0,0,-4.3,0.87,4.1,87.87,-2.6,983,,,,,,,,,,,,,,,,,,,,,,,,,,,,,,,,,
2/12/2020,2020,2,12,7,30,14,7,-4.1,0.87,4.3,84.94,-1.9,982,,,,,,,,,,,,,,,,,,,,,,,,,,,,,,,,,
2/12/2020,2020,2,12,8,30,72,7,-3.5,0.87,4.5,81.92,-0.8,982,,,,,,,,,,,,,,,,,,,,,,,,,,,,,,,,,
2/12/2020,2020,2,12,9,30,150,127,-2.8,0.87,4.4,79.38,0.4,982,,,,,,,,,,,,,,,,,,,,,,,,,,,,,,,,,
2/12/2020,2020,2,12,10,30,211,157,-2,0.87,4.2,79.08,1.2,981,,,,,,,,,,,,,,,,,,,,,,,,,,,,,,,,,
2/12/2020,2020,2,12,11,30,237,68,-1.5,0.87,4.1,79.77,1.6,981,,,,,,,,,,,,,,,,,,,,,,,,,,,,,,,,,
2/12/2020,2020,2,12,12,30,238,45,-1.1,0.87,4,82.56,1.5,980,,,,,,,,,,,,,,,,,,,,,,,,,,,,,,,,,
2/12/2020,2020,2,12,13,30,216,36,-0.8,0.87,3.6,85.7,1.3,979,,,,,,,,,,,,,,,,,,,,,,,,,,,,,,,,,
2/12/2020,2020,2,12,14,30,189,238,-0.6,0.87,3.4,87.86,1.2,979,,,,,,,,,,,,,,,,,,,,,,,,,,,,,,,,,
2/12/2020,2020,2,12,15,30,124,36,-0.5,0.87,3,90,1,979,,,,,,,,,,,,,,,,,,,,,,,,,,,,,,,,,
2/12/2020,2020,2,12,16,30,52,0,-0.5,0.87,2.3,94.57,0.3,980,,,,,,,,,,,,,,,,,,,,,,,,,,,,,,,,,
2/12/2020,2020,2,12,17,30,9,0,-0.9,0.87,2.1,94.99,-0.2,980,,,,,,,,,,,,,,,,,,,,,,,,,,,,,,,,,
2/12/2020,2020,2,12,18,30,0,0,-2.2,0.87,6.7,98.53,-2,982,,,,,,,,,,,,,,,,,,,,,,,,,,,,,,,,,
2/12/2020,2020,2,12,19,30,0,0,-6.1,0.87,8.9,87.43,-4.3,983,,,,,,,,,,,,,,,,,,,,,,,,,,,,,,,,,
2/12/2020,2020,2,12,20,30,0,0,-9.7,0.87,9.1,76.78,-6.3,985,,,,,,,,,,,,,,,,,,,,,,,,,,,,,,,,,
2/12/2020,2020,2,12,21,30,0,0,-11.7,0.87,9.1,76.08,-8.2,986,,,,,,,,,,,,,,,,,,,,,,,,,,,,,,,,,
2/12/2020,2020,2,12,22,30,0,0,-14.2,0.87,9.1,72.77,-10.2,987,,,,,,,,,,,,,,,,,,,,,,,,,,,,,,,,,
2/12/2020,2020,2,12,23,30,0,0,-16.9,0.87,8.9,66.65,-11.9,988,,,,,,,,,,,,,,,,,,,,,,,,,,,,,,,,,
2/13/2020,2020,2,13,0,30,0,0,-19.1,0.87,8.7,63.2,-13.6,989,,,,,,,,,,,,,,,,,,,,,,,,,,,,,,,,,
2/13/2020,2020,2,13,1,30,0,0,-21,0.87,8.5,60.66,-15.1,990,,,,,,,,,,,,,,,,,,,,,,,,,,,,,,,,,
2/13/2020,2020,2,13,2,30,0,0,-22.3,0.87,8,60.29,-16.4,991,,,,,,,,,,,,,,,,,,,,,,,,,,,,,,,,,
2/13/2020,2020,2,13,3,30,0,0,-23.2,0.87,7.6,60.75,-17.4,992,,,,,,,,,,,,,,,,,,,,,,,,,,,,,,,,,
2/13/2020,2020,2,13,4,30,0,0,-24,0.87,7.3,60.41,-18.2,993,,,,,,,,,,,,,,,,,,,,,,,,,,,,,,,,,
2/13/2020,2020,2,13,5,30,0,0,-24.7,0.87,7,60.87,-19,994,,,,,,,,,,,,,,,,,,,,,,,,,,,,,,,,,
2/13/2020,2020,2,13,6,30,0,0,-25.3,0.87,6.9,61.3,-19.7,995,,,,,,,,,,,,,,,,,,,,,,,,,,,,,,,,,
2/13/2020,2020,2,13,7,30,18,52,-25.9,0.87,7.1,57.76,-19.7,996,,,,,,,,,,,,,,,,,,,,,,,,,,,,,,,,,
2/13/2020,2020,2,13,8,30,60,457,-26.3,0.87,7.3,52.11,-18.9,998,,,,,,,,,,,,,,,,,,,,,,,,,,,,,,,,,
2/13/2020,2020,2,13,9,30,119,435,-26.1,0.87,7.1,47.31,-17.6,998,,,,,,,,,,,,,,,,,,,,,,,,,,,,,,,,,
2/13/2020,2020,2,13,10,30,164,470,-25.4,0.87,6.9,45.03,-16.2,999,,,,,,,,,,,,,,,,,,,,,,,,,,,,,,,,,
2/13/2020,2020,2,13,11,30,170,559,-24.4,0.87,6.5,44.37,-14.9,999,,,,,,,,,,,,,,,,,,,,,,,,,,,,,,,,,
2/13/2020,2020,2,13,12,30,159,622,-23.3,0.87,6.1,44.6,-13.8,999,,,,,,,,,,,,,,,,,,,,,,,,,,,,,,,,,
2/13/2020,2020,2,13,13,30,190,486,-22.4,0.87,5.6,45.6,-13.1,999,,,,,,,,,,,,,,,,,,,,,,,,,,,,,,,,,
2/13/2020,2020,2,13,14,30,178,394,-21.8,0.87,5.2,47.26,-12.9,999,,,,,,,,,,,,,,,,,,,,,,,,,,,,,,,,,
2/13/2020,2020,2,13,15,30,134,318,-21.5,0.87,4.7,49.74,-13.2,999,,,,,,,,,,,,,,,,,,,,,,,,,,,,,,,,,
2/13/2020,2020,2,13,16,30,70,298,-21.5,0.87,3.8,54.49,-14.3,999,,,,,,,,,,,,,,,,,,,,,,,,,,,,,,,,,
2/13/2020,2020,2,13,17,30,15,31,-21.6,0.87,3.2,57.44,-15.1,999,,,,,,,,,,,,,,,,,,,,,,,,,,,,,,,,,
2/13/2020,2020,2,13,18,30,0,0,-20.8,0.87,1.8,68.84,-16.4,1000,,,,,,,,,,,,,,,,,,,,,,,,,,,,,,,,,
2/13/2020,2020,2,13,19,30,0,0,-20.5,0.87,1.3,74.2,-17,1001,,,,,,,,,,,,,,,,,,,,,,,,,,,,,,,,,
2/13/2020,2020,2,13,20,30,0,0,-20.6,0.87,1.1,77.02,-17.5,1001,,,,,,,,,,,,,,,,,,,,,,,,,,,,,,,,,
2/13/2020,2020,2,13,21,30,0,0,-20.8,0.87,0.9,78.05,-17.9,1001,,,,,,,,,,,,,,,,,,,,,,,,,,,,,,,,,
2/13/2020,2020,2,13,22,30,0,0,-21,0.87,0.8,77.65,-18.1,1001,,,,,,,,,,,,,,,,,,,,,,,,,,,,,,,,,
2/13/2020,2020,2,13,23,30,0,0,-21.3,0.87,0.7,78.04,-18.4,1002,,,,,,,,,,,,,,,,,,,,,,,,,,,,,,,,,
2/14/2020,2020,2,14,0,30,0,0,-21.5,0.87,0.7,79.46,-18.8,1002,,,,,,,,,,,,,,,,,,,,,,,,,,,,,,,,,
2/14/2020,2020,2,14,1,30,0,0,-21.6,0.87,0.8,80.42,-19.1,1002,,,,,,,,,,,,,,,,,,,,,,,,,,,,,,,,,
2/14/2020,2020,2,14,2,30,0,0,-21.8,0.87,0.9,81.31,-19.4,1001,,,,,,,,,,,,,,,,,,,,,,,,,,,,,,,,,
2/14/2020,2020,2,14,3,30,0,0,-21.9,0.87,1.1,81.74,-19.6,1001,,,,,,,,,,,,,,,,,,,,,,,,,,,,,,,,,
2/14/2020,2020,2,14,4,30,0,0,-22.1,0.87,1.4,81.55,-19.7,1001,,,,,,,,,,,,,,,,,,,,,,,,,,,,,,,,,
2/14/2020,2020,2,14,5,30,0,0,-22.2,0.87,1.8,82.13,-19.9,1001,,,,,,,,,,,,,,,,,,,,,,,,,,,,,,,,,
2/14/2020,2020,2,14,6,30,0,0,-22.2,0.87,2.7,79.6,-19.6,1001,,,,,,,,,,,,,,,,,,,,,,,,,,,,,,,,,
2/14/2020,2020,2,14,7,30,19,65,-22,0.87,3.7,70.78,-18,1001,,,,,,,,,,,,,,,,,,,,,,,,,,,,,,,,,
2/14/2020,2020,2,14,8,30,66,411,-20.8,0.87,4.5,61.68,-15.1,1001,,,,,,,,,,,,,,,,,,,,,,,,,,,,,,,,,
2/14/2020,2020,2,14,9,30,110,497,-20,0.87,5.1,52.66,-12.3,1001,,,,,,,,,,,,,,,,,,,,,,,,,,,,,,,,,
2/14/2020,2020,2,14,10,30,138,575,-19,0.87,5.6,47.84,-10,1000,,,,,,,,,,,,,,,,,,,,,,,,,,,,,,,,,
2/14/2020,2020,2,14,11,30,170,566,-17.9,0.87,6,45.58,-8.2,999,,,,,,,,,,,,,,,,,,,,,,,,,,,,,,,,,
2/14/2020,2020,2,14,12,30,161,621,-16.8,0.87,6.3,44.53,-6.7,997,,,,,,,,,,,,,,,,,,,,,,,,,,,,,,,,,
2/14/2020,2020,2,14,13,30,165,578,-15.7,0.87,6.5,45.07,-5.7,996,,,,,,,,,,,,,,,,,,,,,,,,,,,,,,,,,
2/14/2020,2020,2,14,14,30,163,475,-14.8,0.87,6.7,47.26,-5.3,995,,,,,,,,,,,,,,,,,,,,,,,,,,,,,,,,,
2/14/2020,2020,2,14,15,30,136,323,-14,0.87,6.5,51.5,-5.6,994,,,,,,,,,,,,,,,,,,,,,,,,,,,,,,,,,
2/14/2020,2020,2,14,16,30,81,92,-13.4,0.87,5.8,59.38,-6.8,993,,,,,,,,,,,,,,,,,,,,,,,,,,,,,,,,,
2/14/2020,2020,2,14,17,30,12,0,-13,0.87,5.3,66.09,-7.8,993,,,,,,,,,,,,,,,,,,,,,,,,,,,,,,,,,
2/14/2020,2020,2,14,18,30,0,0,-13,0.87,5.2,74.48,-9.3,992,,,,,,,,,,,,,,,,,,,,,,,,,,,,,,,,,
2/14/2020,2020,2,14,19,30,0,0,-13,0.87,5.3,78.03,-9.9,991,,,,,,,,,,,,,,,,,,,,,,,,,,,,,,,,,
2/14/2020,2020,2,14,20,30,0,0,-13,0.87,5.5,79.19,-10.1,990,,,,,,,,,,,,,,,,,,,,,,,,,,,,,,,,,
2/14/2020,2020,2,14,21,30,0,0,-12.9,0.87,5.5,80.27,-10.1,990,,,,,,,,,,,,,,,,,,,,,,,,,,,,,,,,,
2/14/2020,2020,2,14,22,30,0,0,-12.5,0.87,5.2,81.62,-10,989,,,,,,,,,,,,,,,,,,,,,,,,,,,,,,,,,
2/14/2020,2020,2,14,23,30,0,0,-12.2,0.87,4.9,81.65,-9.7,989,,,,,,,,,,,,,,,,,,,,,,,,,,,,,,,,,
2/15/2020,2020,2,15,0,30,0,0,-11.8,0.87,4.5,80.99,-9.1,988,,,,,,,,,,,,,,,,,,,,,,,,,,,,,,,,,
2/15/2020,2020,2,15,1,30,0,0,-11.1,0.87,4.2,82.19,-8.6,987,,,,,,,,,,,,,,,,,,,,,,,,,,,,,,,,,
2/15/2020,2020,2,15,2,30,0,0,-10.4,0.87,4.4,83.41,-8.1,986,,,,,,,,,,,,,,,,,,,,,,,,,,,,,,,,,
2/15/2020,2020,2,15,3,30,0,0,-9.7,0.87,4.5,84.93,-7.6,986,,,,,,,,,,,,,,,,,,,,,,,,,,,,,,,,,
2/15/2020,2020,2,15,4,30,0,0,-9.1,0.87,4.5,85.68,-7.1,985,,,,,,,,,,,,,,,,,,,,,,,,,,,,,,,,,
2/15/2020,2020,2,15,5,30,0,0,-8.5,0.87,4.3,86.58,-6.6,985,,,,,,,,,,,,,,,,,,,,,,,,,,,,,,,,,
2/15/2020,2020,2,15,6,30,0,0,-7.8,0.87,4.1,86.75,-5.9,985,,,,,,,,,,,,,,,,,,,,,,,,,,,,,,,,,
2/15/2020,2020,2,15,7,30,15,3,-7,0.87,4.4,83.36,-4.6,984,,,,,,,,,,,,,,,,,,,,,,,,,,,,,,,,,
2/15/2020,2020,2,15,8,30,66,401,-5.7,0.87,5.1,76.62,-2.1,984,,,,,,,,,,,,,,,,,,,,,,,,,,,,,,,,,
2/15/2020,2020,2,15,9,30,78,807,-3.6,0.87,5.8,72.16,0.8,984,,,,,,,,,,,,,,,,,,,,,,,,,,,,,,,,,
2/15/2020,2020,2,15,10,30,90,888,-2.1,0.87,5.8,69.03,3,984,,,,,,,,,,,,,,,,,,,,,,,,,,,,,,,,,
2/15/2020,2020,2,15,11,30,93,929,-1.5,0.87,5.5,65.05,4.5,984,,,,,,,,,,,,,,,,,,,,,,,,,,,,,,,,,
2/15/2020,2020,2,15,12,30,90,969,-0.9,0.87,5.4,62.32,5.7,984,,,,,,,,,,,,,,,,,,,,,,,,,,,,,,,,,
2/15/2020,2020,2,15,13,30,82,976,-0.6,0.87,4.9,60.85,6.4,984,,,,,,,,,,,,,,,,,,,,,,,,,,,,,,,,,
2/15/2020,2020,2,15,14,30,76,942,-0.7,0.87,4.2,59.99,6.5,984,,,,,,,,,,,,,,,,,,,,,,,,,,,,,,,,,
2/15/2020,2020,2,15,15,30,66,868,-0.7,0.87,2.8,66.51,5,985,,,,,,,,,,,,,,,,,,,,,,,,,,,,,,,,,
2/15/2020,2020,2,15,16,30,49,719,-0.1,0.87,1.7,86.72,1.9,986,,,,,,,,,,,,,,,,,,,,,,,,,,,,,,,,,
2/15/2020,2020,2,15,17,30,19,268,-2.6,0.87,1.7,81.21,0.2,986,,,,,,,,,,,,,,,,,,,,,,,,,,,,,,,,,
2/15/2020,2020,2,15,18,30,0,0,-3.3,0.87,1.5,81.88,-0.6,987,,,,,,,,,,,,,,,,,,,,,,,,,,,,,,,,,
2/15/2020,2020,2,15,19,30,0,0,-3.5,0.87,1.4,80.88,-0.6,987,,,,,,,,,,,,,,,,,,,,,,,,,,,,,,,,,
2/15/2020,2020,2,15,20,30,0,0,-3.6,0.87,1.3,80.07,-0.6,987,,,,,,,,,,,,,,,,,,,,,,,,,,,,,,,,,
2/15/2020,2020,2,15,21,30,0,0,-3.7,0.87,1.3,81.45,-0.9,988,,,,,,,,,,,,,,,,,,,,,,,,,,,,,,,,,
2/15/2020,2020,2,15,22,30,0,0,-3.6,0.87,1.4,83.68,-1.2,988,,,,,,,,,,,,,,,,,,,,,,,,,,,,,,,,,
2/15/2020,2020,2,15,23,30,0,0,-3.7,0.87,1.4,83.92,-1.3,988,,,,,,,,,,,,,,,,,,,,,,,,,,,,,,,,,
2/16/2020,2020,2,16,0,30,0,0,-3.6,0.87,1.4,84.37,-1.3,988,,,,,,,,,,,,,,,,,,,,,,,,,,,,,,,,,
2/16/2020,2020,2,16,1,30,0,0,-3.5,0.87,1.4,85.41,-1.4,988,,,,,,,,,,,,,,,,,,,,,,,,,,,,,,,,,
2/16/2020,2020,2,16,2,30,0,0,-3.7,0.87,1.5,87.2,-1.9,988,,,,,,,,,,,,,,,,,,,,,,,,,,,,,,,,,
2/16/2020,2020,2,16,3,30,0,0,-4.3,0.87,1.6,87.21,-2.5,987,,,,,,,,,,,,,,,,,,,,,,,,,,,,,,,,,
2/16/2020,2020,2,16,4,30,0,0,-4.6,0.87,1.6,88.04,-2.9,987,,,,,,,,,,,,,,,,,,,,,,,,,,,,,,,,,
2/16/2020,2020,2,16,5,30,0,0,-4.6,0.87,1.5,89.47,-3.1,987,,,,,,,,,,,,,,,,,,,,,,,,,,,,,,,,,
2/16/2020,2020,2,16,6,30,0,0,-4.4,0.87,1.4,89.96,-3,987,,,,,,,,,,,,,,,,,,,,,,,,,,,,,,,,,
2/16/2020,2020,2,16,7,30,22,198,-4.1,0.87,1.8,82.66,-1.5,987,,,,,,,,,,,,,,,,,,,,,,,,,,,,,,,,,
2/16/2020,2020,2,16,8,30,84,202,-2.6,0.87,2.2,78.75,0.7,987,,,,,,,,,,,,,,,,,,,,,,,,,,,,,,,,,
2/16/2020,2020,2,16,9,30,88,640,-1.5,0.87,2.4,73.65,2.7,987,,,,,,,,,,,,,,,,,,,,,,,,,,,,,,,,,
2/16/2020,2020,2,16,10,30,91,857,-1.1,0.87,3.1,65.56,4.8,987,,,,,,,,,,,,,,,,,,,,,,,,,,,,,,,,,
2/16/2020,2020,2,16,11,30,162,599,-1.2,0.87,3.6,59.23,6.2,987,,,,,,,,,,,,,,,,,,,,,,,,,,,,,,,,,
2/16/2020,2020,2,16,12,30,104,873,-1.2,0.87,3.8,55.55,7.1,986,,,,,,,,,,,,,,,,,,,,,,,,,,,,,,,,,
2/16/2020,2020,2,16,13,30,110,879,-1.2,0.87,3.8,54.08,7.5,985,,,,,,,,,,,,,,,,,,,,,,,,,,,,,,,,,
2/16/2020,2020,2,16,14,30,118,676,-1,0.87,3.1,57.42,6.8,984,,,,,,,,,,,,,,,,,,,,,,,,,,,,,,,,,
2/16/2020,2020,2,16,15,30,95,584,0.5,0.87,2.2,72.43,5,984,,,,,,,,,,,,,,,,,,,,,,,,,,,,,,,,,
2/16/2020,2020,2,16,16,30,73,310,0.4,0.87,2,84.05,2.8,984,,,,,,,,,,,,,,,,,,,,,,,,,,,,,,,,,
2/16/2020,2020,2,16,17,30,19,67,-0.9,0.87,2.1,81.91,1.9,984,,,,,,,,,,,,,,,,,,,,,,,,,,,,,,,,,
2/16/2020,2020,2,16,18,30,0,0,-1.2,0.87,2.5,85.07,1,984,,,,,,,,,,,,,,,,,,,,,,,,,,,,,,,,,
2/16/2020,2020,2,16,19,30,0,0,-1.5,0.87,2.7,86.71,0.5,984,,,,,,,,,,,,,,,,,,,,,,,,,,,,,,,,,
2/16/2020,2020,2,16,20,30,0,0,-1.6,0.87,2.9,87.14,0.3,984,,,,,,,,,,,,,,,,,,,,,,,,,,,,,,,,,
2/16/2020,2020,2,16,21,30,0,0,-1.4,0.87,3.1,87.88,0.4,984,,,,,,,,,,,,,,,,,,,,,,,,,,,,,,,,,
2/16/2020,2020,2,16,22,30,0,0,-1.1,0.87,3.2,89.82,0.4,983,,,,,,,,,,,,,,,,,,,,,,,,,,,,,,,,,
2/16/2020,2020,2,16,23,30,0,0,-1,0.87,3,92.37,0.1,983,,,,,,,,,,,,,,,,,,,,,,,,,,,,,,,,,
2/17/2020,2020,2,17,0,30,0,0,-1,0.87,2.8,93.83,-0.1,983,,,,,,,,,,,,,,,,,,,,,,,,,,,,,,,,,
2/17/2020,2020,2,17,1,30,0,0,-1,0.87,2.5,95.21,-0.3,982,,,,,,,,,,,,,,,,,,,,,,,,,,,,,,,,,
2/17/2020,2020,2,17,2,30,0,0,-1,0.87,2.1,95.33,-0.3,982,,,,,,,,,,,,,,,,,,,,,,,,,,,,,,,,,
2/17/2020,2020,2,17,3,30,0,0,-0.9,0.87,1.9,96.08,-0.4,982,,,,,,,,,,,,,,,,,,,,,,,,,,,,,,,,,
2/17/2020,2020,2,17,4,30,0,0,-1,0.87,2,95.36,-0.3,981,,,,,,,,,,,,,,,,,,,,,,,,,,,,,,,,,
2/17/2020,2020,2,17,5,30,0,0,-0.9,0.87,2.3,94.46,-0.1,981,,,,,,,,,,,,,,,,,,,,,,,,,,,,,,,,,
2/17/2020,2020,2,17,6,30,0,0,-0.8,0.87,2.7,93.25,0.2,981,,,,,,,,,,,,,,,,,,,,,,,,,,,,,,,,,
2/17/2020,2020,2,17,7,30,14,0,-0.5,0.87,3.2,90.94,0.8,981,,,,,,,,,,,,,,,,,,,,,,,,,,,,,,,,,
2/17/2020,2020,2,17,8,30,74,53,-0.1,0.87,3.4,89.98,1.4,981,,,,,,,,,,,,,,,,,,,,,,,,,,,,,,,,,
2/17/2020,2020,2,17,9,30,141,320,0.6,0.87,3.4,88.47,2.3,980,,,,,,,,,,,,,,,,,,,,,,,,,,,,,,,,,
2/17/2020,2020,2,17,10,30,147,482,1.5,0.87,3.5,86.56,3.5,980,,,,,,,,,,,,,,,,,,,,,,,,,,,,,,,,,
2/17/2020,2020,2,17,11,30,185,125,2.6,0.87,3.5,85.42,4.8,979,,,,,,,,,,,,,,,,,,,,,,,,,,,,,,,,,
2/17/2020,2020,2,17,12,30,246,112,3.6,0.87,3.3,85.52,5.8,978,,,,,,,,,,,,,,,,,,,,,,,,,,,,,,,,,
2/17/2020,2020,2,17,13,30,170,406,4.4,0.87,2.7,89.16,6.1,977,,,,,,,,,,,,,,,,,,,,,,,,,,,,,,,,,
2/17/2020,2020,2,17,14,30,206,258,4.9,0.87,1.8,96.42,5.4,977,,,,,,,,,,,,,,,,,,,,,,,,,,,,,,,,,
2/17/2020,2020,2,17,15,30,138,133,4.4,0.87,1.7,100,4.4,977,,,,,,,,,,,,,,,,,,,,,,,,,,,,,,,,,
2/17/2020,2020,2,17,16,30,61,1,4,0.87,3.2,100,4,978,,,,,,,,,,,,,,,,,,,,,,,,,,,,,,,,,
2/17/2020,2020,2,17,17,30,12,0,4,0.87,4.4,100,4,978,,,,,,,,,,,,,,,,,,,,,,,,,,,,,,,,,
2/17/2020,2020,2,17,18,30,0,0,1.5,0.16,6.8,100,1.5,980,,,,,,,,,,,,,,,,,,,,,,,,,,,,,,,,,
2/17/2020,2020,2,17,19,30,0,0,-0.4,0.16,7.4,100,-0.4,982,,,,,,,,,,,,,,,,,,,,,,,,,,,,,,,,,
2/17/2020,2020,2,17,20,30,0,0,-2.3,0.16,7.4,95.49,-1.7,983,,,,,,,,,,,,,,,,,,,,,,,,,,,,,,,,,
2/17/2020,2020,2,17,21,30,0,0,-3.7,0.16,7.2,90.91,-2.4,984,,,,,,,,,,,,,,,,,,,,,,,,,,,,,,,,,
2/17/2020,2020,2,17,22,30,0,0,-4.6,0.16,6.7,88.03,-2.9,984,,,,,,,,,,,,,,,,,,,,,,,,,,,,,,,,,
2/17/2020,2020,2,17,23,30,0,0,-5.2,0.16,6.3,86.1,-3.2,985,,,,,,,,,,,,,,,,,,,,,,,,,,,,,,,,,
2/18/2020,2020,2,18,0,30,0,0,-5.6,0.16,6,84.86,-3.4,987,,,,,,,,,,,,,,,,,,,,,,,,,,,,,,,,,
2/18/2020,2020,2,18,1,30,0,0,-6,0.16,5.9,83.06,-3.5,988,,,,,,,,,,,,,,,,,,,,,,,,,,,,,,,,,
2/18/2020,2020,2,18,2,30,0,0,-6.4,0.16,5.8,82.05,-3.8,989,,,,,,,,,,,,,,,,,,,,,,,,,,,,,,,,,
2/18/2020,2020,2,18,3,30,0,0,-6.8,0.16,5.6,80.97,-4,990,,,,,,,,,,,,,,,,,,,,,,,,,,,,,,,,,
2/18/2020,2020,2,18,4,30,0,0,-7.1,0.16,5.2,80.96,-4.3,991,,,,,,,,,,,,,,,,,,,,,,,,,,,,,,,,,
2/18/2020,2020,2,18,5,30,0,0,-7.4,0.16,4.8,80.47,-4.5,992,,,,,,,,,,,,,,,,,,,,,,,,,,,,,,,,,
2/18/2020,2020,2,18,6,30,0,0,-7.6,0.16,4.7,78.77,-4.5,993,,,,,,,,,,,,,,,,,,,,,,,,,,,,,,,,,
2/18/2020,2020,2,18,7,30,23,379,-7.6,0.16,5.3,72.43,-3.4,994,,,,,,,,,,,,,,,,,,,,,,,,,,,,,,,,,
2/18/2020,2020,2,18,8,30,86,178,-7.9,0.16,6,62.96,-1.8,995,,,,,,,,,,,,,,,,,,,,,,,,,,,,,,,,,
2/18/2020,2020,2,18,9,30,126,451,-7.8,0.16,6,57.16,-0.3,995,,,,,,,,,,,,,,,,,,,,,,,,,,,,,,,,,
2/18/2020,2020,2,18,10,30,69,927,-7.1,0.16,5.4,54.95,0.9,995,,,,,,,,,,,,,,,,,,,,,,,,,,,,,,,,,
2/18/2020,2020,2,18,11,30,73,976,-6.4,0.16,4.7,54.23,1.9,995,,,,,,,,,,,,,,,,,,,,,,,,,,,,,,,,,
2/18/2020,2020,2,18,12,30,81,971,-5.7,0.16,4.2,53.91,2.7,995,,,,,,,,,,,,,,,,,,,,,,,,,,,,,,,,,
2/18/2020,2020,2,18,13,30,82,949,-5.1,0.16,4,54.79,3.1,995,,,,,,,,,,,,,,,,,,,,,,,,,,,,,,,,,
2/18/2020,2020,2,18,14,30,155,532,-4.7,0.16,4.1,57.07,3,996,,,,,,,,,,,,,,,,,,,,,,,,,,,,,,,,,
2/18/2020,2020,2,18,15,30,68,835,-4.5,0.16,3.6,61.28,2.2,996,,,,,,,,,,,,,,,,,,,,,,,,,,,,,,,,,
2/18/2020,2020,2,18,16,30,52,681,-3.9,0.16,2.4,75,0,997,,,,,,,,,,,,,,,,,,,,,,,,,,,,,,,,,
2/18/2020,2020,2,18,17,30,23,272,-4.4,0.16,1.8,81.2,-1.6,997,,,,,,,,,,,,,,,,,,,,,,,,,,,,,,,,,
2/18/2020,2020,2,18,18,30,0,0,-5.1,0.16,2.4,85.09,-2.9,998,,,,,,,,,,,,,,,,,,,,,,,,,,,,,,,,,
2/18/2020,2020,2,18,19,30,0,0,-5.4,0.16,3,87.18,-3.6,999,,,,,,,,,,,,,,,,,,,,,,,,,,,,,,,,,
2/18/2020,2020,2,18,20,30,0,0,-6.2,0.16,3.5,87.71,-4.5,1000,,,,,,,,,,,,,,,,,,,,,,,,,,,,,,,,,
2/18/2020,2020,2,18,21,30,0,0,-7.3,0.16,3.6,85.6,-5.3,1001,,,,,,,,,,,,,,,,,,,,,,,,,,,,,,,,,
2/18/2020,2020,2,18,22,30,0,0,-8.9,0.16,3.7,80.05,-6,1001,,,,,,,,,,,,,,,,,,,,,,,,,,,,,,,,,
2/18/2020,2020,2,18,23,30,0,0,-10.2,0.16,3.7,74.98,-6.5,1002,,,,,,,,,,,,,,,,,,,,,,,,,,,,,,,,,
2/19/2020,2020,2,19,0,30,0,0,-11.3,0.16,3.6,71.43,-7,1003,,,,,,,,,,,,,,,,,,,,,,,,,,,,,,,,,
2/19/2020,2020,2,19,1,30,0,0,-12.2,0.16,3.5,67.98,-7.3,1003,,,,,,,,,,,,,,,,,,,,,,,,,,,,,,,,,
2/19/2020,2020,2,19,2,30,0,0,-12.8,0.16,3.5,66.85,-7.7,1003,,,,,,,,,,,,,,,,,,,,,,,,,,,,,,,,,
2/19/2020,2020,2,19,3,30,0,0,-13.3,0.16,3.4,66.28,-8.1,1003,,,,,,,,,,,,,,,,,,,,,,,,,,,,,,,,,
2/19/2020,2020,2,19,4,30,0,0,-13.8,0.16,3.3,66.23,-8.6,1004,,,,,,,,,,,,,,,,,,,,,,,,,,,,,,,,,
2/19/2020,2020,2,19,5,30,0,0,-14.2,0.16,3.2,66.51,-9.1,1004,,,,,,,,,,,,,,,,,,,,,,,,,,,,,,,,,
2/19/2020,2020,2,19,6,30,0,0,-14.5,0.16,3.1,65.97,-9.3,1005,,,,,,,,,,,,,,,,,,,,,,,,,,,,,,,,,
2/19/2020,2020,2,19,7,30,16,0,-14.7,0.16,3.1,62.49,-8.8,1005,,,,,,,,,,,,,,,,,,,,,,,,,,,,,,,,,
2/19/2020,2020,2,19,8,30,69,0,-14.5,0.16,3.1,58.5,-7.8,1006,,,,,,,,,,,,,,,,,,,,,,,,,,,,,,,,,
2/19/2020,2020,2,19,9,30,130,44,-14,0.16,3.1,56.26,-6.7,1006,,,,,,,,,,,,,,,,,,,,,,,,,,,,,,,,,
2/19/2020,2020,2,19,10,30,127,0,-13.1,0.16,3.1,55.95,-5.7,1006,,,,,,,,,,,,,,,,,,,,,,,,,,,,,,,,,
2/19/2020,2020,2,19,11,30,103,0,-12.1,0.16,3.3,57.3,-5,1005,,,,,,,,,,,,,,,,,,,,,,,,,,,,,,,,,
2/19/2020,2020,2,19,12,30,116,0,-11.5,0.16,3.6,60.02,-4.9,1005,,,,,,,,,,,,,,,,,,,,,,,,,,,,,,,,,
2/19/2020,2020,2,19,13,30,189,11,-11.1,0.16,3.8,62.8,-5.1,1005,,,,,,,,,,,,,,,,,,,,,,,,,,,,,,,,,
2/19/2020,2020,2,19,14,30,186,24,-11,0.16,3.9,65.78,-5.6,1005,,,,,,,,,,,,,,,,,,,,,,,,,,,,,,,,,
2/19/2020,2020,2,19,15,30,135,12,-11.1,0.16,3.9,69.06,-6.4,1005,,,,,,,,,,,,,,,,,,,,,,,,,,,,,,,,,
2/19/2020,2020,2,19,16,30,84,208,-11.5,0.16,3.9,71.47,-7.2,1005,,,,,,,,,,,,,,,,,,,,,,,,,,,,,,,,,
2/19/2020,2020,2,19,17,30,14,0,-11.9,0.16,3.9,71.01,-7.6,1005,,,,,,,,,,,,,,,,,,,,,,,,,,,,,,,,,
2/19/2020,2020,2,19,18,30,0,0,-12.4,0.87,4,72.98,-8.4,1006,,,,,,,,,,,,,,,,,,,,,,,,,,,,,,,,,
2/19/2020,2020,2,19,19,30,0,0,-12.8,0.87,4,72.33,-8.7,1006,,,,,,,,,,,,,,,,,,,,,,,,,,,,,,,,,
2/19/2020,2020,2,19,20,30,0,0,-13.2,0.87,4,71.8,-9,1007,,,,,,,,,,,,,,,,,,,,,,,,,,,,,,,,,
2/19/2020,2020,2,19,21,30,0,0,-13.5,0.87,4,70.75,-9.2,1007,,,,,,,,,,,,,,,,,,,,,,,,,,,,,,,,,
2/19/2020,2020,2,19,22,30,0,0,-13.8,0.87,3.9,70.64,-9.5,1008,,,,,,,,,,,,,,,,,,,,,,,,,,,,,,,,,
2/19/2020,2020,2,19,23,30,0,0,-14.1,0.87,3.5,72,-10,1008,,,,,,,,,,,,,,,,,,,,,,,,,,,,,,,,,
2/20/2020,2020,2,20,0,30,0,0,-14.3,0.87,2.8,76.52,-11,1008,,,,,,,,,,,,,,,,,,,,,,,,,,,,,,,,,
2/20/2020,2020,2,20,1,30,0,0,-14.6,0.87,2.4,81.27,-12,1009,,,,,,,,,,,,,,,,,,,,,,,,,,,,,,,,,
2/20/2020,2020,2,20,2,30,0,0,-15.1,0.87,2.2,83.79,-12.9,1009,,,,,,,,,,,,,,,,,,,,,,,,,,,,,,,,,
2/20/2020,2020,2,20,3,30,0,0,-15.7,0.87,2.3,85.26,-13.8,1009,,,,,,,,,,,,,,,,,,,,,,,,,,,,,,,,,
2/20/2020,2020,2,20,4,30,0,0,-16.4,0.87,2.3,85.93,-14.6,1009,,,,,,,,,,,,,,,,,,,,,,,,,,,,,,,,,
2/20/2020,2020,2,20,5,30,0,0,-17.1,0.87,2.3,85.95,-15.3,1010,,,,,,,,,,,,,,,,,,,,,,,,,,,,,,,,,
2/20/2020,2020,2,20,6,30,0,0,-17.9,0.87,2.4,82.64,-15.6,1010,,,,,,,,,,,,,,,,,,,,,,,,,,,,,,,,,
2/20/2020,2020,2,20,7,30,25,510,-18.4,0.87,2.8,73.4,-14.7,1011,,,,,,,,,,,,,,,,,,,,,,,,,,,,,,,,,
2/20/2020,2020,2,20,8,30,48,832,-18.7,0.87,2.8,62.12,-13,1011,,,,,,,,,,,,,,,,,,,,,,,,,,,,,,,,,
2/20/2020,2020,2,20,9,30,63,955,-18.2,0.87,2.7,56.48,-11.2,1011,,,,,,,,,,,,,,,,,,,,,,,,,,,,,,,,,
2/20/2020,2020,2,20,10,30,73,1016,-17.4,0.87,2.5,51.42,-9.2,1011,,,,,,,,,,,,,,,,,,,,,,,,,,,,,,,,,
2/20/2020,2020,2,20,11,30,80,1033,-16.7,0.87,2.4,47.5,-7.4,1011,,,,,,,,,,,,,,,,,,,,,,,,,,,,,,,,,
2/20/2020,2020,2,20,12,30,84,1027,-16.1,0.87,2.3,44.69,-6,1010,,,,,,,,,,,,,,,,,,,,,,,,,,,,,,,,,
2/20/2020,2020,2,20,13,30,82,1017,-15.7,0.87,2.2,42.7,-5,1009,,,,,,,,,,,,,,,,,,,,,,,,,,,,,,,,,
2/20/2020,2020,2,20,14,30,76,986,-15.4,0.87,2,42.31,-4.5,1008,,,,,,,,,,,,,,,,,,,,,,,,,,,,,,,,,
2/20/2020,2020,2,20,15,30,65,923,-15.3,0.87,1.8,42.76,-4.5,1008,,,,,,,,,,,,,,,,,,,,,,,,,,,,,,,,,
2/20/2020,2020,2,20,16,30,49,792,-15.1,0.87,1.2,47.03,-5.6,1008,,,,,,,,,,,,,,,,,,,,,,,,,,,,,,,,,
2/20/2020,2020,2,20,17,30,23,440,-12.6,0.87,0.8,61.67,-6.4,1007,,,,,,,,,,,,,,,,,,,,,,,,,,,,,,,,,
2/20/2020,2020,2,20,18,30,0,0,-14,0.87,0.9,60.53,-7.7,1007,,,,,,,,,,,,,,,,,,,,,,,,,,,,,,,,,
2/20/2020,2020,2,20,19,30,0,0,-14.4,0.87,1.1,63.25,-8.7,1007,,,,,,,,,,,,,,,,,,,,,,,,,,,,,,,,,
2/20/2020,2020,2,20,20,30,0,0,-14.5,0.87,1.3,67.36,-9.6,1007,,,,,,,,,,,,,,,,,,,,,,,,,,,,,,,,,
2/20/2020,2020,2,20,21,30,0,0,-14.6,0.87,1.5,70.16,-10.2,1007,,,,,,,,,,,,,,,,,,,,,,,,,,,,,,,,,
2/20/2020,2020,2,20,22,30,0,0,-14.7,0.87,1.8,71.36,-10.5,1006,,,,,,,,,,,,,,,,,,,,,,,,,,,,,,,,,
2/20/2020,2020,2,20,23,30,0,0,-14.7,0.87,2.3,71.45,-10.5,1006,,,,,,,,,,,,,,,,,,,,,,,,,,,,,,,,,
2/21/2020,2020,2,21,0,30,0,0,-14.5,0.87,2.8,71.67,-10.4,1006,,,,,,,,,,,,,,,,,,,,,,,,,,,,,,,,,
2/21/2020,2020,2,21,1,30,0,0,-14.3,0.87,3.3,73.04,-10.4,1005,,,,,,,,,,,,,,,,,,,,,,,,,,,,,,,,,
2/21/2020,2020,2,21,2,30,0,0,-14,0.87,3.7,74.9,-10.4,1004,,,,,,,,,,,,,,,,,,,,,,,,,,,,,,,,,
2/21/2020,2020,2,21,3,30,0,0,-13.7,0.87,3.8,78.16,-10.6,1003,,,,,,,,,,,,,,,,,,,,,,,,,,,,,,,,,
2/21/2020,2020,2,21,4,30,0,0,-13.3,0.87,3.8,81.54,-10.8,1003,,,,,,,,,,,,,,,,,,,,,,,,,,,,,,,,,
2/21/2020,2020,2,21,5,30,0,0,-13,0.87,3.8,84.36,-10.9,1002,,,,,,,,,,,,,,,,,,,,,,,,,,,,,,,,,
2/21/2020,2020,2,21,6,30,0,0,-12.7,0.87,4.2,84,-10.5,1002,,,,,,,,,,,,,,,,,,,,,,,,,,,,,,,,,
2/21/2020,2020,2,21,7,30,27,476,-12.1,0.87,4.9,77.44,-8.9,1002,,,,,,,,,,,,,,,,,,,,,,,,,,,,,,,,,
2/21/2020,2020,2,21,8,30,53,800,-10.9,0.87,5.5,67.6,-5.9,1001,,,,,,,,,,,,,,,,,,,,,,,,,,,,,,,,,
2/21/2020,2020,2,21,9,30,70,925,-9.5,0.87,6.3,57.9,-2.3,1001,,,,,,,,,,,,,,,,,,,,,,,,,,,,,,,,,
2/21/2020,2020,2,21,10,30,81,970,-8.4,0.87,7.1,49.8,0.9,1000,,,,,,,,,,,,,,,,,,,,,,,,,,,,,,,,,
2/21/2020,2020,2,21,11,30,90,997,-7.4,0.87,7.6,45.56,3.3,998,,,,,,,,,,,,,,,,,,,,,,,,,,,,,,,,,
2/21/2020,2020,2,21,12,30,95,1001,-6.3,0.87,7.8,44.53,4.8,997,,,,,,,,,,,,,,,,,,,,,,,,,,,,,,,,,
2/21/2020,2020,2,21,13,30,93,990,-5.3,0.87,7.8,44.98,5.7,996,,,,,,,,,,,,,,,,,,,,,,,,,,,,,,,,,
2/21/2020,2020,2,21,14,30,86,954,-4.6,0.87,7.3,46.76,5.9,995,,,,,,,,,,,,,,,,,,,,,,,,,,,,,,,,,
2/21/2020,2020,2,21,15,30,73,880,-4.1,0.87,6.3,51.57,5.1,994,,,,,,,,,,,,,,,,,,,,,,,,,,,,,,,,,
2/21/2020,2020,2,21,16,30,55,738,-3.4,0.87,5.1,62.91,3,994,,,,,,,,,,,,,,,,,,,,,,,,,,,,,,,,,
2/21/2020,2020,2,21,17,30,25,372,-3.3,0.87,4.5,69.83,1.6,994,,,,,,,,,,,,,,,,,,,,,,,,,,,,,,,,,
2/21/2020,2020,2,21,18,30,0,0,-3.5,0.16,4.9,77.29,0,993,,,,,,,,,,,,,,,,,,,,,,,,,,,,,,,,,
2/21/2020,2020,2,21,19,30,0,0,-3.6,0.16,5.3,77.58,-0.2,993,,,,,,,,,,,,,,,,,,,,,,,,,,,,,,,,,
2/21/2020,2020,2,21,20,30,0,0,-3.7,0.16,5.3,78.15,-0.4,993,,,,,,,,,,,,,,,,,,,,,,,,,,,,,,,,,
2/21/2020,2020,2,21,21,30,0,0,-3.7,0.16,4.9,82.03,-1,993,,,,,,,,,,,,,,,,,,,,,,,,,,,,,,,,,
2/21/2020,2020,2,21,22,30,0,0,-3.7,0.16,4.6,85.85,-1.6,992,,,,,,,,,,,,,,,,,,,,,,,,,,,,,,,,,
2/21/2020,2020,2,21,23,30,0,0,-3.7,0.16,4.7,87.91,-2,992,,,,,,,,,,,,,,,,,,,,,,,,,,,,,,,,,
2/22/2020,2020,2,22,0,30,0,0,-3.8,0.16,4.7,89.78,-2.4,992,,,,,,,,,,,,,,,,,,,,,,,,,,,,,,,,,
2/22/2020,2020,2,22,1,30,0,0,-4,0.16,4.6,91.25,-2.8,991,,,,,,,,,,,,,,,,,,,,,,,,,,,,,,,,,
2/22/2020,2020,2,22,2,30,0,0,-4.3,0.16,4.4,93.13,-3.3,991,,,,,,,,,,,,,,,,,,,,,,,,,,,,,,,,,
2/22/2020,2020,2,22,3,30,0,0,-4.5,0.16,4,94.58,-3.8,991,,,,,,,,,,,,,,,,,,,,,,,,,,,,,,,,,
2/22/2020,2020,2,22,4,30,0,0,-4.9,0.16,3.8,95.89,-4.3,990,,,,,,,,,,,,,,,,,,,,,,,,,,,,,,,,,
2/22/2020,2020,2,22,5,30,0,0,-5.1,0.16,3.8,96.39,-4.6,990,,,,,,,,,,,,,,,,,,,,,,,,,,,,,,,,,
2/22/2020,2020,2,22,6,30,0,0,-5.2,0.16,4.1,93.81,-4.4,990,,,,,,,,,,,,,,,,,,,,,,,,,,,,,,,,,
2/22/2020,2020,2,22,7,30,29,395,-5.1,0.16,4.4,85.24,-3,990,,,,,,,,,,,,,,,,,,,,,,,,,,,,,,,,,
2/22/2020,2020,2,22,8,30,53,718,-4.2,0.16,4.5,75.33,-0.4,989,,,,,,,,,,,,,,,,,,,,,,,,,,,,,,,,,
2/22/2020,2020,2,22,9,30,67,854,-2.8,0.16,4.9,66.38,2.8,989,,,,,,,,,,,,,,,,,,,,,,,,,,,,,,,,,
2/22/2020,2020,2,22,10,30,74,921,-1.5,0.16,5.4,59.78,5.7,988,,,,,,,,,,,,,,,,,,,,,,,,,,,,,,,,,
2/22/2020,2020,2,22,11,30,153,690,-0.3,0.16,5.7,56.87,7.7,987,,,,,,,,,,,,,,,,,,,,,,,,,,,,,,,,,
2/22/2020,2020,2,22,12,30,216,500,0.6,0.16,5.9,55.65,9,986,,,,,,,,,,,,,,,,,,,,,,,,,,,,,,,,,
2/22/2020,2020,2,22,13,30,92,913,1.3,0.16,5.8,56,9.7,985,,,,,,,,,,,,,,,,,,,,,,,,,,,,,,,,,
2/22/2020,2020,2,22,14,30,88,871,1.9,0.16,5.3,58.49,9.7,984,,,,,,,,,,,,,,,,,,,,,,,,,,,,,,,,,
2/22/2020,2020,2,22,15,30,80,786,2.6,0.16,4.3,67.26,8.3,984,,,,,,,,,,,,,,,,,,,,,,,,,,,,,,,,,
2/22/2020,2020,2,22,16,30,59,648,2.8,0.16,3.6,82.86,5.5,984,,,,,,,,,,,,,,,,,,,,,,,,,,,,,,,,,
2/22/2020,2020,2,22,17,30,28,289,1.8,0.16,3.5,86.67,3.8,984,,,,,,,,,,,,,,,,,,,,,,,,,,,,,,,,,
2/22/2020,2020,2,22,18,30,0,0,1.6,0.16,3.8,94.38,2.4,984,,,,,,,,,,,,,,,,,,,,,,,,,,,,,,,,,
2/22/2020,2020,2,22,19,30,0,0,1.5,0.16,3.9,97.97,1.8,984,,,,,,,,,,,,,,,,,,,,,,,,,,,,,,,,,
2/22/2020,2020,2,22,20,30,0,0,1.3,0.16,4.1,99.59,1.4,984,,,,,,,,,,,,,,,,,,,,,,,,,,,,,,,,,
2/22/2020,2020,2,22,21,30,0,0,1,0.16,4.2,100,1,984,,,,,,,,,,,,,,,,,,,,,,,,,,,,,,,,,
2/22/2020,2020,2,22,22,30,0,0,0.6,0.16,4.3,100,0.6,983,,,,,,,,,,,,,,,,,,,,,,,,,,,,,,,,,
2/22/2020,2020,2,22,23,30,0,0,0.5,0.16,4.3,100,0.5,983,,,,,,,,,,,,,,,,,,,,,,,,,,,,,,,,,
2/23/2020,2020,2,23,0,30,0,0,0.3,0.16,4.2,100,0.3,983,,,,,,,,,,,,,,,,,,,,,,,,,,,,,,,,,
2/23/2020,2020,2,23,1,30,0,0,-0.1,0.16,4,99.51,0,983,,,,,,,,,,,,,,,,,,,,,,,,,,,,,,,,,
2/23/2020,2020,2,23,2,30,0,0,-0.4,0.16,3.5,98.34,-0.2,983,,,,,,,,,,,,,,,,,,,,,,,,,,,,,,,,,
2/23/2020,2020,2,23,3,30,0,0,-0.7,0.16,3,98.11,-0.4,983,,,,,,,,,,,,,,,,,,,,,,,,,,,,,,,,,
2/23/2020,2020,2,23,4,30,0,0,-0.9,0.16,2.7,98.06,-0.6,983,,,,,,,,,,,,,,,,,,,,,,,,,,,,,,,,,
2/23/2020,2020,2,23,5,30,0,0,-1.1,0.16,2.4,97.25,-0.7,983,,,,,,,,,,,,,,,,,,,,,,,,,,,,,,,,,
2/23/2020,2020,2,23,6,30,0,0,-1.2,0.16,2.3,95.19,-0.5,984,,,,,,,,,,,,,,,,,,,,,,,,,,,,,,,,,
2/23/2020,2020,2,23,7,30,32,279,-1,0.16,2.4,89.16,0.6,984,,,,,,,,,,,,,,,,,,,,,,,,,,,,,,,,,
2/23/2020,2020,2,23,8,30,52,745,-0.1,0.16,2.4,81.57,2.7,984,,,,,,,,,,,,,,,,,,,,,,,,,,,,,,,,,
2/23/2020,2020,2,23,9,30,63,877,1.2,0.16,2.1,73.45,5.6,984,,,,,,,,,,,,,,,,,,,,,,,,,,,,,,,,,
2/23/2020,2020,2,23,10,30,110,776,3.1,0.16,1.9,66.01,9.1,983,,,,,,,,,,,,,,,,,,,,,,,,,,,,,,,,,
2/23/2020,2020,2,23,11,30,75,959,4.2,0.16,1.8,56.95,12.5,983,,,,,,,,,,,,,,,,,,,,,,,,,,,,,,,,,
2/23/2020,2020,2,23,12,30,81,959,2.5,0.16,1.8,43.91,14.7,982,,,,,,,,,,,,,,,,,,,,,,,,,,,,,,,,,
2/23/2020,2020,2,23,13,30,80,943,2.1,0.16,1.9,41.08,15.2,982,,,,,,,,,,,,,,,,,,,,,,,,,,,,,,,,,
2/23/2020,2020,2,23,14,30,113,744,2.8,0.16,1.7,44.77,14.7,982,,,,,,,,,,,,,,,,,,,,,,,,,,,,,,,,,
2/23/2020,2020,2,23,15,30,168,169,5.4,0.16,1.4,63.06,12.2,983,,,,,,,,,,,,,,,,,,,,,,,,,,,,,,,,,
2/23/2020,2020,2,23,16,30,82,68,4.8,0.16,1.7,77.53,8.5,983,,,,,,,,,,,,,,,,,,,,,,,,,,,,,,,,,
2/23/2020,2020,2,23,17,30,26,27,2.6,0.16,2,75.78,6.6,983,,,,,,,,,,,,,,,,,,,,,,,,,,,,,,,,,
2/23/2020,2020,2,23,18,30,0,0,2.5,0.16,3.2,83.94,5,983,,,,,,,,,,,,,,,,,,,,,,,,,,,,,,,,,
2/23/2020,2020,2,23,19,30,0,0,2.1,0.16,3.1,89.27,3.7,983,,,,,,,,,,,,,,,,,,,,,,,,,,,,,,,,,
2/23/2020,2020,2,23,20,30,0,0,1.3,0.16,2.7,92.13,2.4,984,,,,,,,,,,,,,,,,,,,,,,,,,,,,,,,,,
2/23/2020,2020,2,23,21,30,0,0,0.7,0.16,2.8,92.21,1.8,984,,,,,,,,,,,,,,,,,,,,,,,,,,,,,,,,,
2/23/2020,2020,2,23,22,30,0,0,0,0.16,2.9,93.01,1,984,,,,,,,,,,,,,,,,,,,,,,,,,,,,,,,,,
2/23/2020,2020,2,23,23,30,0,0,-0.8,0.16,2.9,92.4,0.3,983,,,,,,,,,,,,,,,,,,,,,,,,,,,,,,,,,
2/24/2020,2020,2,24,0,30,0,0,-1.4,0.16,3,91.67,-0.2,983,,,,,,,,,,,,,,,,,,,,,,,,,,,,,,,,,
2/24/2020,2020,2,24,1,30,0,0,-1.9,0.16,3.1,91.89,-0.7,983,,,,,,,,,,,,,,,,,,,,,,,,,,,,,,,,,
2/24/2020,2020,2,24,2,30,0,0,-2.3,0.16,3.1,91.16,-1,982,,,,,,,,,,,,,,,,,,,,,,,,,,,,,,,,,
2/24/2020,2020,2,24,3,30,0,0,-2.6,0.16,3,90.84,-1.3,982,,,,,,,,,,,,,,,,,,,,,,,,,,,,,,,,,
2/24/2020,2020,2,24,4,30,0,0,-2.8,0.16,2.9,91.23,-1.6,982,,,,,,,,,,,,,,,,,,,,,,,,,,,,,,,,,
2/24/2020,2020,2,24,5,30,0,0,-3,0.16,3.1,90.91,-1.7,982,,,,,,,,,,,,,,,,,,,,,,,,,,,,,,,,,
2/24/2020,2020,2,24,6,30,0,0,-3.1,0.16,3.7,88.96,-1.5,981,,,,,,,,,,,,,,,,,,,,,,,,,,,,,,,,,
2/24/2020,2020,2,24,7,30,28,6,-2.9,0.16,4.2,85.05,-0.7,981,,,,,,,,,,,,,,,,,,,,,,,,,,,,,,,,,
2/24/2020,2020,2,24,8,30,99,27,-2.4,0.16,4.3,81.18,0.5,981,,,,,,,,,,,,,,,,,,,,,,,,,,,,,,,,,
2/24/2020,2020,2,24,9,30,171,59,-1.8,0.16,4.6,75.62,2.1,980,,,,,,,,,,,,,,,,,,,,,,,,,,,,,,,,,
2/24/2020,2020,2,24,10,30,242,153,-1.8,0.16,5.1,68.73,3.4,980,,,,,,,,,,,,,,,,,,,,,,,,,,,,,,,,,
2/24/2020,2020,2,24,11,30,240,419,-2.2,0.16,5.3,62.94,4.2,979,,,,,,,,,,,,,,,,,,,,,,,,,,,,,,,,,
2/24/2020,2020,2,24,12,30,246,429,-2.7,0.16,5.4,59.02,4.6,979,,,,,,,,,,,,,,,,,,,,,,,,,,,,,,,,,
2/24/2020,2020,2,24,13,30,270,274,-3.1,0.16,5.5,56.81,4.8,979,,,,,,,,,,,,,,,,,,,,,,,,,,,,,,,,,
2/24/2020,2020,2,24,14,30,232,106,-3.3,0.16,5.4,56.36,4.7,979,,,,,,,,,,,,,,,,,,,,,,,,,,,,,,,,,
2/24/2020,2020,2,24,15,30,174,160,-3.2,0.16,4.9,59.56,4,979,,,,,,,,,,,,,,,,,,,,,,,,,,,,,,,,,
2/24/2020,2020,2,24,16,30,80,391,-2.6,0.16,4,68.17,2.7,980,,,,,,,,,,,,,,,,,,,,,,,,,,,,,,,,,
2/24/2020,2020,2,24,17,30,24,6,-2.2,0.16,3.6,74.62,1.8,980,,,,,,,,,,,,,,,,,,,,,,,,,,,,,,,,,
2/24/2020,2020,2,24,18,30,0,0,-2.4,0.16,3.5,80.61,0.6,981,,,,,,,,,,,,,,,,,,,,,,,,,,,,,,,,,
2/24/2020,2020,2,24,19,30,0,0,-2.5,0.16,3.6,81.87,0.2,982,,,,,,,,,,,,,,,,,,,,,,,,,,,,,,,,,
2/24/2020,2020,2,24,20,30,0,0,-2.7,0.16,3.5,83.19,-0.2,982,,,,,,,,,,,,,,,,,,,,,,,,,,,,,,,,,
2/24/2020,2020,2,24,21,30,0,0,-2.9,0.16,3.3,84.02,-0.5,982,,,,,,,,,,,,,,,,,,,,,,,,,,,,,,,,,
2/24/2020,2020,2,24,22,30,0,0,-2.9,0.16,3.3,84.74,-0.7,982,,,,,,,,,,,,,,,,,,,,,,,,,,,,,,,,,
2/24/2020,2020,2,24,23,30,0,0,-2.9,0.16,3.3,86.09,-0.9,982,,,,,,,,,,,,,,,,,,,,,,,,,,,,,,,,,
2/25/2020,2020,2,25,0,30,0,0,-2.9,0.16,3.3,87.23,-1,982,,,,,,,,,,,,,,,,,,,,,,,,,,,,,,,,,
2/25/2020,2020,2,25,1,30,0,0,-2.7,0.16,3.4,88.84,-1.1,983,,,,,,,,,,,,,,,,,,,,,,,,,,,,,,,,,
2/25/2020,2020,2,25,2,30,0,0,-2.5,0.16,3.5,90.05,-1.1,983,,,,,,,,,,,,,,,,,,,,,,,,,,,,,,,,,
2/25/2020,2020,2,25,3,30,0,0,-2.3,0.16,3.6,91.45,-1.1,983,,,,,,,,,,,,,,,,,,,,,,,,,,,,,,,,,
2/25/2020,2020,2,25,4,30,0,0,-2.1,0.16,3.7,92.79,-1.1,984,,,,,,,,,,,,,,,,,,,,,,,,,,,,,,,,,
2/25/2020,2020,2,25,5,30,0,0,-2,0.16,3.8,92.91,-1,984,,,,,,,,,,,,,,,,,,,,,,,,,,,,,,,,,
2/25/2020,2020,2,25,6,30,0,0,-2,0.16,4.1,91.89,-0.8,985,,,,,,,,,,,,,,,,,,,,,,,,,,,,,,,,,
2/25/2020,2020,2,25,7,30,28,1,-1.8,0.16,4.8,87.18,0.1,986,,,,,,,,,,,,,,,,,,,,,,,,,,,,,,,,,
2/25/2020,2020,2,25,8,30,91,338,-1.6,0.16,5.7,80.41,1.4,986,,,,,,,,,,,,,,,,,,,,,,,,,,,,,,,,,
2/25/2020,2020,2,25,9,30,159,351,-1.8,0.16,6.4,71.47,2.8,987,,,,,,,,,,,,,,,,,,,,,,,,,,,,,,,,,
2/25/2020,2020,2,25,10,30,195,456,-2,0.16,6.5,65.28,3.9,987,,,,,,,,,,,,,,,,,,,,,,,,,,,,,,,,,
2/25/2020,2020,2,25,11,30,250,392,-2.4,0.16,6.6,60.85,4.5,988,,,,,,,,,,,,,,,,,,,,,,,,,,,,,,,,,
2/25/2020,2020,2,25,12,30,257,411,-3,0.16,6.6,58.02,4.6,988,,,,,,,,,,,,,,,,,,,,,,,,,,,,,,,,,
2/25/2020,2020,2,25,13,30,277,248,-3.5,0.16,6.8,57.15,4.2,988,,,,,,,,,,,,,,,,,,,,,,,,,,,,,,,,,
2/25/2020,2020,2,25,14,30,234,233,-4.2,0.16,7,56.91,3.6,989,,,,,,,,,,,,,,,,,,,,,,,,,,,,,,,,,
2/25/2020,2020,2,25,15,30,164,290,-4.7,0.16,6.8,58.52,2.6,990,,,,,,,,,,,,,,,,,,,,,,,,,,,,,,,,,
2/25/2020,2020,2,25,16,30,100,178,-5,0.16,6.2,62.34,1.4,990,,,,,,,,,,,,,,,,,,,,,,,,,,,,,,,,,
2/25/2020,2020,2,25,17,30,30,30,-4.9,0.16,5.8,65.94,0.7,991,,,,,,,,,,,,,,,,,,,,,,,,,,,,,,,,,
2/25/2020,2020,2,25,18,30,0,0,-4.7,0.16,5.2,72.9,-0.4,992,,,,,,,,,,,,,,,,,,,,,,,,,,,,,,,,,
2/25/2020,2020,2,25,19,30,0,0,-4.4,0.16,4.8,76.1,-0.7,993,,,,,,,,,,,,,,,,,,,,,,,,,,,,,,,,,
2/25/2020,2020,2,25,20,30,0,0,-4.1,0.16,4.6,79.04,-0.9,993,,,,,,,,,,,,,,,,,,,,,,,,,,,,,,,,,
2/25/2020,2020,2,25,21,30,0,0,-3.9,0.16,4.7,79.99,-0.9,993,,,,,,,,,,,,,,,,,,,,,,,,,,,,,,,,,
2/25/2020,2020,2,25,22,30,0,0,-3.9,0.16,4.8,80.19,-0.9,993,,,,,,,,,,,,,,,,,,,,,,,,,,,,,,,,,
2/25/2020,2020,2,25,23,30,0,0,-3.7,0.16,4.8,81.87,-1,993,,,,,,,,,,,,,,,,,,,,,,,,,,,,,,,,,
2/26/2020,2020,2,26,0,30,0,0,-3.5,0.16,4.9,83.62,-1.1,993,,,,,,,,,,,,,,,,,,,,,,,,,,,,,,,,,
2/26/2020,2020,2,26,1,30,0,0,-3.3,0.16,5.1,86.05,-1.3,993,,,,,,,,,,,,,,,,,,,,,,,,,,,,,,,,,
2/26/2020,2020,2,26,2,30,0,0,-3.2,0.16,5.3,88.16,-1.5,993,,,,,,,,,,,,,,,,,,,,,,,,,,,,,,,,,
2/26/2020,2020,2,26,3,30,0,0,-3.2,0.16,5.4,89.77,-1.7,993,,,,,,,,,,,,,,,,,,,,,,,,,,,,,,,,,
2/26/2020,2020,2,26,4,30,0,0,-3.3,0.16,5.6,91.33,-2.1,993,,,,,,,,,,,,,,,,,,,,,,,,,,,,,,,,,
2/26/2020,2020,2,26,5,30,0,0,-3.7,0.16,5.6,90.62,-2.4,993,,,,,,,,,,,,,,,,,,,,,,,,,,,,,,,,,
2/26/2020,2020,2,26,6,30,0,0,-4.4,0.16,5.7,88.07,-2.7,994,,,,,,,,,,,,,,,,,,,,,,,,,,,,,,,,,
2/26/2020,2020,2,26,7,30,28,2,-5.2,0.16,6,81.42,-2.5,994,,,,,,,,,,,,,,,,,,,,,,,,,,,,,,,,,
2/26/2020,2020,2,26,8,30,97,318,-6,0.16,6.2,73.17,-1.8,994,,,,,,,,,,,,,,,,,,,,,,,,,,,,,,,,,
2/26/2020,2020,2,26,9,30,172,52,-6.3,0.16,6.2,66.14,-0.8,995,,,,,,,,,,,,,,,,,,,,,,,,,,,,,,,,,
2/26/2020,2020,2,26,10,30,244,108,-6.9,0.16,6.3,58.82,0.2,995,,,,,,,,,,,,,,,,,,,,,,,,,,,,,,,,,
2/26/2020,2020,2,26,11,30,214,478,-8.1,0.16,6.3,50.39,1.1,994,,,,,,,,,,,,,,,,,,,,,,,,,,,,,,,,,
2/26/2020,2020,2,26,12,30,237,442,-8.9,0.16,6.3,45.11,1.7,994,,,,,,,,,,,,,,,,,,,,,,,,,,,,,,,,,
2/26/2020,2020,2,26,13,30,70,1003,-9.3,0.16,6.1,43.21,1.9,993,,,,,,,,,,,,,,,,,,,,,,,,,,,,,,,,,
2/26/2020,2020,2,26,14,30,73,943,-9.5,0.16,5.7,43.26,1.7,993,,,,,,,,,,,,,,,,,,,,,,,,,,,,,,,,,
2/26/2020,2020,2,26,15,30,63,876,-9.7,0.16,5,44.85,1,993,,,,,,,,,,,,,,,,,,,,,,,,,,,,,,,,,
2/26/2020,2020,2,26,16,30,51,754,-9.5,0.16,3.3,52.87,-1.1,993,,,,,,,,,,,,,,,,,,,,,,,,,,,,,,,,,
2/26/2020,2020,2,26,17,30,31,46,-8.1,0.16,2.1,65.75,-2.6,993,,,,,,,,,,,,,,,,,,,,,,,,,,,,,,,,,
2/26/2020,2020,2,26,18,30,0,0,-8.4,0.16,1.5,73.88,-4.4,993,,,,,,,,,,,,,,,,,,,,,,,,,,,,,,,,,
2/26/2020,2020,2,26,19,30,0,0,-8.1,0.16,1.2,74.79,-4.3,993,,,,,,,,,,,,,,,,,,,,,,,,,,,,,,,,,
2/26/2020,2020,2,26,20,30,0,0,-7.6,0.16,1,74.48,-3.7,993,,,,,,,,,,,,,,,,,,,,,,,,,,,,,,,,,
2/26/2020,2020,2,26,21,30,0,0,-7,0.16,0.9,75.85,-3.3,992,,,,,,,,,,,,,,,,,,,,,,,,,,,,,,,,,
2/26/2020,2020,2,26,22,30,0,0,-6.7,0.16,0.9,76.86,-3.2,992,,,,,,,,,,,,,,,,,,,,,,,,,,,,,,,,,
2/26/2020,2020,2,26,23,30,0,0,-6.1,0.16,1.1,79.71,-3.1,991,,,,,,,,,,,,,,,,,,,,,,,,,,,,,,,,,
2/27/2020,2020,2,27,0,30,0,0,-6.1,0.16,1.4,80.25,-3.2,990,,,,,,,,,,,,,,,,,,,,,,,,,,,,,,,,,
2/27/2020,2020,2,27,1,30,0,0,-6.4,0.16,1.5,82.23,-3.8,990,,,,,,,,,,,,,,,,,,,,,,,,,,,,,,,,,
2/27/2020,2020,2,27,2,30,0,0,-6.7,0.16,1.4,83.1,-4.3,989,,,,,,,,,,,,,,,,,,,,,,,,,,,,,,,,,
2/27/2020,2020,2,27,3,30,0,0,-6.6,0.16,1.3,84.98,-4.5,988,,,,,,,,,,,,,,,,,,,,,,,,,,,,,,,,,
2/27/2020,2020,2,27,4,30,0,0,-6.4,0.16,1.2,87.09,-4.6,988,,,,,,,,,,,,,,,,,,,,,,,,,,,,,,,,,
2/27/2020,2020,2,27,5,30,0,0,-6.2,0.16,1,88.61,-4.6,988,,,,,,,,,,,,,,,,,,,,,,,,,,,,,,,,,
2/27/2020,2020,2,27,6,30,0,0,-5.9,0.16,1.1,87.08,-4.1,988,,,,,,,,,,,,,,,,,,,,,,,,,,,,,,,,,
2/27/2020,2020,2,27,7,30,24,0,-5.6,0.16,1.6,79.69,-2.6,988,,,,,,,,,,,,,,,,,,,,,,,,,,,,,,,,,
2/27/2020,2020,2,27,8,30,103,189,-6.3,0.16,2.1,65.28,-0.6,988,,,,,,,,,,,,,,,,,,,,,,,,,,,,,,,,,
2/27/2020,2020,2,27,9,30,186,138,-6.7,0.16,2.6,55.86,1.1,988,,,,,,,,,,,,,,,,,,,,,,,,,,,,,,,,,
2/27/2020,2020,2,27,10,30,100,834,-7.3,0.16,3,48.77,2.4,988,,,,,,,,,,,,,,,,,,,,,,,,,,,,,,,,,
2/27/2020,2020,2,27,11,30,103,894,-7.3,0.16,3.4,46.75,3,988,,,,,,,,,,,,,,,,,,,,,,,,,,,,,,,,,
2/27/2020,2020,2,27,12,30,108,905,-7.3,0.16,3.9,46.48,3.1,988,,,,,,,,,,,,,,,,,,,,,,,,,,,,,,,,,
2/27/2020,2020,2,27,13,30,162,692,-7.3,0.16,4.4,47,2.9,988,,,,,,,,,,,,,,,,,,,,,,,,,,,,,,,,,
2/27/2020,2020,2,27,14,30,119,757,-7.2,0.16,4.6,48.34,2.6,988,,,,,,,,,,,,,,,,,,,,,,,,,,,,,,,,,
2/27/2020,2020,2,27,15,30,126,522,-7.1,0.16,4.1,51.34,1.9,988,,,,,,,,,,,,,,,,,,,,,,,,,,,,,,,,,
2/27/2020,2020,2,27,16,30,60,669,-6.5,0.16,2.7,61.17,0.1,989,,,,,,,,,,,,,,,,,,,,,,,,,,,,,,,,,
2/27/2020,2020,2,27,17,30,33,82,-5.3,0.16,1.8,74.13,-1.3,989,,,,,,,,,,,,,,,,,,,,,,,,,,,,,,,,,
2/27/2020,2020,2,27,18,30,0,0,-6.2,0.16,1.4,80.61,-3.3,989,,,,,,,,,,,,,,,,,,,,,,,,,,,,,,,,,
2/27/2020,2020,2,27,19,30,0,0,-6.3,0.16,1.3,80.84,-3.5,989,,,,,,,,,,,,,,,,,,,,,,,,,,,,,,,,,
2/27/2020,2020,2,27,20,30,0,0,-6.1,0.16,1.1,78.81,-2.9,989,,,,,,,,,,,,,,,,,,,,,,,,,,,,,,,,,
2/27/2020,2020,2,27,21,30,0,0,-4.8,0.16,1.1,82.95,-2.3,989,,,,,,,,,,,,,,,,,,,,,,,,,,,,,,,,,
2/27/2020,2020,2,27,22,30,0,0,-4.6,0.16,1.3,83.75,-2.2,988,,,,,,,,,,,,,,,,,,,,,,,,,,,,,,,,,
2/27/2020,2020,2,27,23,30,0,0,-4.7,0.16,1.6,83.86,-2.3,988,,,,,,,,,,,,,,,,,,,,,,,,,,,,,,,,,
2/28/2020,2020,2,28,0,30,0,0,-4.8,0.16,2.2,81.49,-2.1,987,,,,,,,,,,,,,,,,,,,,,,,,,,,,,,,,,
2/28/2020,2020,2,28,1,30,0,0,-4.7,0.16,3,80,-1.7,987,,,,,,,,,,,,,,,,,,,,,,,,,,,,,,,,,
2/28/2020,2020,2,28,2,30,0,0,-4.3,0.16,3.1,81.99,-1.6,986,,,,,,,,,,,,,,,,,,,,,,,,,,,,,,,,,
2/28/2020,2020,2,28,3,30,0,0,-3.8,0.16,2.9,85.67,-1.7,986,,,,,,,,,,,,,,,,,,,,,,,,,,,,,,,,,
2/28/2020,2020,2,28,4,30,0,0,-3.4,0.16,2.5,89.89,-2,986,,,,,,,,,,,,,,,,,,,,,,,,,,,,,,,,,
2/28/2020,2020,2,28,5,30,0,0,-3.3,0.16,2.4,93.01,-2.3,986,,,,,,,,,,,,,,,,,,,,,,,,,,,,,,,,,
2/28/2020,2020,2,28,6,30,0,0,-3.1,0.16,3.1,90.51,-1.8,986,,,,,,,,,,,,,,,,,,,,,,,,,,,,,,,,,
2/28/2020,2020,2,28,7,30,35,422,-2.8,0.16,4,83.02,-0.3,987,,,,,,,,,,,,,,,,,,,,,,,,,,,,,,,,,
2/28/2020,2020,2,28,8,30,108,158,-3.2,0.16,4.5,72.63,1.2,988,,,,,,,,,,,,,,,,,,,,,,,,,,,,,,,,,
2/28/2020,2020,2,28,9,30,104,0,-4,0.16,4.9,63.68,2.2,988,,,,,,,,,,,,,,,,,,,,,,,,,,,,,,,,,
2/28/2020,2020,2,28,10,30,51,0,-4.3,0.16,5.2,59,2.9,989,,,,,,,,,,,,,,,,,,,,,,,,,,,,,,,,,
2/28/2020,2020,2,28,11,30,156,2,-4.4,0.16,5.4,56.99,3.3,989,,,,,,,,,,,,,,,,,,,,,,,,,,,,,,,,,
2/28/2020,2020,2,28,12,30,193,7,-4.4,0.16,5.5,55.94,3.6,989,,,,,,,,,,,,,,,,,,,,,,,,,,,,,,,,,
2/28/2020,2020,2,28,13,30,246,46,-4.4,0.16,5.6,56.28,3.5,989,,,,,,,,,,,,,,,,,,,,,,,,,,,,,,,,,
2/28/2020,2020,2,28,14,30,222,45,-4.5,0.16,5.5,57.7,3,989,,,,,,,,,,,,,,,,,,,,,,,,,,,,,,,,,
2/28/2020,2020,2,28,15,30,166,47,-4.8,0.16,5,59.83,2.2,990,,,,,,,,,,,,,,,,,,,,,,,,,,,,,,,,,
2/28/2020,2020,2,28,16,30,66,607,-5.1,0.16,3.5,68.15,0.1,990,,,,,,,,,,,,,,,,,,,,,,,,,,,,,,,,,
2/28/2020,2020,2,28,17,30,29,452,-5.1,0.16,2.3,76.03,-1.4,991,,,,,,,,,,,,,,,,,,,,,,,,,,,,,,,,,
2/28/2020,2020,2,28,18,30,0,0,-5.9,0.16,1.6,84.45,-3.7,992,,,,,,,,,,,,,,,,,,,,,,,,,,,,,,,,,
2/28/2020,2020,2,28,19,30,0,0,-6.3,0.16,1.4,84.84,-4.1,992,,,,,,,,,,,,,,,,,,,,,,,,,,,,,,,,,
2/28/2020,2020,2,28,20,30,0,0,-6.5,0.16,1.1,85.33,-4.4,992,,,,,,,,,,,,,,,,,,,,,,,,,,,,,,,,,
2/28/2020,2020,2,28,21,30,0,0,-6.6,0.16,0.9,83.76,-4.3,992,,,,,,,,,,,,,,,,,,,,,,,,,,,,,,,,,
2/28/2020,2020,2,28,22,30,0,0,-6.8,0.16,0.6,81.53,-4.1,992,,,,,,,,,,,,,,,,,,,,,,,,,,,,,,,,,
2/28/2020,2020,2,28,23,30,0,0,-7,0.16,0.4,78.8,-3.9,992,,,,,,,,,,,,,,,,,,,,,,,,,,,,,,,,,
3/1/2020,2020,3,1,0,30,0,0,1,0.16,5,96.49,1.5,976,,,,,,,,,,,,,,,,,,,,,,,,,,,,,,,,,
3/1/2020,2020,3,1,1,30,0,0,1.5,0.16,4.8,97.47,1.9,975,,,,,,,,,,,,,,,,,,,,,,,,,,,,,,,,,
3/1/2020,2020,3,1,2,30,0,0,2.3,0.16,4.7,98.48,2.5,975,,,,,,,,,,,,,,,,,,,,,,,,,,,,,,,,,
3/1/2020,2020,3,1,3,30,0,0,3.2,0.16,4.6,99.96,3.2,975,,,,,,,,,,,,,,,,,,,,,,,,,,,,,,,,,
3/1/2020,2020,3,1,4,30,0,0,3.8,0.16,4.5,100,3.8,974,,,,,,,,,,,,,,,,,,,,,,,,,,,,,,,,,
3/1/2020,2020,3,1,5,30,0,0,4,0.16,4.3,100,4,974,,,,,,,,,,,,,,,,,,,,,,,,,,,,,,,,,
3/1/2020,2020,3,1,6,30,0,0,4.1,0.16,4.1,100,4.1,974,,,,,,,,,,,,,,,,,,,,,,,,,,,,,,,,,
3/1/2020,2020,3,1,7,30,42,190,4.4,0.16,4.1,97.02,4.8,974,,,,,,,,,,,,,,,,,,,,,,,,,,,,,,,,,
3/1/2020,2020,3,1,8,30,91,427,4.7,0.16,3.9,90.2,6.2,975,,,,,,,,,,,,,,,,,,,,,,,,,,,,,,,,,
3/1/2020,2020,3,1,9,30,193,115,5.8,0.16,3.9,83.06,8.5,975,,,,,,,,,,,,,,,,,,,,,,,,,,,,,,,,,
3/1/2020,2020,3,1,10,30,245,265,6.6,0.16,3.8,76.2,10.6,975,,,,,,,,,,,,,,,,,,,,,,,,,,,,,,,,,
3/1/2020,2020,3,1,11,30,284,303,6.8,0.16,3.5,70.79,11.9,975,,,,,,,,,,,,,,,,,,,,,,,,,,,,,,,,,
3/1/2020,2020,3,1,12,30,287,70,6.6,0.16,3.3,68.07,12.3,975,,,,,,,,,,,,,,,,,,,,,,,,,,,,,,,,,
3/1/2020,2020,3,1,13,30,252,418,6.2,0.16,3.2,66.14,12.3,975,,,,,,,,,,,,,,,,,,,,,,,,,,,,,,,,,
3/1/2020,2020,3,1,14,30,252,188,5.9,0.16,3.1,66.65,11.9,976,,,,,,,,,,,,,,,,,,,,,,,,,,,,,,,,,
3/1/2020,2020,3,1,15,30,143,466,5.9,0.16,2.7,71.36,10.9,976,,,,,,,,,,,,,,,,,,,,,,,,,,,,,,,,,
3/1/2020,2020,3,1,16,30,80,477,5.8,0.16,2.3,83.39,8.5,977,,,,,,,,,,,,,,,,,,,,,,,,,,,,,,,,,
3/1/2020,2020,3,1,17,30,37,119,4,0.16,2.1,82.61,6.8,977,,,,,,,,,,,,,,,,,,,,,,,,,,,,,,,,,
3/1/2020,2020,3,1,18,30,0,0,2.2,0.15,2.3,86.85,4.2,978,,,,,,,,,,,,,,,,,,,,,,,,,,,,,,,,,
3/1/2020,2020,3,1,19,30,0,0,1.2,0.15,2.8,85.98,3.3,979,,,,,,,,,,,,,,,,,,,,,,,,,,,,,,,,,
3/1/2020,2020,3,1,20,30,0,0,0.2,0.15,3.6,84.65,2.5,980,,,,,,,,,,,,,,,,,,,,,,,,,,,,,,,,,
3/1/2020,2020,3,1,21,30,0,0,-0.7,0.15,4.2,85.08,1.5,980,,,,,,,,,,,,,,,,,,,,,,,,,,,,,,,,,
3/1/2020,2020,3,1,22,30,0,0,-1.5,0.15,3.9,88.84,0.1,981,,,,,,,,,,,,,,,,,,,,,,,,,,,,,,,,,
3/1/2020,2020,3,1,23,30,0,0,-2.1,0.15,3.4,92.7,-1.1,981,,,,,,,,,,,,,,,,,,,,,,,,,,,,,,,,,
3/2/2020,2020,3,2,0,30,0,0,-2.5,0.15,3,95.45,-1.9,981,,,,,,,,,,,,,,,,,,,,,,,,,,,,,,,,,
3/2/2020,2020,3,2,1,30,0,0,-2.8,0.15,2.8,96.93,-2.4,981,,,,,,,,,,,,,,,,,,,,,,,,,,,,,,,,,
3/2/2020,2020,3,2,2,30,0,0,-3,0.15,2.9,94.07,-2.2,981,,,,,,,,,,,,,,,,,,,,,,,,,,,,,,,,,
3/2/2020,2020,3,2,3,30,0,0,-3,0.15,2.9,92.64,-2,981,,,,,,,,,,,,,,,,,,,,,,,,,,,,,,,,,
3/2/2020,2020,3,2,4,30,0,0,-3.1,0.15,2.7,93.14,-2.1,981,,,,,,,,,,,,,,,,,,,,,,,,,,,,,,,,,
3/2/2020,2020,3,2,5,30,0,0,-3.1,0.15,2.6,93.89,-2.3,981,,,,,,,,,,,,,,,,,,,,,,,,,,,,,,,,,
3/2/2020,2020,3,2,6,30,0,0,-3.2,0.15,2.7,88.45,-1.5,981,,,,,,,,,,,,,,,,,,,,,,,,,,,,,,,,,
3/2/2020,2020,3,2,7,30,20,0,-2.8,0.15,2.9,83.24,-0.3,981,,,,,,,,,,,,,,,,,,,,,,,,,,,,,,,,,
3/2/2020,2020,3,2,8,30,26,24,-2.7,0.15,2.9,76.43,1,981,,,,,,,,,,,,,,,,,,,,,,,,,,,,,,,,,
3/2/2020,2020,3,2,9,30,107,23,-3.4,0.15,2.9,64.87,2.5,981,,,,,,,,,,,,,,,,,,,,,,,,,,,,,,,,,
3/2/2020,2020,3,2,10,30,29,0,-3.3,0.15,2.6,60.4,3.7,981,,,,,,,,,,,,,,,,,,,,,,,,,,,,,,,,,
3/2/2020,2020,3,2,11,30,154,2,-2.9,0.15,2.3,58.71,4.5,980,,,,,,,,,,,,,,,,,,,,,,,,,,,,,,,,,
3/2/2020,2020,3,2,12,30,150,0,-2.5,0.15,2.4,57.56,5.2,978,,,,,,,,,,,,,,,,,,,,,,,,,,,,,,,,,
3/2/2020,2020,3,2,13,30,251,30,-2.2,0.15,2.7,56.56,5.8,977,,,,,,,,,,,,,,,,,,,,,,,,,,,,,,,,,
3/2/2020,2020,3,2,14,30,253,182,-1.9,0.15,3,56.33,6.1,977,,,,,,,,,,,,,,,,,,,,,,,,,,,,,,,,,
3/2/2020,2020,3,2,15,30,71,847,-1.9,0.15,2.8,57,6,976,,,,,,,,,,,,,,,,,,,,,,,,,,,,,,,,,
3/2/2020,2020,3,2,16,30,60,703,-1.5,0.15,1.8,65.59,4.4,975,,,,,,,,,,,,,,,,,,,,,,,,,,,,,,,,,
3/2/2020,2020,3,2,17,30,35,391,-0.7,0.15,1.1,76.93,3,975,,,,,,,,,,,,,,,,,,,,,,,,,,,,,,,,,
3/2/2020,2020,3,2,18,30,0,0,-2.4,0.15,1.2,73.46,1.8,975,,,,,,,,,,,,,,,,,,,,,,,,,,,,,,,,,
3/2/2020,2020,3,2,19,30,0,0,-2.4,0.15,1.3,77.99,1,975,,,,,,,,,,,,,,,,,,,,,,,,,,,,,,,,,
3/2/2020,2020,3,2,20,30,0,0,-2.2,0.15,1.5,82.7,0.4,975,,,,,,,,,,,,,,,,,,,,,,,,,,,,,,,,,
3/2/2020,2020,3,2,21,30,0,0,-1.9,0.15,2,84.15,0.5,974,,,,,,,,,,,,,,,,,,,,,,,,,,,,,,,,,
3/2/2020,2020,3,2,22,30,0,0,-1.6,0.15,2.8,83.13,0.9,974,,,,,,,,,,,,,,,,,,,,,,,,,,,,,,,,,
3/2/2020,2020,3,2,23,30,0,0,-1.3,0.15,3.7,83.92,1.1,973,,,,,,,,,,,,,,,,,,,,,,,,,,,,,,,,,
3/3/2020,2020,3,3,0,30,0,0,-1.1,0.15,4.5,85.94,1,973,,,,,,,,,,,,,,,,,,,,,,,,,,,,,,,,,
3/3/2020,2020,3,3,1,30,0,0,-0.8,0.15,5,88.91,0.8,972,,,,,,,,,,,,,,,,,,,,,,,,,,,,,,,,,
3/3/2020,2020,3,3,2,30,0,0,-0.6,0.15,4.9,91.45,0.6,972,,,,,,,,,,,,,,,,,,,,,,,,,,,,,,,,,
3/3/2020,2020,3,3,3,30,0,0,-0.6,0.15,4.3,94.24,0.2,972,,,,,,,,,,,,,,,,,,,,,,,,,,,,,,,,,
3/3/2020,2020,3,3,4,30,0,0,-0.8,0.15,4.1,93.93,0.1,972,,,,,,,,,,,,,,,,,,,,,,,,,,,,,,,,,
3/3/2020,2020,3,3,5,30,0,0,-1,0.15,4.6,91.7,0.2,973,,,,,,,,,,,,,,,,,,,,,,,,,,,,,,,,,
3/3/2020,2020,3,3,6,30,0,0,-1.2,0.15,5.1,87.72,0.6,974,,,,,,,,,,,,,,,,,,,,,,,,,,,,,,,,,
3/3/2020,2020,3,3,7,30,32,569,-1,0.15,5.3,80.88,1.9,974,,,,,,,,,,,,,,,,,,,,,,,,,,,,,,,,,
3/3/2020,2020,3,3,8,30,49,813,-0.6,0.15,5.9,69.24,4.6,975,,,,,,,,,,,,,,,,,,,,,,,,,,,,,,,,,
3/3/2020,2020,3,3,9,30,59,916,-1.6,0.15,6.9,53.61,7.2,975,,,,,,,,,,,,,,,,,,,,,,,,,,,,,,,,,
3/3/2020,2020,3,3,10,30,65,976,-2.4,0.15,7.4,45.68,8.7,976,,,,,,,,,,,,,,,,,,,,,,,,,,,,,,,,,
3/3/2020,2020,3,3,11,30,72,995,-3,0.15,7.5,40.9,9.7,976,,,,,,,,,,,,,,,,,,,,,,,,,,,,,,,,,
3/3/2020,2020,3,3,12,30,76,988,-3.3,0.15,7.4,37.69,10.5,976,,,,,,,,,,,,,,,,,,,,,,,,,,,,,,,,,
3/3/2020,2020,3,3,13,30,76,977,-3.5,0.15,7,35.74,11.1,976,,,,,,,,,,,,,,,,,,,,,,,,,,,,,,,,,
3/3/2020,2020,3,3,14,30,72,939,-3.5,0.15,6.4,35.39,11.3,976,,,,,,,,,,,,,,,,,,,,,,,,,,,,,,,,,
3/3/2020,2020,3,3,15,30,66,874,-3.2,0.15,5.1,37.43,10.8,976,,,,,,,,,,,,,,,,,,,,,,,,,,,,,,,,,
3/3/2020,2020,3,3,16,30,102,289,-1.5,0.15,3.1,50.61,8.2,976,,,,,,,,,,,,,,,,,,,,,,,,,,,,,,,,,
3/3/2020,2020,3,3,17,30,36,41,0.3,0.15,2,66.22,6.1,976,,,,,,,,,,,,,,,,,,,,,,,,,,,,,,,,,
3/3/2020,2020,3,3,18,30,0,0,-0.4,0.15,1.7,71.19,4.4,977,,,,,,,,,,,,,,,,,,,,,,,,,,,,,,,,,
3/3/2020,2020,3,3,19,30,0,0,0.2,0.15,1.8,73.64,4.5,977,,,,,,,,,,,,,,,,,,,,,,,,,,,,,,,,,
3/3/2020,2020,3,3,20,30,0,0,0.6,0.15,1.9,76.02,4.5,977,,,,,,,,,,,,,,,,,,,,,,,,,,,,,,,,,
3/3/2020,2020,3,3,21,30,0,0,0.9,0.15,2.2,78.01,4.4,977,,,,,,,,,,,,,,,,,,,,,,,,,,,,,,,,,
3/3/2020,2020,3,3,22,30,0,0,1.3,0.15,2.6,81.7,4.1,976,,,,,,,,,,,,,,,,,,,,,,,,,,,,,,,,,
3/3/2020,2020,3,3,23,30,0,0,1.4,0.15,3.2,86.81,3.4,976,,,,,,,,,,,,,,,,,,,,,,,,,,,,,,,,,
3/4/2020,2020,3,4,0,30,0,0,1.5,0.15,4,92.13,2.7,977,,,,,,,,,,,,,,,,,,,,,,,,,,,,,,,,,
3/4/2020,2020,3,4,1,30,0,0,1.4,0.15,4.4,96.99,1.8,979,,,,,,,,,,,,,,,,,,,,,,,,,,,,,,,,,
3/4/2020,2020,3,4,2,30,0,0,0.5,0.15,3.9,100,0.5,980,,,,,,,,,,,,,,,,,,,,,,,,,,,,,,,,,
3/4/2020,2020,3,4,3,30,0,0,-0.7,0.15,3.1,100,-0.7,981,,,,,,,,,,,,,,,,,,,,,,,,,,,,,,,,,
3/4/2020,2020,3,4,4,30,0,0,-1.3,0.15,2.5,100,-1.3,983,,,,,,,,,,,,,,,,,,,,,,,,,,,,,,,,,
3/4/2020,2020,3,4,5,30,0,0,-1.5,0.15,2.4,100,-1.5,984,,,,,,,,,,,,,,,,,,,,,,,,,,,,,,,,,
3/4/2020,2020,3,4,6,30,0,0,-1.6,0.15,2.5,96.3,-1.1,985,,,,,,,,,,,,,,,,,,,,,,,,,,,,,,,,,
3/4/2020,2020,3,4,7,30,36,549,-1.6,0.15,2.5,86.13,0.5,985,,,,,,,,,,,,,,,,,,,,,,,,,,,,,,,,,
3/4/2020,2020,3,4,8,30,56,791,-0.9,0.15,2.4,74.49,3.2,986,,,,,,,,,,,,,,,,,,,,,,,,,,,,,,,,,
3/4/2020,2020,3,4,9,30,67,898,-0.7,0.15,2.4,61.47,6.2,985,,,,,,,,,,,,,,,,,,,,,,,,,,,,,,,,,
3/4/2020,2020,3,4,10,30,72,952,-0.1,0.15,2.3,54.19,8.6,985,,,,,,,,,,,,,,,,,,,,,,,,,,,,,,,,,
3/4/2020,2020,3,4,11,30,75,976,0.9,0.15,1.8,52.5,10.2,984,,,,,,,,,,,,,,,,,,,,,,,,,,,,,,,,,
3/4/2020,2020,3,4,12,30,78,982,1.2,0.15,1.3,49.79,11.3,983,,,,,,,,,,,,,,,,,,,,,,,,,,,,,,,,,
3/4/2020,2020,3,4,13,30,77,965,1.1,0.15,1.7,46.8,12.1,983,,,,,,,,,,,,,,,,,,,,,,,,,,,,,,,,,
3/4/2020,2020,3,4,14,30,73,928,1,0.15,2.9,45.68,12.4,984,,,,,,,,,,,,,,,,,,,,,,,,,,,,,,,,,
3/4/2020,2020,3,4,15,30,66,868,1.2,0.15,3.4,47.64,12,984,,,,,,,,,,,,,,,,,,,,,,,,,,,,,,,,,
3/4/2020,2020,3,4,16,30,55,746,2.5,0.15,2.6,60.98,9.7,984,,,,,,,,,,,,,,,,,,,,,,,,,,,,,,,,,
3/4/2020,2020,3,4,17,30,32,460,3.3,0.15,2,72.96,7.8,984,,,,,,,,,,,,,,,,,,,,,,,,,,,,,,,,,
3/4/2020,2020,3,4,18,30,0,0,1.6,0.15,2.2,78.78,5,984,,,,,,,,,,,,,,,,,,,,,,,,,,,,,,,,,
3/4/2020,2020,3,4,19,30,0,0,1.2,0.15,3,77.81,4.7,983,,,,,,,,,,,,,,,,,,,,,,,,,,,,,,,,,
3/4/2020,2020,3,4,20,30,0,0,1.1,0.15,4.3,76.64,4.9,983,,,,,,,,,,,,,,,,,,,,,,,,,,,,,,,,,
3/4/2020,2020,3,4,21,30,0,0,1.5,0.15,5.3,79.5,4.7,982,,,,,,,,,,,,,,,,,,,,,,,,,,,,,,,,,
3/4/2020,2020,3,4,22,30,0,0,1.6,0.15,5.4,85.06,3.9,982,,,,,,,,,,,,,,,,,,,,,,,,,,,,,,,,,
3/4/2020,2020,3,4,23,30,0,0,1.4,0.15,5.4,88.21,3.2,981,,,,,,,,,,,,,,,,,,,,,,,,,,,,,,,,,
3/5/2020,2020,3,5,0,30,0,0,1.1,0.15,5.3,90.69,2.5,981,,,,,,,,,,,,,,,,,,,,,,,,,,,,,,,,,
3/5/2020,2020,3,5,1,30,0,0,0.9,0.15,4.8,94.21,1.7,981,,,,,,,,,,,,,,,,,,,,,,,,,,,,,,,,,
3/5/2020,2020,3,5,2,30,0,0,0.7,0.15,4.1,99.57,0.8,981,,,,,,,,,,,,,,,,,,,,,,,,,,,,,,,,,
3/5/2020,2020,3,5,3,30,0,0,0.4,0.15,3.8,100,0.4,982,,,,,,,,,,,,,,,,,,,,,,,,,,,,,,,,,
3/5/2020,2020,3,5,4,30,0,0,0.6,0.15,4,100,0.6,983,,,,,,,,,,,,,,,,,,,,,,,,,,,,,,,,,
3/5/2020,2020,3,5,5,30,0,0,0.9,0.15,4.1,98.33,1.1,983,,,,,,,,,,,,,,,,,,,,,,,,,,,,,,,,,
3/5/2020,2020,3,5,6,30,0,0,1.1,0.15,4.8,91.62,2.3,984,,,,,,,,,,,,,,,,,,,,,,,,,,,,,,,,,
3/5/2020,2020,3,5,7,30,42,248,1.6,0.15,6.2,81.55,4.5,985,,,,,,,,,,,,,,,,,,,,,,,,,,,,,,,,,
3/5/2020,2020,3,5,8,30,49,824,1.8,0.15,8,70.47,6.8,985,,,,,,,,,,,,,,,,,,,,,,,,,,,,,,,,,
3/5/2020,2020,3,5,9,30,56,928,-0.2,0.15,9.4,55.99,8.1,986,,,,,,,,,,,,,,,,,,,,,,,,,,,,,,,,,
3/5/2020,2020,3,5,10,30,60,985,-2,0.15,9.7,46.68,8.8,986,,,,,,,,,,,,,,,,,,,,,,,,,,,,,,,,,
3/5/2020,2020,3,5,11,30,268,271,-3,0.15,9.9,42.04,9.3,986,,,,,,,,,,,,,,,,,,,,,,,,,,,,,,,,,
3/5/2020,2020,3,5,12,30,245,137,-3.1,0.15,10.4,40.94,9.5,986,,,,,,,,,,,,,,,,,,,,,,,,,,,,,,,,,
3/5/2020,2020,3,5,13,30,170,11,-3.1,0.15,10.9,43.14,8.8,986,,,,,,,,,,,,,,,,,,,,,,,,,,,,,,,,,
3/5/2020,2020,3,5,14,30,138,22,-2.2,0.15,11,50.01,7.6,987,,,,,,,,,,,,,,,,,,,,,,,,,,,,,,,,,
3/5/2020,2020,3,5,15,30,103,19,-1.5,0.15,10.8,57.94,6.2,987,,,,,,,,,,,,,,,,,,,,,,,,,,,,,,,,,
3/5/2020,2020,3,5,16,30,43,2,-1.9,0.15,10.2,61.22,4.9,988,,,,,,,,,,,,,,,,,,,,,,,,,,,,,,,,,
3/5/2020,2020,3,5,17,30,23,4,-2.6,0.15,9.8,60.7,4.3,989,,,,,,,,,,,,,,,,,,,,,,,,,,,,,,,,,
3/5/2020,2020,3,5,18,30,0,0,-2.8,0.16,9.5,64.36,3.3,991,,,,,,,,,,,,,,,,,,,,,,,,,,,,,,,,,
3/5/2020,2020,3,5,19,30,0,0,-3,0.16,8.9,67.52,2.4,993,,,,,,,,,,,,,,,,,,,,,,,,,,,,,,,,,
3/5/2020,2020,3,5,20,30,0,0,-3.3,0.16,8.1,71.64,1.3,994,,,,,,,,,,,,,,,,,,,,,,,,,,,,,,,,,
3/5/2020,2020,3,5,21,30,0,0,-3.6,0.16,7.3,74.5,0.4,995,,,,,,,,,,,,,,,,,,,,,,,,,,,,,,,,,
3/5/2020,2020,3,5,22,30,0,0,-3.9,0.16,6.6,78.03,-0.5,996,,,,,,,,,,,,,,,,,,,,,,,,,,,,,,,,,
3/5/2020,2020,3,5,23,30,0,0,-4.1,0.16,5.5,82.65,-1.5,996,,,,,,,,,,,,,,,,,,,,,,,,,,,,,,,,,
3/6/2020,2020,3,6,0,30,0,0,-4.3,0.16,4.5,87.72,-2.5,997,,,,,,,,,,,,,,,,,,,,,,,,,,,,,,,,,
3/6/2020,2020,3,6,1,30,0,0,-4.4,0.16,3.8,91.23,-3.2,997,,,,,,,,,,,,,,,,,,,,,,,,,,,,,,,,,
3/6/2020,2020,3,6,2,30,0,0,-4.5,0.16,3.6,93.33,-3.6,998,,,,,,,,,,,,,,,,,,,,,,,,,,,,,,,,,
3/6/2020,2020,3,6,3,30,0,0,-4.6,0.16,3.4,94.94,-3.9,998,,,,,,,,,,,,,,,,,,,,,,,,,,,,,,,,,
3/6/2020,2020,3,6,4,30,0,0,-4.6,0.16,3.2,96.83,-4.2,999,,,,,,,,,,,,,,,,,,,,,,,,,,,,,,,,,
3/6/2020,2020,3,6,5,30,0,0,-4.7,0.16,2.9,97.34,-4.3,1000,,,,,,,,,,,,,,,,,,,,,,,,,,,,,,,,,
3/6/2020,2020,3,6,6,30,0,0,-4.7,0.16,3.2,91.33,-3.5,1000,,,,,,,,,,,,,,,,,,,,,,,,,,,,,,,,,
3/6/2020,2020,3,6,7,30,36,614,-4.4,0.16,3.7,79.89,-1.4,1001,,,,,,,,,,,,,,,,,,,,,,,,,,,,,,,,,
3/6/2020,2020,3,6,8,30,53,837,-4.6,0.16,3.5,66.77,0.9,1002,,,,,,,,,,,,,,,,,,,,,,,,,,,,,,,,,
3/6/2020,2020,3,6,9,30,61,935,-4.8,0.16,3,57.86,2.7,1002,,,,,,,,,,,,,,,,,,,,,,,,,,,,,,,,,
3/6/2020,2020,3,6,10,30,67,984,-4.6,0.16,2.5,52,4.4,1002,,,,,,,,,,,,,,,,,,,,,,,,,,,,,,,,,
3/6/2020,2020,3,6,11,30,71,998,-4.3,0.16,1.9,48.42,5.8,1002,,,,,,,,,,,,,,,,,,,,,,,,,,,,,,,,,
3/6/2020,2020,3,6,12,30,77,1000,-4,0.16,1.4,45.92,6.9,1001,,,,,,,,,,,,,,,,,,,,,,,,,,,,,,,,,
3/6/2020,2020,3,6,13,30,75,982,-3.9,0.16,1.1,43.74,7.7,1000,,,,,,,,,,,,,,,,,,,,,,,,,,,,,,,,,
3/6/2020,2020,3,6,14,30,72,953,-4,0.16,1.1,42.01,8.2,1000,,,,,,,,,,,,,,,,,,,,,,,,,,,,,,,,,
3/6/2020,2020,3,6,15,30,71,862,-4.3,0.16,1.3,41.52,8,999,,,,,,,,,,,,,,,,,,,,,,,,,,,,,,,,,
3/6/2020,2020,3,6,16,30,53,783,-3,0.16,1.3,52.32,6,999,,,,,,,,,,,,,,,,,,,,,,,,,,,,,,,,,
3/6/2020,2020,3,6,17,30,33,518,-1.1,0.16,1.1,67.47,4.4,999,,,,,,,,,,,,,,,,,,,,,,,,,,,,,,,,,
3/6/2020,2020,3,6,18,30,0,0,-3.7,0.16,1.7,70.83,1,998,,,,,,,,,,,,,,,,,,,,,,,,,,,,,,,,,
3/6/2020,2020,3,6,19,30,0,0,-4.1,0.16,2,73.08,0.2,998,,,,,,,,,,,,,,,,,,,,,,,,,,,,,,,,,
3/6/2020,2020,3,6,20,30,0,0,-4.4,0.16,2.3,72.91,-0.1,998,,,,,,,,,,,,,,,,,,,,,,,,,,,,,,,,,
3/6/2020,2020,3,6,21,30,0,0,-4.6,0.16,2.8,72.38,-0.2,998,,,,,,,,,,,,,,,,,,,,,,,,,,,,,,,,,
3/6/2020,2020,3,6,22,30,0,0,-4.6,0.16,3.2,72.78,-0.3,997,,,,,,,,,,,,,,,,,,,,,,,,,,,,,,,,,
3/6/2020,2020,3,6,23,30,0,0,-4.5,0.16,3.6,73.46,-0.3,997,,,,,,,,,,,,,,,,,,,,,,,,,,,,,,,,,
3/7/2020,2020,3,7,0,30,0,0,-4.3,0.16,4,74.93,-0.4,997,,,,,,,,,,,,,,,,,,,,,,,,,,,,,,,,,
3/7/2020,2020,3,7,1,30,0,0,-4.1,0.16,4.1,77.11,-0.6,997,,,,,,,,,,,,,,,,,,,,,,,,,,,,,,,,,
3/7/2020,2020,3,7,2,30,0,0,-3.9,0.16,4.1,79.96,-0.9,996,,,,,,,,,,,,,,,,,,,,,,,,,,,,,,,,,
3/7/2020,2020,3,7,3,30,0,0,-3.7,0.16,4.2,81.61,-1,996,,,,,,,,,,,,,,,,,,,,,,,,,,,,,,,,,
3/7/2020,2020,3,7,4,30,0,0,-3.6,0.16,4.5,82.89,-1.1,996,,,,,,,,,,,,,,,,,,,,,,,,,,,,,,,,,
3/7/2020,2020,3,7,5,30,0,0,-3.6,0.16,4.9,83.95,-1.2,995,,,,,,,,,,,,,,,,,,,,,,,,,,,,,,,,,
3/7/2020,2020,3,7,6,30,0,0,-3.5,0.16,5.4,80.4,-0.5,995,,,,,,,,,,,,,,,,,,,,,,,,,,,,,,,,,
3/7/2020,2020,3,7,7,30,40,527,-2.9,0.16,5.9,71.62,1.7,994,,,,,,,,,,,,,,,,,,,,,,,,,,,,,,,,,
3/7/2020,2020,3,7,8,30,62,756,-1.6,0.16,6.5,61.59,5.2,994,,,,,,,,,,,,,,,,,,,,,,,,,,,,,,,,,
3/7/2020,2020,3,7,9,30,75,855,-0.3,0.16,7.6,51.52,9.2,993,,,,,,,,,,,,,,,,,,,,,,,,,,,,,,,,,
3/7/2020,2020,3,7,10,30,167,628,0,0.16,8.3,42.61,12.4,992,,,,,,,,,,,,,,,,,,,,,,,,,,,,,,,,,
3/7/2020,2020,3,7,11,30,253,468,1,0.16,8.4,39.58,14.6,991,,,,,,,,,,,,,,,,,,,,,,,,,,,,,,,,,
3/7/2020,2020,3,7,12,30,226,565,1.9,0.16,8.4,38.65,16,990,,,,,,,,,,,,,,,,,,,,,,,,,,,,,,,,,
3/7/2020,2020,3,7,13,30,98,909,2.7,0.16,8.2,39.19,16.7,990,,,,,,,,,,,,,,,,,,,,,,,,,,,,,,,,,
3/7/2020,2020,3,7,14,30,130,738,3.4,0.16,7.8,40.73,16.8,989,,,,,,,,,,,,,,,,,,,,,,,,,,,,,,,,,
3/7/2020,2020,3,7,15,30,148,485,3.9,0.16,7,44.59,16,988,,,,,,,,,,,,,,,,,,,,,,,,,,,,,,,,,
3/7/2020,2020,3,7,16,30,90,453,4.7,0.16,6.3,53.26,14.1,988,,,,,,,,,,,,,,,,,,,,,,,,,,,,,,,,,
3/7/2020,2020,3,7,17,30,45,137,5.1,0.16,6,59.35,12.8,988,,,,,,,,,,,,,,,,,,,,,,,,,,,,,,,,,
3/7/2020,2020,3,7,18,30,0,0,5.2,0.16,5.9,69.46,10.6,988,,,,,,,,,,,,,,,,,,,,,,,,,,,,,,,,,
3/7/2020,2020,3,7,19,30,0,0,5.6,0.16,5.8,74.86,9.8,988,,,,,,,,,,,,,,,,,,,,,,,,,,,,,,,,,
3/7/2020,2020,3,7,20,30,0,0,5.7,0.16,5.9,77.95,9.3,988,,,,,,,,,,,,,,,,,,,,,,,,,,,,,,,,,
3/7/2020,2020,3,7,21,30,0,0,5.6,0.16,5.8,81.01,8.7,987,,,,,,,,,,,,,,,,,,,,,,,,,,,,,,,,,
3/7/2020,2020,3,7,22,30,0,0,5.6,0.16,5.7,84.1,8.1,987,,,,,,,,,,,,,,,,,,,,,,,,,,,,,,,,,
3/7/2020,2020,3,7,23,30,0,0,5.4,0.16,5.7,85.9,7.6,987,,,,,,,,,,,,,,,,,,,,,,,,,,,,,,,,,
3/8/2020,2020,3,8,0,30,0,0,5.2,0.16,5.5,88.31,7,987,,,,,,,,,,,,,,,,,,,,,,,,,,,,,,,,,
3/8/2020,2020,3,8,1,30,0,0,5,0.16,5.6,89.7,6.6,987,,,,,,,,,,,,,,,,,,,,,,,,,,,,,,,,,
3/8/2020,2020,3,8,2,30,0,0,4.8,0.16,5.7,91.65,6.1,987,,,,,,,,,,,,,,,,,,,,,,,,,,,,,,,,,
3/8/2020,2020,3,8,3,30,0,0,4.6,0.16,5.7,92.31,5.8,987,,,,,,,,,,,,,,,,,,,,,,,,,,,,,,,,,
3/8/2020,2020,3,8,4,30,0,0,4.4,0.16,5.8,91.84,5.6,986,,,,,,,,,,,,,,,,,,,,,,,,,,,,,,,,,
3/8/2020,2020,3,8,5,30,0,0,4,0.16,5.9,90.81,5.4,986,,,,,,,,,,,,,,,,,,,,,,,,,,,,,,,,,
3/8/2020,2020,3,8,6,30,3,15,3.6,0.16,6.3,85.03,5.9,985,,,,,,,,,,,,,,,,,,,,,,,,,,,,,,,,,
3/8/2020,2020,3,8,7,30,44,487,3.6,0.16,7,75.3,7.7,985,,,,,,,,,,,,,,,,,,,,,,,,,,,,,,,,,
3/8/2020,2020,3,8,8,30,67,726,4.1,0.16,8.2,65.26,10.3,985,,,,,,,,,,,,,,,,,,,,,,,,,,,,,,,,,
3/8/2020,2020,3,8,9,30,81,833,4.3,0.16,9.1,56.4,12.8,984,,,,,,,,,,,,,,,,,,,,,,,,,,,,,,,,,
3/8/2020,2020,3,8,10,30,99,854,5.1,0.16,9.1,51.54,15,984,,,,,,,,,,,,,,,,,,,,,,,,,,,,,,,,,
3/8/2020,2020,3,8,11,30,93,910,5.9,0.16,9,48.25,16.9,983,,,,,,,,,,,,,,,,,,,,,,,,,,,,,,,,,
3/8/2020,2020,3,8,12,30,94,919,6.8,0.16,9,46.87,18.3,982,,,,,,,,,,,,,,,,,,,,,,,,,,,,,,,,,
3/8/2020,2020,3,8,13,30,90,908,7.6,0.16,8.9,47.22,19.1,981,,,,,,,,,,,,,,,,,,,,,,,,,,,,,,,,,
3/8/2020,2020,3,8,14,30,86,873,8.3,0.16,8.7,48.82,19.3,981,,,,,,,,,,,,,,,,,,,,,,,,,,,,,,,,,
3/8/2020,2020,3,8,15,30,78,806,8.6,0.16,8.2,52.33,18.6,980,,,,,,,,,,,,,,,,,,,,,,,,,,,,,,,,,
3/8/2020,2020,3,8,16,30,64,680,9,0.16,7.5,58.86,17.1,981,,,,,,,,,,,,,,,,,,,,,,,,,,,,,,,,,
3/8/2020,2020,3,8,17,30,38,409,9.2,0.16,7.2,63.84,16,981,,,,,,,,,,,,,,,,,,,,,,,,,,,,,,,,,
3/8/2020,2020,3,8,18,30,0,0,9.3,0.16,7,73.08,14,981,,,,,,,,,,,,,,,,,,,,,,,,,,,,,,,,,
3/8/2020,2020,3,8,19,30,0,0,9.7,0.16,6.8,77.43,13.6,982,,,,,,,,,,,,,,,,,,,,,,,,,,,,,,,,,
3/8/2020,2020,3,8,20,30,0,0,10.2,0.16,6.5,82.11,13.2,982,,,,,,,,,,,,,,,,,,,,,,,,,,,,,,,,,
3/8/2020,2020,3,8,21,30,0,0,10.5,0.16,6,86.65,12.7,982,,,,,,,,,,,,,,,,,,,,,,,,,,,,,,,,,
3/8/2020,2020,3,8,22,30,0,0,10.7,0.16,6,90.26,12.2,983,,,,,,,,,,,,,,,,,,,,,,,,,,,,,,,,,
3/8/2020,2020,3,8,23,30,0,0,10.7,0.16,6.2,92.45,11.9,983,,,,,,,,,,,,,,,,,,,,,,,,,,,,,,,,,
3/9/2020,2020,3,9,0,30,0,0,10.8,0.16,6,93.56,11.8,984,,,,,,,,,,,,,,,,,,,,,,,,,,,,,,,,,
3/9/2020,2020,3,9,1,30,0,0,10.8,0.16,5.1,95.68,11.5,984,,,,,,,,,,,,,,,,,,,,,,,,,,,,,,,,,
3/9/2020,2020,3,9,2,30,0,0,10.7,0.16,3.8,99.98,10.7,984,,,,,,,,,,,,,,,,,,,,,,,,,,,,,,,,,
3/9/2020,2020,3,9,3,30,0,0,9.8,0.16,3,100,9.8,983,,,,,,,,,,,,,,,,,,,,,,,,,,,,,,,,,
3/9/2020,2020,3,9,4,30,0,0,9.3,0.16,2.8,100,9.3,983,,,,,,,,,,,,,,,,,,,,,,,,,,,,,,,,,
3/9/2020,2020,3,9,5,30,0,0,9,0.16,2.6,100,9,983,,,,,,,,,,,,,,,,,,,,,,,,,,,,,,,,,
3/9/2020,2020,3,9,6,30,0,0,8.6,0.16,2.1,100,8.6,983,,,,,,,,,,,,,,,,,,,,,,,,,,,,,,,,,
3/9/2020,2020,3,9,7,30,10,0,8.4,0.16,1.5,99.36,8.5,982,,,,,,,,,,,,,,,,,,,,,,,,,,,,,,,,,
3/9/2020,2020,3,9,8,30,15,0,8.1,0.16,1.3,97.59,8.5,982,,,,,,,,,,,,,,,,,,,,,,,,,,,,,,,,,
3/9/2020,2020,3,9,9,30,30,0,7.9,0.16,1.1,96.49,8.4,982,,,,,,,,,,,,,,,,,,,,,,,,,,,,,,,,,
3/9/2020,2020,3,9,10,30,45,0,7.5,0.16,1.5,95.77,8.1,981,,,,,,,,,,,,,,,,,,,,,,,,,,,,,,,,,
3/9/2020,2020,3,9,11,30,53,0,6.9,0.16,2.9,97.11,7.3,981,,,,,,,,,,,,,,,,,,,,,,,,,,,,,,,,,
3/9/2020,2020,3,9,12,30,25,0,5.7,0.16,4.5,98.34,5.9,981,,,,,,,,,,,,,,,,,,,,,,,,,,,,,,,,,
3/9/2020,2020,3,9,13,30,81,0,3.8,0.16,5.7,96.44,4.3,981,,,,,,,,,,,,,,,,,,,,,,,,,,,,,,,,,
3/9/2020,2020,3,9,14,30,102,1,1.8,0.16,6.1,90.97,3.1,981,,,,,,,,,,,,,,,,,,,,,,,,,,,,,,,,,
3/9/2020,2020,3,9,15,30,50,0,0.6,0.16,6,85.33,2.8,982,,,,,,,,,,,,,,,,,,,,,,,,,,,,,,,,,
3/9/2020,2020,3,9,16,30,18,0,0.3,0.16,5.6,84.72,2.6,983,,,,,,,,,,,,,,,,,,,,,,,,,,,,,,,,,
3/9/2020,2020,3,9,17,30,18,0,0.4,0.16,5.2,85.84,2.5,984,,,,,,,,,,,,,,,,,,,,,,,,,,,,,,,,,
3/9/2020,2020,3,9,18,30,0,0,0.5,0.16,4.9,88.78,2.2,985,,,,,,,,,,,,,,,,,,,,,,,,,,,,,,,,,
3/9/2020,2020,3,9,19,30,0,0,0.5,0.16,5.2,91.14,1.8,987,,,,,,,,,,,,,,,,,,,,,,,,,,,,,,,,,
3/9/2020,2020,3,9,20,30,0,0,0,0.16,5.3,93.34,1,988,,,,,,,,,,,,,,,,,,,,,,,,,,,,,,,,,
3/9/2020,2020,3,9,21,30,0,0,-0.8,0.16,5,93.94,0.1,988,,,,,,,,,,,,,,,,,,,,,,,,,,,,,,,,,
3/9/2020,2020,3,9,22,30,0,0,-1.7,0.16,4.5,95.13,-1,989,,,,,,,,,,,,,,,,,,,,,,,,,,,,,,,,,
3/9/2020,2020,3,9,23,30,0,0,-2.6,0.16,4.2,95.36,-2,990,,,,,,,,,,,,,,,,,,,,,,,,,,,,,,,,,
3/10/2020,2020,3,10,0,30,0,0,-3.5,0.16,4,94.45,-2.7,991,,,,,,,,,,,,,,,,,,,,,,,,,,,,,,,,,
3/10/2020,2020,3,10,1,30,0,0,-4.1,0.16,3.8,94.13,-3.3,992,,,,,,,,,,,,,,,,,,,,,,,,,,,,,,,,,
3/10/2020,2020,3,10,2,30,0,0,-4.5,0.16,3.4,93.15,-3.6,992,,,,,,,,,,,,,,,,,,,,,,,,,,,,,,,,,
3/10/2020,2020,3,10,3,30,0,0,-4.7,0.16,3,92.49,-3.7,993,,,,,,,,,,,,,,,,,,,,,,,,,,,,,,,,,
3/10/2020,2020,3,10,4,30,0,0,-4.8,0.16,2.4,92.1,-3.7,993,,,,,,,,,,,,,,,,,,,,,,,,,,,,,,,,,
3/10/2020,2020,3,10,5,30,0,0,-4.8,0.16,1.9,92.91,-3.8,993,,,,,,,,,,,,,,,,,,,,,,,,,,,,,,,,,
3/10/2020,2020,3,10,6,30,4,27,-4.7,0.16,2,86.46,-2.8,994,,,,,,,,,,,,,,,,,,,,,,,,,,,,,,,,,
3/10/2020,2020,3,10,7,30,42,568,-4.1,0.16,1.9,77.42,-0.6,994,,,,,,,,,,,,,,,,,,,,,,,,,,,,,,,,,
3/10/2020,2020,3,10,8,30,61,785,-3.3,0.16,1.4,66.93,2.2,994,,,,,,,,,,,,,,,,,,,,,,,,,,,,,,,,,
3/10/2020,2020,3,10,9,30,73,880,-2.5,0.16,1.2,59.82,4.6,994,,,,,,,,,,,,,,,,,,,,,,,,,,,,,,,,,
3/10/2020,2020,3,10,10,30,81,930,-1.7,0.16,1.2,55.87,6.5,994,,,,,,,,,,,,,,,,,,,,,,,,,,,,,,,,,
3/10/2020,2020,3,10,11,30,91,940,-1,0.16,1.5,52.43,8.2,993,,,,,,,,,,,,,,,,,,,,,,,,,,,,,,,,,
3/10/2020,2020,3,10,12,30,107,910,-0.4,0.16,2,50.08,9.5,992,,,,,,,,,,,,,,,,,,,,,,,,,,,,,,,,,
3/10/2020,2020,3,10,13,30,116,877,0.2,0.16,2.4,50.43,10,992,,,,,,,,,,,,,,,,,,,,,,,,,,,,,,,,,
3/10/2020,2020,3,10,14,30,126,795,0.5,0.16,2.4,53.48,9.5,991,,,,,,,,,,,,,,,,,,,,,,,,,,,,,,,,,
3/10/2020,2020,3,10,15,30,177,60,1.6,0.16,1.6,61.72,8.5,991,,,,,,,,,,,,,,,,,,,,,,,,,,,,,,,,,
3/10/2020,2020,3,10,16,30,50,0,4.4,0.16,0.8,82.14,7.2,990,,,,,,,,,,,,,,,,,,,,,,,,,,,,,,,,,
3/10/2020,2020,3,10,17,30,39,5,3.5,0.16,0.6,80.57,6.6,990,,,,,,,,,,,,,,,,,,,,,,,,,,,,,,,,,
3/10/2020,2020,3,10,18,30,0,0,3.2,0.16,0.8,85.47,5.4,990,,,,,,,,,,,,,,,,,,,,,,,,,,,,,,,,,
3/10/2020,2020,3,10,19,30,0,0,3,0.16,1,88.34,4.8,989,,,,,,,,,,,,,,,,,,,,,,,,,,,,,,,,,
3/10/2020,2020,3,10,20,30,0,0,2.8,0.16,1,90.12,4.3,989,,,,,,,,,,,,,,,,,,,,,,,,,,,,,,,,,
3/10/2020,2020,3,10,21,30,0,0,2.8,0.16,1,91.62,4,989,,,,,,,,,,,,,,,,,,,,,,,,,,,,,,,,,
3/10/2020,2020,3,10,22,30,0,0,2.6,0.16,1,93.8,3.5,988,,,,,,,,,,,,,,,,,,,,,,,,,,,,,,,,,
3/10/2020,2020,3,10,23,30,0,0,2.5,0.16,1,97.36,2.9,988,,,,,,,,,,,,,,,,,,,,,,,,,,,,,,,,,
3/11/2020,2020,3,11,0,30,0,0,1.8,0.16,1,100,1.8,987,,,,,,,,,,,,,,,,,,,,,,,,,,,,,,,,,
3/11/2020,2020,3,11,1,30,0,0,0.7,0.16,1.1,100,0.7,987,,,,,,,,,,,,,,,,,,,,,,,,,,,,,,,,,
3/11/2020,2020,3,11,2,30,0,0,0.1,0.16,1.1,100,0.1,987,,,,,,,,,,,,,,,,,,,,,,,,,,,,,,,,,
3/11/2020,2020,3,11,3,30,0,0,0.1,0.16,1.4,100,0.1,987,,,,,,,,,,,,,,,,,,,,,,,,,,,,,,,,,
3/11/2020,2020,3,11,4,30,0,0,0.2,0.16,1.6,100,0.2,987,,,,,,,,,,,,,,,,,,,,,,,,,,,,,,,,,
3/11/2020,2020,3,11,5,30,0,0,0.2,0.16,1.8,100,0.2,987,,,,,,,,,,,,,,,,,,,,,,,,,,,,,,,,,
3/11/2020,2020,3,11,6,30,6,43,0,0.16,2,97.05,0.4,987,,,,,,,,,,,,,,,,,,,,,,,,,,,,,,,,,
3/11/2020,2020,3,11,7,30,46,561,0,0.16,2.1,89.36,1.6,987,,,,,,,,,,,,,,,,,,,,,,,,,,,,,,,,,
3/11/2020,2020,3,11,8,30,56,0,0.9,0.16,2.1,80.37,4,987,,,,,,,,,,,,,,,,,,,,,,,,,,,,,,,,,
3/11/2020,2020,3,11,9,30,122,0,2.1,0.16,1.3,71.91,6.8,986,,,,,,,,,,,,,,,,,,,,,,,,,,,,,,,,,
3/11/2020,2020,3,11,10,30,247,35,3,0.16,0.8,66.52,8.9,986,,,,,,,,,,,,,,,,,,,,,,,,,,,,,,,,,
3/11/2020,2020,3,11,11,30,209,562,3.6,0.16,1.3,62.78,10.4,985,,,,,,,,,,,,,,,,,,,,,,,,,,,,,,,,,
3/11/2020,2020,3,11,12,30,259,500,3.6,0.16,1.9,57.24,11.8,984,,,,,,,,,,,,,,,,,,,,,,,,,,,,,,,,,
3/11/2020,2020,3,11,13,30,78,967,2.9,0.16,2.2,50.24,13,983,,,,,,,,,,,,,,,,,,,,,,,,,,,,,,,,,
3/11/2020,2020,3,11,14,30,75,937,2.4,0.16,2.3,46.56,13.6,982,,,,,,,,,,,,,,,,,,,,,,,,,,,,,,,,,
3/11/2020,2020,3,11,15,30,69,877,2.4,0.16,2.1,46.74,13.6,981,,,,,,,,,,,,,,,,,,,,,,,,,,,,,,,,,
3/11/2020,2020,3,11,16,30,57,768,3.9,0.16,1.6,58.96,11.7,981,,,,,,,,,,,,,,,,,,,,,,,,,,,,,,,,,
3/11/2020,2020,3,11,17,30,37,519,6,0.16,1.3,75.87,10.1,981,,,,,,,,,,,,,,,,,,,,,,,,,,,,,,,,,
3/11/2020,2020,3,11,18,30,0,0,3.6,0.16,1.9,80.16,6.8,981,,,,,,,,,,,,,,,,,,,,,,,,,,,,,,,,,
3/11/2020,2020,3,11,19,30,0,0,3.5,0.16,2.3,81.41,6.5,980,,,,,,,,,,,,,,,,,,,,,,,,,,,,,,,,,
3/11/2020,2020,3,11,20,30,0,0,3.7,0.16,2.8,82.38,6.5,980,,,,,,,,,,,,,,,,,,,,,,,,,,,,,,,,,
3/11/2020,2020,3,11,21,30,0,0,4,0.16,3.4,83.97,6.5,979,,,,,,,,,,,,,,,,,,,,,,,,,,,,,,,,,
3/11/2020,2020,3,11,22,30,0,0,4.2,0.16,3.9,86.71,6.3,978,,,,,,,,,,,,,,,,,,,,,,,,,,,,,,,,,
3/11/2020,2020,3,11,23,30,0,0,4.5,0.16,4.3,90.32,6,977,,,,,,,,,,,,,,,,,,,,,,,,,,,,,,,,,
3/12/2020,2020,3,12,0,30,0,0,4.9,0.16,4.4,93.47,5.9,977,,,,,,,,,,,,,,,,,,,,,,,,,,,,,,,,,
3/12/2020,2020,3,12,1,30,0,0,5.2,0.16,4.3,95.71,5.8,976,,,,,,,,,,,,,,,,,,,,,,,,,,,,,,,,,
3/12/2020,2020,3,12,2,30,0,0,5.3,0.16,4.2,95.97,5.9,975,,,,,,,,,,,,,,,,,,,,,,,,,,,,,,,,,
3/12/2020,2020,3,12,3,30,0,0,5.4,0.16,4.3,94.15,6.3,975,,,,,,,,,,,,,,,,,,,,,,,,,,,,,,,,,
3/12/2020,2020,3,12,4,30,0,0,5.6,0.16,4.7,90.79,7,975,,,,,,,,,,,,,,,,,,,,,,,,,,,,,,,,,
3/12/2020,2020,3,12,5,30,0,0,6,0.16,4.8,90.83,7.4,974,,,,,,,,,,,,,,,,,,,,,,,,,,,,,,,,,
3/12/2020,2020,3,12,6,30,1,0,6.4,0.16,4.9,90.11,7.9,974,,,,,,,,,,,,,,,,,,,,,,,,,,,,,,,,,
3/12/2020,2020,3,12,7,30,47,3,6.8,0.16,5.4,85.94,9,973,,,,,,,,,,,,,,,,,,,,,,,,,,,,,,,,,
3/12/2020,2020,3,12,8,30,78,24,7.5,0.16,5.8,77.63,11.3,973,,,,,,,,,,,,,,,,,,,,,,,,,,,,,,,,,
3/12/2020,2020,3,12,9,30,128,70,8.9,0.16,5.9,72.57,13.7,973,,,,,,,,,,,,,,,,,,,,,,,,,,,,,,,,,
3/12/2020,2020,3,12,10,30,57,1,9.6,0.16,6.1,69.75,15.1,973,,,,,,,,,,,,,,,,,,,,,,,,,,,,,,,,,
3/12/2020,2020,3,12,11,30,111,2,9.6,0.16,6.8,67.05,15.7,973,,,,,,,,,,,,,,,,,,,,,,,,,,,,,,,,,
3/12/2020,2020,3,12,12,30,71,0,8.6,0.16,8.1,62.89,15.7,973,,,,,,,,,,,,,,,,,,,,,,,,,,,,,,,,,
3/12/2020,2020,3,12,13,30,158,715,7.1,0.16,9.1,59.27,15,974,,,,,,,,,,,,,,,,,,,,,,,,,,,,,,,,,
3/12/2020,2020,3,12,14,30,178,328,6.1,0.16,9.2,59.08,14,975,,,,,,,,,,,,,,,,,,,,,,,,,,,,,,,,,
3/12/2020,2020,3,12,15,30,166,56,5,0.16,8.7,59.96,12.6,977,,,,,,,,,,,,,,,,,,,,,,,,,,,,,,,,,
3/12/2020,2020,3,12,16,30,64,131,3,0.16,7.5,58.51,10.8,978,,,,,,,,,,,,,,,,,,,,,,,,,,,,,,,,,
3/12/2020,2020,3,12,17,30,44,371,1.1,0.16,6.8,55.55,9.6,979,,,,,,,,,,,,,,,,,,,,,,,,,,,,,,,,,
3/12/2020,2020,3,12,18,30,0,0,0.6,0.16,5.2,67.64,6.1,982,,,,,,,,,,,,,,,,,,,,,,,,,,,,,,,,,
3/12/2020,2020,3,12,19,30,0,0,0.3,0.16,4.6,74.65,4.4,983,,,,,,,,,,,,,,,,,,,,,,,,,,,,,,,,,
3/12/2020,2020,3,12,20,30,0,0,-0.1,0.16,4.2,80.84,2.9,985,,,,,,,,,,,,,,,,,,,,,,,,,,,,,,,,,
3/12/2020,2020,3,12,21,30,0,0,-0.8,0.16,4.1,82.59,1.8,986,,,,,,,,,,,,,,,,,,,,,,,,,,,,,,,,,
3/12/2020,2020,3,12,22,30,0,0,-1.9,0.16,4.2,81.83,0.9,987,,,,,,,,,,,,,,,,,,,,,,,,,,,,,,,,,
3/12/2020,2020,3,12,23,30,0,0,-2.7,0.16,4,81.26,0.1,988,,,,,,,,,,,,,,,,,,,,,,,,,,,,,,,,,
3/13/2020,2020,3,13,0,30,0,0,-3.4,0.16,3.3,83.03,-0.9,989,,,,,,,,,,,,,,,,,,,,,,,,,,,,,,,,,
3/13/2020,2020,3,13,1,30,0,0,-3.9,0.16,2.8,85.33,-1.8,989,,,,,,,,,,,,,,,,,,,,,,,,,,,,,,,,,
3/13/2020,2020,3,13,2,30,0,0,-4.5,0.16,2.6,87.06,-2.6,990,,,,,,,,,,,,,,,,,,,,,,,,,,,,,,,,,
3/13/2020,2020,3,13,3,30,0,0,-5,0.16,2.6,86.83,-3.1,991,,,,,,,,,,,,,,,,,,,,,,,,,,,,,,,,,
3/13/2020,2020,3,13,4,30,0,0,-5.5,0.16,2.8,85.37,-3.4,992,,,,,,,,,,,,,,,,,,,,,,,,,,,,,,,,,
3/13/2020,2020,3,13,5,30,0,0,-5.9,0.16,3,82.28,-3.3,993,,,,,,,,,,,,,,,,,,,,,,,,,,,,,,,,,
3/13/2020,2020,3,13,6,30,8,98,-6.1,0.16,3.5,74.16,-2.1,994,,,,,,,,,,,,,,,,,,,,,,,,,,,,,,,,,
3/13/2020,2020,3,13,7,30,38,703,-5.6,0.16,3.9,62.77,0.7,994,,,,,,,,,,,,,,,,,,,,,,,,,,,,,,,,,
3/13/2020,2020,3,13,8,30,55,863,-5.5,0.16,4.3,51.18,3.7,995,,,,,,,,,,,,,,,,,,,,,,,,,,,,,,,,,
3/13/2020,2020,3,13,9,30,71,933,-6.8,0.16,4.5,39.64,5.9,995,,,,,,,,,,,,,,,,,,,,,,,,,,,,,,,,,
3/13/2020,2020,3,13,10,30,79,970,-6.3,0.16,4.1,37.33,7.3,995,,,,,,,,,,,,,,,,,,,,,,,,,,,,,,,,,
3/13/2020,2020,3,13,11,30,85,983,-5.7,0.16,3.7,36.47,8.3,996,,,,,,,,,,,,,,,,,,,,,,,,,,,,,,,,,
3/13/2020,2020,3,13,12,30,131,857,-5.3,0.16,3.5,35.79,9.1,996,,,,,,,,,,,,,,,,,,,,,,,,,,,,,,,,,
3/13/2020,2020,3,13,13,30,99,922,-4.8,0.16,3.3,35.58,9.7,996,,,,,,,,,,,,,,,,,,,,,,,,,,,,,,,,,
3/13/2020,2020,3,13,14,30,264,270,-4.7,0.16,3.1,36.24,9.6,996,,,,,,,,,,,,,,,,,,,,,,,,,,,,,,,,,
3/13/2020,2020,3,13,15,30,199,105,-4.5,0.16,2.6,38.97,8.7,996,,,,,,,,,,,,,,,,,,,,,,,,,,,,,,,,,
3/13/2020,2020,3,13,16,30,102,49,-2.6,0.16,1.7,49.67,7.2,996,,,,,,,,,,,,,,,,,,,,,,,,,,,,,,,,,
3/13/2020,2020,3,13,17,30,33,0,1.2,0.16,1.2,70.36,6.2,997,,,,,,,,,,,,,,,,,,,,,,,,,,,,,,,,,
3/13/2020,2020,3,13,18,30,0,0,0.5,0.87,1.1,76.24,4.3,998,,,,,,,,,,,,,,,,,,,,,,,,,,,,,,,,,
3/13/2020,2020,3,13,19,30,0,0,0,0.87,1.1,77.16,3.6,998,,,,,,,,,,,,,,,,,,,,,,,,,,,,,,,,,
3/13/2020,2020,3,13,20,30,0,0,-0.6,0.87,1.2,79.06,2.7,998,,,,,,,,,,,,,,,,,,,,,,,,,,,,,,,,,
3/13/2020,2020,3,13,21,30,0,0,-0.9,0.87,1.4,81.76,1.9,998,,,,,,,,,,,,,,,,,,,,,,,,,,,,,,,,,
3/13/2020,2020,3,13,22,30,0,0,-1.2,0.87,1.8,82.13,1.5,998,,,,,,,,,,,,,,,,,,,,,,,,,,,,,,,,,
3/13/2020,2020,3,13,23,30,0,0,-1.4,0.87,2.4,82.33,1.3,998,,,,,,,,,,,,,,,,,,,,,,,,,,,,,,,,,
3/14/2020,2020,3,14,0,30,0,0,-1.6,0.87,2.9,82.83,1,998,,,,,,,,,,,,,,,,,,,,,,,,,,,,,,,,,
3/14/2020,2020,3,14,1,30,0,0,-1.7,0.87,2.9,85.21,0.5,998,,,,,,,,,,,,,,,,,,,,,,,,,,,,,,,,,
3/14/2020,2020,3,14,2,30,0,0,-1.8,0.87,2.9,88.2,-0.1,999,,,,,,,,,,,,,,,,,,,,,,,,,,,,,,,,,
3/14/2020,2020,3,14,3,30,0,0,-1.9,0.87,3.5,90.73,-0.6,1000,,,,,,,,,,,,,,,,,,,,,,,,,,,,,,,,,
3/14/2020,2020,3,14,4,30,0,0,-2.3,0.87,3.6,90.71,-1,1000,,,,,,,,,,,,,,,,,,,,,,,,,,,,,,,,,
3/14/2020,2020,3,14,5,30,0,0,-2.6,0.87,3.5,91.33,-1.4,1000,,,,,,,,,,,,,,,,,,,,,,,,,,,,,,,,,
3/14/2020,2020,3,14,6,30,4,0,-2.8,0.87,3.9,90.88,-1.5,1000,,,,,,,,,,,,,,,,,,,,,,,,,,,,,,,,,
3/14/2020,2020,3,14,7,30,54,96,-2.7,0.87,4.6,86.3,-0.7,1000,,,,,,,,,,,,,,,,,,,,,,,,,,,,,,,,,
3/14/2020,2020,3,14,8,30,48,0,-2.6,0.87,5.3,78.63,0.7,1000,,,,,,,,,,,,,,,,,,,,,,,,,,,,,,,,,
3/14/2020,2020,3,14,9,30,169,37,-2.5,0.87,5.1,73.11,1.8,1000,,,,,,,,,,,,,,,,,,,,,,,,,,,,,,,,,
3/14/2020,2020,3,14,10,30,209,15,-2.4,0.87,4.4,71.61,2.2,1001,,,,,,,,,,,,,,,,,,,,,,,,,,,,,,,,,
3/14/2020,2020,3,14,11,30,248,26,-2.4,0.87,4.2,70.34,2.5,1001,,,,,,,,,,,,,,,,,,,,,,,,,,,,,,,,,
3/14/2020,2020,3,14,12,30,263,27,-2.3,0.87,4.4,68.57,2.9,1000,,,,,,,,,,,,,,,,,,,,,,,,,,,,,,,,,
3/14/2020,2020,3,14,13,30,322,101,-2.3,0.87,4.6,66.9,3.3,1000,,,,,,,,,,,,,,,,,,,,,,,,,,,,,,,,,
3/14/2020,2020,3,14,14,30,220,23,-2.2,0.87,4.7,66.1,3.5,1000,,,,,,,,,,,,,,,,,,,,,,,,,,,,,,,,,
3/14/2020,2020,3,14,15,30,167,30,-2.3,0.87,4.8,66.97,3.2,1000,,,,,,,,,,,,,,,,,,,,,,,,,,,,,,,,,
3/14/2020,2020,3,14,16,30,60,208,-2.6,0.87,4.3,70.31,2.3,1000,,,,,,,,,,,,,,,,,,,,,,,,,,,,,,,,,
3/14/2020,2020,3,14,17,30,45,520,-2.5,0.87,3.7,73.55,1.7,1001,,,,,,,,,,,,,,,,,,,,,,,,,,,,,,,,,
3/14/2020,2020,3,14,18,30,0,0,-2.5,0.16,2.3,87.28,-0.6,1002,,,,,,,,,,,,,,,,,,,,,,,,,,,,,,,,,
3/14/2020,2020,3,14,19,30,0,0,-2.8,0.16,2.5,89.2,-1.2,1003,,,,,,,,,,,,,,,,,,,,,,,,,,,,,,,,,
3/14/2020,2020,3,14,20,30,0,0,-3.1,0.16,2.5,90.71,-1.8,1003,,,,,,,,,,,,,,,,,,,,,,,,,,,,,,,,,
3/14/2020,2020,3,14,21,30,0,0,-3.4,0.16,2.1,93.29,-2.5,1004,,,,,,,,,,,,,,,,,,,,,,,,,,,,,,,,,
3/14/2020,2020,3,14,22,30,0,0,-3.7,0.16,1.7,94.92,-3,1004,,,,,,,,,,,,,,,,,,,,,,,,,,,,,,,,,
3/14/2020,2020,3,14,23,30,0,0,-3.9,0.16,1.6,95.78,-3.3,1004,,,,,,,,,,,,,,,,,,,,,,,,,,,,,,,,,
3/15/2020,2020,3,15,0,30,0,0,-4,0.16,1.7,96.25,-3.5,1005,,,,,,,,,,,,,,,,,,,,,,,,,,,,,,,,,
3/15/2020,2020,3,15,1,30,0,0,-4.1,0.16,1.8,96.09,-3.6,1005,,,,,,,,,,,,,,,,,,,,,,,,,,,,,,,,,
3/15/2020,2020,3,15,2,30,0,0,-4.2,0.16,1.8,95.46,-3.6,1005,,,,,,,,,,,,,,,,,,,,,,,,,,,,,,,,,
3/15/2020,2020,3,15,3,30,0,0,-4.3,0.16,1.9,95.79,-3.7,1005,,,,,,,,,,,,,,,,,,,,,,,,,,,,,,,,,
3/15/2020,2020,3,15,4,30,0,0,-4.3,0.16,1.9,96.75,-3.9,1005,,,,,,,,,,,,,,,,,,,,,,,,,,,,,,,,,
3/15/2020,2020,3,15,5,30,0,0,-4.4,0.16,2,96.28,-3.9,1005,,,,,,,,,,,,,,,,,,,,,,,,,,,,,,,,,
3/15/2020,2020,3,15,6,30,10,93,-4.4,0.16,2.7,88.05,-2.7,1006,,,,,,,,,,,,,,,,,,,,,,,,,,,,,,,,,
3/15/2020,2020,3,15,7,30,49,583,-4,0.16,3.7,77.32,-0.5,1006,,,,,,,,,,,,,,,,,,,,,,,,,,,,,,,,,
3/15/2020,2020,3,15,8,30,102,565,-4.3,0.16,4,66.33,1.3,1006,,,,,,,,,,,,,,,,,,,,,,,,,,,,,,,,,
3/15/2020,2020,3,15,9,30,80,881,-4.2,0.16,3.9,61.05,2.6,1006,,,,,,,,,,,,,,,,,,,,,,,,,,,,,,,,,
3/15/2020,2020,3,15,10,30,242,340,-3.7,0.16,3.6,58.11,3.8,1005,,,,,,,,,,,,,,,,,,,,,,,,,,,,,,,,,
3/15/2020,2020,3,15,11,30,302,147,-3.2,0.16,3.5,56.35,4.8,1004,,,,,,,,,,,,,,,,,,,,,,,,,,,,,,,,,
3/15/2020,2020,3,15,12,30,336,253,-2.6,0.16,3.3,55.41,5.6,1003,,,,,,,,,,,,,,,,,,,,,,,,,,,,,,,,,
3/15/2020,2020,3,15,13,30,217,573,-2.2,0.16,3.2,55.25,6.1,1002,,,,,,,,,,,,,,,,,,,,,,,,,,,,,,,,,
3/15/2020,2020,3,15,14,30,96,887,-1.9,0.16,3.2,56.1,6.2,1001,,,,,,,,,,,,,,,,,,,,,,,,,,,,,,,,,
3/15/2020,2020,3,15,15,30,172,411,-1.8,0.16,3.3,58.56,5.7,1000,,,,,,,,,,,,,,,,,,,,,,,,,,,,,,,,,
3/15/2020,2020,3,15,16,30,108,344,-1.7,0.16,2.9,64.15,4.5,999,,,,,,,,,,,,,,,,,,,,,,,,,,,,,,,,,
3/15/2020,2020,3,15,17,30,45,417,-0.9,0.16,2.5,71.54,3.8,999,,,,,,,,,,,,,,,,,,,,,,,,,,,,,,,,,
3/15/2020,2020,3,15,18,30,0,0,-0.8,0.16,1.7,87.65,1,999,,,,,,,,,,,,,,,,,,,,,,,,,,,,,,,,,
3/15/2020,2020,3,15,19,30,0,0,-1,0.16,1.8,89.02,0.6,999,,,,,,,,,,,,,,,,,,,,,,,,,,,,,,,,,
3/15/2020,2020,3,15,20,30,0,0,-0.9,0.16,2,91.36,0.3,999,,,,,,,,,,,,,,,,,,,,,,,,,,,,,,,,,
3/15/2020,2020,3,15,21,30,0,0,-0.9,0.16,2,93.62,0,999,,,,,,,,,,,,,,,,,,,,,,,,,,,,,,,,,
3/15/2020,2020,3,15,22,30,0,0,-0.9,0.16,1.9,95.68,-0.3,998,,,,,,,,,,,,,,,,,,,,,,,,,,,,,,,,,
3/15/2020,2020,3,15,23,30,0,0,-0.9,0.16,1.8,97.67,-0.6,997,,,,,,,,,,,,,,,,,,,,,,,,,,,,,,,,,
3/16/2020,2020,3,16,0,30,0,0,-0.9,0.16,1.8,98.43,-0.7,996,,,,,,,,,,,,,,,,,,,,,,,,,,,,,,,,,
3/16/2020,2020,3,16,1,30,0,0,-0.9,0.16,1.5,98.48,-0.7,996,,,,,,,,,,,,,,,,,,,,,,,,,,,,,,,,,
3/16/2020,2020,3,16,2,30,0,0,-1,0.16,1.2,98.86,-0.8,995,,,,,,,,,,,,,,,,,,,,,,,,,,,,,,,,,
3/16/2020,2020,3,16,3,30,0,0,-1,0.16,0.9,99.45,-0.9,994,,,,,,,,,,,,,,,,,,,,,,,,,,,,,,,,,
3/16/2020,2020,3,16,4,30,0,0,-1,0.16,0.9,100,-1,994,,,,,,,,,,,,,,,,,,,,,,,,,,,,,,,,,
3/16/2020,2020,3,16,5,30,0,0,-1.2,0.16,0.9,100,-1.2,994,,,,,,,,,,,,,,,,,,,,,,,,,,,,,,,,,
3/16/2020,2020,3,16,6,30,10,65,-1.1,0.16,1.6,95.76,-0.5,994,,,,,,,,,,,,,,,,,,,,,,,,,,,,,,,,,
3/16/2020,2020,3,16,7,30,57,531,-0.6,0.16,2.2,86.01,1.5,994,,,,,,,,,,,,,,,,,,,,,,,,,,,,,,,,,
3/16/2020,2020,3,16,8,30,85,0,-0.3,0.16,2.2,76.71,3.4,994,,,,,,,,,,,,,,,,,,,,,,,,,,,,,,,,,
3/16/2020,2020,3,16,9,30,198,23,-0.3,0.16,2,69.79,4.8,993,,,,,,,,,,,,,,,,,,,,,,,,,,,,,,,,,
3/16/2020,2020,3,16,10,30,268,44,0.1,0.16,2,65.47,6.1,993,,,,,,,,,,,,,,,,,,,,,,,,,,,,,,,,,
3/16/2020,2020,3,16,11,30,289,41,0.5,0.16,2.2,62.66,7.2,992,,,,,,,,,,,,,,,,,,,,,,,,,,,,,,,,,
3/16/2020,2020,3,16,12,30,294,33,0.9,0.16,2.5,61.79,7.8,991,,,,,,,,,,,,,,,,,,,,,,,,,,,,,,,,,
3/16/2020,2020,3,16,13,30,327,164,1.2,0.16,3,61.88,8.1,990,,,,,,,,,,,,,,,,,,,,,,,,,,,,,,,,,
3/16/2020,2020,3,16,14,30,172,8,1.4,0.16,3.3,62.99,8,990,,,,,,,,,,,,,,,,,,,,,,,,,,,,,,,,,
3/16/2020,2020,3,16,15,30,89,0,1.6,0.16,3.2,64.64,7.8,990,,,,,,,,,,,,,,,,,,,,,,,,,,,,,,,,,
3/16/2020,2020,3,16,16,30,37,185,1.8,0.16,2.4,70.08,6.9,990,,,,,,,,,,,,,,,,,,,,,,,,,,,,,,,,,
3/16/2020,2020,3,16,17,30,43,216,3,0.16,1.6,80.03,6.2,990,,,,,,,,,,,,,,,,,,,,,,,,,,,,,,,,,
3/16/2020,2020,3,16,18,30,0,0,2,0.16,1.2,91.38,3.3,990,,,,,,,,,,,,,,,,,,,,,,,,,,,,,,,,,
3/16/2020,2020,3,16,19,30,0,0,1.7,0.16,1.3,92.27,2.8,991,,,,,,,,,,,,,,,,,,,,,,,,,,,,,,,,,
3/16/2020,2020,3,16,20,30,0,0,1.7,0.16,1.6,93.97,2.6,991,,,,,,,,,,,,,,,,,,,,,,,,,,,,,,,,,
3/16/2020,2020,3,16,21,30,0,0,1.8,0.16,2.1,95.24,2.5,992,,,,,,,,,,,,,,,,,,,,,,,,,,,,,,,,,
3/16/2020,2020,3,16,22,30,0,0,1.7,0.16,2.7,96.22,2.2,993,,,,,,,,,,,,,,,,,,,,,,,,,,,,,,,,,
3/16/2020,2020,3,16,23,30,0,0,1.1,0.16,2.9,97.99,1.4,993,,,,,,,,,,,,,,,,,,,,,,,,,,,,,,,,,
3/17/2020,2020,3,17,0,30,0,0,0.1,0.16,2.6,100,0.1,994,,,,,,,,,,,,,,,,,,,,,,,,,,,,,,,,,
3/17/2020,2020,3,17,1,30,0,0,-1.2,0.16,2,100,-1.2,994,,,,,,,,,,,,,,,,,,,,,,,,,,,,,,,,,
3/17/2020,2020,3,17,2,30,0,0,-2.4,0.16,1.6,99.39,-2.3,994,,,,,,,,,,,,,,,,,,,,,,,,,,,,,,,,,
3/17/2020,2020,3,17,3,30,0,0,-3.3,0.16,1.4,97.68,-3,994,,,,,,,,,,,,,,,,,,,,,,,,,,,,,,,,,
3/17/2020,2020,3,17,4,30,0,0,-3.9,0.16,1.2,96.59,-3.4,994,,,,,,,,,,,,,,,,,,,,,,,,,,,,,,,,,
3/17/2020,2020,3,17,5,30,0,0,-4.1,0.16,1.1,94.77,-3.4,995,,,,,,,,,,,,,,,,,,,,,,,,,,,,,,,,,
3/17/2020,2020,3,17,6,30,10,51,-4,0.16,1.6,84.64,-1.8,995,,,,,,,,,,,,,,,,,,,,,,,,,,,,,,,,,
3/17/2020,2020,3,17,7,30,49,640,-3,0.16,2,74.74,1,996,,,,,,,,,,,,,,,,,,,,,,,,,,,,,,,,,
3/17/2020,2020,3,17,8,30,66,823,-3,0.16,1.7,62.25,3.6,996,,,,,,,,,,,,,,,,,,,,,,,,,,,,,,,,,
3/17/2020,2020,3,17,9,30,78,900,-3.6,0.16,1.3,52.26,5.4,996,,,,,,,,,,,,,,,,,,,,,,,,,,,,,,,,,
3/17/2020,2020,3,17,10,30,105,881,-2.8,0.16,0.6,50.77,6.7,995,,,,,,,,,,,,,,,,,,,,,,,,,,,,,,,,,
3/17/2020,2020,3,17,11,30,118,886,-1.8,0.16,0.7,50.6,7.8,994,,,,,,,,,,,,,,,,,,,,,,,,,,,,,,,,,
3/17/2020,2020,3,17,12,30,239,585,-1,0.16,1.5,50.54,8.7,993,,,,,,,,,,,,,,,,,,,,,,,,,,,,,,,,,
3/17/2020,2020,3,17,13,30,240,540,-0.4,0.16,2.1,50.57,9.3,992,,,,,,,,,,,,,,,,,,,,,,,,,,,,,,,,,
3/17/2020,2020,3,17,14,30,155,702,0,0.16,2.5,51.08,9.6,991,,,,,,,,,,,,,,,,,,,,,,,,,,,,,,,,,
3/17/2020,2020,3,17,15,30,138,27,0.2,0.16,2.8,52.78,9.4,991,,,,,,,,,,,,,,,,,,,,,,,,,,,,,,,,,
3/17/2020,2020,3,17,16,30,116,67,0.6,0.16,2.5,58.29,8.3,990,,,,,,,,,,,,,,,,,,,,,,,,,,,,,,,,,
3/17/2020,2020,3,17,17,30,54,8,2.5,0.16,2,71.23,7.4,990,,,,,,,,,,,,,,,,,,,,,,,,,,,,,,,,,
3/17/2020,2020,3,17,18,30,1,0,2.1,0.16,1.8,82.78,4.8,991,,,,,,,,,,,,,,,,,,,,,,,,,,,,,,,,,
3/17/2020,2020,3,17,19,30,0,0,2.1,0.16,2,84.11,4.6,990,,,,,,,,,,,,,,,,,,,,,,,,,,,,,,,,,
3/17/2020,2020,3,17,20,30,0,0,2.2,0.16,2.2,86.35,4.3,990,,,,,,,,,,,,,,,,,,,,,,,,,,,,,,,,,
3/17/2020,2020,3,17,21,30,0,0,2.2,0.16,2.6,86.6,4.2,989,,,,,,,,,,,,,,,,,,,,,,,,,,,,,,,,,
3/17/2020,2020,3,17,22,30,0,0,2.3,0.16,3,87.21,4.2,989,,,,,,,,,,,,,,,,,,,,,,,,,,,,,,,,,
3/17/2020,2020,3,17,23,30,0,0,2.4,0.16,3,87.94,4.2,988,,,,,,,,,,,,,,,,,,,,,,,,,,,,,,,,,
3/18/2020,2020,3,18,0,30,0,0,2.6,0.16,3,89.67,4.1,987,,,,,,,,,,,,,,,,,,,,,,,,,,,,,,,,,
3/18/2020,2020,3,18,1,30,0,0,2.7,0.16,2.9,90.84,4.1,986,,,,,,,,,,,,,,,,,,,,,,,,,,,,,,,,,
3/18/2020,2020,3,18,2,30,0,0,3,0.16,2.5,92.46,4.1,985,,,,,,,,,,,,,,,,,,,,,,,,,,,,,,,,,
3/18/2020,2020,3,18,3,30,0,0,3.4,0.16,2,95.17,4.1,985,,,,,,,,,,,,,,,,,,,,,,,,,,,,,,,,,
3/18/2020,2020,3,18,4,30,0,0,3.7,0.16,1.6,98.11,4,985,,,,,,,,,,,,,,,,,,,,,,,,,,,,,,,,,
3/18/2020,2020,3,18,5,30,0,0,3.9,0.16,1.4,99.09,4,985,,,,,,,,,,,,,,,,,,,,,,,,,,,,,,,,,
3/18/2020,2020,3,18,6,30,3,0,4,0.16,1.8,97.83,4.3,985,,,,,,,,,,,,,,,,,,,,,,,,,,,,,,,,,
3/18/2020,2020,3,18,7,30,14,0,4.2,0.16,2.5,94.85,5,985,,,,,,,,,,,,,,,,,,,,,,,,,,,,,,,,,
3/18/2020,2020,3,18,8,30,10,0,4.7,0.16,2.6,92.34,5.8,985,,,,,,,,,,,,,,,,,,,,,,,,,,,,,,,,,
3/18/2020,2020,3,18,9,30,12,0,5.3,0.16,2,90.75,6.7,984,,,,,,,,,,,,,,,,,,,,,,,,,,,,,,,,,
3/18/2020,2020,3,18,10,30,36,0,6,0.16,1.1,88.98,7.7,984,,,,,,,,,,,,,,,,,,,,,,,,,,,,,,,,,
3/18/2020,2020,3,18,11,30,156,2,6.6,0.16,0.8,84.79,9,983,,,,,,,,,,,,,,,,,,,,,,,,,,,,,,,,,
3/18/2020,2020,3,18,12,30,133,0,7.5,0.16,0.7,80.5,10.7,983,,,,,,,,,,,,,,,,,,,,,,,,,,,,,,,,,
3/18/2020,2020,3,18,13,30,179,4,8.3,0.16,0.4,78.8,11.9,982,,,,,,,,,,,,,,,,,,,,,,,,,,,,,,,,,
3/18/2020,2020,3,18,14,30,137,2,8.8,0.16,0.6,78.42,12.4,982,,,,,,,,,,,,,,,,,,,,,,,,,,,,,,,,,
3/18/2020,2020,3,18,15,30,74,0,8.9,0.16,1.2,80.57,12.1,982,,,,,,,,,,,,,,,,,,,,,,,,,,,,,,,,,
3/18/2020,2020,3,18,16,30,65,189,8.8,0.16,1.6,85.44,11.2,983,,,,,,,,,,,,,,,,,,,,,,,,,,,,,,,,,
3/18/2020,2020,3,18,17,30,48,461,9,0.16,1.6,90,10.6,983,,,,,,,,,,,,,,,,,,,,,,,,,,,,,,,,,
3/18/2020,2020,3,18,18,30,2,12,8.6,0.16,1.9,97.8,8.9,984,,,,,,,,,,,,,,,,,,,,,,,,,,,,,,,,,
3/18/2020,2020,3,18,19,30,0,0,8.3,0.16,2.5,98.25,8.6,985,,,,,,,,,,,,,,,,,,,,,,,,,,,,,,,,,
3/18/2020,2020,3,18,20,30,0,0,8.1,0.16,2.5,98.61,8.3,985,,,,,,,,,,,,,,,,,,,,,,,,,,,,,,,,,
3/18/2020,2020,3,18,21,30,0,0,8,0.16,2.3,97.85,8.3,985,,,,,,,,,,,,,,,,,,,,,,,,,,,,,,,,,
3/18/2020,2020,3,18,22,30,0,0,8,0.16,2.2,98.19,8.3,985,,,,,,,,,,,,,,,,,,,,,,,,,,,,,,,,,
3/18/2020,2020,3,18,23,30,0,0,8.1,0.16,2.4,98.75,8.3,984,,,,,,,,,,,,,,,,,,,,,,,,,,,,,,,,,
3/19/2020,2020,3,19,0,30,0,0,8.2,0.16,3,99.05,8.3,984,,,,,,,,,,,,,,,,,,,,,,,,,,,,,,,,,
3/19/2020,2020,3,19,1,30,0,0,8.1,0.16,3.4,99.05,8.2,983,,,,,,,,,,,,,,,,,,,,,,,,,,,,,,,,,
3/19/2020,2020,3,19,2,30,0,0,7.8,0.16,3.4,99.39,7.9,983,,,,,,,,,,,,,,,,,,,,,,,,,,,,,,,,,
3/19/2020,2020,3,19,3,30,0,0,7.5,0.16,3.4,100,7.5,982,,,,,,,,,,,,,,,,,,,,,,,,,,,,,,,,,
3/19/2020,2020,3,19,4,30,0,0,7.2,0.16,3.8,98.87,7.4,981,,,,,,,,,,,,,,,,,,,,,,,,,,,,,,,,,
3/19/2020,2020,3,19,5,30,0,0,7.1,0.16,4.1,97.84,7.4,980,,,,,,,,,,,,,,,,,,,,,,,,,,,,,,,,,
3/19/2020,2020,3,19,6,30,3,0,7.1,0.16,4.1,96.98,7.5,979,,,,,,,,,,,,,,,,,,,,,,,,,,,,,,,,,
3/19/2020,2020,3,19,7,30,8,0,7.2,0.16,4.1,94.92,8,978,,,,,,,,,,,,,,,,,,,,,,,,,,,,,,,,,
3/19/2020,2020,3,19,8,30,27,0,7.8,0.16,4.3,93.16,8.8,978,,,,,,,,,,,,,,,,,,,,,,,,,,,,,,,,,
3/19/2020,2020,3,19,9,30,41,0,8.7,0.16,4.4,90.16,10.2,977,,,,,,,,,,,,,,,,,,,,,,,,,,,,,,,,,
3/19/2020,2020,3,19,10,30,84,0,10.1,0.16,4.1,88.26,12,977,,,,,,,,,,,,,,,,,,,,,,,,,,,,,,,,,
3/19/2020,2020,3,19,11,30,103,0,11.9,0.16,3.1,88.71,13.7,976,,,,,,,,,,,,,,,,,,,,,,,,,,,,,,,,,
3/19/2020,2020,3,19,12,30,66,0,12.6,0.16,2.8,82.07,15.7,975,,,,,,,,,,,,,,,,,,,,,,,,,,,,,,,,,
3/19/2020,2020,3,19,13,30,106,2,12.2,0.16,3.1,71.9,17.3,973,,,,,,,,,,,,,,,,,,,,,,,,,,,,,,,,,
3/19/2020,2020,3,19,14,30,277,121,11.9,0.16,3.1,69.32,17.6,972,,,,,,,,,,,,,,,,,,,,,,,,,,,,,,,,,
3/19/2020,2020,3,19,15,30,93,0,12.6,0.16,2.2,75.28,17,972,,,,,,,,,,,,,,,,,,,,,,,,,,,,,,,,,
3/19/2020,2020,3,19,16,30,19,0,13.8,0.16,1.1,89.03,15.6,973,,,,,,,,,,,,,,,,,,,,,,,,,,,,,,,,,
3/19/2020,2020,3,19,17,30,26,0,13.5,0.16,0.7,92.38,14.7,973,,,,,,,,,,,,,,,,,,,,,,,,,,,,,,,,,
3/19/2020,2020,3,19,18,30,0,0,10.4,0.16,6,100,10.4,975,,,,,,,,,,,,,,,,,,,,,,,,,,,,,,,,,
3/19/2020,2020,3,19,19,30,0,0,7.3,0.16,8,100,7.3,975,,,,,,,,,,,,,,,,,,,,,,,,,,,,,,,,,
3/19/2020,2020,3,19,20,30,0,0,4.9,0.16,6.7,98.87,5.1,976,,,,,,,,,,,,,,,,,,,,,,,,,,,,,,,,,
3/19/2020,2020,3,19,21,30,0,0,3.3,0.16,6.1,97.33,3.7,978,,,,,,,,,,,,,,,,,,,,,,,,,,,,,,,,,
3/19/2020,2020,3,19,22,30,0,0,2,0.16,7.6,96.17,2.5,981,,,,,,,,,,,,,,,,,,,,,,,,,,,,,,,,,
3/19/2020,2020,3,19,23,30,0,0,0.9,0.16,8.3,94.51,1.7,982,,,,,,,,,,,,,,,,,,,,,,,,,,,,,,,,,
3/20/2020,2020,3,20,0,30,0,0,0.2,0.16,8.6,94.39,1,984,,,,,,,,,,,,,,,,,,,,,,,,,,,,,,,,,
3/20/2020,2020,3,20,1,30,0,0,-0.8,0.16,9.1,93.42,0.1,986,,,,,,,,,,,,,,,,,,,,,,,,,,,,,,,,,
3/20/2020,2020,3,20,2,30,0,0,-2.6,0.16,9,89.93,-1.2,988,,,,,,,,,,,,,,,,,,,,,,,,,,,,,,,,,
3/20/2020,2020,3,20,3,30,0,0,-4.6,0.16,8.4,85.32,-2.5,990,,,,,,,,,,,,,,,,,,,,,,,,,,,,,,,,,
3/20/2020,2020,3,20,4,30,0,0,-6.2,0.16,7.8,82.03,-3.6,992,,,,,,,,,,,,,,,,,,,,,,,,,,,,,,,,,
3/20/2020,2020,3,20,5,30,0,0,-7.8,0.16,7.3,79.15,-4.7,993,,,,,,,,,,,,,,,,,,,,,,,,,,,,,,,,,
3/20/2020,2020,3,20,6,30,18,241,-9,0.16,7.4,74.47,-5.2,995,,,,,,,,,,,,,,,,,,,,,,,,,,,,,,,,,
3/20/2020,2020,3,20,7,30,53,297,-9.5,0.16,7.9,68.02,-4.5,996,,,,,,,,,,,,,,,,,,,,,,,,,,,,,,,,,
3/20/2020,2020,3,20,8,30,104,624,-9.4,0.16,8.2,62.23,-3.2,997,,,,,,,,,,,,,,,,,,,,,,,,,,,,,,,,,
3/20/2020,2020,3,20,9,30,67,970,-9,0.16,8,58.04,-1.8,998,,,,,,,,,,,,,,,,,,,,,,,,,,,,,,,,,
3/20/2020,2020,3,20,10,30,73,1010,-8.6,0.16,7.4,53.84,-0.4,999,,,,,,,,,,,,,,,,,,,,,,,,,,,,,,,,,
3/20/2020,2020,3,20,11,30,78,1027,-8.1,0.16,6.8,51.64,0.7,1000,,,,,,,,,,,,,,,,,,,,,,,,,,,,,,,,,
3/20/2020,2020,3,20,12,30,103,970,-7.6,0.16,6.4,50.86,1.5,1000,,,,,,,,,,,,,,,,,,,,,,,,,,,,,,,,,
3/20/2020,2020,3,20,13,30,104,938,-7.2,0.16,6.2,50.66,2,1000,,,,,,,,,,,,,,,,,,,,,,,,,,,,,,,,,
3/20/2020,2020,3,20,14,30,186,626,-7,0.16,5.8,51.09,2.1,1000,,,,,,,,,,,,,,,,,,,,,,,,,,,,,,,,,
3/20/2020,2020,3,20,15,30,215,175,-6.9,0.16,5.4,52.97,1.7,1001,,,,,,,,,,,,,,,,,,,,,,,,,,,,,,,,,
3/20/2020,2020,3,20,16,30,103,17,-6.9,0.16,4.5,57.35,0.6,1001,,,,,,,,,,,,,,,,,,,,,,,,,,,,,,,,,
3/20/2020,2020,3,20,17,30,27,0,-6.7,0.16,3.8,61.44,-0.2,1001,,,,,,,,,,,,,,,,,,,,,,,,,,,,,,,,,
3/20/2020,2020,3,20,18,30,1,0,-6.7,0.16,1.7,80.86,-3.9,1002,,,,,,,,,,,,,,,,,,,,,,,,,,,,,,,,,
3/20/2020,2020,3,20,19,30,0,0,-7.2,0.16,1.6,82.7,-4.7,1002,,,,,,,,,,,,,,,,,,,,,,,,,,,,,,,,,
3/20/2020,2020,3,20,20,30,0,0,-7.5,0.16,1.7,83.37,-5.1,1003,,,,,,,,,,,,,,,,,,,,,,,,,,,,,,,,,
3/20/2020,2020,3,20,21,30,0,0,-7.6,0.16,1.7,83.35,-5.2,1003,,,,,,,,,,,,,,,,,,,,,,,,,,,,,,,,,
3/20/2020,2020,3,20,22,30,0,0,-7.5,0.16,1.8,81.99,-4.9,1003,,,,,,,,,,,,,,,,,,,,,,,,,,,,,,,,,
3/20/2020,2020,3,20,23,30,0,0,-7.2,0.16,1.6,82.55,-4.7,1003,,,,,,,,,,,,,,,,,,,,,,,,,,,,,,,,,
3/21/2020,2020,3,21,0,30,0,0,-6.9,0.16,1.3,84.27,-4.7,1003,,,,,,,,,,,,,,,,,,,,,,,,,,,,,,,,,
3/21/2020,2020,3,21,1,30,0,0,-6.8,0.16,1.1,86.09,-4.8,1002,,,,,,,,,,,,,,,,,,,,,,,,,,,,,,,,,
3/21/2020,2020,3,21,2,30,0,0,-6.8,0.16,1,88.1,-5.1,1002,,,,,,,,,,,,,,,,,,,,,,,,,,,,,,,,,
3/21/2020,2020,3,21,3,30,0,0,-7,0.16,0.9,89.15,-5.5,1002,,,,,,,,,,,,,,,,,,,,,,,,,,,,,,,,,
3/21/2020,2020,3,21,4,30,0,0,-7.1,0.16,0.9,89.14,-5.6,1002,,,,,,,,,,,,,,,,,,,,,,,,,,,,,,,,,
3/21/2020,2020,3,21,5,30,0,0,-7,0.16,0.9,88.68,-5.4,1002,,,,,,,,,,,,,,,,,,,,,,,,,,,,,,,,,
3/21/2020,2020,3,21,6,30,9,13,-6.7,0.16,1.1,82.38,-4.1,1002,,,,,,,,,,,,,,,,,,,,,,,,,,,,,,,,,
3/21/2020,2020,3,21,7,30,78,276,-5.7,0.16,1.5,72.53,-1.4,1003,,,,,,,,,,,,,,,,,,,,,,,,,,,,,,,,,
3/21/2020,2020,3,21,8,30,84,738,-6.4,0.16,1.9,57.88,1,1003,,,,,,,,,,,,,,,,,,,,,,,,,,,,,,,,,
3/21/2020,2020,3,21,9,30,161,594,-6.2,0.16,2,53.21,2.4,1002,,,,,,,,,,,,,,,,,,,,,,,,,,,,,,,,,
3/21/2020,2020,3,21,10,30,106,893,-5.5,0.16,1.9,52.2,3.4,1002,,,,,,,,,,,,,,,,,,,,,,,,,,,,,,,,,
3/21/2020,2020,3,21,11,30,102,947,-4.9,0.16,2,50.42,4.5,1001,,,,,,,,,,,,,,,,,,,,,,,,,,,,,,,,,
3/21/2020,2020,3,21,12,30,334,343,-4.6,0.16,2.2,48.52,5.4,1000,,,,,,,,,,,,,,,,,,,,,,,,,,,,,,,,,
3/21/2020,2020,3,21,13,30,109,922,-4.3,0.16,2.5,47.58,6,999,,,,,,,,,,,,,,,,,,,,,,,,,,,,,,,,,
3/21/2020,2020,3,21,14,30,101,896,-4,0.16,2.7,47.31,6.4,998,,,,,,,,,,,,,,,,,,,,,,,,,,,,,,,,,
3/21/2020,2020,3,21,15,30,89,843,-3.8,0.16,2.9,48.48,6.3,997,,,,,,,,,,,,,,,,,,,,,,,,,,,,,,,,,
3/21/2020,2020,3,21,16,30,73,741,-3.4,0.16,2.4,54.28,5.1,996,,,,,,,,,,,,,,,,,,,,,,,,,,,,,,,,,
3/21/2020,2020,3,21,17,30,50,516,-1.2,0.16,1.9,68.38,4.1,996,,,,,,,,,,,,,,,,,,,,,,,,,,,,,,,,,
3/21/2020,2020,3,21,18,30,6,34,-2.6,0.16,2,80.88,0.3,996,,,,,,,,,,,,,,,,,,,,,,,,,,,,,,,,,
3/21/2020,2020,3,21,19,30,0,0,-3,0.16,2.6,80.82,-0.1,996,,,,,,,,,,,,,,,,,,,,,,,,,,,,,,,,,
3/21/2020,2020,3,21,20,30,0,0,-2.9,0.16,3.2,83.33,-0.4,996,,,,,,,,,,,,,,,,,,,,,,,,,,,,,,,,,
3/21/2020,2020,3,21,21,30,0,0,-2.7,0.16,3.5,87.12,-0.8,997,,,,,,,,,,,,,,,,,,,,,,,,,,,,,,,,,
3/21/2020,2020,3,21,22,30,0,0,-2.6,0.16,3.9,89.55,-1.1,997,,,,,,,,,,,,,,,,,,,,,,,,,,,,,,,,,
3/21/2020,2020,3,21,23,30,0,0,-2.7,0.16,4.2,90.47,-1.3,997,,,,,,,,,,,,,,,,,,,,,,,,,,,,,,,,,
3/22/2020,2020,3,22,0,30,0,0,-2.9,0.16,4.1,91.76,-1.7,997,,,,,,,,,,,,,,,,,,,,,,,,,,,,,,,,,
3/22/2020,2020,3,22,1,30,0,0,-3.4,0.16,4.1,91.59,-2.2,996,,,,,,,,,,,,,,,,,,,,,,,,,,,,,,,,,
3/22/2020,2020,3,22,2,30,0,0,-3.8,0.16,4.2,90.52,-2.5,995,,,,,,,,,,,,,,,,,,,,,,,,,,,,,,,,,
3/22/2020,2020,3,22,3,30,0,0,-4,0.16,4.1,90.11,-2.6,995,,,,,,,,,,,,,,,,,,,,,,,,,,,,,,,,,
3/22/2020,2020,3,22,4,30,0,0,-4.1,0.16,3.8,90.58,-2.8,994,,,,,,,,,,,,,,,,,,,,,,,,,,,,,,,,,
3/22/2020,2020,3,22,5,30,0,0,-4.3,0.16,3.9,88.68,-2.7,994,,,,,,,,,,,,,,,,,,,,,,,,,,,,,,,,,
3/22/2020,2020,3,22,6,30,11,0,-4.2,0.16,4.3,82.18,-1.6,994,,,,,,,,,,,,,,,,,,,,,,,,,,,,,,,,,
3/22/2020,2020,3,22,7,30,75,30,-3.7,0.16,5.1,74,0.4,994,,,,,,,,,,,,,,,,,,,,,,,,,,,,,,,,,
3/22/2020,2020,3,22,8,30,117,26,-3.3,0.16,5.9,67.9,2,994,,,,,,,,,,,,,,,,,,,,,,,,,,,,,,,,,
3/22/2020,2020,3,22,9,30,137,5,-2.6,0.16,6.2,67.22,2.9,993,,,,,,,,,,,,,,,,,,,,,,,,,,,,,,,,,
3/22/2020,2020,3,22,10,30,96,0,-1.8,0.16,6.1,70.68,3,993,,,,,,,,,,,,,,,,,,,,,,,,,,,,,,,,,
3/22/2020,2020,3,22,11,30,129,1,-1.2,0.16,5.6,74.48,2.9,992,,,,,,,,,,,,,,,,,,,,,,,,,,,,,,,,,
3/22/2020,2020,3,22,12,30,198,8,-0.7,0.16,5,77.73,2.8,991,,,,,,,,,,,,,,,,,,,,,,,,,,,,,,,,,
3/22/2020,2020,3,22,13,30,143,1,-0.3,0.16,4.3,79.47,2.9,990,,,,,,,,,,,,,,,,,,,,,,,,,,,,,,,,,
3/22/2020,2020,3,22,14,30,54,0,0,0.16,3.8,82.04,2.8,989,,,,,,,,,,,,,,,,,,,,,,,,,,,,,,,,,
3/22/2020,2020,3,22,15,30,103,2,0.3,0.16,3.4,86,2.4,989,,,,,,,,,,,,,,,,,,,,,,,,,,,,,,,,,
3/22/2020,2020,3,22,16,30,98,34,0.5,0.16,3,90.71,1.9,989,,,,,,,,,,,,,,,,,,,,,,,,,,,,,,,,,
3/22/2020,2020,3,22,17,30,20,0,0.7,0.16,2.8,93.98,1.6,989,,,,,,,,,,,,,,,,,,,,,,,,,,,,,,,,,
3/22/2020,2020,3,22,18,30,2,0,0.5,0.16,2,99.28,0.6,989,,,,,,,,,,,,,,,,,,,,,,,,,,,,,,,,,
3/22/2020,2020,3,22,19,30,0,0,0.3,0.16,2.5,98.91,0.5,989,,,,,,,,,,,,,,,,,,,,,,,,,,,,,,,,,
3/22/2020,2020,3,22,20,30,0,0,0.3,0.16,2.7,97.5,0.7,989,,,,,,,,,,,,,,,,,,,,,,,,,,,,,,,,,
3/22/2020,2020,3,22,21,30,0,0,0.5,0.16,2.6,96.98,0.9,989,,,,,,,,,,,,,,,,,,,,,,,,,,,,,,,,,
3/22/2020,2020,3,22,22,30,0,0,0.6,0.16,2.3,97.43,1,989,,,,,,,,,,,,,,,,,,,,,,,,,,,,,,,,,
3/22/2020,2020,3,22,23,30,0,0,0.8,0.16,1.9,97.58,1.1,989,,,,,,,,,,,,,,,,,,,,,,,,,,,,,,,,,
3/23/2020,2020,3,23,0,30,0,0,0.8,0.16,1.4,98.51,1,989,,,,,,,,,,,,,,,,,,,,,,,,,,,,,,,,,
3/23/2020,2020,3,23,1,30,0,0,0.7,0.16,1.1,98.89,0.9,989,,,,,,,,,,,,,,,,,,,,,,,,,,,,,,,,,
3/23/2020,2020,3,23,2,30,0,0,0.7,0.16,0.9,99.12,0.8,989,,,,,,,,,,,,,,,,,,,,,,,,,,,,,,,,,
3/23/2020,2020,3,23,3,30,0,0,0.6,0.16,0.8,100,0.6,989,,,,,,,,,,,,,,,,,,,,,,,,,,,,,,,,,
3/23/2020,2020,3,23,4,30,0,0,0.4,0.16,0.7,100,0.4,989,,,,,,,,,,,,,,,,,,,,,,,,,,,,,,,,,
3/23/2020,2020,3,23,5,30,0,0,0.5,0.16,0.7,99.91,0.5,989,,,,,,,,,,,,,,,,,,,,,,,,,,,,,,,,,
3/23/2020,2020,3,23,6,30,23,132,0.6,0.16,1.1,95.31,1.3,990,,,,,,,,,,,,,,,,,,,,,,,,,,,,,,,,,
3/23/2020,2020,3,23,7,30,47,354,1.2,0.16,1.2,90.17,2.6,990,,,,,,,,,,,,,,,,,,,,,,,,,,,,,,,,,
3/23/2020,2020,3,23,8,30,82,0,1.9,0.16,0.8,85.42,4.1,990,,,,,,,,,,,,,,,,,,,,,,,,,,,,,,,,,
3/23/2020,2020,3,23,9,30,192,12,2.7,0.16,0.6,80.45,5.8,990,,,,,,,,,,,,,,,,,,,,,,,,,,,,,,,,,
3/23/2020,2020,3,23,10,30,305,81,3.3,0.16,1,75.54,7.3,990,,,,,,,,,,,,,,,,,,,,,,,,,,,,,,,,,
3/23/2020,2020,3,23,11,30,349,90,3.6,0.16,1.5,72.63,8.2,989,,,,,,,,,,,,,,,,,,,,,,,,,,,,,,,,,
3/23/2020,2020,3,23,12,30,257,20,3.9,0.16,1.8,71.31,8.8,989,,,,,,,,,,,,,,,,,,,,,,,,,,,,,,,,,
3/23/2020,2020,3,23,13,30,141,1,4.1,0.16,2,69.69,9.4,988,,,,,,,,,,,,,,,,,,,,,,,,,,,,,,,,,
3/23/2020,2020,3,23,14,30,166,5,4.4,0.16,2,69.29,9.8,988,,,,,,,,,,,,,,,,,,,,,,,,,,,,,,,,,
3/23/2020,2020,3,23,15,30,61,0,4.6,0.16,1.9,70.38,9.7,987,,,,,,,,,,,,,,,,,,,,,,,,,,,,,,,,,
3/23/2020,2020,3,23,16,30,35,298,4.7,0.16,1.6,74.29,9,987,,,,,,,,,,,,,,,,,,,,,,,,,,,,,,,,,
3/23/2020,2020,3,23,17,30,52,497,5.7,0.16,1.3,82.5,8.5,987,,,,,,,,,,,,,,,,,,,,,,,,,,,,,,,,,
3/23/2020,2020,3,23,18,30,5,36,5.5,0.16,1.4,93.18,6.5,988,,,,,,,,,,,,,,,,,,,,,,,,,,,,,,,,,
3/23/2020,2020,3,23,19,30,0,0,5.1,0.16,1.8,93.67,6,988,,,,,,,,,,,,,,,,,,,,,,,,,,,,,,,,,
3/23/2020,2020,3,23,20,30,0,0,4.8,0.16,1.9,94.77,5.6,988,,,,,,,,,,,,,,,,,,,,,,,,,,,,,,,,,
3/23/2020,2020,3,23,21,30,0,0,4.6,0.16,1.8,97.24,5,988,,,,,,,,,,,,,,,,,,,,,,,,,,,,,,,,,
3/23/2020,2020,3,23,22,30,0,0,4.4,0.16,1.8,99.32,4.5,988,,,,,,,,,,,,,,,,,,,,,,,,,,,,,,,,,
3/23/2020,2020,3,23,23,30,0,0,4.2,0.16,1.9,100,4.2,988,,,,,,,,,,,,,,,,,,,,,,,,,,,,,,,,,
3/24/2020,2020,3,24,0,30,0,0,3.9,0.16,2.1,100,3.9,987,,,,,,,,,,,,,,,,,,,,,,,,,,,,,,,,,
3/24/2020,2020,3,24,1,30,0,0,3.6,0.16,2.3,100,3.6,987,,,,,,,,,,,,,,,,,,,,,,,,,,,,,,,,,
3/24/2020,2020,3,24,2,30,0,0,3.5,0.16,2.5,100,3.5,986,,,,,,,,,,,,,,,,,,,,,,,,,,,,,,,,,
3/24/2020,2020,3,24,3,30,0,0,3.6,0.16,2.6,100,3.6,986,,,,,,,,,,,,,,,,,,,,,,,,,,,,,,,,,
3/24/2020,2020,3,24,4,30,0,0,3.5,0.16,2.6,99.44,3.6,986,,,,,,,,,,,,,,,,,,,,,,,,,,,,,,,,,
3/24/2020,2020,3,24,5,30,0,0,3.3,0.16,2.7,98.7,3.5,986,,,,,,,,,,,,,,,,,,,,,,,,,,,,,,,,,
3/24/2020,2020,3,24,6,30,8,0,3.1,0.16,3.1,96.04,3.7,986,,,,,,,,,,,,,,,,,,,,,,,,,,,,,,,,,
3/24/2020,2020,3,24,7,30,49,0,3.1,0.16,3.5,92.14,4.3,985,,,,,,,,,,,,,,,,,,,,,,,,,,,,,,,,,
3/24/2020,2020,3,24,8,30,54,0,3.3,0.16,3.8,86.52,5.4,985,,,,,,,,,,,,,,,,,,,,,,,,,,,,,,,,,
3/24/2020,2020,3,24,9,30,72,0,3.6,0.16,4.1,82.43,6.4,985,,,,,,,,,,,,,,,,,,,,,,,,,,,,,,,,,
3/24/2020,2020,3,24,10,30,106,0,3.8,0.16,4.2,79.39,7.1,985,,,,,,,,,,,,,,,,,,,,,,,,,,,,,,,,,
3/24/2020,2020,3,24,11,30,262,27,3.9,0.16,3.9,76.95,7.7,985,,,,,,,,,,,,,,,,,,,,,,,,,,,,,,,,,
3/24/2020,2020,3,24,12,30,336,64,4.3,0.16,3.4,73.79,8.7,984,,,,,,,,,,,,,,,,,,,,,,,,,,,,,,,,,
3/24/2020,2020,3,24,13,30,228,591,4.9,0.16,3.1,72.33,9.6,983,,,,,,,,,,,,,,,,,,,,,,,,,,,,,,,,,
3/24/2020,2020,3,24,14,30,110,864,5.4,0.16,3,71.82,10.3,983,,,,,,,,,,,,,,,,,,,,,,,,,,,,,,,,,
3/24/2020,2020,3,24,15,30,95,818,5.8,0.16,3,71.73,10.7,982,,,,,,,,,,,,,,,,,,,,,,,,,,,,,,,,,
3/24/2020,2020,3,24,16,30,77,723,6.1,0.16,2.4,75.76,10.2,982,,,,,,,,,,,,,,,,,,,,,,,,,,,,,,,,,
3/24/2020,2020,3,24,17,30,52,510,6.8,0.16,1.8,83.31,9.5,981,,,,,,,,,,,,,,,,,,,,,,,,,,,,,,,,,
3/24/2020,2020,3,24,18,30,6,41,5.5,0.16,1.5,100,5.5,982,,,,,,,,,,,,,,,,,,,,,,,,,,,,,,,,,
3/24/2020,2020,3,24,19,30,0,0,4.8,0.16,1.9,100,4.8,982,,,,,,,,,,,,,,,,,,,,,,,,,,,,,,,,,
3/24/2020,2020,3,24,20,30,0,0,4.5,0.16,2.4,100,4.5,982,,,,,,,,,,,,,,,,,,,,,,,,,,,,,,,,,
3/24/2020,2020,3,24,21,30,0,0,4.5,0.16,3.1,100,4.5,982,,,,,,,,,,,,,,,,,,,,,,,,,,,,,,,,,
3/24/2020,2020,3,24,22,30,0,0,4.7,0.16,3.8,100,4.7,982,,,,,,,,,,,,,,,,,,,,,,,,,,,,,,,,,
3/24/2020,2020,3,24,23,30,0,0,4.7,0.16,4.1,100,4.7,982,,,,,,,,,,,,,,,,,,,,,,,,,,,,,,,,,
3/25/2020,2020,3,25,0,30,0,0,4.4,0.16,3.9,99.15,4.5,981,,,,,,,,,,,,,,,,,,,,,,,,,,,,,,,,,
3/25/2020,2020,3,25,1,30,0,0,4,0.16,3.7,97.41,4.4,981,,,,,,,,,,,,,,,,,,,,,,,,,,,,,,,,,
3/25/2020,2020,3,25,2,30,0,0,4,0.16,3.7,96.7,4.5,980,,,,,,,,,,,,,,,,,,,,,,,,,,,,,,,,,
3/25/2020,2020,3,25,3,30,0,0,4.2,0.16,3.7,96.89,4.7,980,,,,,,,,,,,,,,,,,,,,,,,,,,,,,,,,,
3/25/2020,2020,3,25,4,30,0,0,4.4,0.16,3.6,97.83,4.7,980,,,,,,,,,,,,,,,,,,,,,,,,,,,,,,,,,
3/25/2020,2020,3,25,5,30,0,0,4.4,0.16,3.5,97.15,4.8,980,,,,,,,,,,,,,,,,,,,,,,,,,,,,,,,,,
3/25/2020,2020,3,25,6,30,26,156,4.4,0.16,3.4,96.02,5,980,,,,,,,,,,,,,,,,,,,,,,,,,,,,,,,,,
3/25/2020,2020,3,25,7,30,27,103,4.6,0.16,3.5,92.96,5.6,980,,,,,,,,,,,,,,,,,,,,,,,,,,,,,,,,,
3/25/2020,2020,3,25,8,30,47,1,4.9,0.16,3.6,90.82,6.3,980,,,,,,,,,,,,,,,,,,,,,,,,,,,,,,,,,
3/25/2020,2020,3,25,9,30,75,0,5.5,0.16,3.8,88.83,7.2,980,,,,,,,,,,,,,,,,,,,,,,,,,,,,,,,,,
3/25/2020,2020,3,25,10,30,36,0,6,0.16,4,87.1,8,980,,,,,,,,,,,,,,,,,,,,,,,,,,,,,,,,,
3/25/2020,2020,3,25,11,30,143,1,6.6,0.16,4.4,83.52,9.2,979,,,,,,,,,,,,,,,,,,,,,,,,,,,,,,,,,
3/25/2020,2020,3,25,12,30,188,8,7.2,0.16,4.7,79.9,10.5,978,,,,,,,,,,,,,,,,,,,,,,,,,,,,,,,,,
3/25/2020,2020,3,25,13,30,146,2,7.7,0.16,4.9,74.21,12.2,977,,,,,,,,,,,,,,,,,,,,,,,,,,,,,,,,,
3/25/2020,2020,3,25,14,30,135,1,8.3,0.16,5,69.37,13.8,976,,,,,,,,,,,,,,,,,,,,,,,,,,,,,,,,,
3/25/2020,2020,3,25,15,30,214,96,8.8,0.16,4.4,67.88,14.7,976,,,,,,,,,,,,,,,,,,,,,,,,,,,,,,,,,
3/25/2020,2020,3,25,16,30,108,151,9.7,0.16,2.8,76.04,13.9,975,,,,,,,,,,,,,,,,,,,,,,,,,,,,,,,,,
3/25/2020,2020,3,25,17,30,34,10,10.7,0.16,1.8,86.7,12.9,975,,,,,,,,,,,,,,,,,,,,,,,,,,,,,,,,,
3/25/2020,2020,3,25,18,30,3,0,10.5,0.16,1.5,92.05,11.8,975,,,,,,,,,,,,,,,,,,,,,,,,,,,,,,,,,
3/25/2020,2020,3,25,19,30,0,0,10.6,0.16,1.2,97.05,11.1,976,,,,,,,,,,,,,,,,,,,,,,,,,,,,,,,,,
3/25/2020,2020,3,25,20,30,0,0,10.1,0.16,1.1,100,10.1,976,,,,,,,,,,,,,,,,,,,,,,,,,,,,,,,,,
3/25/2020,2020,3,25,21,30,0,0,9,0.16,1.7,100,9,977,,,,,,,,,,,,,,,,,,,,,,,,,,,,,,,,,
3/25/2020,2020,3,25,22,30,0,0,8.2,0.16,2.7,100,8.2,978,,,,,,,,,,,,,,,,,,,,,,,,,,,,,,,,,
3/25/2020,2020,3,25,23,30,0,0,7.5,0.16,3.6,100,7.5,978,,,,,,,,,,,,,,,,,,,,,,,,,,,,,,,,,
3/26/2020,2020,3,26,0,30,0,0,6.6,0.16,3.9,100,6.6,978,,,,,,,,,,,,,,,,,,,,,,,,,,,,,,,,,
3/26/2020,2020,3,26,1,30,0,0,5.9,0.16,3.9,100,5.9,978,,,,,,,,,,,,,,,,,,,,,,,,,,,,,,,,,
3/26/2020,2020,3,26,2,30,0,0,5.2,0.16,3.9,99.99,5.2,978,,,,,,,,,,,,,,,,,,,,,,,,,,,,,,,,,
3/26/2020,2020,3,26,3,30,0,0,4.5,0.16,3.9,98.46,4.7,978,,,,,,,,,,,,,,,,,,,,,,,,,,,,,,,,,
3/26/2020,2020,3,26,4,30,0,0,3.9,0.16,4,97.96,4.2,978,,,,,,,,,,,,,,,,,,,,,,,,,,,,,,,,,
3/26/2020,2020,3,26,5,30,0,0,3.4,0.16,4.2,97.05,3.8,978,,,,,,,,,,,,,,,,,,,,,,,,,,,,,,,,,
3/26/2020,2020,3,26,6,30,10,0,2.9,0.16,4.8,93.13,3.9,979,,,,,,,,,,,,,,,,,,,,,,,,,,,,,,,,,
3/26/2020,2020,3,26,7,30,23,0,2.8,0.16,5.2,85.51,5,979,,,,,,,,,,,,,,,,,,,,,,,,,,,,,,,,,
3/26/2020,2020,3,26,8,30,115,9,3.3,0.16,5.1,79.28,6.6,979,,,,,,,,,,,,,,,,,,,,,,,,,,,,,,,,,
3/26/2020,2020,3,26,9,30,128,4,4.1,0.16,4.8,74.82,8.3,979,,,,,,,,,,,,,,,,,,,,,,,,,,,,,,,,,
3/26/2020,2020,3,26,10,30,229,26,4.9,0.16,4.6,71.39,9.8,978,,,,,,,,,,,,,,,,,,,,,,,,,,,,,,,,,
3/26/2020,2020,3,26,11,30,363,146,5.6,0.16,4.5,68.98,11.1,978,,,,,,,,,,,,,,,,,,,,,,,,,,,,,,,,,
3/26/2020,2020,3,26,12,30,337,388,6.3,0.16,4.3,67.18,12.2,978,,,,,,,,,,,,,,,,,,,,,,,,,,,,,,,,,
3/26/2020,2020,3,26,13,30,338,118,6.8,0.16,4,66.24,12.9,977,,,,,,,,,,,,,,,,,,,,,,,,,,,,,,,,,
3/26/2020,2020,3,26,14,30,271,389,7.1,0.16,3.5,66.96,13.1,977,,,,,,,,,,,,,,,,,,,,,,,,,,,,,,,,,
3/26/2020,2020,3,26,15,30,236,189,7.4,0.16,2.8,69.41,12.9,977,,,,,,,,,,,,,,,,,,,,,,,,,,,,,,,,,
3/26/2020,2020,3,26,16,30,146,84,8,0.16,1.9,77.21,11.9,978,,,,,,,,,,,,,,,,,,,,,,,,,,,,,,,,,
3/26/2020,2020,3,26,17,30,59,4,9,0.16,1.4,86.37,11.2,978,,,,,,,,,,,,,,,,,,,,,,,,,,,,,,,,,
3/26/2020,2020,3,26,18,30,4,0,8.1,0.16,1.8,91.53,9.4,979,,,,,,,,,,,,,,,,,,,,,,,,,,,,,,,,,
3/26/2020,2020,3,26,19,30,0,0,7.8,0.16,2.4,92.55,8.9,979,,,,,,,,,,,,,,,,,,,,,,,,,,,,,,,,,
3/26/2020,2020,3,26,20,30,0,0,7.5,0.16,3.2,94.17,8.4,979,,,,,,,,,,,,,,,,,,,,,,,,,,,,,,,,,
3/26/2020,2020,3,26,21,30,0,0,7.4,0.16,3.7,97.74,7.7,979,,,,,,,,,,,,,,,,,,,,,,,,,,,,,,,,,
3/26/2020,2020,3,26,22,30,0,0,7.1,0.16,3.8,100,7.1,979,,,,,,,,,,,,,,,,,,,,,,,,,,,,,,,,,
3/26/2020,2020,3,26,23,30,0,0,6.8,0.16,3.7,100,6.8,979,,,,,,,,,,,,,,,,,,,,,,,,,,,,,,,,,
3/27/2020,2020,3,27,0,30,0,0,6.5,0.16,3.7,99.33,6.6,979,,,,,,,,,,,,,,,,,,,,,,,,,,,,,,,,,
3/27/2020,2020,3,27,1,30,0,0,6.2,0.16,3.7,98.67,6.4,979,,,,,,,,,,,,,,,,,,,,,,,,,,,,,,,,,
3/27/2020,2020,3,27,2,30,0,0,6,0.16,3.6,98.52,6.2,978,,,,,,,,,,,,,,,,,,,,,,,,,,,,,,,,,
3/27/2020,2020,3,27,3,30,0,0,5.8,0.16,3.5,97.78,6.1,978,,,,,,,,,,,,,,,,,,,,,,,,,,,,,,,,,
3/27/2020,2020,3,27,4,30,0,0,5.6,0.16,3.3,97.72,5.9,978,,,,,,,,,,,,,,,,,,,,,,,,,,,,,,,,,
3/27/2020,2020,3,27,5,30,0,0,5.3,0.16,3.3,97.48,5.7,978,,,,,,,,,,,,,,,,,,,,,,,,,,,,,,,,,
3/27/2020,2020,3,27,6,30,7,0,5.1,0.16,3.8,95.26,5.8,978,,,,,,,,,,,,,,,,,,,,,,,,,,,,,,,,,
3/27/2020,2020,3,27,7,30,22,0,4.9,0.16,4.5,91.03,6.3,977,,,,,,,,,,,,,,,,,,,,,,,,,,,,,,,,,
3/27/2020,2020,3,27,8,30,52,0,5,0.16,4.8,86.67,7.1,977,,,,,,,,,,,,,,,,,,,,,,,,,,,,,,,,,
3/27/2020,2020,3,27,9,30,62,0,5.4,0.16,4.9,82.52,8.2,977,,,,,,,,,,,,,,,,,,,,,,,,,,,,,,,,,
3/27/2020,2020,3,27,10,30,49,0,6,0.16,4.8,81.07,9.1,977,,,,,,,,,,,,,,,,,,,,,,,,,,,,,,,,,
3/27/2020,2020,3,27,11,30,68,0,6.6,0.16,4.6,80.48,9.8,976,,,,,,,,,,,,,,,,,,,,,,,,,,,,,,,,,
3/27/2020,2020,3,27,12,30,44,0,7,0.16,4.4,80.8,10.2,975,,,,,,,,,,,,,,,,,,,,,,,,,,,,,,,,,
3/27/2020,2020,3,27,13,30,84,0,7.5,0.16,4.1,81.69,10.5,975,,,,,,,,,,,,,,,,,,,,,,,,,,,,,,,,,
3/27/2020,2020,3,27,14,30,61,0,7.9,0.16,3.7,84.07,10.5,974,,,,,,,,,,,,,,,,,,,,,,,,,,,,,,,,,
3/27/2020,2020,3,27,15,30,48,0,8.3,0.16,3.3,87.01,10.4,974,,,,,,,,,,,,,,,,,,,,,,,,,,,,,,,,,
3/27/2020,2020,3,27,16,30,34,0,8.7,0.16,3.1,91.73,10,974,,,,,,,,,,,,,,,,,,,,,,,,,,,,,,,,,
3/27/2020,2020,3,27,17,30,20,0,8.9,0.16,3,94.99,9.7,974,,,,,,,,,,,,,,,,,,,,,,,,,,,,,,,,,
3/27/2020,2020,3,27,18,30,1,0,8.9,0.16,2.5,99.78,8.9,974,,,,,,,,,,,,,,,,,,,,,,,,,,,,,,,,,
3/27/2020,2020,3,27,19,30,0,0,8.7,0.16,2.2,100,8.7,974,,,,,,,,,,,,,,,,,,,,,,,,,,,,,,,,,
3/27/2020,2020,3,27,20,30,0,0,8.5,0.16,1.7,100,8.5,974,,,,,,,,,,,,,,,,,,,,,,,,,,,,,,,,,
3/27/2020,2020,3,27,21,30,0,0,8.2,0.16,1.1,100,8.2,974,,,,,,,,,,,,,,,,,,,,,,,,,,,,,,,,,
3/27/2020,2020,3,27,22,30,0,0,8.1,0.16,0.8,100,8.1,973,,,,,,,,,,,,,,,,,,,,,,,,,,,,,,,,,
3/27/2020,2020,3,27,23,30,0,0,8.2,0.16,0.6,100,8.2,972,,,,,,,,,,,,,,,,,,,,,,,,,,,,,,,,,
3/28/2020,2020,3,28,0,30,0,0,8.1,0.16,0.4,100,8.1,972,,,,,,,,,,,,,,,,,,,,,,,,,,,,,,,,,
3/28/2020,2020,3,28,1,30,0,0,7.7,0.16,0.5,100,7.7,972,,,,,,,,,,,,,,,,,,,,,,,,,,,,,,,,,
3/28/2020,2020,3,28,2,30,0,0,7.3,0.16,0.7,100,7.3,971,,,,,,,,,,,,,,,,,,,,,,,,,,,,,,,,,
3/28/2020,2020,3,28,3,30,0,0,7,0.16,0.7,100,7,971,,,,,,,,,,,,,,,,,,,,,,,,,,,,,,,,,
3/28/2020,2020,3,28,4,30,0,0,6.8,0.16,0.8,100,6.8,971,,,,,,,,,,,,,,,,,,,,,,,,,,,,,,,,,
3/28/2020,2020,3,28,5,30,0,0,6.8,0.16,1.8,100,6.8,971,,,,,,,,,,,,,,,,,,,,,,,,,,,,,,,,,
3/28/2020,2020,3,28,6,30,31,107,6.8,0.16,3.3,97.76,7.1,971,,,,,,,,,,,,,,,,,,,,,,,,,,,,,,,,,
3/28/2020,2020,3,28,7,30,45,143,6.8,0.16,4.2,93.89,7.7,971,,,,,,,,,,,,,,,,,,,,,,,,,,,,,,,,,
3/28/2020,2020,3,28,8,30,52,19,7.4,0.16,5,90.81,8.8,970,,,,,,,,,,,,,,,,,,,,,,,,,,,,,,,,,
3/28/2020,2020,3,28,9,30,66,1,8.3,0.16,6.1,86.39,10.5,969,,,,,,,,,,,,,,,,,,,,,,,,,,,,,,,,,
3/28/2020,2020,3,28,10,30,182,8,9.5,0.16,7.1,80.74,12.7,967,,,,,,,,,,,,,,,,,,,,,,,,,,,,,,,,,
3/28/2020,2020,3,28,11,30,216,10,11.4,0.16,7.3,75.84,15.6,965,,,,,,,,,,,,,,,,,,,,,,,,,,,,,,,,,
3/28/2020,2020,3,28,12,30,240,13,13.6,0.16,7.4,71.3,18.9,964,,,,,,,,,,,,,,,,,,,,,,,,,,,,,,,,,
3/28/2020,2020,3,28,13,30,251,24,14.2,0.16,8.2,64.42,21.2,962,,,,,,,,,,,,,,,,,,,,,,,,,,,,,,,,,
3/28/2020,2020,3,28,14,30,257,150,11.3,0.16,9.4,53.84,21,962,,,,,,,,,,,,,,,,,,,,,,,,,,,,,,,,,
3/28/2020,2020,3,28,15,30,171,346,7.7,0.16,9.4,47.48,19.1,962,,,,,,,,,,,,,,,,,,,,,,,,,,,,,,,,,
3/28/2020,2020,3,28,16,30,97,441,6.8,0.16,8.9,52.47,16.6,963,,,,,,,,,,,,,,,,,,,,,,,,,,,,,,,,,
3/28/2020,2020,3,28,17,30,66,49,7.3,0.16,8.6,58.74,15.3,963,,,,,,,,,,,,,,,,,,,,,,,,,,,,,,,,,
3/28/2020,2020,3,28,18,30,5,0,7,0.16,7.2,73.13,11.6,964,,,,,,,,,,,,,,,,,,,,,,,,,,,,,,,,,
3/28/2020,2020,3,28,19,30,0,0,6.4,0.16,6.7,77.73,10.1,964,,,,,,,,,,,,,,,,,,,,,,,,,,,,,,,,,
3/28/2020,2020,3,28,20,30,0,0,6.3,0.16,6.6,82.55,9.1,964,,,,,,,,,,,,,,,,,,,,,,,,,,,,,,,,,
3/28/2020,2020,3,28,21,30,0,0,6.3,0.16,6.8,89.39,7.9,964,,,,,,,,,,,,,,,,,,,,,,,,,,,,,,,,,
3/28/2020,2020,3,28,22,30,0,0,5.6,0.16,7.3,93.94,6.5,964,,,,,,,,,,,,,,,,,,,,,,,,,,,,,,,,,
3/28/2020,2020,3,28,23,30,0,0,3.9,0.16,8,92.57,5,965,,,,,,,,,,,,,,,,,,,,,,,,,,,,,,,,,
3/29/2020,2020,3,29,0,30,0,0,2.3,0.16,8.6,88.27,4.1,965,,,,,,,,,,,,,,,,,,,,,,,,,,,,,,,,,
3/29/2020,2020,3,29,1,30,0,0,1.8,0.16,9.2,86.26,3.9,966,,,,,,,,,,,,,,,,,,,,,,,,,,,,,,,,,
3/29/2020,2020,3,29,2,30,0,0,2,0.16,9.8,85.33,4.2,968,,,,,,,,,,,,,,,,,,,,,,,,,,,,,,,,,
3/29/2020,2020,3,29,3,30,0,0,2.2,0.16,10,83.68,4.7,969,,,,,,,,,,,,,,,,,,,,,,,,,,,,,,,,,
3/29/2020,2020,3,29,4,30,0,0,2.3,0.16,9.8,83.11,4.9,971,,,,,,,,,,,,,,,,,,,,,,,,,,,,,,,,,
3/29/2020,2020,3,29,5,30,0,0,2.1,0.16,9.4,82.81,4.8,973,,,,,,,,,,,,,,,,,,,,,,,,,,,,,,,,,
3/29/2020,2020,3,29,6,30,29,338,1.5,0.16,9.2,77.18,5.2,974,,,,,,,,,,,,,,,,,,,,,,,,,,,,,,,,,
3/29/2020,2020,3,29,7,30,56,696,1.1,0.16,9.2,67.66,6.7,975,,,,,,,,,,,,,,,,,,,,,,,,,,,,,,,,,
3/29/2020,2020,3,29,8,30,71,841,1.1,0.16,9.4,58.5,8.8,976,,,,,,,,,,,,,,,,,,,,,,,,,,,,,,,,,
3/29/2020,2020,3,29,9,30,80,915,1.3,0.16,9.8,52.21,10.7,977,,,,,,,,,,,,,,,,,,,,,,,,,,,,,,,,,
3/29/2020,2020,3,29,10,30,85,956,1.6,0.16,9.8,48.92,12,979,,,,,,,,,,,,,,,,,,,,,,,,,,,,,,,,,
3/29/2020,2020,3,29,11,30,364,115,1.5,0.16,9.7,45.94,12.9,980,,,,,,,,,,,,,,,,,,,,,,,,,,,,,,,,,
3/29/2020,2020,3,29,12,30,269,19,1.2,0.16,9.4,42.8,13.6,981,,,,,,,,,,,,,,,,,,,,,,,,,,,,,,,,,
3/29/2020,2020,3,29,13,30,284,62,0.8,0.16,9.2,40.54,14,981,,,,,,,,,,,,,,,,,,,,,,,,,,,,,,,,,
3/29/2020,2020,3,29,14,30,181,5,0.6,0.16,8.8,40,14,982,,,,,,,,,,,,,,,,,,,,,,,,,,,,,,,,,
3/29/2020,2020,3,29,15,30,201,156,0.4,0.16,8,40.52,13.6,983,,,,,,,,,,,,,,,,,,,,,,,,,,,,,,,,,
3/29/2020,2020,3,29,16,30,120,213,0.2,0.16,6.4,43.21,12.4,984,,,,,,,,,,,,,,,,,,,,,,,,,,,,,,,,,
3/29/2020,2020,3,29,17,30,47,599,0.8,0.16,5.3,47.63,11.6,984,,,,,,,,,,,,,,,,,,,,,,,,,,,,,,,,,
3/29/2020,2020,3,29,18,30,10,103,2.1,0.16,2.7,70.64,7.1,986,,,,,,,,,,,,,,,,,,,,,,,,,,,,,,,,,
3/29/2020,2020,3,29,19,30,0,0,1.9,0.16,2.4,77.23,5.6,987,,,,,,,,,,,,,,,,,,,,,,,,,,,,,,,,,
3/29/2020,2020,3,29,20,30,0,0,1.4,0.16,2.4,79.56,4.6,988,,,,,,,,,,,,,,,,,,,,,,,,,,,,,,,,,
3/29/2020,2020,3,29,21,30,0,0,0.7,0.16,2.3,80.59,3.7,989,,,,,,,,,,,,,,,,,,,,,,,,,,,,,,,,,
3/29/2020,2020,3,29,22,30,0,0,-0.1,0.16,2.2,80.72,2.9,989,,,,,,,,,,,,,,,,,,,,,,,,,,,,,,,,,
3/29/2020,2020,3,29,23,30,0,0,-0.8,0.16,2.1,81.03,2.1,989,,,,,,,,,,,,,,,,,,,,,,,,,,,,,,,,,
3/30/2020,2020,3,30,0,30,0,0,-1.5,0.16,2,81.21,1.4,990,,,,,,,,,,,,,,,,,,,,,,,,,,,,,,,,,
3/30/2020,2020,3,30,1,30,0,0,-2,0.16,1.9,81.25,0.8,990,,,,,,,,,,,,,,,,,,,,,,,,,,,,,,,,,
3/30/2020,2020,3,30,2,30,0,0,-2.5,0.16,1.7,82.6,0.1,990,,,,,,,,,,,,,,,,,,,,,,,,,,,,,,,,,
3/30/2020,2020,3,30,3,30,0,0,-2.9,0.16,1.5,84.52,-0.6,991,,,,,,,,,,,,,,,,,,,,,,,,,,,,,,,,,
3/30/2020,2020,3,30,4,30,0,0,-3.2,0.16,1.3,86.15,-1.2,991,,,,,,,,,,,,,,,,,,,,,,,,,,,,,,,,,
3/30/2020,2020,3,30,5,30,0,0,-3.3,0.16,1.1,82.96,-0.8,992,,,,,,,,,,,,,,,,,,,,,,,,,,,,,,,,,
3/30/2020,2020,3,30,6,30,29,385,-2.3,0.16,1.3,75.59,1.5,992,,,,,,,,,,,,,,,,,,,,,,,,,,,,,,,,,
3/30/2020,2020,3,30,7,30,57,723,-1.3,0.16,1.3,65.48,4.6,992,,,,,,,,,,,,,,,,,,,,,,,,,,,,,,,,,
3/30/2020,2020,3,30,8,30,72,855,0.2,0.16,0.8,57.48,8.1,993,,,,,,,,,,,,,,,,,,,,,,,,,,,,,,,,,
3/30/2020,2020,3,30,9,30,81,928,1.8,0.16,0.9,48.9,12.2,993,,,,,,,,,,,,,,,,,,,,,,,,,,,,,,,,,
3/30/2020,2020,3,30,10,30,88,966,-1.7,0.16,1.4,31.76,15,992,,,,,,,,,,,,,,,,,,,,,,,,,,,,,,,,,
3/30/2020,2020,3,30,11,30,91,981,-1.1,0.16,2,30.89,16.1,992,,,,,,,,,,,,,,,,,,,,,,,,,,,,,,,,,
3/30/2020,2020,3,30,12,30,90,986,-0.3,0.16,2.6,31.28,16.8,991,,,,,,,,,,,,,,,,,,,,,,,,,,,,,,,,,
3/30/2020,2020,3,30,13,30,89,976,0.2,0.16,3.3,31.98,17,990,,,,,,,,,,,,,,,,,,,,,,,,,,,,,,,,,
3/30/2020,2020,3,30,14,30,83,951,0.4,0.16,3.9,33.03,16.7,988,,,,,,,,,,,,,,,,,,,,,,,,,,,,,,,,,
3/30/2020,2020,3,30,15,30,77,900,0.5,0.16,3.6,34.81,16.1,988,,,,,,,,,,,,,,,,,,,,,,,,,,,,,,,,,
3/30/2020,2020,3,30,16,30,80,683,1,0.16,2.5,40.07,14.4,988,,,,,,,,,,,,,,,,,,,,,,,,,,,,,,,,,
3/30/2020,2020,3,30,17,30,56,496,5.7,0.16,1.8,60.96,13.1,988,,,,,,,,,,,,,,,,,,,,,,,,,,,,,,,,,
3/30/2020,2020,3,30,18,30,8,2,4.3,0.17,1.9,73.28,8.8,989,,,,,,,,,,,,,,,,,,,,,,,,,,,,,,,,,
3/30/2020,2020,3,30,19,30,0,0,3.4,0.17,2.2,72.36,8.1,989,,,,,,,,,,,,,,,,,,,,,,,,,,,,,,,,,
3/30/2020,2020,3,30,20,30,0,0,3,0.17,2.3,72.53,7.6,989,,,,,,,,,,,,,,,,,,,,,,,,,,,,,,,,,
3/30/2020,2020,3,30,21,30,0,0,2.7,0.17,2.4,74.65,6.9,989,,,,,,,,,,,,,,,,,,,,,,,,,,,,,,,,,
3/30/2020,2020,3,30,22,30,0,0,2.5,0.17,2.3,77.99,6.1,989,,,,,,,,,,,,,,,,,,,,,,,,,,,,,,,,,
3/30/2020,2020,3,30,23,30,0,0,2.4,0.17,2.3,81.71,5.3,989,,,,,,,,,,,,,,,,,,,,,,,,,,,,,,,,,
3/31/2020,2020,3,31,0,30,0,0,2.3,0.17,2.1,85,4.6,988,,,,,,,,,,,,,,,,,,,,,,,,,,,,,,,,,
3/31/2020,2020,3,31,1,30,0,0,2.2,0.17,2.1,88.54,3.9,988,,,,,,,,,,,,,,,,,,,,,,,,,,,,,,,,,
3/31/2020,2020,3,31,2,30,0,0,2.1,0.17,1.9,91.61,3.3,987,,,,,,,,,,,,,,,,,,,,,,,,,,,,,,,,,
3/31/2020,2020,3,31,3,30,0,0,2,0.17,1.7,95.19,2.7,987,,,,,,,,,,,,,,,,,,,,,,,,,,,,,,,,,
3/31/2020,2020,3,31,4,30,0,0,2.1,0.17,1.5,99.87,2.1,988,,,,,,,,,,,,,,,,,,,,,,,,,,,,,,,,,
3/31/2020,2020,3,31,5,30,0,0,2.1,0.17,1.6,98.89,2.3,988,,,,,,,,,,,,,,,,,,,,,,,,,,,,,,,,,
3/31/2020,2020,3,31,6,30,33,66,2.3,0.17,2.3,90.84,3.7,988,,,,,,,,,,,,,,,,,,,,,,,,,,,,,,,,,
3/31/2020,2020,3,31,7,30,67,637,2.9,0.17,2.7,80.95,5.9,988,,,,,,,,,,,,,,,,,,,,,,,,,,,,,,,,,
3/31/2020,2020,3,31,8,30,146,482,3.8,0.17,3,70.38,8.9,988,,,,,,,,,,,,,,,,,,,,,,,,,,,,,,,,,
3/31/2020,2020,3,31,9,30,91,891,3.1,0.17,3.4,56.12,11.5,987,,,,,,,,,,,,,,,,,,,,,,,,,,,,,,,,,
3/31/2020,2020,3,31,10,30,96,937,2.5,0.17,3.3,49.47,12.8,987,,,,,,,,,,,,,,,,,,,,,,,,,,,,,,,,,
3/31/2020,2020,3,31,11,30,99,957,2.3,0.17,3,45.66,13.8,986,,,,,,,,,,,,,,,,,,,,,,,,,,,,,,,,,
3/31/2020,2020,3,31,12,30,100,961,2.2,0.17,2.9,43.36,14.5,986,,,,,,,,,,,,,,,,,,,,,,,,,,,,,,,,,
3/31/2020,2020,3,31,13,30,99,944,2.1,0.17,3,42,14.9,985,,,,,,,,,,,,,,,,,,,,,,,,,,,,,,,,,
3/31/2020,2020,3,31,14,30,97,911,2,0.17,3,41.69,14.9,984,,,,,,,,,,,,,,,,,,,,,,,,,,,,,,,,,
3/31/2020,2020,3,31,15,30,92,844,1.9,0.17,2.9,42.84,14.4,984,,,,,,,,,,,,,,,,,,,,,,,,,,,,,,,,,
3/31/2020,2020,3,31,16,30,82,731,2.2,0.17,2.4,47.72,13,984,,,,,,,,,,,,,,,,,,,,,,,,,,,,,,,,,
3/31/2020,2020,3,31,17,30,58,525,4.5,0.17,2.1,60.04,12,984,,,,,,,,,,,,,,,,,,,,,,,,,,,,,,,,,
3/31/2020,2020,3,31,18,30,9,28,4.3,0.17,2.4,78.46,7.8,985,,,,,,,,,,,,,,,,,,,,,,,,,,,,,,,,,
3/31/2020,2020,3,31,19,30,0,0,3.3,0.17,3.3,77.85,6.9,985,,,,,,,,,,,,,,,,,,,,,,,,,,,,,,,,,
3/31/2020,2020,3,31,20,30,0,0,2.8,0.17,3.8,79.02,6.2,985,,,,,,,,,,,,,,,,,,,,,,,,,,,,,,,,,
3/31/2020,2020,3,31,21,30,0,0,2.7,0.17,3.9,83.85,5.2,985,,,,,,,,,,,,,,,,,,,,,,,,,,,,,,,,,
3/31/2020,2020,3,31,22,30,0,0,2.6,0.17,3.9,88.1,4.4,985,,,,,,,,,,,,,,,,,,,,,,,,,,,,,,,,,
3/31/2020,2020,3,31,23,30,0,0,2.4,0.17,3.9,91.28,3.7,985,,,,,,,,,,,,,,,,,,,,,,,,,,,,,,,,,
4/1/2020,2020,4,1,0,30,0,0,2.1,0.17,3.8,93.4,3.1,985,,,,,,,,,,,,,,,,,,,,,,,,,,,,,,,,,
4/1/2020,2020,4,1,1,30,0,0,1.9,0.17,3.7,93.57,2.8,985,,,,,,,,,,,,,,,,,,,,,,,,,,,,,,,,,
4/1/2020,2020,4,1,2,30,0,0,1.7,0.17,3.7,93.24,2.7,985,,,,,,,,,,,,,,,,,,,,,,,,,,,,,,,,,
4/1/2020,2020,4,1,3,30,0,0,1.6,0.17,3.6,94.01,2.5,985,,,,,,,,,,,,,,,,,,,,,,,,,,,,,,,,,
4/1/2020,2020,4,1,4,30,0,0,1.5,0.17,3.5,95.36,2.2,985,,,,,,,,,,,,,,,,,,,,,,,,,,,,,,,,,
4/1/2020,2020,4,1,5,30,0,0,1.5,0.17,3.7,94.2,2.3,985,,,,,,,,,,,,,,,,,,,,,,,,,,,,,,,,,
4/1/2020,2020,4,1,6,30,21,45,1.5,0.17,4.2,88.82,3.2,985,,,,,,,,,,,,,,,,,,,,,,,,,,,,,,,,,
4/1/2020,2020,4,1,7,30,60,60,2,0.17,4.9,80.56,5.1,985,,,,,,,,,,,,,,,,,,,,,,,,,,,,,,,,,
4/1/2020,2020,4,1,8,30,164,397,2.5,0.17,5.3,71.33,7.4,985,,,,,,,,,,,,,,,,,,,,,,,,,,,,,,,,,
4/1/2020,2020,4,1,9,30,127,782,3.2,0.17,5.4,63.08,9.9,985,,,,,,,,,,,,,,,,,,,,,,,,,,,,,,,,,
4/1/2020,2020,4,1,10,30,228,582,4.1,0.17,5.3,57.67,12.2,984,,,,,,,,,,,,,,,,,,,,,,,,,,,,,,,,,
4/1/2020,2020,4,1,11,30,137,863,5.3,0.17,5.1,54.2,14.4,983,,,,,,,,,,,,,,,,,,,,,,,,,,,,,,,,,
4/1/2020,2020,4,1,12,30,140,865,6.4,0.17,5,53.06,16,983,,,,,,,,,,,,,,,,,,,,,,,,,,,,,,,,,
4/1/2020,2020,4,1,13,30,138,848,7.3,0.17,5,52.53,17.1,982,,,,,,,,,,,,,,,,,,,,,,,,,,,,,,,,,
4/1/2020,2020,4,1,14,30,133,810,7.9,0.17,4.9,53,17.6,982,,,,,,,,,,,,,,,,,,,,,,,,,,,,,,,,,
4/1/2020,2020,4,1,15,30,121,744,8.3,0.17,4.6,54.83,17.5,981,,,,,,,,,,,,,,,,,,,,,,,,,,,,,,,,,
4/1/2020,2020,4,1,16,30,106,601,8.7,0.17,4.1,60.08,16.5,981,,,,,,,,,,,,,,,,,,,,,,,,,,,,,,,,,
4/1/2020,2020,4,1,17,30,80,103,9.5,0.17,3.7,67.22,15.6,981,,,,,,,,,,,,,,,,,,,,,,,,,,,,,,,,,
4/1/2020,2020,4,1,18,30,9,2,9.1,0.17,4.2,80.63,12.3,982,,,,,,,,,,,,,,,,,,,,,,,,,,,,,,,,,
4/1/2020,2020,4,1,19,30,0,0,8.5,0.17,4.9,82.58,11.4,982,,,,,,,,,,,,,,,,,,,,,,,,,,,,,,,,,
4/1/2020,2020,4,1,20,30,0,0,8.1,0.17,5,84.71,10.6,982,,,,,,,,,,,,,,,,,,,,,,,,,,,,,,,,,
4/1/2020,2020,4,1,21,30,0,0,7.7,0.17,4.7,86.18,9.9,983,,,,,,,,,,,,,,,,,,,,,,,,,,,,,,,,,
4/1/2020,2020,4,1,22,30,0,0,7.3,0.17,4.5,88.05,9.2,983,,,,,,,,,,,,,,,,,,,,,,,,,,,,,,,,,
4/1/2020,2020,4,1,23,30,0,0,6.9,0.17,4.6,88.23,8.7,983,,,,,,,,,,,,,,,,,,,,,,,,,,,,,,,,,
4/2/2020,2020,4,2,0,30,0,0,6.4,0.17,4.6,88.01,8.3,983,,,,,,,,,,,,,,,,,,,,,,,,,,,,,,,,,
4/2/2020,2020,4,2,1,30,0,0,6.2,0.17,4.6,88.38,8,982,,,,,,,,,,,,,,,,,,,,,,,,,,,,,,,,,
4/2/2020,2020,4,2,2,30,0,0,6.1,0.17,4.5,89.81,7.7,982,,,,,,,,,,,,,,,,,,,,,,,,,,,,,,,,,
4/2/2020,2020,4,2,3,30,0,0,6.2,0.17,4.5,91.24,7.5,982,,,,,,,,,,,,,,,,,,,,,,,,,,,,,,,,,
4/2/2020,2020,4,2,4,30,0,0,6.3,0.17,4.6,90.41,7.8,982,,,,,,,,,,,,,,,,,,,,,,,,,,,,,,,,,
4/2/2020,2020,4,2,5,30,0,0,6.7,0.17,4.8,89.21,8.4,982,,,,,,,,,,,,,,,,,,,,,,,,,,,,,,,,,
4/2/2020,2020,4,2,6,30,19,0,7.3,0.17,5,86.85,9.4,983,,,,,,,,,,,,,,,,,,,,,,,,,,,,,,,,,
4/2/2020,2020,4,2,7,30,107,199,8.1,0.17,5,83.61,10.8,983,,,,,,,,,,,,,,,,,,,,,,,,,,,,,,,,,
4/2/2020,2020,4,2,8,30,181,83,9.1,0.17,5.3,79.5,12.5,983,,,,,,,,,,,,,,,,,,,,,,,,,,,,,,,,,
4/2/2020,2020,4,2,9,30,231,435,9.9,0.17,5.9,73.85,14.5,983,,,,,,,,,,,,,,,,,,,,,,,,,,,,,,,,,
4/2/2020,2020,4,2,10,30,312,112,10.5,0.17,6.1,69.12,16.2,982,,,,,,,,,,,,,,,,,,,,,,,,,,,,,,,,,
4/2/2020,2020,4,2,11,30,107,1,11,0.17,6.1,67.14,17.1,982,,,,,,,,,,,,,,,,,,,,,,,,,,,,,,,,,
4/2/2020,2020,4,2,12,30,280,39,11.4,0.17,6,66.78,17.6,982,,,,,,,,,,,,,,,,,,,,,,,,,,,,,,,,,
4/2/2020,2020,4,2,13,30,243,615,11.7,0.17,6,68.57,17.5,981,,,,,,,,,,,,,,,,,,,,,,,,,,,,,,,,,
4/2/2020,2020,4,2,14,30,174,14,11.8,0.17,5.8,72.72,16.7,981,,,,,,,,,,,,,,,,,,,,,,,,,,,,,,,,,
4/2/2020,2020,4,2,15,30,199,258,11.9,0.17,5.2,78.38,15.6,981,,,,,,,,,,,,,,,,,,,,,,,,,,,,,,,,,
4/2/2020,2020,4,2,16,30,47,6,12,0.17,4.5,85.19,14.5,981,,,,,,,,,,,,,,,,,,,,,,,,,,,,,,,,,
4/2/2020,2020,4,2,17,30,30,0,12,0.17,4.3,87.32,14.1,981,,,,,,,,,,,,,,,,,,,,,,,,,,,,,,,,,
4/2/2020,2020,4,2,18,30,4,0,11.6,0.16,4.3,92.11,12.9,981,,,,,,,,,,,,,,,,,,,,,,,,,,,,,,,,,
4/2/2020,2020,4,2,19,30,0,0,11.2,0.16,3.9,92.48,12.4,981,,,,,,,,,,,,,,,,,,,,,,,,,,,,,,,,,
4/2/2020,2020,4,2,20,30,0,0,11,0.16,2.6,93.93,11.9,982,,,,,,,,,,,,,,,,,,,,,,,,,,,,,,,,,
4/2/2020,2020,4,2,21,30,0,0,10.7,0.16,1.5,96.65,11.2,982,,,,,,,,,,,,,,,,,,,,,,,,,,,,,,,,,
4/2/2020,2020,4,2,22,30,0,0,10.2,0.16,1.9,98.52,10.4,982,,,,,,,,,,,,,,,,,,,,,,,,,,,,,,,,,
4/2/2020,2020,4,2,23,30,0,0,9.1,0.16,3.5,100,9.1,983,,,,,,,,,,,,,,,,,,,,,,,,,,,,,,,,,
4/3/2020,2020,4,3,0,30,0,0,7.1,0.16,4.9,100,7.1,984,,,,,,,,,,,,,,,,,,,,,,,,,,,,,,,,,
4/3/2020,2020,4,3,1,30,0,0,4.8,0.16,5.9,98.45,5,984,,,,,,,,,,,,,,,,,,,,,,,,,,,,,,,,,
4/3/2020,2020,4,3,2,30,0,0,2,0.16,6.5,92.07,3.2,985,,,,,,,,,,,,,,,,,,,,,,,,,,,,,,,,,
4/3/2020,2020,4,3,3,30,0,0,-0.4,0.16,6.5,85.45,1.8,986,,,,,,,,,,,,,,,,,,,,,,,,,,,,,,,,,
4/3/2020,2020,4,3,4,30,0,0,-2.1,0.16,6.2,80.02,1,987,,,,,,,,,,,,,,,,,,,,,,,,,,,,,,,,,
4/3/2020,2020,4,3,5,30,0,0,-2.7,0.16,5.8,77.72,0.7,987,,,,,,,,,,,,,,,,,,,,,,,,,,,,,,,,,
4/3/2020,2020,4,3,6,30,6,0,-3,0.16,5.8,76.74,0.6,987,,,,,,,,,,,,,,,,,,,,,,,,,,,,,,,,,
4/3/2020,2020,4,3,7,30,14,0,-3.2,0.16,6,75.93,0.6,987,,,,,,,,,,,,,,,,,,,,,,,,,,,,,,,,,
4/3/2020,2020,4,3,8,30,11,0,-3.3,0.16,6.4,75.9,0.5,988,,,,,,,,,,,,,,,,,,,,,,,,,,,,,,,,,
4/3/2020,2020,4,3,9,30,75,0,-3.3,0.16,6.5,75.96,0.4,989,,,,,,,,,,,,,,,,,,,,,,,,,,,,,,,,,
4/3/2020,2020,4,3,10,30,123,2,-3.4,0.16,6.3,75.03,0.5,989,,,,,,,,,,,,,,,,,,,,,,,,,,,,,,,,,
4/3/2020,2020,4,3,11,30,71,0,-3.3,0.16,6,73.98,0.8,989,,,,,,,,,,,,,,,,,,,,,,,,,,,,,,,,,
4/3/2020,2020,4,3,12,30,104,1,-3.3,0.16,5.8,72.18,1.2,989,,,,,,,,,,,,,,,,,,,,,,,,,,,,,,,,,
4/3/2020,2020,4,3,13,30,72,0,-3.1,0.16,5.7,70.17,1.8,989,,,,,,,,,,,,,,,,,,,,,,,,,,,,,,,,,
4/3/2020,2020,4,3,14,30,52,0,-2.8,0.16,5.6,69.2,2.3,989,,,,,,,,,,,,,,,,,,,,,,,,,,,,,,,,,
4/3/2020,2020,4,3,15,30,35,0,-2.5,0.16,5.4,68.51,2.7,989,,,,,,,,,,,,,,,,,,,,,,,,,,,,,,,,,
4/3/2020,2020,4,3,16,30,79,376,-2.4,0.16,4.9,69.34,2.7,989,,,,,,,,,,,,,,,,,,,,,,,,,,,,,,,,,
4/3/2020,2020,4,3,17,30,65,489,-2.3,0.16,4.6,70.21,2.6,989,,,,,,,,,,,,,,,,,,,,,,,,,,,,,,,,,
4/3/2020,2020,4,3,18,30,15,96,-2.6,0.16,2.8,84.69,-0.3,990,,,,,,,,,,,,,,,,,,,,,,,,,,,,,,,,,
4/3/2020,2020,4,3,19,30,0,0,-3.3,0.16,2.8,88.15,-1.6,991,,,,,,,,,,,,,,,,,,,,,,,,,,,,,,,,,
4/3/2020,2020,4,3,20,30,0,0,-3.9,0.16,3.2,89.47,-2.4,992,,,,,,,,,,,,,,,,,,,,,,,,,,,,,,,,,
4/3/2020,2020,4,3,21,30,0,0,-4.5,0.16,3.3,91.18,-3.3,992,,,,,,,,,,,,,,,,,,,,,,,,,,,,,,,,,
4/3/2020,2020,4,3,22,30,0,0,-5.3,0.16,3.2,92.18,-4.2,992,,,,,,,,,,,,,,,,,,,,,,,,,,,,,,,,,
4/3/2020,2020,4,3,23,30,0,0,-6,0.16,3.2,93.05,-5.1,993,,,,,,,,,,,,,,,,,,,,,,,,,,,,,,,,,
4/4/2020,2020,4,4,0,30,0,0,-6.8,0.16,3.1,93.37,-5.9,993,,,,,,,,,,,,,,,,,,,,,,,,,,,,,,,,,
4/4/2020,2020,4,4,1,30,0,0,-7.5,0.16,2.9,93.5,-6.6,993,,,,,,,,,,,,,,,,,,,,,,,,,,,,,,,,,
4/4/2020,2020,4,4,2,30,0,0,-8,0.16,2.7,93.23,-7.1,993,,,,,,,,,,,,,,,,,,,,,,,,,,,,,,,,,
4/4/2020,2020,4,4,3,30,0,0,-8.4,0.16,2.6,92.74,-7.4,993,,,,,,,,,,,,,,,,,,,,,,,,,,,,,,,,,
4/4/2020,2020,4,4,4,30,0,0,-8.6,0.16,2.5,92.01,-7.5,993,,,,,,,,,,,,,,,,,,,,,,,,,,,,,,,,,
4/4/2020,2020,4,4,5,30,0,0,-8.6,0.16,2.6,88.03,-7,993,,,,,,,,,,,,,,,,,,,,,,,,,,,,,,,,,
4/4/2020,2020,4,4,6,30,41,343,-8.3,0.16,3,77.45,-5,993,,,,,,,,,,,,,,,,,,,,,,,,,,,,,,,,,
4/4/2020,2020,4,4,7,30,87,460,-7.4,0.16,3.3,68.28,-2.3,993,,,,,,,,,,,,,,,,,,,,,,,,,,,,,,,,,
4/4/2020,2020,4,4,8,30,192,67,-6.4,0.16,3.2,62.14,0,993,,,,,,,,,,,,,,,,,,,,,,,,,,,,,,,,,
4/4/2020,2020,4,4,9,30,281,230,-5.4,0.16,3,57.59,2.1,993,,,,,,,,,,,,,,,,,,,,,,,,,,,,,,,,,
4/4/2020,2020,4,4,10,30,114,920,-4.3,0.16,2.8,54.43,4.1,992,,,,,,,,,,,,,,,,,,,,,,,,,,,,,,,,,
4/4/2020,2020,4,4,11,30,240,653,-3.6,0.16,2.8,49.33,6.2,992,,,,,,,,,,,,,,,,,,,,,,,,,,,,,,,,,
4/4/2020,2020,4,4,12,30,135,912,-3.8,0.16,3,43.77,7.8,991,,,,,,,,,,,,,,,,,,,,,,,,,,,,,,,,,
4/4/2020,2020,4,4,13,30,165,819,-3.7,0.16,3.1,41.53,8.7,990,,,,,,,,,,,,,,,,,,,,,,,,,,,,,,,,,
4/4/2020,2020,4,4,14,30,125,863,-3.4,0.16,3,40.95,9.2,989,,,,,,,,,,,,,,,,,,,,,,,,,,,,,,,,,
4/4/2020,2020,4,4,15,30,114,806,-3.2,0.16,2.6,41.62,9.2,989,,,,,,,,,,,,,,,,,,,,,,,,,,,,,,,,,
4/4/2020,2020,4,4,16,30,96,703,-2.8,0.16,1.9,45.08,8.4,989,,,,,,,,,,,,,,,,,,,,,,,,,,,,,,,,,
4/4/2020,2020,4,4,17,30,68,505,0.4,0.16,1.4,59.51,7.8,989,,,,,,,,,,,,,,,,,,,,,,,,,,,,,,,,,
4/4/2020,2020,4,4,18,30,17,94,-0.5,0.16,1.2,71.94,4.1,989,,,,,,,,,,,,,,,,,,,,,,,,,,,,,,,,,
4/4/2020,2020,4,4,19,30,0,0,-1.7,0.16,1.3,70.59,3.1,989,,,,,,,,,,,,,,,,,,,,,,,,,,,,,,,,,
4/4/2020,2020,4,4,20,30,0,0,-2.1,0.16,1.3,72.73,2.3,989,,,,,,,,,,,,,,,,,,,,,,,,,,,,,,,,,
4/4/2020,2020,4,4,21,30,0,0,-2.5,0.16,1.3,75.03,1.4,989,,,,,,,,,,,,,,,,,,,,,,,,,,,,,,,,,
4/4/2020,2020,4,4,22,30,0,0,-2.9,0.16,1.3,77.73,0.5,989,,,,,,,,,,,,,,,,,,,,,,,,,,,,,,,,,
4/4/2020,2020,4,4,23,30,0,0,-3.3,0.16,1.3,79.82,-0.2,989,,,,,,,,,,,,,,,,,,,,,,,,,,,,,,,,,
4/5/2020,2020,4,5,0,30,0,0,-3.4,0.16,1.3,82.54,-0.8,989,,,,,,,,,,,,,,,,,,,,,,,,,,,,,,,,,
4/5/2020,2020,4,5,1,30,0,0,-3.4,0.16,1.3,86.08,-1.4,989,,,,,,,,,,,,,,,,,,,,,,,,,,,,,,,,,
4/5/2020,2020,4,5,2,30,0,0,-3.3,0.16,1.4,90.28,-1.9,989,,,,,,,,,,,,,,,,,,,,,,,,,,,,,,,,,
4/5/2020,2020,4,5,3,30,0,0,-3.1,0.16,1.3,94.87,-2.4,989,,,,,,,,,,,,,,,,,,,,,,,,,,,,,,,,,
4/5/2020,2020,4,5,4,30,0,0,-3,0.16,1.3,99.19,-2.9,989,,,,,,,,,,,,,,,,,,,,,,,,,,,,,,,,,
4/5/2020,2020,4,5,5,30,0,0,-2.9,0.16,1.5,94.8,-2.2,990,,,,,,,,,,,,,,,,,,,,,,,,,,,,,,,,,
4/5/2020,2020,4,5,6,30,43,325,-2.2,0.16,2.1,85.85,-0.1,990,,,,,,,,,,,,,,,,,,,,,,,,,,,,,,,,,
4/5/2020,2020,4,5,7,30,81,625,-0.8,0.16,2.3,77.78,2.7,990,,,,,,,,,,,,,,,,,,,,,,,,,,,,,,,,,
4/5/2020,2020,4,5,8,30,104,772,0.9,0.16,2.6,68.59,6.3,990,,,,,,,,,,,,,,,,,,,,,,,,,,,,,,,,,
4/5/2020,2020,4,5,9,30,115,850,1,0.16,3.4,54.35,9.8,990,,,,,,,,,,,,,,,,,,,,,,,,,,,,,,,,,
4/5/2020,2020,4,5,10,30,125,894,0.9,0.16,3.7,46.89,11.9,989,,,,,,,,,,,,,,,,,,,,,,,,,,,,,,,,,
4/5/2020,2020,4,5,11,30,221,703,1.4,0.16,3.8,44.18,13.3,989,,,,,,,,,,,,,,,,,,,,,,,,,,,,,,,,,
4/5/2020,2020,4,5,12,30,133,909,1.8,0.16,3.8,42.38,14.4,988,,,,,,,,,,,,,,,,,,,,,,,,,,,,,,,,,
4/5/2020,2020,4,5,13,30,137,881,2.2,0.16,3.5,41.91,15,987,,,,,,,,,,,,,,,,,,,,,,,,,,,,,,,,,
4/5/2020,2020,4,5,14,30,138,829,2.5,0.16,3.4,42.68,15.1,987,,,,,,,,,,,,,,,,,,,,,,,,,,,,,,,,,
4/5/2020,2020,4,5,15,30,127,755,2.9,0.16,3.3,45.76,14.5,986,,,,,,,,,,,,,,,,,,,,,,,,,,,,,,,,,
4/5/2020,2020,4,5,16,30,147,295,3.9,0.16,2.8,52.92,13.3,986,,,,,,,,,,,,,,,,,,,,,,,,,,,,,,,,,
4/5/2020,2020,4,5,17,30,78,175,6.3,0.16,2.3,65.95,12.5,986,,,,,,,,,,,,,,,,,,,,,,,,,,,,,,,,,
4/5/2020,2020,4,5,18,30,15,58,5.6,0.16,2.2,82.73,8.4,986,,,,,,,,,,,,,,,,,,,,,,,,,,,,,,,,,
4/5/2020,2020,4,5,19,30,0,0,4.7,0.16,2.6,83.24,7.4,986,,,,,,,,,,,,,,,,,,,,,,,,,,,,,,,,,
4/5/2020,2020,4,5,20,30,0,0,4.6,0.16,2.9,85.83,6.8,986,,,,,,,,,,,,,,,,,,,,,,,,,,,,,,,,,
4/5/2020,2020,4,5,21,30,0,0,4.6,0.16,3,87.76,6.5,986,,,,,,,,,,,,,,,,,,,,,,,,,,,,,,,,,
4/5/2020,2020,4,5,22,30,0,0,4.9,0.16,3,90.92,6.3,986,,,,,,,,,,,,,,,,,,,,,,,,,,,,,,,,,
4/5/2020,2020,4,5,23,30,0,0,5.4,0.16,2.8,94.76,6.2,985,,,,,,,,,,,,,,,,,,,,,,,,,,,,,,,,,
4/6/2020,2020,4,6,0,30,0,0,6,0.16,2.7,98.78,6.2,985,,,,,,,,,,,,,,,,,,,,,,,,,,,,,,,,,
4/6/2020,2020,4,6,1,30,0,0,6.2,0.16,2.6,100,6.2,985,,,,,,,,,,,,,,,,,,,,,,,,,,,,,,,,,
4/6/2020,2020,4,6,2,30,0,0,6.4,0.16,2.7,100,6.4,984,,,,,,,,,,,,,,,,,,,,,,,,,,,,,,,,,
4/6/2020,2020,4,6,3,30,0,0,6.7,0.16,2.7,99.98,6.7,984,,,,,,,,,,,,,,,,,,,,,,,,,,,,,,,,,
4/6/2020,2020,4,6,4,30,0,0,6.8,0.16,2.7,99.11,6.9,984,,,,,,,,,,,,,,,,,,,,,,,,,,,,,,,,,
4/6/2020,2020,4,6,5,30,0,0,6.9,0.16,2.8,97.44,7.3,983,,,,,,,,,,,,,,,,,,,,,,,,,,,,,,,,,
4/6/2020,2020,4,6,6,30,51,178,7.2,0.16,3.1,94.56,8,983,,,,,,,,,,,,,,,,,,,,,,,,,,,,,,,,,
4/6/2020,2020,4,6,7,30,22,0,7.8,0.16,3.5,90.94,9.2,983,,,,,,,,,,,,,,,,,,,,,,,,,,,,,,,,,
4/6/2020,2020,4,6,8,30,62,27,8.7,0.16,3.8,87.71,10.7,983,,,,,,,,,,,,,,,,,,,,,,,,,,,,,,,,,
4/6/2020,2020,4,6,9,30,122,38,9.9,0.16,4,84.81,12.4,982,,,,,,,,,,,,,,,,,,,,,,,,,,,,,,,,,
4/6/2020,2020,4,6,10,30,109,1,11.2,0.16,4.2,82.31,14.2,982,,,,,,,,,,,,,,,,,,,,,,,,,,,,,,,,,
4/6/2020,2020,4,6,11,30,145,5,12.5,0.16,4.3,80.64,15.8,981,,,,,,,,,,,,,,,,,,,,,,,,,,,,,,,,,
4/6/2020,2020,4,6,12,30,249,15,13.4,0.16,4.2,78.62,17.1,980,,,,,,,,,,,,,,,,,,,,,,,,,,,,,,,,,
4/6/2020,2020,4,6,13,30,131,3,13.9,0.16,4.1,77.57,17.9,979,,,,,,,,,,,,,,,,,,,,,,,,,,,,,,,,,
4/6/2020,2020,4,6,14,30,152,4,14.4,0.16,3.9,78.16,18.3,978,,,,,,,,,,,,,,,,,,,,,,,,,,,,,,,,,
4/6/2020,2020,4,6,15,30,148,5,14.9,0.16,3.4,80.44,18.3,978,,,,,,,,,,,,,,,,,,,,,,,,,,,,,,,,,
4/6/2020,2020,4,6,16,30,76,137,15.3,0.16,2.4,86.38,17.6,978,,,,,,,,,,,,,,,,,,,,,,,,,,,,,,,,,
4/6/2020,2020,4,6,17,30,90,316,15.6,0.16,1.8,91.55,17,978,,,,,,,,,,,,,,,,,,,,,,,,,,,,,,,,,
4/6/2020,2020,4,6,18,30,16,33,14.7,0.16,2,100,14.7,978,,,,,,,,,,,,,,,,,,,,,,,,,,,,,,,,,
4/6/2020,2020,4,6,19,30,0,0,14.2,0.16,2.5,100,14.2,978,,,,,,,,,,,,,,,,,,,,,,,,,,,,,,,,,
4/6/2020,2020,4,6,20,30,0,0,14,0.16,2.8,100,14,978,,,,,,,,,,,,,,,,,,,,,,,,,,,,,,,,,
4/6/2020,2020,4,6,21,30,0,0,13.6,0.16,2.8,100,13.6,978,,,,,,,,,,,,,,,,,,,,,,,,,,,,,,,,,
4/6/2020,2020,4,6,22,30,0,0,13.1,0.16,2.7,100,13.1,978,,,,,,,,,,,,,,,,,,,,,,,,,,,,,,,,,
4/6/2020,2020,4,6,23,30,0,0,12.6,0.16,2.6,100,12.6,977,,,,,,,,,,,,,,,,,,,,,,,,,,,,,,,,,
4/7/2020,2020,4,7,0,30,0,0,12.2,0.16,2.6,100,12.2,977,,,,,,,,,,,,,,,,,,,,,,,,,,,,,,,,,
4/7/2020,2020,4,7,1,30,0,0,12,0.16,2.8,100,12,976,,,,,,,,,,,,,,,,,,,,,,,,,,,,,,,,,
4/7/2020,2020,4,7,2,30,0,0,12.1,0.16,3.3,100,12.1,976,,,,,,,,,,,,,,,,,,,,,,,,,,,,,,,,,
4/7/2020,2020,4,7,3,30,0,0,12.2,0.16,3.4,100,12.2,976,,,,,,,,,,,,,,,,,,,,,,,,,,,,,,,,,
4/7/2020,2020,4,7,4,30,0,0,12,0.16,2.9,100,12,976,,,,,,,,,,,,,,,,,,,,,,,,,,,,,,,,,
4/7/2020,2020,4,7,5,30,0,0,12.5,0.16,2.9,100,12.5,976,,,,,,,,,,,,,,,,,,,,,,,,,,,,,,,,,
4/7/2020,2020,4,7,6,30,46,267,13.1,0.16,3.4,94.78,13.9,976,,,,,,,,,,,,,,,,,,,,,,,,,,,,,,,,,
4/7/2020,2020,4,7,7,30,81,205,14,0.16,3.9,88.89,15.8,976,,,,,,,,,,,,,,,,,,,,,,,,,,,,,,,,,
4/7/2020,2020,4,7,8,30,196,45,15.1,0.16,4.1,82.53,18.1,975,,,,,,,,,,,,,,,,,,,,,,,,,,,,,,,,,
4/7/2020,2020,4,7,9,30,282,82,15.9,0.16,4,75.35,20.4,975,,,,,,,,,,,,,,,,,,,,,,,,,,,,,,,,,
4/7/2020,2020,4,7,10,30,194,671,16.4,0.16,3.8,69.38,22.3,975,,,,,,,,,,,,,,,,,,,,,,,,,,,,,,,,,
4/7/2020,2020,4,7,11,30,138,852,16.6,0.16,3.8,63.54,23.9,974,,,,,,,,,,,,,,,,,,,,,,,,,,,,,,,,,
4/7/2020,2020,4,7,12,30,129,873,16.4,0.16,3.9,58.68,25.1,974,,,,,,,,,,,,,,,,,,,,,,,,,,,,,,,,,
4/7/2020,2020,4,7,13,30,124,866,16.1,0.16,4.1,55.52,25.7,973,,,,,,,,,,,,,,,,,,,,,,,,,,,,,,,,,
4/7/2020,2020,4,7,14,30,116,840,15.8,0.16,4.1,53.76,25.9,973,,,,,,,,,,,,,,,,,,,,,,,,,,,,,,,,,
4/7/2020,2020,4,7,15,30,104,788,15.3,0.16,3.6,53.3,25.5,973,,,,,,,,,,,,,,,,,,,,,,,,,,,,,,,,,
4/7/2020,2020,4,7,16,30,88,689,15.9,0.16,2.4,60.56,24,973,,,,,,,,,,,,,,,,,,,,,,,,,,,,,,,,,
4/7/2020,2020,4,7,17,30,63,500,18.1,0.16,1.6,74.63,22.8,973,,,,,,,,,,,,,,,,,,,,,,,,,,,,,,,,,
4/7/2020,2020,4,7,18,30,17,108,15.7,0.16,1.4,85.92,18.1,973,,,,,,,,,,,,,,,,,,,,,,,,,,,,,,,,,
4/7/2020,2020,4,7,19,30,0,0,14.2,0.16,1.5,85.16,16.7,974,,,,,,,,,,,,,,,,,,,,,,,,,,,,,,,,,
4/7/2020,2020,4,7,20,30,0,0,13.4,0.16,1.6,86.6,15.6,975,,,,,,,,,,,,,,,,,,,,,,,,,,,,,,,,,
4/7/2020,2020,4,7,21,30,0,0,12.6,0.16,1.6,88.16,14.5,975,,,,,,,,,,,,,,,,,,,,,,,,,,,,,,,,,
4/7/2020,2020,4,7,22,30,0,0,11.9,0.16,1.5,89.91,13.5,976,,,,,,,,,,,,,,,,,,,,,,,,,,,,,,,,,
4/7/2020,2020,4,7,23,30,0,0,11.3,0.16,1.4,92.19,12.5,976,,,,,,,,,,,,,,,,,,,,,,,,,,,,,,,,,
4/8/2020,2020,4,8,0,30,0,0,10.7,0.16,1.4,93.71,11.7,976,,,,,,,,,,,,,,,,,,,,,,,,,,,,,,,,,
4/8/2020,2020,4,8,1,30,0,0,10.3,0.16,1.3,95.77,11,976,,,,,,,,,,,,,,,,,,,,,,,,,,,,,,,,,
4/8/2020,2020,4,8,2,30,0,0,10.2,0.16,1.2,98.23,10.5,976,,,,,,,,,,,,,,,,,,,,,,,,,,,,,,,,,
4/8/2020,2020,4,8,3,30,0,0,10,0.16,1.2,100,10,976,,,,,,,,,,,,,,,,,,,,,,,,,,,,,,,,,
4/8/2020,2020,4,8,4,30,0,0,9.4,0.16,1.2,100,9.4,976,,,,,,,,,,,,,,,,,,,,,,,,,,,,,,,,,
4/8/2020,2020,4,8,5,30,0,0,10,0.16,1.5,100,10,976,,,,,,,,,,,,,,,,,,,,,,,,,,,,,,,,,
4/8/2020,2020,4,8,6,30,48,129,11.1,0.16,2.5,93.25,12.2,976,,,,,,,,,,,,,,,,,,,,,,,,,,,,,,,,,
4/8/2020,2020,4,8,7,30,100,421,12,0.16,2.9,86.77,14.2,976,,,,,,,,,,,,,,,,,,,,,,,,,,,,,,,,,
4/8/2020,2020,4,8,8,30,129,628,13.2,0.16,2,81.88,16.3,976,,,,,,,,,,,,,,,,,,,,,,,,,,,,,,,,,
4/8/2020,2020,4,8,9,30,137,756,14,0.16,1.8,73.79,18.8,976,,,,,,,,,,,,,,,,,,,,,,,,,,,,,,,,,
4/8/2020,2020,4,8,10,30,142,814,13.5,0.16,3.3,65.01,20.3,976,,,,,,,,,,,,,,,,,,,,,,,,,,,,,,,,,
4/8/2020,2020,4,8,11,30,362,107,12.9,0.16,5.7,62.6,20.3,977,,,,,,,,,,,,,,,,,,,,,,,,,,,,,,,,,
4/8/2020,2020,4,8,12,30,212,10,11.6,0.16,7.8,62.64,18.9,978,,,,,,,,,,,,,,,,,,,,,,,,,,,,,,,,,
4/8/2020,2020,4,8,13,30,270,38,9.7,0.16,8.6,61.81,17.1,979,,,,,,,,,,,,,,,,,,,,,,,,,,,,,,,,,
4/8/2020,2020,4,8,14,30,313,276,7.9,0.16,8.2,59.16,15.9,979,,,,,,,,,,,,,,,,,,,,,,,,,,,,,,,,,
4/8/2020,2020,4,8,15,30,164,611,6.5,0.16,7.6,56.95,15,980,,,,,,,,,,,,,,,,,,,,,,,,,,,,,,,,,
4/8/2020,2020,4,8,16,30,98,669,4.5,0.16,6.9,53.95,13.7,980,,,,,,,,,,,,,,,,,,,,,,,,,,,,,,,,,
4/8/2020,2020,4,8,17,30,67,492,2.7,0.16,6.4,49.79,12.9,980,,,,,,,,,,,,,,,,,,,,,,,,,,,,,,,,,
4/8/2020,2020,4,8,18,30,20,144,2.4,0.17,4.4,60.61,9.7,981,,,,,,,,,,,,,,,,,,,,,,,,,,,,,,,,,
4/8/2020,2020,4,8,19,30,0,0,2.3,0.17,4.2,66.37,8.2,982,,,,,,,,,,,,,,,,,,,,,,,,,,,,,,,,,
4/8/2020,2020,4,8,20,30,0,0,1.9,0.17,3.8,71.14,6.8,983,,,,,,,,,,,,,,,,,,,,,,,,,,,,,,,,,
4/8/2020,2020,4,8,21,30,0,0,1.7,0.17,3.3,76.34,5.5,983,,,,,,,,,,,,,,,,,,,,,,,,,,,,,,,,,
4/8/2020,2020,4,8,22,30,0,0,1.2,0.17,3,79.1,4.5,983,,,,,,,,,,,,,,,,,,,,,,,,,,,,,,,,,
4/8/2020,2020,4,8,23,30,0,0,0.7,0.17,3,80.83,3.7,983,,,,,,,,,,,,,,,,,,,,,,,,,,,,,,,,,
4/9/2020,2020,4,9,0,30,0,0,0.2,0.17,3.4,82.01,3,983,,,,,,,,,,,,,,,,,,,,,,,,,,,,,,,,,
4/9/2020,2020,4,9,1,30,0,0,-0.3,0.17,4,82.91,2.3,983,,,,,,,,,,,,,,,,,,,,,,,,,,,,,,,,,
4/9/2020,2020,4,9,2,30,0,0,-0.7,0.17,4.1,84.39,1.6,984,,,,,,,,,,,,,,,,,,,,,,,,,,,,,,,,,
4/9/2020,2020,4,9,3,30,0,0,-1.2,0.17,3.4,86.75,0.8,984,,,,,,,,,,,,,,,,,,,,,,,,,,,,,,,,,
4/9/2020,2020,4,9,4,30,0,0,-1.5,0.17,3,85.46,0.7,984,,,,,,,,,,,,,,,,,,,,,,,,,,,,,,,,,
4/9/2020,2020,4,9,5,30,0,0,-1.5,0.17,3.4,80.78,1.4,984,,,,,,,,,,,,,,,,,,,,,,,,,,,,,,,,,
4/9/2020,2020,4,9,6,30,49,77,-1.4,0.17,4.1,74.36,2.7,984,,,,,,,,,,,,,,,,,,,,,,,,,,,,,,,,,
4/9/2020,2020,4,9,7,30,110,17,-1.2,0.17,5.3,65.38,4.7,983,,,,,,,,,,,,,,,,,,,,,,,,,,,,,,,,,
4/9/2020,2020,4,9,8,30,163,486,-2.4,0.17,6.7,50.86,7.1,983,,,,,,,,,,,,,,,,,,,,,,,,,,,,,,,,,
4/9/2020,2020,4,9,9,30,100,901,-3.9,0.17,8.1,40.36,8.9,982,,,,,,,,,,,,,,,,,,,,,,,,,,,,,,,,,
4/9/2020,2020,4,9,10,30,287,450,-5,0.17,9.4,35.47,9.6,982,,,,,,,,,,,,,,,,,,,,,,,,,,,,,,,,,
4/9/2020,2020,4,9,11,30,354,253,-5.3,0.17,10.3,35.73,9.1,983,,,,,,,,,,,,,,,,,,,,,,,,,,,,,,,,,
4/9/2020,2020,4,9,12,30,352,223,-5.2,0.17,10.6,38.89,8,983,,,,,,,,,,,,,,,,,,,,,,,,,,,,,,,,,
4/9/2020,2020,4,9,13,30,324,240,-5.5,0.17,10.4,40.74,7,984,,,,,,,,,,,,,,,,,,,,,,,,,,,,,,,,,
4/9/2020,2020,4,9,14,30,248,385,-6.4,0.17,9.9,40.56,6,985,,,,,,,,,,,,,,,,,,,,,,,,,,,,,,,,,
4/9/2020,2020,4,9,15,30,212,381,-7.3,0.17,9,40.36,5.1,986,,,,,,,,,,,,,,,,,,,,,,,,,,,,,,,,,
4/9/2020,2020,4,9,16,30,126,16,-7.6,0.17,8,42.05,4.2,987,,,,,,,,,,,,,,,,,,,,,,,,,,,,,,,,,
4/9/2020,2020,4,9,17,30,78,59,-7.4,0.17,7.5,44,3.7,987,,,,,,,,,,,,,,,,,,,,,,,,,,,,,,,,,
4/9/2020,2020,4,9,18,30,18,24,-6.8,0.17,5.2,53.5,1.6,988,,,,,,,,,,,,,,,,,,,,,,,,,,,,,,,,,
4/9/2020,2020,4,9,19,30,0,0,-5.8,0.17,3.8,63.59,0.3,989,,,,,,,,,,,,,,,,,,,,,,,,,,,,,,,,,
4/9/2020,2020,4,9,20,30,0,0,-5,0.17,3.1,72.82,-0.7,989,,,,,,,,,,,,,,,,,,,,,,,,,,,,,,,,,
4/9/2020,2020,4,9,21,30,0,0,-4.9,0.17,3.1,76.78,-1.4,990,,,,,,,,,,,,,,,,,,,,,,,,,,,,,,,,,
4/9/2020,2020,4,9,22,30,0,0,-5.1,0.17,3.2,78.59,-1.9,990,,,,,,,,,,,,,,,,,,,,,,,,,,,,,,,,,
4/9/2020,2020,4,9,23,30,0,0,-5.2,0.17,3.2,80.8,-2.4,990,,,,,,,,,,,,,,,,,,,,,,,,,,,,,,,,,
4/10/2020,2020,4,10,0,30,0,0,-5.4,0.17,3.1,83.08,-2.9,990,,,,,,,,,,,,,,,,,,,,,,,,,,,,,,,,,
4/10/2020,2020,4,10,1,30,0,0,-5.5,0.17,3,84.49,-3.3,990,,,,,,,,,,,,,,,,,,,,,,,,,,,,,,,,,
4/10/2020,2020,4,10,2,30,0,0,-5.7,0.17,2.8,86.49,-3.8,991,,,,,,,,,,,,,,,,,,,,,,,,,,,,,,,,,
4/10/2020,2020,4,10,3,30,0,0,-5.9,0.17,2.4,87.8,-4.2,991,,,,,,,,,,,,,,,,,,,,,,,,,,,,,,,,,
4/10/2020,2020,4,10,4,30,0,0,-6.1,0.17,1.8,87.76,-4.4,990,,,,,,,,,,,,,,,,,,,,,,,,,,,,,,,,,
4/10/2020,2020,4,10,5,30,0,0,-6.1,0.17,1.8,83.51,-3.7,990,,,,,,,,,,,,,,,,,,,,,,,,,,,,,,,,,
4/10/2020,2020,4,10,6,30,42,486,-5.5,0.17,2.1,75.36,-1.7,990,,,,,,,,,,,,,,,,,,,,,,,,,,,,,,,,,
4/10/2020,2020,4,10,7,30,67,746,-4.6,0.17,1.9,64.45,1.4,990,,,,,,,,,,,,,,,,,,,,,,,,,,,,,,,,,
4/10/2020,2020,4,10,8,30,80,861,-5.6,0.17,1.7,48.38,4.4,990,,,,,,,,,,,,,,,,,,,,,,,,,,,,,,,,,
4/10/2020,2020,4,10,9,30,92,917,-5.2,0.17,1.8,43.25,6.4,990,,,,,,,,,,,,,,,,,,,,,,,,,,,,,,,,,
4/10/2020,2020,4,10,10,30,100,946,-4.3,0.17,2.3,41.08,8.1,989,,,,,,,,,,,,,,,,,,,,,,,,,,,,,,,,,
4/10/2020,2020,4,10,11,30,294,544,-3.6,0.17,2.9,39.5,9.5,988,,,,,,,,,,,,,,,,,,,,,,,,,,,,,,,,,
4/10/2020,2020,4,10,12,30,132,912,-3.1,0.17,3.4,38.49,10.5,987,,,,,,,,,,,,,,,,,,,,,,,,,,,,,,,,,
4/10/2020,2020,4,10,13,30,265,585,-2.6,0.17,3.7,37.53,11.4,985,,,,,,,,,,,,,,,,,,,,,,,,,,,,,,,,,
4/10/2020,2020,4,10,14,30,329,260,-2.2,0.17,3.8,37.36,11.9,984,,,,,,,,,,,,,,,,,,,,,,,,,,,,,,,,,
4/10/2020,2020,4,10,15,30,248,120,-2,0.17,3.8,38.05,11.9,983,,,,,,,,,,,,,,,,,,,,,,,,,,,,,,,,,
4/10/2020,2020,4,10,16,30,132,27,-1.6,0.17,3.2,41.02,11.2,983,,,,,,,,,,,,,,,,,,,,,,,,,,,,,,,,,
4/10/2020,2020,4,10,17,30,28,0,0.6,0.17,2.6,49.91,10.6,982,,,,,,,,,,,,,,,,,,,,,,,,,,,,,,,,,
4/10/2020,2020,4,10,18,30,8,0,2.6,0.16,1.4,76.89,6.4,982,,,,,,,,,,,,,,,,,,,,,,,,,,,,,,,,,
4/10/2020,2020,4,10,19,30,0,0,1.8,0.16,1.6,76.67,5.6,982,,,,,,,,,,,,,,,,,,,,,,,,,,,,,,,,,
4/10/2020,2020,4,10,20,30,0,0,1.7,0.16,2.2,76.62,5.5,982,,,,,,,,,,,,,,,,,,,,,,,,,,,,,,,,,
4/10/2020,2020,4,10,21,30,0,0,1.5,0.16,2.9,76.22,5.4,981,,,,,,,,,,,,,,,,,,,,,,,,,,,,,,,,,
4/10/2020,2020,4,10,22,30,0,0,1.6,0.16,3.3,77.2,5.3,981,,,,,,,,,,,,,,,,,,,,,,,,,,,,,,,,,
4/10/2020,2020,4,10,23,30,0,0,2,0.16,3.3,80.27,5.1,981,,,,,,,,,,,,,,,,,,,,,,,,,,,,,,,,,
4/11/2020,2020,4,11,0,30,0,0,2.3,0.16,3,84.84,4.6,980,,,,,,,,,,,,,,,,,,,,,,,,,,,,,,,,,
4/11/2020,2020,4,11,1,30,0,0,2.4,0.16,2.8,89.07,4,980,,,,,,,,,,,,,,,,,,,,,,,,,,,,,,,,,
4/11/2020,2020,4,11,2,30,0,0,2.2,0.16,2.6,91.99,3.4,979,,,,,,,,,,,,,,,,,,,,,,,,,,,,,,,,,
4/11/2020,2020,4,11,3,30,0,0,2.1,0.16,2.7,92.17,3.2,978,,,,,,,,,,,,,,,,,,,,,,,,,,,,,,,,,
4/11/2020,2020,4,11,4,30,0,0,1.9,0.16,3,89.97,3.4,978,,,,,,,,,,,,,,,,,,,,,,,,,,,,,,,,,
4/11/2020,2020,4,11,5,30,0,0,1.9,0.16,3.4,87.1,3.9,977,,,,,,,,,,,,,,,,,,,,,,,,,,,,,,,,,
4/11/2020,2020,4,11,6,30,51,53,2.2,0.16,3.5,83.12,4.8,977,,,,,,,,,,,,,,,,,,,,,,,,,,,,,,,,,
4/11/2020,2020,4,11,7,30,128,190,2.8,0.16,3.2,77.03,6.5,977,,,,,,,,,,,,,,,,,,,,,,,,,,,,,,,,,
4/11/2020,2020,4,11,8,30,127,5,3.7,0.16,2.9,69.72,8.9,976,,,,,,,,,,,,,,,,,,,,,,,,,,,,,,,,,
4/11/2020,2020,4,11,9,30,31,0,4.7,0.16,2.5,64.63,11.1,976,,,,,,,,,,,,,,,,,,,,,,,,,,,,,,,,,
4/11/2020,2020,4,11,10,30,83,2,6,0.16,2,64.21,12.6,975,,,,,,,,,,,,,,,,,,,,,,,,,,,,,,,,,
4/11/2020,2020,4,11,11,30,89,0,7.3,0.16,1.7,64.66,13.8,975,,,,,,,,,,,,,,,,,,,,,,,,,,,,,,,,,
4/11/2020,2020,4,11,12,30,267,22,8.4,0.16,1.7,65.73,14.7,974,,,,,,,,,,,,,,,,,,,,,,,,,,,,,,,,,
4/11/2020,2020,4,11,13,30,213,11,9.3,0.16,1.7,67.41,15.3,973,,,,,,,,,,,,,,,,,,,,,,,,,,,,,,,,,
4/11/2020,2020,4,11,14,30,267,44,10.2,0.16,1.6,71.5,15.3,972,,,,,,,,,,,,,,,,,,,,,,,,,,,,,,,,,
4/11/2020,2020,4,11,15,30,78,0,11.1,0.16,1.5,77.35,15,972,,,,,,,,,,,,,,,,,,,,,,,,,,,,,,,,,
4/11/2020,2020,4,11,16,30,170,152,12,0.16,1.4,86.81,14.2,972,,,,,,,,,,,,,,,,,,,,,,,,,,,,,,,,,
4/11/2020,2020,4,11,17,30,106,262,12.2,0.16,1.3,90.8,13.7,972,,,,,,,,,,,,,,,,,,,,,,,,,,,,,,,,,
4/11/2020,2020,4,11,18,30,17,29,11.7,0.16,1.1,96.66,12.2,972,,,,,,,,,,,,,,,,,,,,,,,,,,,,,,,,,
4/11/2020,2020,4,11,19,30,0,0,11.4,0.16,1.1,97.39,11.8,972,,,,,,,,,,,,,,,,,,,,,,,,,,,,,,,,,
4/11/2020,2020,4,11,20,30,0,0,11.3,0.16,1.2,98.59,11.5,972,,,,,,,,,,,,,,,,,,,,,,,,,,,,,,,,,
4/11/2020,2020,4,11,21,30,0,0,11.1,0.16,1.5,99.4,11.2,972,,,,,,,,,,,,,,,,,,,,,,,,,,,,,,,,,
4/11/2020,2020,4,11,22,30,0,0,10.9,0.16,2.1,99.98,10.9,972,,,,,,,,,,,,,,,,,,,,,,,,,,,,,,,,,
4/11/2020,2020,4,11,23,30,0,0,10.6,0.16,2.7,99.79,10.6,971,,,,,,,,,,,,,,,,,,,,,,,,,,,,,,,,,
4/12/2020,2020,4,12,0,30,0,0,10.1,0.16,2.8,100,10.1,970,,,,,,,,,,,,,,,,,,,,,,,,,,,,,,,,,
4/12/2020,2020,4,12,1,30,0,0,9.7,0.16,2.7,100,9.7,970,,,,,,,,,,,,,,,,,,,,,,,,,,,,,,,,,
4/12/2020,2020,4,12,2,30,0,0,9.3,0.16,2.3,100,9.3,969,,,,,,,,,,,,,,,,,,,,,,,,,,,,,,,,,
4/12/2020,2020,4,12,3,30,0,0,8.8,0.16,2.2,100,8.8,969,,,,,,,,,,,,,,,,,,,,,,,,,,,,,,,,,
4/12/2020,2020,4,12,4,30,0,0,8.2,0.16,2.8,100,8.2,970,,,,,,,,,,,,,,,,,,,,,,,,,,,,,,,,,
4/12/2020,2020,4,12,5,30,0,0,7.5,0.16,3.5,100,7.5,970,,,,,,,,,,,,,,,,,,,,,,,,,,,,,,,,,
4/12/2020,2020,4,12,6,30,10,0,6.7,0.16,4.1,96.47,7.2,971,,,,,,,,,,,,,,,,,,,,,,,,,,,,,,,,,
4/12/2020,2020,4,12,7,30,10,0,6,0.16,4.4,90.58,7.4,971,,,,,,,,,,,,,,,,,,,,,,,,,,,,,,,,,
4/12/2020,2020,4,12,8,30,11,0,5.7,0.16,3.9,85.58,8,970,,,,,,,,,,,,,,,,,,,,,,,,,,,,,,,,,
4/12/2020,2020,4,12,9,30,38,0,6.2,0.16,3.7,85,8.6,970,,,,,,,,,,,,,,,,,,,,,,,,,,,,,,,,,
4/12/2020,2020,4,12,10,30,42,0,6.7,0.16,5.7,91.3,8,971,,,,,,,,,,,,,,,,,,,,,,,,,,,,,,,,,
4/12/2020,2020,4,12,11,30,78,0,4.8,0.16,7.5,88.11,6.6,971,,,,,,,,,,,,,,,,,,,,,,,,,,,,,,,,,
4/12/2020,2020,4,12,12,30,82,0,2.4,0.16,7.4,79.17,5.7,972,,,,,,,,,,,,,,,,,,,,,,,,,,,,,,,,,
4/12/2020,2020,4,12,13,30,60,0,2,0.16,7.4,78.18,5.5,972,,,,,,,,,,,,,,,,,,,,,,,,,,,,,,,,,
4/12/2020,2020,4,12,14,30,29,0,2,0.16,8,80.98,5,973,,,,,,,,,,,,,,,,,,,,,,,,,,,,,,,,,
4/12/2020,2020,4,12,15,30,30,0,1.5,0.16,8.7,82,4.3,973,,,,,,,,,,,,,,,,,,,,,,,,,,,,,,,,,
4/12/2020,2020,4,12,16,30,28,0,0.5,0.16,9.2,83.07,3.1,975,,,,,,,,,,,,,,,,,,,,,,,,,,,,,,,,,
4/12/2020,2020,4,12,17,30,27,0,-0.8,0.16,9.4,78.77,2.5,975,,,,,,,,,,,,,,,,,,,,,,,,,,,,,,,,,
4/12/2020,2020,4,12,18,30,11,0,-1.9,0.16,9.4,83.68,0.5,977,,,,,,,,,,,,,,,,,,,,,,,,,,,,,,,,,
4/12/2020,2020,4,12,19,30,0,0,-2.8,0.16,9.2,84.88,-0.6,978,,,,,,,,,,,,,,,,,,,,,,,,,,,,,,,,,
4/12/2020,2020,4,12,20,30,0,0,-3.8,0.16,8.8,83.17,-1.3,980,,,,,,,,,,,,,,,,,,,,,,,,,,,,,,,,,
4/12/2020,2020,4,12,21,30,0,0,-4.4,0.16,8.2,81.63,-1.7,981,,,,,,,,,,,,,,,,,,,,,,,,,,,,,,,,,
4/12/2020,2020,4,12,22,30,0,0,-5.1,0.16,7.8,80.2,-2.1,981,,,,,,,,,,,,,,,,,,,,,,,,,,,,,,,,,
4/12/2020,2020,4,12,23,30,0,0,-5.9,0.16,7.6,77.53,-2.5,981,,,,,,,,,,,,,,,,,,,,,,,,,,,,,,,,,
4/13/2020,2020,4,13,0,30,0,0,-6.6,0.16,7.4,74.8,-2.8,981,,,,,,,,,,,,,,,,,,,,,,,,,,,,,,,,,
4/13/2020,2020,4,13,1,30,0,0,-7.1,0.16,7.1,74.87,-3.3,982,,,,,,,,,,,,,,,,,,,,,,,,,,,,,,,,,
4/13/2020,2020,4,13,2,30,0,0,-7.4,0.16,6.5,75.84,-3.8,983,,,,,,,,,,,,,,,,,,,,,,,,,,,,,,,,,
4/13/2020,2020,4,13,3,30,0,0,-7.7,0.16,5.9,76.93,-4.3,984,,,,,,,,,,,,,,,,,,,,,,,,,,,,,,,,,
4/13/2020,2020,4,13,4,30,0,0,-8,0.16,5.3,79.25,-5,985,,,,,,,,,,,,,,,,,,,,,,,,,,,,,,,,,
4/13/2020,2020,4,13,5,30,3,16,-8.4,0.16,5.1,76.63,-4.9,986,,,,,,,,,,,,,,,,,,,,,,,,,,,,,,,,,
4/13/2020,2020,4,13,6,30,46,546,-8.4,0.16,5.8,69.09,-3.5,987,,,,,,,,,,,,,,,,,,,,,,,,,,,,,,,,,
4/13/2020,2020,4,13,7,30,69,780,-8.8,0.16,6.7,56.32,-1.2,988,,,,,,,,,,,,,,,,,,,,,,,,,,,,,,,,,
4/13/2020,2020,4,13,8,30,83,892,-9.6,0.16,7,45.61,0.8,989,,,,,,,,,,,,,,,,,,,,,,,,,,,,,,,,,
4/13/2020,2020,4,13,9,30,92,954,-9.7,0.16,6.8,40.22,2.5,989,,,,,,,,,,,,,,,,,,,,,,,,,,,,,,,,,
4/13/2020,2020,4,13,10,30,99,987,-9.1,0.16,6.6,38.15,3.9,989,,,,,,,,,,,,,,,,,,,,,,,,,,,,,,,,,
4/13/2020,2020,4,13,11,30,108,983,-8.5,0.16,6.5,37.51,4.8,989,,,,,,,,,,,,,,,,,,,,,,,,,,,,,,,,,
4/13/2020,2020,4,13,12,30,319,480,-8.2,0.16,6.8,37.76,5.1,988,,,,,,,,,,,,,,,,,,,,,,,,,,,,,,,,,
4/13/2020,2020,4,13,13,30,331,134,-8.1,0.16,7.2,38.59,4.9,989,,,,,,,,,,,,,,,,,,,,,,,,,,,,,,,,,
4/13/2020,2020,4,13,14,30,279,333,-8.1,0.16,7.4,40.05,4.3,989,,,,,,,,,,,,,,,,,,,,,,,,,,,,,,,,,
4/13/2020,2020,4,13,15,30,192,511,-8.5,0.16,7.3,41.22,3.5,989,,,,,,,,,,,,,,,,,,,,,,,,,,,,,,,,,
4/13/2020,2020,4,13,16,30,153,266,-8.9,0.16,6.7,42.41,2.6,990,,,,,,,,,,,,,,,,,,,,,,,,,,,,,,,,,
4/13/2020,2020,4,13,17,30,83,311,-8.9,0.16,6.3,44.13,2.1,990,,,,,,,,,,,,,,,,,,,,,,,,,,,,,,,,,
4/13/2020,2020,4,13,18,30,27,214,-7.9,0.16,4.4,56.86,-0.4,991,,,,,,,,,,,,,,,,,,,,,,,,,,,,,,,,,
4/13/2020,2020,4,13,19,30,0,0,-7,0.16,3.4,67.27,-1.7,992,,,,,,,,,,,,,,,,,,,,,,,,,,,,,,,,,
4/13/2020,2020,4,13,20,30,0,0,-6.5,0.16,2.5,76.13,-2.9,992,,,,,,,,,,,,,,,,,,,,,,,,,,,,,,,,,
4/13/2020,2020,4,13,21,30,0,0,-6.7,0.16,1.9,81.75,-4,993,,,,,,,,,,,,,,,,,,,,,,,,,,,,,,,,,
4/13/2020,2020,4,13,22,30,0,0,-7.3,0.16,1.6,82.49,-4.8,993,,,,,,,,,,,,,,,,,,,,,,,,,,,,,,,,,
4/13/2020,2020,4,13,23,30,0,0,-7.9,0.16,1.6,80.66,-5.1,993,,,,,,,,,,,,,,,,,,,,,,,,,,,,,,,,,
4/14/2020,2020,4,14,0,30,0,0,-8.2,0.16,2,79.03,-5.1,993,,,,,,,,,,,,,,,,,,,,,,,,,,,,,,,,,
4/14/2020,2020,4,14,1,30,0,0,-8.3,0.16,2.7,76.85,-4.9,992,,,,,,,,,,,,,,,,,,,,,,,,,,,,,,,,,
4/14/2020,2020,4,14,2,30,0,0,-8.3,0.16,3.5,76.2,-4.8,992,,,,,,,,,,,,,,,,,,,,,,,,,,,,,,,,,
4/14/2020,2020,4,14,3,30,0,0,-8.2,0.16,3.7,77.83,-4.9,992,,,,,,,,,,,,,,,,,,,,,,,,,,,,,,,,,
4/14/2020,2020,4,14,4,30,0,0,-7.9,0.16,3.5,80.86,-5.1,992,,,,,,,,,,,,,,,,,,,,,,,,,,,,,,,,,
4/14/2020,2020,4,14,5,30,3,19,-7.7,0.16,3.6,79.57,-4.7,992,,,,,,,,,,,,,,,,,,,,,,,,,,,,,,,,,
4/14/2020,2020,4,14,6,30,46,543,-7.2,0.16,4.3,71.2,-2.7,992,,,,,,,,,,,,,,,,,,,,,,,,,,,,,,,,,
4/14/2020,2020,4,14,7,30,68,784,-8.4,0.16,5.4,54.25,-0.3,992,,,,,,,,,,,,,,,,,,,,,,,,,,,,,,,,,
4/14/2020,2020,4,14,8,30,85,887,-10.6,0.16,6.2,40.89,1.3,992,,,,,,,,,,,,,,,,,,,,,,,,,,,,,,,,,
4/14/2020,2020,4,14,9,30,98,930,-10.4,0.16,6.6,38.33,2.4,992,,,,,,,,,,,,,,,,,,,,,,,,,,,,,,,,,
4/14/2020,2020,4,14,10,30,149,850,-9.8,0.16,6.9,37.65,3.3,991,,,,,,,,,,,,,,,,,,,,,,,,,,,,,,,,,
4/14/2020,2020,4,14,11,30,315,504,-9.2,0.16,7,37.23,4.1,990,,,,,,,,,,,,,,,,,,,,,,,,,,,,,,,,,
4/14/2020,2020,4,14,12,30,321,508,-8.7,0.16,6.9,36.91,4.8,990,,,,,,,,,,,,,,,,,,,,,,,,,,,,,,,,,
4/14/2020,2020,4,14,13,30,346,387,-8.3,0.16,6.6,37.33,5.1,989,,,,,,,,,,,,,,,,,,,,,,,,,,,,,,,,,
4/14/2020,2020,4,14,14,30,267,478,-7.9,0.16,6.1,38.43,5.1,989,,,,,,,,,,,,,,,,,,,,,,,,,,,,,,,,,
4/14/2020,2020,4,14,15,30,201,500,-7.6,0.16,5.3,40.12,4.8,988,,,,,,,,,,,,,,,,,,,,,,,,,,,,,,,,,
4/14/2020,2020,4,14,16,30,106,694,-7.2,0.16,4,42.86,4.3,987,,,,,,,,,,,,,,,,,,,,,,,,,,,,,,,,,
4/14/2020,2020,4,14,17,30,85,252,-6.1,0.16,3.2,48.19,3.9,987,,,,,,,,,,,,,,,,,,,,,,,,,,,,,,,,,
4/14/2020,2020,4,14,18,30,19,9,-2.8,0.16,1.2,73.63,1.4,987,,,,,,,,,,,,,,,,,,,,,,,,,,,,,,,,,
4/14/2020,2020,4,14,19,30,0,0,-2.7,0.16,1.2,77.5,0.8,987,,,,,,,,,,,,,,,,,,,,,,,,,,,,,,,,,
4/14/2020,2020,4,14,20,30,0,0,-3,0.16,1.6,77.68,0.4,987,,,,,,,,,,,,,,,,,,,,,,,,,,,,,,,,,
4/14/2020,2020,4,14,21,30,0,0,-3.4,0.16,2.3,79.91,-0.4,987,,,,,,,,,,,,,,,,,,,,,,,,,,,,,,,,,
4/14/2020,2020,4,14,22,30,0,0,-3.8,0.16,2.7,82.31,-1.2,987,,,,,,,,,,,,,,,,,,,,,,,,,,,,,,,,,
4/14/2020,2020,4,14,23,30,0,0,-4,0.16,2.6,85.63,-1.9,988,,,,,,,,,,,,,,,,,,,,,,,,,,,,,,,,,
4/15/2020,2020,4,15,0,30,0,0,-4.1,0.16,2,88.33,-2.4,987,,,,,,,,,,,,,,,,,,,,,,,,,,,,,,,,,
4/15/2020,2020,4,15,1,30,0,0,-4.3,0.16,1.4,91.43,-3.1,987,,,,,,,,,,,,,,,,,,,,,,,,,,,,,,,,,
4/15/2020,2020,4,15,2,30,0,0,-5,0.16,1,94.1,-4.2,987,,,,,,,,,,,,,,,,,,,,,,,,,,,,,,,,,
4/15/2020,2020,4,15,3,30,0,0,-5.7,0.16,0.9,95.13,-5,988,,,,,,,,,,,,,,,,,,,,,,,,,,,,,,,,,
4/15/2020,2020,4,15,4,30,0,0,-6,0.16,0.8,95.37,-5.4,988,,,,,,,,,,,,,,,,,,,,,,,,,,,,,,,,,
4/15/2020,2020,4,15,5,30,2,19,-6.3,0.16,0.9,88.83,-4.7,988,,,,,,,,,,,,,,,,,,,,,,,,,,,,,,,,,
4/15/2020,2020,4,15,6,30,48,517,-5.9,0.16,1.2,77.22,-2.5,988,,,,,,,,,,,,,,,,,,,,,,,,,,,,,,,,,
4/15/2020,2020,4,15,7,30,103,2,-7.1,0.16,1.7,59.21,-0.1,989,,,,,,,,,,,,,,,,,,,,,,,,,,,,,,,,,
4/15/2020,2020,4,15,8,30,226,86,-7.5,0.16,2.3,51.31,1.5,989,,,,,,,,,,,,,,,,,,,,,,,,,,,,,,,,,
4/15/2020,2020,4,15,9,30,146,789,-7.2,0.16,2.8,48.57,2.6,989,,,,,,,,,,,,,,,,,,,,,,,,,,,,,,,,,
4/15/2020,2020,4,15,10,30,210,688,-6.9,0.16,3,46.32,3.6,989,,,,,,,,,,,,,,,,,,,,,,,,,,,,,,,,,
4/15/2020,2020,4,15,11,30,398,95,-6.7,0.16,3.2,44.5,4.4,989,,,,,,,,,,,,,,,,,,,,,,,,,,,,,,,,,
4/15/2020,2020,4,15,12,30,399,106,-6.4,0.16,3.2,43.27,5.1,989,,,,,,,,,,,,,,,,,,,,,,,,,,,,,,,,,
4/15/2020,2020,4,15,13,30,326,443,-6.1,0.16,3.3,42.32,5.7,988,,,,,,,,,,,,,,,,,,,,,,,,,,,,,,,,,
4/15/2020,2020,4,15,14,30,329,120,-5.9,0.16,3.3,42.25,6,988,,,,,,,,,,,,,,,,,,,,,,,,,,,,,,,,,
4/15/2020,2020,4,15,15,30,163,651,-5.7,0.16,3.3,42.44,6.1,988,,,,,,,,,,,,,,,,,,,,,,,,,,,,,,,,,
4/15/2020,2020,4,15,16,30,105,716,-5.4,0.16,2.9,44.64,5.7,988,,,,,,,,,,,,,,,,,,,,,,,,,,,,,,,,,
4/15/2020,2020,4,15,17,30,76,539,-4.3,0.16,2.7,49.97,5.3,989,,,,,,,,,,,,,,,,,,,,,,,,,,,,,,,,,
4/15/2020,2020,4,15,18,30,30,186,-2.1,0.16,2.1,74.19,2,990,,,,,,,,,,,,,,,,,,,,,,,,,,,,,,,,,
4/15/2020,2020,4,15,19,30,0,0,-3.1,0.16,2.6,75.26,0.8,990,,,,,,,,,,,,,,,,,,,,,,,,,,,,,,,,,
4/15/2020,2020,4,15,20,30,0,0,-3.6,0.16,2.9,75.01,0.3,991,,,,,,,,,,,,,,,,,,,,,,,,,,,,,,,,,
4/15/2020,2020,4,15,21,30,0,0,-3.8,0.16,2.7,76.5,-0.2,992,,,,,,,,,,,,,,,,,,,,,,,,,,,,,,,,,
4/15/2020,2020,4,15,22,30,0,0,-3.8,0.16,2.1,79.07,-0.6,992,,,,,,,,,,,,,,,,,,,,,,,,,,,,,,,,,
4/15/2020,2020,4,15,23,30,0,0,-3.6,0.16,1.6,81.83,-0.9,993,,,,,,,,,,,,,,,,,,,,,,,,,,,,,,,,,
4/16/2020,2020,4,16,0,30,0,0,-3.5,0.16,1.3,83.48,-1.1,993,,,,,,,,,,,,,,,,,,,,,,,,,,,,,,,,,
4/16/2020,2020,4,16,1,30,0,0,-3.5,0.16,1.2,85.4,-1.4,994,,,,,,,,,,,,,,,,,,,,,,,,,,,,,,,,,
4/16/2020,2020,4,16,2,30,0,0,-3.6,0.16,1.1,86.8,-1.7,994,,,,,,,,,,,,,,,,,,,,,,,,,,,,,,,,,
4/16/2020,2020,4,16,3,30,0,0,-3.7,0.16,1,88.41,-2,995,,,,,,,,,,,,,,,,,,,,,,,,,,,,,,,,,
4/16/2020,2020,4,16,4,30,0,0,-3.9,0.16,1,88.45,-2.2,995,,,,,,,,,,,,,,,,,,,,,,,,,,,,,,,,,
4/16/2020,2020,4,16,5,30,1,0,-4.2,0.16,1.4,83.34,-1.7,995,,,,,,,,,,,,,,,,,,,,,,,,,,,,,,,,,
4/16/2020,2020,4,16,6,30,53,28,-3.8,0.16,2,76.41,-0.2,995,,,,,,,,,,,,,,,,,,,,,,,,,,,,,,,,,
4/16/2020,2020,4,16,7,30,126,99,-4.8,0.16,2.3,63.15,1.5,995,,,,,,,,,,,,,,,,,,,,,,,,,,,,,,,,,
4/16/2020,2020,4,16,8,30,221,68,-6.2,0.16,2.5,51.6,2.8,995,,,,,,,,,,,,,,,,,,,,,,,,,,,,,,,,,
4/16/2020,2020,4,16,9,30,286,54,-6.6,0.16,2.5,47.57,3.5,995,,,,,,,,,,,,,,,,,,,,,,,,,,,,,,,,,
4/16/2020,2020,4,16,10,30,309,30,-6.5,0.16,2.5,46.79,3.9,995,,,,,,,,,,,,,,,,,,,,,,,,,,,,,,,,,
4/16/2020,2020,4,16,11,30,361,43,-6.1,0.16,2.8,47.56,4.1,994,,,,,,,,,,,,,,,,,,,,,,,,,,,,,,,,,
4/16/2020,2020,4,16,12,30,333,28,-5.5,0.16,2.9,49.82,4.1,993,,,,,,,,,,,,,,,,,,,,,,,,,,,,,,,,,
4/16/2020,2020,4,16,13,30,119,2,-4.7,0.16,2.9,53.89,3.8,993,,,,,,,,,,,,,,,,,,,,,,,,,,,,,,,,,
4/16/2020,2020,4,16,14,30,107,1,-4,0.16,3,58.32,3.4,992,,,,,,,,,,,,,,,,,,,,,,,,,,,,,,,,,
4/16/2020,2020,4,16,15,30,52,0,-3.5,0.16,2.9,62.78,2.9,992,,,,,,,,,,,,,,,,,,,,,,,,,,,,,,,,,
4/16/2020,2020,4,16,16,30,60,0,-3.1,0.16,3,67.37,2.3,992,,,,,,,,,,,,,,,,,,,,,,,,,,,,,,,,,
4/16/2020,2020,4,16,17,30,60,33,-2.4,0.16,2.9,72.42,2,992,,,,,,,,,,,,,,,,,,,,,,,,,,,,,,,,,
4/16/2020,2020,4,16,18,30,17,0,-1.6,0.16,2.4,85,0.6,991,,,,,,,,,,,,,,,,,,,,,,,,,,,,,,,,,
4/16/2020,2020,4,16,19,30,0,0,-1.9,0.16,2.3,86.99,0,991,,,,,,,,,,,,,,,,,,,,,,,,,,,,,,,,,
4/16/2020,2020,4,16,20,30,0,0,-2.1,0.16,2.3,88.18,-0.4,992,,,,,,,,,,,,,,,,,,,,,,,,,,,,,,,,,
4/16/2020,2020,4,16,21,30,0,0,-2.4,0.16,2.4,89.49,-0.9,991,,,,,,,,,,,,,,,,,,,,,,,,,,,,,,,,,
4/16/2020,2020,4,16,22,30,0,0,-2.8,0.16,2.6,88.87,-1.2,991,,,,,,,,,,,,,,,,,,,,,,,,,,,,,,,,,
4/16/2020,2020,4,16,23,30,0,0,-3,0.16,2.7,89.21,-1.5,991,,,,,,,,,,,,,,,,,,,,,,,,,,,,,,,,,
4/17/2020,2020,4,17,0,30,0,0,-3.5,0.16,2.8,87.67,-1.7,990,,,,,,,,,,,,,,,,,,,,,,,,,,,,,,,,,
4/17/2020,2020,4,17,1,30,0,0,-3.6,0.16,2.8,87.43,-1.8,990,,,,,,,,,,,,,,,,,,,,,,,,,,,,,,,,,
4/17/2020,2020,4,17,2,30,0,0,-3.7,0.16,2.6,87.03,-1.8,989,,,,,,,,,,,,,,,,,,,,,,,,,,,,,,,,,
4/17/2020,2020,4,17,3,30,0,0,-3.8,0.16,2.2,86.84,-1.9,989,,,,,,,,,,,,,,,,,,,,,,,,,,,,,,,,,
4/17/2020,2020,4,17,4,30,0,0,-4,0.16,1.7,86.83,-2.1,989,,,,,,,,,,,,,,,,,,,,,,,,,,,,,,,,,
4/17/2020,2020,4,17,5,30,1,0,-4,0.16,1.6,84.02,-1.7,989,,,,,,,,,,,,,,,,,,,,,,,,,,,,,,,,,
4/17/2020,2020,4,17,6,30,41,44,-3.9,0.16,1.8,76.54,-0.3,989,,,,,,,,,,,,,,,,,,,,,,,,,,,,,,,,,
4/17/2020,2020,4,17,7,30,98,4,-3.3,0.16,2,68.47,1.9,989,,,,,,,,,,,,,,,,,,,,,,,,,,,,,,,,,
4/17/2020,2020,4,17,8,30,100,799,-3.8,0.16,2.2,57.09,3.9,989,,,,,,,,,,,,,,,,,,,,,,,,,,,,,,,,,
4/17/2020,2020,4,17,9,30,241,473,-3.8,0.16,2.3,52.16,5.2,989,,,,,,,,,,,,,,,,,,,,,,,,,,,,,,,,,
4/17/2020,2020,4,17,10,30,104,948,-3.5,0.16,2.6,49.21,6.4,988,,,,,,,,,,,,,,,,,,,,,,,,,,,,,,,,,
4/17/2020,2020,4,17,11,30,109,961,-3,0.16,2.9,47.88,7.3,988,,,,,,,,,,,,,,,,,,,,,,,,,,,,,,,,,
4/17/2020,2020,4,17,12,30,334,449,-2.7,0.16,3.3,46.92,8,987,,,,,,,,,,,,,,,,,,,,,,,,,,,,,,,,,
4/17/2020,2020,4,17,13,30,195,28,-2.4,0.16,3.7,46.82,8.3,987,,,,,,,,,,,,,,,,,,,,,,,,,,,,,,,,,
4/17/2020,2020,4,17,14,30,243,46,-2.3,0.16,4.1,47.12,8.3,987,,,,,,,,,,,,,,,,,,,,,,,,,,,,,,,,,
4/17/2020,2020,4,17,15,30,180,384,-2.3,0.16,4.2,47.96,8.1,987,,,,,,,,,,,,,,,,,,,,,,,,,,,,,,,,,
4/17/2020,2020,4,17,16,30,133,502,-2,0.16,3.8,50.46,7.6,986,,,,,,,,,,,,,,,,,,,,,,,,,,,,,,,,,
4/17/2020,2020,4,17,17,30,74,567,-1.1,0.16,3.4,55.77,7.2,986,,,,,,,,,,,,,,,,,,,,,,,,,,,,,,,,,
4/17/2020,2020,4,17,18,30,31,209,0.4,0.16,2.1,81.34,3.3,986,,,,,,,,,,,,,,,,,,,,,,,,,,,,,,,,,
4/17/2020,2020,4,17,19,30,0,0,-0.7,0.16,2.5,82.54,2,986,,,,,,,,,,,,,,,,,,,,,,,,,,,,,,,,,
4/17/2020,2020,4,17,20,30,0,0,-1.1,0.16,3.2,82.46,1.6,986,,,,,,,,,,,,,,,,,,,,,,,,,,,,,,,,,
4/17/2020,2020,4,17,21,30,0,0,-1.3,0.16,3.5,84.95,0.9,986,,,,,,,,,,,,,,,,,,,,,,,,,,,,,,,,,
4/17/2020,2020,4,17,22,30,0,0,-1.7,0.16,3.5,86.49,0.3,985,,,,,,,,,,,,,,,,,,,,,,,,,,,,,,,,,
4/17/2020,2020,4,17,23,30,0,0,-2.1,0.16,3.6,87.91,-0.3,985,,,,,,,,,,,,,,,,,,,,,,,,,,,,,,,,,
4/18/2020,2020,4,18,0,30,0,0,-2.4,0.16,3.6,89.03,-0.8,985,,,,,,,,,,,,,,,,,,,,,,,,,,,,,,,,,
4/18/2020,2020,4,18,1,30,0,0,-2.7,0.16,3.7,89.87,-1.2,984,,,,,,,,,,,,,,,,,,,,,,,,,,,,,,,,,
4/18/2020,2020,4,18,2,30,0,0,-2.8,0.16,3.8,90.52,-1.5,984,,,,,,,,,,,,,,,,,,,,,,,,,,,,,,,,,
4/18/2020,2020,4,18,3,30,0,0,-3,0.16,4,91.4,-1.8,984,,,,,,,,,,,,,,,,,,,,,,,,,,,,,,,,,
4/18/2020,2020,4,18,4,30,0,0,-3.2,0.16,4.3,91.66,-2,983,,,,,,,,,,,,,,,,,,,,,,,,,,,,,,,,,
4/18/2020,2020,4,18,5,30,6,38,-3.2,0.16,4.8,87.26,-1.4,983,,,,,,,,,,,,,,,,,,,,,,,,,,,,,,,,,
4/18/2020,2020,4,18,6,30,51,506,-2.6,0.16,5.3,78.99,0.6,983,,,,,,,,,,,,,,,,,,,,,,,,,,,,,,,,,
4/18/2020,2020,4,18,7,30,73,742,-1.2,0.16,6.1,69.92,3.8,982,,,,,,,,,,,,,,,,,,,,,,,,,,,,,,,,,
4/18/2020,2020,4,18,8,30,84,858,0.1,0.16,7.1,59.66,7.4,981,,,,,,,,,,,,,,,,,,,,,,,,,,,,,,,,,
4/18/2020,2020,4,18,9,30,94,916,1.2,0.16,7.4,53.09,10.4,980,,,,,,,,,,,,,,,,,,,,,,,,,,,,,,,,,
4/18/2020,2020,4,18,10,30,104,940,2.4,0.16,7.7,48.63,13,980,,,,,,,,,,,,,,,,,,,,,,,,,,,,,,,,,
4/18/2020,2020,4,18,11,30,120,934,3.4,0.16,8.1,45.8,15,978,,,,,,,,,,,,,,,,,,,,,,,,,,,,,,,,,
4/18/2020,2020,4,18,12,30,138,909,4.3,0.16,8.3,44.25,16.5,977,,,,,,,,,,,,,,,,,,,,,,,,,,,,,,,,,
4/18/2020,2020,4,18,13,30,135,894,5,0.16,8.3,43.67,17.5,977,,,,,,,,,,,,,,,,,,,,,,,,,,,,,,,,,
4/18/2020,2020,4,18,14,30,127,862,5.6,0.16,8.1,44.09,18,976,,,,,,,,,,,,,,,,,,,,,,,,,,,,,,,,,
4/18/2020,2020,4,18,15,30,116,805,6.1,0.16,7.5,45.61,18,975,,,,,,,,,,,,,,,,,,,,,,,,,,,,,,,,,
4/18/2020,2020,4,18,16,30,100,708,6.7,0.16,6.5,50.28,17.1,975,,,,,,,,,,,,,,,,,,,,,,,,,,,,,,,,,
4/18/2020,2020,4,18,17,30,74,537,7.5,0.16,6,55.91,16.3,975,,,,,,,,,,,,,,,,,,,,,,,,,,,,,,,,,
4/18/2020,2020,4,18,18,30,30,161,7.5,0.16,5.2,70.5,12.7,975,,,,,,,,,,,,,,,,,,,,,,,,,,,,,,,,,
4/18/2020,2020,4,18,19,30,0,0,7.2,0.16,5.2,76.35,11.2,976,,,,,,,,,,,,,,,,,,,,,,,,,,,,,,,,,
4/18/2020,2020,4,18,20,30,0,0,6.9,0.16,5.1,78.71,10.4,976,,,,,,,,,,,,,,,,,,,,,,,,,,,,,,,,,
4/18/2020,2020,4,18,21,30,0,0,6.8,0.16,4.2,83.7,9.4,976,,,,,,,,,,,,,,,,,,,,,,,,,,,,,,,,,
4/18/2020,2020,4,18,22,30,0,0,6.9,0.16,2.9,91.06,8.3,977,,,,,,,,,,,,,,,,,,,,,,,,,,,,,,,,,
4/18/2020,2020,4,18,23,30,0,0,6.9,0.16,2.3,95.55,7.6,977,,,,,,,,,,,,,,,,,,,,,,,,,,,,,,,,,
4/19/2020,2020,4,19,0,30,0,0,6.7,0.16,1.9,100,6.7,977,,,,,,,,,,,,,,,,,,,,,,,,,,,,,,,,,
4/19/2020,2020,4,19,1,30,0,0,5.7,0.16,1.5,100,5.7,978,,,,,,,,,,,,,,,,,,,,,,,,,,,,,,,,,
4/19/2020,2020,4,19,2,30,0,0,5,0.16,1.7,100,5,978,,,,,,,,,,,,,,,,,,,,,,,,,,,,,,,,,
4/19/2020,2020,4,19,3,30,0,0,4.8,0.16,2.3,100,4.8,978,,,,,,,,,,,,,,,,,,,,,,,,,,,,,,,,,
4/19/2020,2020,4,19,4,30,0,0,4.6,0.16,3.1,100,4.6,979,,,,,,,,,,,,,,,,,,,,,,,,,,,,,,,,,
4/19/2020,2020,4,19,5,30,6,39,3.9,0.16,3.9,93.52,4.9,979,,,,,,,,,,,,,,,,,,,,,,,,,,,,,,,,,
4/19/2020,2020,4,19,6,30,52,496,3.6,0.16,4.4,81.98,6.5,980,,,,,,,,,,,,,,,,,,,,,,,,,,,,,,,,,
4/19/2020,2020,4,19,7,30,75,724,4.2,0.16,5.1,71.36,9.1,981,,,,,,,,,,,,,,,,,,,,,,,,,,,,,,,,,
4/19/2020,2020,4,19,8,30,89,836,2.7,0.16,5.7,55.77,11.2,982,,,,,,,,,,,,,,,,,,,,,,,,,,,,,,,,,
4/19/2020,2020,4,19,9,30,99,897,1.3,0.16,5.3,46.36,12.5,982,,,,,,,,,,,,,,,,,,,,,,,,,,,,,,,,,
4/19/2020,2020,4,19,10,30,106,931,1.1,0.16,4.9,42.8,13.5,982,,,,,,,,,,,,,,,,,,,,,,,,,,,,,,,,,
4/19/2020,2020,4,19,11,30,108,950,1.2,0.16,4.8,41.05,14.3,982,,,,,,,,,,,,,,,,,,,,,,,,,,,,,,,,,
4/19/2020,2020,4,19,12,30,105,960,1.4,0.16,4.7,40.44,14.7,982,,,,,,,,,,,,,,,,,,,,,,,,,,,,,,,,,
4/19/2020,2020,4,19,13,30,101,953,1.3,0.16,4.7,39.78,14.9,981,,,,,,,,,,,,,,,,,,,,,,,,,,,,,,,,,
4/19/2020,2020,4,19,14,30,101,919,1.1,0.16,4.6,39.3,14.8,981,,,,,,,,,,,,,,,,,,,,,,,,,,,,,,,,,
4/19/2020,2020,4,19,15,30,99,854,0.7,0.16,4.3,39.24,14.4,981,,,,,,,,,,,,,,,,,,,,,,,,,,,,,,,,,
4/19/2020,2020,4,19,16,30,98,711,0.5,0.16,3.6,40.95,13.5,981,,,,,,,,,,,,,,,,,,,,,,,,,,,,,,,,,
4/19/2020,2020,4,19,17,30,70,587,1.4,0.16,3,45.79,12.8,981,,,,,,,,,,,,,,,,,,,,,,,,,,,,,,,,,
4/19/2020,2020,4,19,18,30,33,222,4.1,0.16,1.5,75.67,8.1,980,,,,,,,,,,,,,,,,,,,,,,,,,,,,,,,,,
4/19/2020,2020,4,19,19,30,0,0,2.5,0.16,1.5,75.87,6.5,980,,,,,,,,,,,,,,,,,,,,,,,,,,,,,,,,,
4/19/2020,2020,4,19,20,30,0,0,2.1,0.16,1.4,75.34,6.1,980,,,,,,,,,,,,,,,,,,,,,,,,,,,,,,,,,
4/19/2020,2020,4,19,21,30,0,0,1.9,0.16,1.3,75.85,5.8,980,,,,,,,,,,,,,,,,,,,,,,,,,,,,,,,,,
4/19/2020,2020,4,19,22,30,0,0,1.5,0.16,1.2,75.09,5.6,980,,,,,,,,,,,,,,,,,,,,,,,,,,,,,,,,,
4/19/2020,2020,4,19,23,30,0,0,1.3,0.16,1.1,74.44,5.5,980,,,,,,,,,,,,,,,,,,,,,,,,,,,,,,,,,
4/20/2020,2020,4,20,0,30,0,0,1,0.16,1.1,74.54,5.2,980,,,,,,,,,,,,,,,,,,,,,,,,,,,,,,,,,
4/20/2020,2020,4,20,1,30,0,0,1.5,0.16,1.2,79.8,4.7,980,,,,,,,,,,,,,,,,,,,,,,,,,,,,,,,,,
4/20/2020,2020,4,20,2,30,0,0,2.1,0.16,1.2,86.27,4.2,981,,,,,,,,,,,,,,,,,,,,,,,,,,,,,,,,,
4/20/2020,2020,4,20,3,30,0,0,2.4,0.16,1.1,89.84,3.9,981,,,,,,,,,,,,,,,,,,,,,,,,,,,,,,,,,
4/20/2020,2020,4,20,4,30,0,0,2.5,0.16,1,91.21,3.8,980,,,,,,,,,,,,,,,,,,,,,,,,,,,,,,,,,
4/20/2020,2020,4,20,5,30,2,0,2.6,0.16,1.2,87.61,4.5,980,,,,,,,,,,,,,,,,,,,,,,,,,,,,,,,,,
4/20/2020,2020,4,20,6,30,34,0,3.7,0.16,2,83.77,6.2,980,,,,,,,,,,,,,,,,,,,,,,,,,,,,,,,,,
4/20/2020,2020,4,20,7,30,64,0,4.4,0.16,3.1,75.37,8.5,979,,,,,,,,,,,,,,,,,,,,,,,,,,,,,,,,,
4/20/2020,2020,4,20,8,30,134,2,5.3,0.16,4.2,66.09,11.4,978,,,,,,,,,,,,,,,,,,,,,,,,,,,,,,,,,
4/20/2020,2020,4,20,9,30,299,211,5.1,0.16,5.1,54.75,14.1,978,,,,,,,,,,,,,,,,,,,,,,,,,,,,,,,,,
4/20/2020,2020,4,20,10,30,123,894,5.3,0.16,5.6,49.27,15.9,977,,,,,,,,,,,,,,,,,,,,,,,,,,,,,,,,,
4/20/2020,2020,4,20,11,30,325,366,5.7,0.16,5.9,47.38,17,976,,,,,,,,,,,,,,,,,,,,,,,,,,,,,,,,,
4/20/2020,2020,4,20,12,30,231,671,5.6,0.16,6.1,44.46,17.9,975,,,,,,,,,,,,,,,,,,,,,,,,,,,,,,,,,
4/20/2020,2020,4,20,13,30,111,926,5.1,0.16,6.3,41.42,18.5,975,,,,,,,,,,,,,,,,,,,,,,,,,,,,,,,,,
4/20/2020,2020,4,20,14,30,104,904,4.7,0.16,6.3,39.62,18.7,974,,,,,,,,,,,,,,,,,,,,,,,,,,,,,,,,,
4/20/2020,2020,4,20,15,30,123,92,4.5,0.16,6.2,39.22,18.6,974,,,,,,,,,,,,,,,,,,,,,,,,,,,,,,,,,
4/20/2020,2020,4,20,16,30,179,107,4.7,0.16,5.6,41.6,17.9,974,,,,,,,,,,,,,,,,,,,,,,,,,,,,,,,,,
4/20/2020,2020,4,20,17,30,91,252,5.8,0.16,5,46.62,17.3,973,,,,,,,,,,,,,,,,,,,,,,,,,,,,,,,,,
4/20/2020,2020,4,20,18,30,31,51,6.5,0.16,4.6,59.34,14.3,974,,,,,,,,,,,,,,,,,,,,,,,,,,,,,,,,,
4/20/2020,2020,4,20,19,30,0,0,6.6,0.16,4.7,65.77,12.9,975,,,,,,,,,,,,,,,,,,,,,,,,,,,,,,,,,
4/20/2020,2020,4,20,20,30,0,0,6.8,0.16,4.1,74.69,11.1,977,,,,,,,,,,,,,,,,,,,,,,,,,,,,,,,,,
4/20/2020,2020,4,20,21,30,0,0,6.7,0.16,2.7,85.99,8.9,978,,,,,,,,,,,,,,,,,,,,,,,,,,,,,,,,,
4/20/2020,2020,4,20,22,30,0,0,6.1,0.16,1.9,93.39,7.1,978,,,,,,,,,,,,,,,,,,,,,,,,,,,,,,,,,
4/20/2020,2020,4,20,23,30,0,0,5.4,0.16,2.1,94.77,6.2,979,,,,,,,,,,,,,,,,,,,,,,,,,,,,,,,,,
4/21/2020,2020,4,21,0,30,0,0,5.1,0.16,2.8,95.69,5.7,980,,,,,,,,,,,,,,,,,,,,,,,,,,,,,,,,,
4/21/2020,2020,4,21,1,30,0,0,4.4,0.16,3.2,96.93,4.8,981,,,,,,,,,,,,,,,,,,,,,,,,,,,,,,,,,
4/21/2020,2020,4,21,2,30,0,0,3.1,0.16,3,96.7,3.6,982,,,,,,,,,,,,,,,,,,,,,,,,,,,,,,,,,
4/21/2020,2020,4,21,3,30,0,0,1.7,0.16,2.3,96.65,2.2,983,,,,,,,,,,,,,,,,,,,,,,,,,,,,,,,,,
4/21/2020,2020,4,21,4,30,0,0,0.5,0.16,1.8,95.85,1.1,984,,,,,,,,,,,,,,,,,,,,,,,,,,,,,,,,,
4/21/2020,2020,4,21,5,30,10,86,-0.3,0.16,2,85.9,1.8,985,,,,,,,,,,,,,,,,,,,,,,,,,,,,,,,,,
4/21/2020,2020,4,21,6,30,48,581,-0.1,0.16,2.7,74.81,4,986,,,,,,,,,,,,,,,,,,,,,,,,,,,,,,,,,
4/21/2020,2020,4,21,7,30,68,781,-2.3,0.16,3.1,53.78,6.4,986,,,,,,,,,,,,,,,,,,,,,,,,,,,,,,,,,
4/21/2020,2020,4,21,8,30,87,860,-3.4,0.16,3.4,42.92,8.5,987,,,,,,,,,,,,,,,,,,,,,,,,,,,,,,,,,
4/21/2020,2020,4,21,9,30,106,893,-2.9,0.16,3.7,39.24,10.4,987,,,,,,,,,,,,,,,,,,,,,,,,,,,,,,,,,
4/21/2020,2020,4,21,10,30,114,922,-2.2,0.16,3.9,36.87,12.1,987,,,,,,,,,,,,,,,,,,,,,,,,,,,,,,,,,
4/21/2020,2020,4,21,11,30,112,945,-1.4,0.16,3.8,35.74,13.5,987,,,,,,,,,,,,,,,,,,,,,,,,,,,,,,,,,
4/21/2020,2020,4,21,12,30,105,958,-0.5,0.16,3.5,35.39,14.7,986,,,,,,,,,,,,,,,,,,,,,,,,,,,,,,,,,
4/21/2020,2020,4,21,13,30,105,941,0.5,0.16,3.1,35.78,15.6,986,,,,,,,,,,,,,,,,,,,,,,,,,,,,,,,,,
4/21/2020,2020,4,21,14,30,111,893,1.3,0.16,2.7,36.52,16.2,985,,,,,,,,,,,,,,,,,,,,,,,,,,,,,,,,,
4/21/2020,2020,4,21,15,30,115,809,2,0.16,2.1,37.78,16.4,985,,,,,,,,,,,,,,,,,,,,,,,,,,,,,,,,,
4/21/2020,2020,4,21,16,30,101,717,2.7,0.16,1.4,40.19,16.3,984,,,,,,,,,,,,,,,,,,,,,,,,,,,,,,,,,
4/21/2020,2020,4,21,17,30,89,345,4.4,0.16,1,46.18,16,984,,,,,,,,,,,,,,,,,,,,,,,,,,,,,,,,,
4/21/2020,2020,4,21,18,30,34,219,6.2,0.16,1.2,68.3,11.9,983,,,,,,,,,,,,,,,,,,,,,,,,,,,,,,,,,
4/21/2020,2020,4,21,19,30,0,0,4.4,0.16,1.7,69.71,9.7,983,,,,,,,,,,,,,,,,,,,,,,,,,,,,,,,,,
4/21/2020,2020,4,21,20,30,0,0,4.3,0.16,2.3,72.39,9,983,,,,,,,,,,,,,,,,,,,,,,,,,,,,,,,,,
4/21/2020,2020,4,21,21,30,0,0,4.1,0.16,3.1,71.74,8.9,982,,,,,,,,,,,,,,,,,,,,,,,,,,,,,,,,,
4/21/2020,2020,4,21,22,30,0,0,4.1,0.16,4.1,71.98,8.9,982,,,,,,,,,,,,,,,,,,,,,,,,,,,,,,,,,
4/21/2020,2020,4,21,23,30,0,0,4.4,0.16,4.7,74.71,8.6,981,,,,,,,,,,,,,,,,,,,,,,,,,,,,,,,,,
4/22/2020,2020,4,22,0,30,0,0,4.6,0.16,5.2,77.69,8.3,981,,,,,,,,,,,,,,,,,,,,,,,,,,,,,,,,,
4/22/2020,2020,4,22,1,30,0,0,4.8,0.16,5.4,79.96,8.1,981,,,,,,,,,,,,,,,,,,,,,,,,,,,,,,,,,
4/22/2020,2020,4,22,2,30,0,0,5.1,0.16,5.6,81.11,8.1,980,,,,,,,,,,,,,,,,,,,,,,,,,,,,,,,,,
4/22/2020,2020,4,22,3,30,0,0,5.3,0.16,5.4,82.03,8.2,980,,,,,,,,,,,,,,,,,,,,,,,,,,,,,,,,,
4/22/2020,2020,4,22,4,30,0,0,5.6,0.16,4.9,83.18,8.3,980,,,,,,,,,,,,,,,,,,,,,,,,,,,,,,,,,
4/22/2020,2020,4,22,5,30,6,14,6,0.16,4.3,82.91,8.7,980,,,,,,,,,,,,,,,,,,,,,,,,,,,,,,,,,
4/22/2020,2020,4,22,6,30,71,218,6.6,0.16,4.1,80.04,9.9,980,,,,,,,,,,,,,,,,,,,,,,,,,,,,,,,,,
4/22/2020,2020,4,22,7,30,117,471,7.6,0.16,4.2,73.61,12.2,979,,,,,,,,,,,,,,,,,,,,,,,,,,,,,,,,,
4/22/2020,2020,4,22,8,30,198,289,8.9,0.16,4.7,66.44,15.1,978,,,,,,,,,,,,,,,,,,,,,,,,,,,,,,,,,
4/22/2020,2020,4,22,9,30,234,38,9.6,0.16,5.1,58.12,17.9,977,,,,,,,,,,,,,,,,,,,,,,,,,,,,,,,,,
4/22/2020,2020,4,22,10,30,355,353,10.2,0.16,5,52.95,20.1,976,,,,,,,,,,,,,,,,,,,,,,,,,,,,,,,,,
4/22/2020,2020,4,22,11,30,301,567,10.8,0.16,5.2,48.75,22.1,975,,,,,,,,,,,,,,,,,,,,,,,,,,,,,,,,,
4/22/2020,2020,4,22,12,30,143,876,11.2,0.16,5.7,47.08,23.1,975,,,,,,,,,,,,,,,,,,,,,,,,,,,,,,,,,
4/22/2020,2020,4,22,13,30,180,780,11.3,0.16,5.6,46.66,23.4,975,,,,,,,,,,,,,,,,,,,,,,,,,,,,,,,,,
4/22/2020,2020,4,22,14,30,183,718,11.4,0.16,5.1,47.29,23.2,974,,,,,,,,,,,,,,,,,,,,,,,,,,,,,,,,,
4/22/2020,2020,4,22,15,30,188,569,11.5,0.16,4.2,49.38,22.6,973,,,,,,,,,,,,,,,,,,,,,,,,,,,,,,,,,
4/22/2020,2020,4,22,16,30,162,377,12.4,0.16,3.8,57.04,21.2,973,,,,,,,,,,,,,,,,,,,,,,,,,,,,,,,,,
4/22/2020,2020,4,22,17,30,89,389,13.4,0.16,3.8,64.82,20.2,974,,,,,,,,,,,,,,,,,,,,,,,,,,,,,,,,,
4/22/2020,2020,4,22,18,30,35,96,13,0.16,4.6,78.85,16.7,974,,,,,,,,,,,,,,,,,,,,,,,,,,,,,,,,,
4/22/2020,2020,4,22,19,30,0,0,12.7,0.16,4.6,84.83,15.2,974,,,,,,,,,,,,,,,,,,,,,,,,,,,,,,,,,
4/22/2020,2020,4,22,20,30,0,0,12.6,0.16,4.2,89.74,14.3,975,,,,,,,,,,,,,,,,,,,,,,,,,,,,,,,,,
4/22/2020,2020,4,22,21,30,0,0,12.7,0.16,3.9,94.31,13.6,975,,,,,,,,,,,,,,,,,,,,,,,,,,,,,,,,,
4/22/2020,2020,4,22,22,30,0,0,12.6,0.16,3.8,96.87,13.1,975,,,,,,,,,,,,,,,,,,,,,,,,,,,,,,,,,
4/22/2020,2020,4,22,23,30,0,0,12.2,0.16,3.6,98.71,12.4,974,,,,,,,,,,,,,,,,,,,,,,,,,,,,,,,,,
4/23/2020,2020,4,23,0,30,0,0,11.4,0.16,3,100,11.4,974,,,,,,,,,,,,,,,,,,,,,,,,,,,,,,,,,
4/23/2020,2020,4,23,1,30,0,0,10.5,0.16,2.3,100,10.5,974,,,,,,,,,,,,,,,,,,,,,,,,,,,,,,,,,
4/23/2020,2020,4,23,2,30,0,0,9.7,0.16,1.9,100,9.7,974,,,,,,,,,,,,,,,,,,,,,,,,,,,,,,,,,
4/23/2020,2020,4,23,3,30,0,0,9.2,0.16,1.5,100,9.2,974,,,,,,,,,,,,,,,,,,,,,,,,,,,,,,,,,
4/23/2020,2020,4,23,4,30,0,0,9,0.16,1.4,100,9,973,,,,,,,,,,,,,,,,,,,,,,,,,,,,,,,,,
4/23/2020,2020,4,23,5,30,10,36,9.2,0.16,1.7,98.63,9.4,973,,,,,,,,,,,,,,,,,,,,,,,,,,,,,,,,,
4/23/2020,2020,4,23,6,30,64,429,9.4,0.16,1.7,92.73,10.5,973,,,,,,,,,,,,,,,,,,,,,,,,,,,,,,,,,
4/23/2020,2020,4,23,7,30,93,652,10.2,0.16,1.5,87.27,12.3,973,,,,,,,,,,,,,,,,,,,,,,,,,,,,,,,,,
4/23/2020,2020,4,23,8,30,109,773,11.6,0.16,1.5,80.81,14.9,974,,,,,,,,,,,,,,,,,,,,,,,,,,,,,,,,,
4/23/2020,2020,4,23,9,30,119,840,12.8,0.16,1.8,73.64,17.6,974,,,,,,,,,,,,,,,,,,,,,,,,,,,,,,,,,
4/23/2020,2020,4,23,10,30,126,877,13.4,0.16,2.3,66.39,19.8,974,,,,,,,,,,,,,,,,,,,,,,,,,,,,,,,,,
4/23/2020,2020,4,23,11,30,129,897,12.9,0.16,2.5,58.74,21.3,973,,,,,,,,,,,,,,,,,,,,,,,,,,,,,,,,,
4/23/2020,2020,4,23,12,30,128,902,12.5,0.16,2.3,54.15,22.2,973,,,,,,,,,,,,,,,,,,,,,,,,,,,,,,,,,
4/23/2020,2020,4,23,13,30,123,895,12.2,0.16,1.9,51.78,22.6,973,,,,,,,,,,,,,,,,,,,,,,,,,,,,,,,,,
4/23/2020,2020,4,23,14,30,114,870,11.7,0.16,1.7,49.97,22.7,972,,,,,,,,,,,,,,,,,,,,,,,,,,,,,,,,,
4/23/2020,2020,4,23,15,30,185,529,11.3,0.16,1.8,49.45,22.4,972,,,,,,,,,,,,,,,,,,,,,,,,,,,,,,,,,
4/23/2020,2020,4,23,16,30,145,226,11.3,0.16,1.7,52.12,21.5,973,,,,,,,,,,,,,,,,,,,,,,,,,,,,,,,,,
4/23/2020,2020,4,23,17,30,53,181,12.3,0.16,1.6,58.2,20.8,973,,,,,,,,,,,,,,,,,,,,,,,,,,,,,,,,,
4/23/2020,2020,4,23,18,30,31,40,13.5,0.16,1.5,82.59,16.5,973,,,,,,,,,,,,,,,,,,,,,,,,,,,,,,,,,
4/23/2020,2020,4,23,19,30,0,0,12.3,0.16,1.9,83.11,15.1,974,,,,,,,,,,,,,,,,,,,,,,,,,,,,,,,,,
4/23/2020,2020,4,23,20,30,0,0,11.9,0.16,2.2,84.49,14.5,974,,,,,,,,,,,,,,,,,,,,,,,,,,,,,,,,,
4/23/2020,2020,4,23,21,30,0,0,11.8,0.16,2.3,88.69,13.6,975,,,,,,,,,,,,,,,,,,,,,,,,,,,,,,,,,
4/23/2020,2020,4,23,22,30,0,0,11.6,0.16,2.3,92.3,12.8,975,,,,,,,,,,,,,,,,,,,,,,,,,,,,,,,,,
4/23/2020,2020,4,23,23,30,0,0,11.4,0.16,2.3,94.82,12.2,975,,,,,,,,,,,,,,,,,,,,,,,,,,,,,,,,,
4/24/2020,2020,4,24,0,30,0,0,11.2,0.16,2.4,96.28,11.8,975,,,,,,,,,,,,,,,,,,,,,,,,,,,,,,,,,
4/24/2020,2020,4,24,1,30,0,0,11.1,0.16,2.3,98.07,11.4,975,,,,,,,,,,,,,,,,,,,,,,,,,,,,,,,,,
4/24/2020,2020,4,24,2,30,0,0,10.9,0.16,1.9,100,10.9,975,,,,,,,,,,,,,,,,,,,,,,,,,,,,,,,,,
4/24/2020,2020,4,24,3,30,0,0,10.3,0.16,1.6,100,10.3,975,,,,,,,,,,,,,,,,,,,,,,,,,,,,,,,,,
4/24/2020,2020,4,24,4,30,0,0,9.9,0.16,1.2,100,9.9,976,,,,,,,,,,,,,,,,,,,,,,,,,,,,,,,,,
4/24/2020,2020,4,24,5,30,3,0,10,0.16,1.2,97.63,10.4,976,,,,,,,,,,,,,,,,,,,,,,,,,,,,,,,,,
4/24/2020,2020,4,24,6,30,62,38,10.3,0.16,2,92.98,11.4,977,,,,,,,,,,,,,,,,,,,,,,,,,,,,,,,,,
4/24/2020,2020,4,24,7,30,151,207,10.6,0.16,3.5,87.8,12.6,978,,,,,,,,,,,,,,,,,,,,,,,,,,,,,,,,,
4/24/2020,2020,4,24,8,30,234,132,10.6,0.16,4.5,82.58,13.5,979,,,,,,,,,,,,,,,,,,,,,,,,,,,,,,,,,
4/24/2020,2020,4,24,9,30,318,220,10.2,0.16,4.9,76.3,14.3,980,,,,,,,,,,,,,,,,,,,,,,,,,,,,,,,,,
4/24/2020,2020,4,24,10,30,277,20,9.9,0.16,4.9,71.24,15.1,980,,,,,,,,,,,,,,,,,,,,,,,,,,,,,,,,,
4/24/2020,2020,4,24,11,30,274,16,9.9,0.16,4.5,68.32,15.7,980,,,,,,,,,,,,,,,,,,,,,,,,,,,,,,,,,
4/24/2020,2020,4,24,12,30,262,15,9.9,0.16,4,66.22,16.2,979,,,,,,,,,,,,,,,,,,,,,,,,,,,,,,,,,
4/24/2020,2020,4,24,13,30,237,12,10.1,0.16,3.6,65.73,16.5,979,,,,,,,,,,,,,,,,,,,,,,,,,,,,,,,,,
4/24/2020,2020,4,24,14,30,129,0,10.1,0.16,3.5,66.5,16.4,979,,,,,,,,,,,,,,,,,,,,,,,,,,,,,,,,,
4/24/2020,2020,4,24,15,30,135,0,10.1,0.16,3.5,69.16,15.7,979,,,,,,,,,,,,,,,,,,,,,,,,,,,,,,,,,
4/24/2020,2020,4,24,16,30,134,3,10.1,0.16,2.8,74.02,14.7,979,,,,,,,,,,,,,,,,,,,,,,,,,,,,,,,,,
4/24/2020,2020,4,24,17,30,59,0,10.8,0.16,2.2,79.9,14.2,979,,,,,,,,,,,,,,,,,,,,,,,,,,,,,,,,,
4/24/2020,2020,4,24,18,30,17,0,11,0.16,2.2,92.44,12.2,980,,,,,,,,,,,,,,,,,,,,,,,,,,,,,,,,,
4/24/2020,2020,4,24,19,30,0,0,10.1,0.16,2.9,91.72,11.4,980,,,,,,,,,,,,,,,,,,,,,,,,,,,,,,,,,
4/24/2020,2020,4,24,20,30,0,0,9.6,0.16,2.4,93.69,10.6,981,,,,,,,,,,,,,,,,,,,,,,,,,,,,,,,,,
4/24/2020,2020,4,24,21,30,0,0,9.4,0.16,2.3,95.79,10,982,,,,,,,,,,,,,,,,,,,,,,,,,,,,,,,,,
4/24/2020,2020,4,24,22,30,0,0,9,0.16,2.5,96.03,9.6,982,,,,,,,,,,,,,,,,,,,,,,,,,,,,,,,,,
4/24/2020,2020,4,24,23,30,0,0,8.7,0.16,2.2,97.77,9,982,,,,,,,,,,,,,,,,,,,,,,,,,,,,,,,,,
4/25/2020,2020,4,25,0,30,0,0,8.3,0.16,2.1,99.59,8.4,982,,,,,,,,,,,,,,,,,,,,,,,,,,,,,,,,,
4/25/2020,2020,4,25,1,30,0,0,7.9,0.16,2.2,100,7.9,983,,,,,,,,,,,,,,,,,,,,,,,,,,,,,,,,,
4/25/2020,2020,4,25,2,30,0,0,7.5,0.16,2.3,100,7.5,983,,,,,,,,,,,,,,,,,,,,,,,,,,,,,,,,,
4/25/2020,2020,4,25,3,30,0,0,7.2,0.16,2.3,100,7.2,983,,,,,,,,,,,,,,,,,,,,,,,,,,,,,,,,,
4/25/2020,2020,4,25,4,30,0,0,6.9,0.16,2.2,100,6.9,983,,,,,,,,,,,,,,,,,,,,,,,,,,,,,,,,,
4/25/2020,2020,4,25,5,30,9,1,6.6,0.16,2.5,96.27,7.2,984,,,,,,,,,,,,,,,,,,,,,,,,,,,,,,,,,
4/25/2020,2020,4,25,6,30,75,185,6.7,0.16,2.7,89.45,8.3,984,,,,,,,,,,,,,,,,,,,,,,,,,,,,,,,,,
4/25/2020,2020,4,25,7,30,151,287,7,0.16,2.9,80.44,10.2,985,,,,,,,,,,,,,,,,,,,,,,,,,,,,,,,,,
4/25/2020,2020,4,25,8,30,156,605,6.7,0.16,3.4,67.01,12.7,985,,,,,,,,,,,,,,,,,,,,,,,,,,,,,,,,,
4/25/2020,2020,4,25,9,30,267,449,6.4,0.16,3.7,56.2,15.1,985,,,,,,,,,,,,,,,,,,,,,,,,,,,,,,,,,
4/25/2020,2020,4,25,10,30,124,897,6.3,0.16,3.7,49.84,16.8,985,,,,,,,,,,,,,,,,,,,,,,,,,,,,,,,,,
4/25/2020,2020,4,25,11,30,124,920,6.2,0.16,3.6,46.87,17.7,985,,,,,,,,,,,,,,,,,,,,,,,,,,,,,,,,,
4/25/2020,2020,4,25,12,30,129,912,6.2,0.16,3.3,45.73,18.1,985,,,,,,,,,,,,,,,,,,,,,,,,,,,,,,,,,
4/25/2020,2020,4,25,13,30,261,580,6.2,0.16,3,45.79,18.1,985,,,,,,,,,,,,,,,,,,,,,,,,,,,,,,,,,
4/25/2020,2020,4,25,14,30,330,165,6.2,0.16,2.6,46.44,17.8,985,,,,,,,,,,,,,,,,,,,,,,,,,,,,,,,,,
4/25/2020,2020,4,25,15,30,246,202,6.1,0.16,2.2,47.58,17.4,985,,,,,,,,,,,,,,,,,,,,,,,,,,,,,,,,,
4/25/2020,2020,4,25,16,30,168,274,6.3,0.16,1.6,50.23,16.7,985,,,,,,,,,,,,,,,,,,,,,,,,,,,,,,,,,
4/25/2020,2020,4,25,17,30,101,275,7.6,0.16,1.2,56.31,16.3,986,,,,,,,,,,,,,,,,,,,,,,,,,,,,,,,,,
4/25/2020,2020,4,25,18,30,33,47,9,0.16,0.8,71.09,14.2,986,,,,,,,,,,,,,,,,,,,,,,,,,,,,,,,,,
4/25/2020,2020,4,25,19,30,0,0,6.9,0.16,0.7,64.22,13.5,986,,,,,,,,,,,,,,,,,,,,,,,,,,,,,,,,,
4/25/2020,2020,4,25,20,30,0,0,6.6,0.16,0.6,65.19,13,987,,,,,,,,,,,,,,,,,,,,,,,,,,,,,,,,,
4/25/2020,2020,4,25,21,30,0,0,6.6,0.16,0.7,67.96,12.3,987,,,,,,,,,,,,,,,,,,,,,,,,,,,,,,,,,
4/25/2020,2020,4,25,22,30,0,0,6.9,0.16,0.8,73.74,11.4,988,,,,,,,,,,,,,,,,,,,,,,,,,,,,,,,,,
4/25/2020,2020,4,25,23,30,0,0,7.2,0.16,0.9,79.67,10.6,988,,,,,,,,,,,,,,,,,,,,,,,,,,,,,,,,,
4/26/2020,2020,4,26,0,30,0,0,7.6,0.16,0.9,84.99,10,988,,,,,,,,,,,,,,,,,,,,,,,,,,,,,,,,,
4/26/2020,2020,4,26,1,30,0,0,7.8,0.16,1,89.4,9.5,988,,,,,,,,,,,,,,,,,,,,,,,,,,,,,,,,,
4/26/2020,2020,4,26,2,30,0,0,8,0.16,1,92.5,9.2,988,,,,,,,,,,,,,,,,,,,,,,,,,,,,,,,,,
4/26/2020,2020,4,26,3,30,0,0,8.2,0.16,0.9,95.87,8.8,989,,,,,,,,,,,,,,,,,,,,,,,,,,,,,,,,,
4/26/2020,2020,4,26,4,30,0,0,8.2,0.16,0.8,98.23,8.5,989,,,,,,,,,,,,,,,,,,,,,,,,,,,,,,,,,
4/26/2020,2020,4,26,5,30,13,47,8.3,0.16,0.9,94.07,9.2,989,,,,,,,,,,,,,,,,,,,,,,,,,,,,,,,,,
4/26/2020,2020,4,26,6,30,75,267,9,0.16,1,86.52,11.2,990,,,,,,,,,,,,,,,,,,,,,,,,,,,,,,,,,
4/26/2020,2020,4,26,7,30,148,255,9.3,0.16,0.9,75.13,13.6,990,,,,,,,,,,,,,,,,,,,,,,,,,,,,,,,,,
4/26/2020,2020,4,26,8,30,129,729,8.8,0.16,1,63.41,15.7,990,,,,,,,,,,,,,,,,,,,,,,,,,,,,,,,,,
4/26/2020,2020,4,26,9,30,145,796,8.3,0.16,1.4,56.35,17.1,990,,,,,,,,,,,,,,,,,,,,,,,,,,,,,,,,,
4/26/2020,2020,4,26,10,30,156,833,8.3,0.16,2,53,18,989,,,,,,,,,,,,,,,,,,,,,,,,,,,,,,,,,
4/26/2020,2020,4,26,11,30,394,207,8.2,0.16,2.6,50.72,18.6,989,,,,,,,,,,,,,,,,,,,,,,,,,,,,,,,,,
4/26/2020,2020,4,26,12,30,250,624,8,0.16,2.9,48.75,19,989,,,,,,,,,,,,,,,,,,,,,,,,,,,,,,,,,
4/26/2020,2020,4,26,13,30,341,318,7.8,0.16,3.1,46.88,19.4,988,,,,,,,,,,,,,,,,,,,,,,,,,,,,,,,,,
4/26/2020,2020,4,26,14,30,270,463,7.5,0.16,3.1,45.59,19.6,988,,,,,,,,,,,,,,,,,,,,,,,,,,,,,,,,,
4/26/2020,2020,4,26,15,30,200,544,7.4,0.16,3,45.15,19.6,987,,,,,,,,,,,,,,,,,,,,,,,,,,,,,,,,,
4/26/2020,2020,4,26,16,30,132,581,7.4,0.16,2.5,47.25,18.9,987,,,,,,,,,,,,,,,,,,,,,,,,,,,,,,,,,
4/26/2020,2020,4,26,17,30,94,400,9.3,0.16,2.1,55.79,18.3,987,,,,,,,,,,,,,,,,,,,,,,,,,,,,,,,,,
4/26/2020,2020,4,26,18,30,37,135,10.9,0.16,1.6,81.7,14,987,,,,,,,,,,,,,,,,,,,,,,,,,,,,,,,,,
4/26/2020,2020,4,26,19,30,0,0,9.1,0.16,1.9,80.4,12.4,987,,,,,,,,,,,,,,,,,,,,,,,,,,,,,,,,,
4/26/2020,2020,4,26,20,30,0,0,8.7,0.16,2.3,80.17,12,987,,,,,,,,,,,,,,,,,,,,,,,,,,,,,,,,,
4/26/2020,2020,4,26,21,30,0,0,8.5,0.16,2.6,81.08,11.6,987,,,,,,,,,,,,,,,,,,,,,,,,,,,,,,,,,
4/26/2020,2020,4,26,22,30,0,0,8.3,0.16,2.8,83.54,11,987,,,,,,,,,,,,,,,,,,,,,,,,,,,,,,,,,
4/26/2020,2020,4,26,23,30,0,0,8.2,0.16,3,84.82,10.7,986,,,,,,,,,,,,,,,,,,,,,,,,,,,,,,,,,
4/27/2020,2020,4,27,0,30,0,0,8.3,0.16,3.3,86.32,10.5,986,,,,,,,,,,,,,,,,,,,,,,,,,,,,,,,,,
4/27/2020,2020,4,27,1,30,0,0,8.4,0.16,3.4,88.1,10.3,986,,,,,,,,,,,,,,,,,,,,,,,,,,,,,,,,,
4/27/2020,2020,4,27,2,30,0,0,8.4,0.16,3.5,89.93,10,986,,,,,,,,,,,,,,,,,,,,,,,,,,,,,,,,,
4/27/2020,2020,4,27,3,30,0,0,8.4,0.16,3.8,90.35,9.9,985,,,,,,,,,,,,,,,,,,,,,,,,,,,,,,,,,
4/27/2020,2020,4,27,4,30,0,0,8.3,0.16,4.3,90.03,9.9,985,,,,,,,,,,,,,,,,,,,,,,,,,,,,,,,,,
4/27/2020,2020,4,27,5,30,6,0,8.3,0.16,4.6,86.74,10.4,984,,,,,,,,,,,,,,,,,,,,,,,,,,,,,,,,,
4/27/2020,2020,4,27,6,30,48,71,8.6,0.16,4.8,80.26,11.9,984,,,,,,,,,,,,,,,,,,,,,,,,,,,,,,,,,
4/27/2020,2020,4,27,7,30,120,500,9.5,0.16,5.5,70.8,14.7,983,,,,,,,,,,,,,,,,,,,,,,,,,,,,,,,,,
4/27/2020,2020,4,27,8,30,112,759,10.1,0.16,6.8,60.88,17.7,983,,,,,,,,,,,,,,,,,,,,,,,,,,,,,,,,,
4/27/2020,2020,4,27,9,30,124,823,10.8,0.16,7.4,55.74,19.9,982,,,,,,,,,,,,,,,,,,,,,,,,,,,,,,,,,
4/27/2020,2020,4,27,10,30,138,844,11.8,0.16,7.3,53.84,21.5,982,,,,,,,,,,,,,,,,,,,,,,,,,,,,,,,,,
4/27/2020,2020,4,27,11,30,248,661,12.7,0.16,6.7,52.82,22.8,981,,,,,,,,,,,,,,,,,,,,,,,,,,,,,,,,,
4/27/2020,2020,4,27,12,30,185,797,13.6,0.16,5.9,52.71,23.8,981,,,,,,,,,,,,,,,,,,,,,,,,,,,,,,,,,
4/27/2020,2020,4,27,13,30,328,485,14.2,0.16,5.1,52.51,24.5,980,,,,,,,,,,,,,,,,,,,,,,,,,,,,,,,,,
4/27/2020,2020,4,27,14,30,233,599,14.4,0.16,4.4,51.75,25,979,,,,,,,,,,,,,,,,,,,,,,,,,,,,,,,,,
4/27/2020,2020,4,27,15,30,157,666,14.3,0.16,3.8,51.5,25,979,,,,,,,,,,,,,,,,,,,,,,,,,,,,,,,,,
4/27/2020,2020,4,27,16,30,105,668,14.1,0.16,2.7,53.73,24.1,979,,,,,,,,,,,,,,,,,,,,,,,,,,,,,,,,,
4/27/2020,2020,4,27,17,30,84,481,16.1,0.16,1.9,63.96,23.3,979,,,,,,,,,,,,,,,,,,,,,,,,,,,,,,,,,
4/27/2020,2020,4,27,18,30,39,137,16.1,0.16,1,83.37,19,979,,,,,,,,,,,,,,,,,,,,,,,,,,,,,,,,,
4/27/2020,2020,4,27,19,30,0,0,13.3,0.16,0.7,76.64,17.4,980,,,,,,,,,,,,,,,,,,,,,,,,,,,,,,,,,
4/27/2020,2020,4,27,20,30,0,0,12.6,0.16,0.7,75.55,17,980,,,,,,,,,,,,,,,,,,,,,,,,,,,,,,,,,
4/27/2020,2020,4,27,21,30,0,0,12.4,0.16,1.4,79.14,16,980,,,,,,,,,,,,,,,,,,,,,,,,,,,,,,,,,
4/27/2020,2020,4,27,22,30,0,0,12.8,0.16,2.2,88.3,14.7,980,,,,,,,,,,,,,,,,,,,,,,,,,,,,,,,,,
4/27/2020,2020,4,27,23,30,0,0,13.2,0.16,2.6,95.17,14,980,,,,,,,,,,,,,,,,,,,,,,,,,,,,,,,,,
4/28/2020,2020,4,28,0,30,0,0,13.5,0.16,2.8,99.74,13.5,980,,,,,,,,,,,,,,,,,,,,,,,,,,,,,,,,,
4/28/2020,2020,4,28,1,30,0,0,13.1,0.16,2.8,100,13.1,979,,,,,,,,,,,,,,,,,,,,,,,,,,,,,,,,,
4/28/2020,2020,4,28,2,30,0,0,13,0.16,2.9,100,13,979,,,,,,,,,,,,,,,,,,,,,,,,,,,,,,,,,
4/28/2020,2020,4,28,3,30,0,0,13.1,0.16,3.1,100,13.1,978,,,,,,,,,,,,,,,,,,,,,,,,,,,,,,,,,
4/28/2020,2020,4,28,4,30,0,0,13.3,0.16,3.6,100,13.3,978,,,,,,,,,,,,,,,,,,,,,,,,,,,,,,,,,
4/28/2020,2020,4,28,5,30,13,17,13.2,0.16,4,97.14,13.6,977,,,,,,,,,,,,,,,,,,,,,,,,,,,,,,,,,
4/28/2020,2020,4,28,6,30,49,3,13.2,0.16,4.2,93.17,14.3,977,,,,,,,,,,,,,,,,,,,,,,,,,,,,,,,,,
4/28/2020,2020,4,28,7,30,41,0,13.8,0.16,4.2,89.98,15.4,976,,,,,,,,,,,,,,,,,,,,,,,,,,,,,,,,,
4/28/2020,2020,4,28,8,30,52,0,14.6,0.16,4.3,88.03,16.6,975,,,,,,,,,,,,,,,,,,,,,,,,,,,,,,,,,
4/28/2020,2020,4,28,9,30,83,0,15.5,0.16,4.7,85.67,17.9,975,,,,,,,,,,,,,,,,,,,,,,,,,,,,,,,,,
4/28/2020,2020,4,28,10,30,331,45,16.1,0.16,5.1,81.23,19.4,975,,,,,,,,,,,,,,,,,,,,,,,,,,,,,,,,,
4/28/2020,2020,4,28,11,30,260,15,16.1,0.16,5.3,74.22,20.9,974,,,,,,,,,,,,,,,,,,,,,,,,,,,,,,,,,
4/28/2020,2020,4,28,12,30,401,106,15.5,0.16,5.4,65.19,22.3,974,,,,,,,,,,,,,,,,,,,,,,,,,,,,,,,,,
4/28/2020,2020,4,28,13,30,393,306,14.2,0.16,5.6,57.21,23.1,973,,,,,,,,,,,,,,,,,,,,,,,,,,,,,,,,,
4/28/2020,2020,4,28,14,30,288,472,13.1,0.16,6.4,53.88,22.9,973,,,,,,,,,,,,,,,,,,,,,,,,,,,,,,,,,
4/28/2020,2020,4,28,15,30,181,597,12.5,0.16,7.5,59.36,20.7,974,,,,,,,,,,,,,,,,,,,,,,,,,,,,,,,,,
4/28/2020,2020,4,28,16,30,98,731,11.5,0.16,7.7,69.26,17.2,975,,,,,,,,,,,,,,,,,,,,,,,,,,,,,,,,,
4/28/2020,2020,4,28,17,30,77,577,9.6,0.16,7.5,68.06,15.5,976,,,,,,,,,,,,,,,,,,,,,,,,,,,,,,,,,
4/28/2020,2020,4,28,18,30,40,257,8.4,0.16,5.3,72.92,13.2,977,,,,,,,,,,,,,,,,,,,,,,,,,,,,,,,,,
4/28/2020,2020,4,28,19,30,0,0,8.3,0.16,4.8,75.83,12.4,977,,,,,,,,,,,,,,,,,,,,,,,,,,,,,,,,,
4/28/2020,2020,4,28,20,30,0,0,8.2,0.16,4.7,78.68,11.8,977,,,,,,,,,,,,,,,,,,,,,,,,,,,,,,,,,
4/28/2020,2020,4,28,21,30,0,0,8.2,0.16,4.2,82.05,11.1,976,,,,,,,,,,,,,,,,,,,,,,,,,,,,,,,,,
4/28/2020,2020,4,28,22,30,0,0,8.2,0.16,3.7,86.06,10.4,976,,,,,,,,,,,,,,,,,,,,,,,,,,,,,,,,,
4/28/2020,2020,4,28,23,30,0,0,8.2,0.16,3.5,89.17,9.9,975,,,,,,,,,,,,,,,,,,,,,,,,,,,,,,,,,
4/29/2020,2020,4,29,0,30,0,0,8.2,0.16,3.6,91.8,9.5,975,,,,,,,,,,,,,,,,,,,,,,,,,,,,,,,,,
4/29/2020,2020,4,29,1,30,0,0,8.2,0.16,4,93.37,9.2,975,,,,,,,,,,,,,,,,,,,,,,,,,,,,,,,,,
4/29/2020,2020,4,29,2,30,0,0,7.9,0.16,4.9,93.48,8.9,974,,,,,,,,,,,,,,,,,,,,,,,,,,,,,,,,,
4/29/2020,2020,4,29,3,30,0,0,7.3,0.16,5.7,93.09,8.4,974,,,,,,,,,,,,,,,,,,,,,,,,,,,,,,,,,
4/29/2020,2020,4,29,4,30,0,0,6.8,0.16,6.5,91.98,8,974,,,,,,,,,,,,,,,,,,,,,,,,,,,,,,,,,
4/29/2020,2020,4,29,5,30,10,36,6.4,0.16,7.5,90.59,7.8,975,,,,,,,,,,,,,,,,,,,,,,,,,,,,,,,,,
4/29/2020,2020,4,29,6,30,53,243,6,0.16,8.2,87.39,8,976,,,,,,,,,,,,,,,,,,,,,,,,,,,,,,,,,
4/29/2020,2020,4,29,7,30,81,0,6,0.16,8.5,82.61,8.8,977,,,,,,,,,,,,,,,,,,,,,,,,,,,,,,,,,
4/29/2020,2020,4,29,8,30,193,14,6,0.16,9,74.47,10.3,977,,,,,,,,,,,,,,,,,,,,,,,,,,,,,,,,,
4/29/2020,2020,4,29,9,30,313,122,5.9,0.16,9.4,66.06,12,978,,,,,,,,,,,,,,,,,,,,,,,,,,,,,,,,,
4/29/2020,2020,4,29,10,30,275,20,5.9,0.16,9.5,59.42,13.7,979,,,,,,,,,,,,,,,,,,,,,,,,,,,,,,,,,
4/29/2020,2020,4,29,11,30,318,67,6.3,0.16,9.5,54.91,15.3,979,,,,,,,,,,,,,,,,,,,,,,,,,,,,,,,,,
4/29/2020,2020,4,29,12,30,389,227,6.8,0.16,9.4,52.33,16.6,979,,,,,,,,,,,,,,,,,,,,,,,,,,,,,,,,,
4/29/2020,2020,4,29,13,30,403,224,7.1,0.16,9.2,51.01,17.3,980,,,,,,,,,,,,,,,,,,,,,,,,,,,,,,,,,
4/29/2020,2020,4,29,14,30,198,631,7.2,0.16,8.8,50.87,17.5,980,,,,,,,,,,,,,,,,,,,,,,,,,,,,,,,,,
4/29/2020,2020,4,29,15,30,90,874,7.3,0.16,8.4,51.78,17.3,980,,,,,,,,,,,,,,,,,,,,,,,,,,,,,,,,,
4/29/2020,2020,4,29,16,30,80,800,7.2,0.16,7.5,53.6,16.7,981,,,,,,,,,,,,,,,,,,,,,,,,,,,,,,,,,
4/29/2020,2020,4,29,17,30,63,662,7.1,0.16,6.9,54.95,16.2,981,,,,,,,,,,,,,,,,,,,,,,,,,,,,,,,,,
4/29/2020,2020,4,29,18,30,35,367,7.3,0.16,4.6,66.24,13.5,982,,,,,,,,,,,,,,,,,,,,,,,,,,,,,,,,,
4/29/2020,2020,4,29,19,30,0,0,7.4,0.16,4,73.75,11.9,982,,,,,,,,,,,,,,,,,,,,,,,,,,,,,,,,,
4/29/2020,2020,4,29,20,30,0,0,7.3,0.16,3.8,78,11,983,,,,,,,,,,,,,,,,,,,,,,,,,,,,,,,,,
4/29/2020,2020,4,29,21,30,0,0,7.3,0.16,3.6,81.46,10.3,983,,,,,,,,,,,,,,,,,,,,,,,,,,,,,,,,,
4/29/2020,2020,4,29,22,30,0,0,7.2,0.16,3.4,85.11,9.6,983,,,,,,,,,,,,,,,,,,,,,,,,,,,,,,,,,
4/29/2020,2020,4,29,23,30,0,0,7.1,0.16,3.2,88.16,9,983,,,,,,,,,,,,,,,,,,,,,,,,,,,,,,,,,
4/30/2020,2020,4,30,0,30,0,0,7,0.16,3.2,89.85,8.6,983,,,,,,,,,,,,,,,,,,,,,,,,,,,,,,,,,
4/30/2020,2020,4,30,1,30,0,0,6.9,0.16,3.4,91.79,8.2,983,,,,,,,,,,,,,,,,,,,,,,,,,,,,,,,,,
4/30/2020,2020,4,30,2,30,0,0,6.9,0.16,3.4,94.03,7.8,984,,,,,,,,,,,,,,,,,,,,,,,,,,,,,,,,,
4/30/2020,2020,4,30,3,30,0,0,6.8,0.16,3.1,98.55,7,984,,,,,,,,,,,,,,,,,,,,,,,,,,,,,,,,,
4/30/2020,2020,4,30,4,30,0,0,6.4,0.16,2.8,100,6.4,984,,,,,,,,,,,,,,,,,,,,,,,,,,,,,,,,,
4/30/2020,2020,4,30,5,30,20,194,6.4,0.16,3.1,95.12,7.1,985,,,,,,,,,,,,,,,,,,,,,,,,,,,,,,,,,
4/30/2020,2020,4,30,6,30,55,607,6.5,0.16,3.2,82.59,9.3,985,,,,,,,,,,,,,,,,,,,,,,,,,,,,,,,,,
4/30/2020,2020,4,30,7,30,73,793,7.3,0.16,3.4,71.03,12.4,985,,,,,,,,,,,,,,,,,,,,,,,,,,,,,,,,,
4/30/2020,2020,4,30,8,30,88,878,5.3,0.16,4.1,51.47,15.2,985,,,,,,,,,,,,,,,,,,,,,,,,,,,,,,,,,
4/30/2020,2020,4,30,9,30,100,923,3.9,0.16,4.3,41.98,16.9,985,,,,,,,,,,,,,,,,,,,,,,,,,,,,,,,,,
4/30/2020,2020,4,30,10,30,105,951,3.8,0.16,4.2,38.27,18.3,985,,,,,,,,,,,,,,,,,,,,,,,,,,,,,,,,,
4/30/2020,2020,4,30,11,30,102,974,4,0.16,3.9,35.97,19.5,984,,,,,,,,,,,,,,,,,,,,,,,,,,,,,,,,,
4/30/2020,2020,4,30,12,30,96,986,4.2,0.16,3.7,34.48,20.4,984,,,,,,,,,,,,,,,,,,,,,,,,,,,,,,,,,
4/30/2020,2020,4,30,13,30,97,972,4.3,0.16,3.4,33.49,21,983,,,,,,,,,,,,,,,,,,,,,,,,,,,,,,,,,
4/30/2020,2020,4,30,14,30,110,913,4.5,0.16,2.9,33.41,21.2,983,,,,,,,,,,,,,,,,,,,,,,,,,,,,,,,,,
4/30/2020,2020,4,30,15,30,119,824,4.5,0.16,2.3,33.98,21,982,,,,,,,,,,,,,,,,,,,,,,,,,,,,,,,,,
4/30/2020,2020,4,30,16,30,104,738,4.5,0.16,1.6,34.89,20.5,982,,,,,,,,,,,,,,,,,,,,,,,,,,,,,,,,,
4/30/2020,2020,4,30,17,30,82,580,5.7,0.16,1.1,38.95,20.1,982,,,,,,,,,,,,,,,,,,,,,,,,,,,,,,,,,
4/30/2020,2020,4,30,18,30,42,280,7,0.16,0.7,50.93,17.3,982,,,,,,,,,,,,,,,,,,,,,,,,,,,,,,,,,
4/30/2020,2020,4,30,19,30,0,0,4.4,0.16,0.9,47.11,15.7,982,,,,,,,,,,,,,,,,,,,,,,,,,,,,,,,,,
4/30/2020,2020,4,30,20,30,0,0,4.6,0.16,1.2,53.52,13.9,982,,,,,,,,,,,,,,,,,,,,,,,,,,,,,,,,,
4/30/2020,2020,4,30,21,30,0,0,5.2,0.16,1.4,64.01,11.8,982,,,,,,,,,,,,,,,,,,,,,,,,,,,,,,,,,
4/30/2020,2020,4,30,22,30,0,0,5.5,0.16,1.5,71.81,10.4,982,,,,,,,,,,,,,,,,,,,,,,,,,,,,,,,,,
4/30/2020,2020,4,30,23,30,0,0,5.4,0.16,1.7,74.28,9.8,982,,,,,,,,,,,,,,,,,,,,,,,,,,,,,,,,,
5/1/2020,2020,5,1,0,30,0,0,5.4,0.16,1.9,76,9.4,982,,,,,,,,,,,,,,,,,,,,,,,,,,,,,,,,,
5/1/2020,2020,5,1,1,30,0,0,5.4,0.16,2,76.93,9.2,982,,,,,,,,,,,,,,,,,,,,,,,,,,,,,,,,,
5/1/2020,2020,5,1,2,30,0,0,5.5,0.16,2,77.63,9.2,982,,,,,,,,,,,,,,,,,,,,,,,,,,,,,,,,,
5/1/2020,2020,5,1,3,30,0,0,5.8,0.16,1.9,78.93,9.3,982,,,,,,,,,,,,,,,,,,,,,,,,,,,,,,,,,
5/1/2020,2020,5,1,4,30,0,0,6.3,0.16,1.9,80.28,9.5,982,,,,,,,,,,,,,,,,,,,,,,,,,,,,,,,,,
5/1/2020,2020,5,1,5,30,16,24,6.6,0.16,2.5,77.32,10.4,982,,,,,,,,,,,,,,,,,,,,,,,,,,,,,,,,,
5/1/2020,2020,5,1,6,30,87,84,7,0.16,3.5,70.65,12.2,982,,,,,,,,,,,,,,,,,,,,,,,,,,,,,,,,,
5/1/2020,2020,5,1,7,30,155,290,7.9,0.16,4,62.72,14.9,981,,,,,,,,,,,,,,,,,,,,,,,,,,,,,,,,,
5/1/2020,2020,5,1,8,30,191,98,10,0.16,4.9,58.59,18.3,981,,,,,,,,,,,,,,,,,,,,,,,,,,,,,,,,,
5/1/2020,2020,5,1,9,30,186,7,10.8,0.16,6.2,51.35,21.2,980,,,,,,,,,,,,,,,,,,,,,,,,,,,,,,,,,
5/1/2020,2020,5,1,10,30,244,32,10.6,0.16,6.6,47.41,22.3,979,,,,,,,,,,,,,,,,,,,,,,,,,,,,,,,,,
5/1/2020,2020,5,1,11,30,432,168,11.1,0.16,6.4,47.55,22.8,979,,,,,,,,,,,,,,,,,,,,,,,,,,,,,,,,,
5/1/2020,2020,5,1,12,30,434,186,11.8,0.16,6.3,47.84,23.5,979,,,,,,,,,,,,,,,,,,,,,,,,,,,,,,,,,
5/1/2020,2020,5,1,13,30,282,530,12.5,0.16,6.3,48.61,24,978,,,,,,,,,,,,,,,,,,,,,,,,,,,,,,,,,
5/1/2020,2020,5,1,14,30,128,824,13,0.16,6,50.63,23.9,978,,,,,,,,,,,,,,,,,,,,,,,,,,,,,,,,,
5/1/2020,2020,5,1,15,30,114,783,13.8,0.16,5.4,53.38,23.8,977,,,,,,,,,,,,,,,,,,,,,,,,,,,,,,,,,
5/1/2020,2020,5,1,16,30,97,708,14.8,0.16,4.5,58.61,23.4,977,,,,,,,,,,,,,,,,,,,,,,,,,,,,,,,,,
5/1/2020,2020,5,1,17,30,75,568,16.2,0.16,3.9,65.36,23,977,,,,,,,,,,,,,,,,,,,,,,,,,,,,,,,,,
5/1/2020,2020,5,1,18,30,40,294,16.8,0.16,3,82.37,19.9,977,,,,,,,,,,,,,,,,,,,,,,,,,,,,,,,,,
5/1/2020,2020,5,1,19,30,0,0,16.5,0.16,3.2,86.62,18.8,977,,,,,,,,,,,,,,,,,,,,,,,,,,,,,,,,,
5/1/2020,2020,5,1,20,30,0,0,16.5,0.16,3.5,89.9,18.2,977,,,,,,,,,,,,,,,,,,,,,,,,,,,,,,,,,
5/1/2020,2020,5,1,21,30,0,0,16.5,0.16,3.5,93.31,17.6,978,,,,,,,,,,,,,,,,,,,,,,,,,,,,,,,,,
5/1/2020,2020,5,1,22,30,0,0,16.4,0.16,3.3,97.04,16.9,978,,,,,,,,,,,,,,,,,,,,,,,,,,,,,,,,,
5/1/2020,2020,5,1,23,30,0,0,16.3,0.16,3,100,16.3,978,,,,,,,,,,,,,,,,,,,,,,,,,,,,,,,,,
5/2/2020,2020,5,2,0,30,0,0,16.1,0.16,3.2,99.83,16.1,979,,,,,,,,,,,,,,,,,,,,,,,,,,,,,,,,,
5/2/2020,2020,5,2,1,30,0,0,15.4,0.16,3.6,96.84,15.9,980,,,,,,,,,,,,,,,,,,,,,,,,,,,,,,,,,
5/2/2020,2020,5,2,2,30,0,0,14.5,0.16,3.5,95.12,15.3,981,,,,,,,,,,,,,,,,,,,,,,,,,,,,,,,,,
5/2/2020,2020,5,2,3,30,0,0,13.7,0.16,2.8,95.53,14.4,981,,,,,,,,,,,,,,,,,,,,,,,,,,,,,,,,,
5/2/2020,2020,5,2,4,30,0,0,13,0.16,2.1,96.4,13.6,982,,,,,,,,,,,,,,,,,,,,,,,,,,,,,,,,,
5/2/2020,2020,5,2,5,30,18,33,12.6,0.16,2.1,91.62,13.9,983,,,,,,,,,,,,,,,,,,,,,,,,,,,,,,,,,
5/2/2020,2020,5,2,6,30,66,77,12.8,0.16,2.6,82.85,15.7,983,,,,,,,,,,,,,,,,,,,,,,,,,,,,,,,,,
5/2/2020,2020,5,2,7,30,121,67,12.2,0.16,3.3,68.36,18.1,984,,,,,,,,,,,,,,,,,,,,,,,,,,,,,,,,,
5/2/2020,2020,5,2,8,30,150,24,10.1,0.16,3.7,53.3,19.9,985,,,,,,,,,,,,,,,,,,,,,,,,,,,,,,,,,
5/2/2020,2020,5,2,9,30,107,2,9.4,0.16,3.4,49.11,20.4,985,,,,,,,,,,,,,,,,,,,,,,,,,,,,,,,,,
5/2/2020,2020,5,2,10,30,307,113,9.6,0.16,3.3,47.47,21.2,984,,,,,,,,,,,,,,,,,,,,,,,,,,,,,,,,,
5/2/2020,2020,5,2,11,30,154,6,9.8,0.16,3.5,44.2,22.6,984,,,,,,,,,,,,,,,,,,,,,,,,,,,,,,,,,
5/2/2020,2020,5,2,12,30,388,397,10.1,0.16,3.9,43.63,23.2,984,,,,,,,,,,,,,,,,,,,,,,,,,,,,,,,,,
5/2/2020,2020,5,2,13,30,346,399,10.3,0.16,4.2,44.04,23.2,984,,,,,,,,,,,,,,,,,,,,,,,,,,,,,,,,,
5/2/2020,2020,5,2,14,30,317,159,10.1,0.16,4.5,44.37,22.9,984,,,,,,,,,,,,,,,,,,,,,,,,,,,,,,,,,
5/2/2020,2020,5,2,15,30,171,93,9.7,0.16,4.5,44.3,22.4,983,,,,,,,,,,,,,,,,,,,,,,,,,,,,,,,,,
5/2/2020,2020,5,2,16,30,69,9,9.2,0.16,3.9,46.14,21.2,983,,,,,,,,,,,,,,,,,,,,,,,,,,,,,,,,,
5/2/2020,2020,5,2,17,30,36,1,10,0.16,3.4,51.13,20.4,983,,,,,,,,,,,,,,,,,,,,,,,,,,,,,,,,,
5/2/2020,2020,5,2,18,30,34,2,12,0.16,1.8,73.1,16.8,984,,,,,,,,,,,,,,,,,,,,,,,,,,,,,,,,,
5/2/2020,2020,5,2,19,30,0,0,11.6,0.16,1.7,78.13,15.4,984,,,,,,,,,,,,,,,,,,,,,,,,,,,,,,,,,
5/2/2020,2020,5,2,20,30,0,0,11,0.16,1.6,79.07,14.6,985,,,,,,,,,,,,,,,,,,,,,,,,,,,,,,,,,
5/2/2020,2020,5,2,21,30,0,0,10.5,0.16,1.4,80.27,13.8,985,,,,,,,,,,,,,,,,,,,,,,,,,,,,,,,,,
5/2/2020,2020,5,2,22,30,0,0,9.9,0.16,1.3,80.97,13.1,985,,,,,,,,,,,,,,,,,,,,,,,,,,,,,,,,,
5/2/2020,2020,5,2,23,30,0,0,9.3,0.16,1.4,80.58,12.6,984,,,,,,,,,,,,,,,,,,,,,,,,,,,,,,,,,
5/3/2020,2020,5,3,0,30,0,0,8.9,0.16,1.5,79.83,12.3,984,,,,,,,,,,,,,,,,,,,,,,,,,,,,,,,,,
5/3/2020,2020,5,3,1,30,0,0,8.6,0.16,1.7,79.78,12,984,,,,,,,,,,,,,,,,,,,,,,,,,,,,,,,,,
5/3/2020,2020,5,3,2,30,0,0,8.4,0.16,1.8,79.89,11.8,985,,,,,,,,,,,,,,,,,,,,,,,,,,,,,,,,,
5/3/2020,2020,5,3,3,30,0,0,8.4,0.16,1.8,82.47,11.3,985,,,,,,,,,,,,,,,,,,,,,,,,,,,,,,,,,
5/3/2020,2020,5,3,4,30,0,0,8.5,0.16,1.9,83.88,11.1,985,,,,,,,,,,,,,,,,,,,,,,,,,,,,,,,,,
5/3/2020,2020,5,3,5,30,18,22,8.6,0.16,2.2,82,11.6,986,,,,,,,,,,,,,,,,,,,,,,,,,,,,,,,,,
5/3/2020,2020,5,3,6,30,44,4,9,0.16,2.4,76.47,13,986,,,,,,,,,,,,,,,,,,,,,,,,,,,,,,,,,
5/3/2020,2020,5,3,7,30,50,0,9,0.16,1.6,68.41,14.8,986,,,,,,,,,,,,,,,,,,,,,,,,,,,,,,,,,
5/3/2020,2020,5,3,8,30,106,0,9.5,0.16,0.7,59.76,17.4,986,,,,,,,,,,,,,,,,,,,,,,,,,,,,,,,,,
5/3/2020,2020,5,3,9,30,304,155,8.3,0.16,0.8,46.68,20.1,986,,,,,,,,,,,,,,,,,,,,,,,,,,,,,,,,,
5/3/2020,2020,5,3,10,30,182,769,7.5,0.16,1.3,39.86,21.8,986,,,,,,,,,,,,,,,,,,,,,,,,,,,,,,,,,
5/3/2020,2020,5,3,11,30,179,812,8.1,0.16,1.6,38.9,22.8,985,,,,,,,,,,,,,,,,,,,,,,,,,,,,,,,,,
5/3/2020,2020,5,3,12,30,130,902,8.8,0.16,1.6,39.31,23.4,985,,,,,,,,,,,,,,,,,,,,,,,,,,,,,,,,,
5/3/2020,2020,5,3,13,30,311,518,9.3,0.16,1.8,39.63,23.8,984,,,,,,,,,,,,,,,,,,,,,,,,,,,,,,,,,
5/3/2020,2020,5,3,14,30,214,650,9.6,0.16,1.9,40.63,23.8,984,,,,,,,,,,,,,,,,,,,,,,,,,,,,,,,,,
5/3/2020,2020,5,3,15,30,148,713,9.9,0.16,1.8,41.94,23.6,983,,,,,,,,,,,,,,,,,,,,,,,,,,,,,,,,,
5/3/2020,2020,5,3,16,30,149,498,10.2,0.16,1.6,44.3,23,983,,,,,,,,,,,,,,,,,,,,,,,,,,,,,,,,,
5/3/2020,2020,5,3,17,30,89,455,11.7,0.16,1.4,50.11,22.6,983,,,,,,,,,,,,,,,,,,,,,,,,,,,,,,,,,
5/3/2020,2020,5,3,18,30,48,234,14.6,0.16,1,74.54,19.2,983,,,,,,,,,,,,,,,,,,,,,,,,,,,,,,,,,
5/3/2020,2020,5,3,19,30,0,0,13.1,0.16,1,73.2,18,984,,,,,,,,,,,,,,,,,,,,,,,,,,,,,,,,,
5/3/2020,2020,5,3,20,30,0,0,12.8,0.16,0.8,74.45,17.4,984,,,,,,,,,,,,,,,,,,,,,,,,,,,,,,,,,
5/3/2020,2020,5,3,21,30,0,0,12.9,0.16,0.7,80.75,16.2,984,,,,,,,,,,,,,,,,,,,,,,,,,,,,,,,,,
5/3/2020,2020,5,3,22,30,0,0,12.3,0.16,1.2,83.43,15.1,985,,,,,,,,,,,,,,,,,,,,,,,,,,,,,,,,,
5/3/2020,2020,5,3,23,30,0,0,11,0.16,2.1,82.34,14,985,,,,,,,,,,,,,,,,,,,,,,,,,,,,,,,,,
5/4/2020,2020,5,4,0,30,0,0,9.9,0.16,2.9,84.83,12.4,986,,,,,,,,,,,,,,,,,,,,,,,,,,,,,,,,,
5/4/2020,2020,5,4,1,30,0,0,9.2,0.16,3.2,90.51,10.7,986,,,,,,,,,,,,,,,,,,,,,,,,,,,,,,,,,
5/4/2020,2020,5,4,2,30,0,0,8.6,0.16,3.2,92.55,9.7,986,,,,,,,,,,,,,,,,,,,,,,,,,,,,,,,,,
5/4/2020,2020,5,4,3,30,0,0,8,0.16,3.3,92.21,9.2,987,,,,,,,,,,,,,,,,,,,,,,,,,,,,,,,,,
5/4/2020,2020,5,4,4,30,0,0,7.5,0.16,3.4,91.64,8.8,986,,,,,,,,,,,,,,,,,,,,,,,,,,,,,,,,,
5/4/2020,2020,5,4,5,30,14,0,7.2,0.16,3.5,89.65,8.8,986,,,,,,,,,,,,,,,,,,,,,,,,,,,,,,,,,
5/4/2020,2020,5,4,6,30,54,2,6.9,0.16,3.8,85.16,9.3,986,,,,,,,,,,,,,,,,,,,,,,,,,,,,,,,,,
5/4/2020,2020,5,4,7,30,132,9,6.5,0.16,4.3,79.08,10,986,,,,,,,,,,,,,,,,,,,,,,,,,,,,,,,,,
5/4/2020,2020,5,4,8,30,266,184,6.1,0.16,4.9,71.56,11,986,,,,,,,,,,,,,,,,,,,,,,,,,,,,,,,,,
5/4/2020,2020,5,4,9,30,312,75,5.8,0.16,5.4,65.81,12,985,,,,,,,,,,,,,,,,,,,,,,,,,,,,,,,,,
5/4/2020,2020,5,4,10,30,87,0,5.9,0.16,6.1,62.44,12.9,984,,,,,,,,,,,,,,,,,,,,,,,,,,,,,,,,,
5/4/2020,2020,5,4,11,30,110,0,6.3,0.16,7.1,60.21,13.9,982,,,,,,,,,,,,,,,,,,,,,,,,,,,,,,,,,
5/4/2020,2020,5,4,12,30,222,11,6.6,0.16,6,60.56,14.1,981,,,,,,,,,,,,,,,,,,,,,,,,,,,,,,,,,
5/4/2020,2020,5,4,13,30,97,1,7,0.16,3.6,65.7,13.3,983,,,,,,,,,,,,,,,,,,,,,,,,,,,,,,,,,
5/4/2020,2020,5,4,14,30,113,1,7.9,0.16,3.6,75.81,12,985,,,,,,,,,,,,,,,,,,,,,,,,,,,,,,,,,
5/4/2020,2020,5,4,15,30,64,0,7.6,0.16,4.9,77.19,11.5,984,,,,,,,,,,,,,,,,,,,,,,,,,,,,,,,,,
5/4/2020,2020,5,4,16,30,49,24,7.5,0.16,5.4,76.5,11.5,983,,,,,,,,,,,,,,,,,,,,,,,,,,,,,,,,,
5/4/2020,2020,5,4,17,30,40,2,7.2,0.16,5.5,75.42,11.4,983,,,,,,,,,,,,,,,,,,,,,,,,,,,,,,,,,
5/4/2020,2020,5,4,18,30,21,0,7,0.16,3.6,81.47,10,983,,,,,,,,,,,,,,,,,,,,,,,,,,,,,,,,,
5/4/2020,2020,5,4,19,30,0,0,7.2,0.16,2.3,86.83,9.3,983,,,,,,,,,,,,,,,,,,,,,,,,,,,,,,,,,
5/4/2020,2020,5,4,20,30,0,0,7.5,0.16,1.5,91.07,8.9,984,,,,,,,,,,,,,,,,,,,,,,,,,,,,,,,,,
5/4/2020,2020,5,4,21,30,0,0,7.7,0.16,1.3,93.59,8.7,984,,,,,,,,,,,,,,,,,,,,,,,,,,,,,,,,,
5/4/2020,2020,5,4,22,30,0,0,7.8,0.16,1.4,93.83,8.7,984,,,,,,,,,,,,,,,,,,,,,,,,,,,,,,,,,
5/4/2020,2020,5,4,23,30,0,0,7.6,0.16,1.6,93.44,8.6,984,,,,,,,,,,,,,,,,,,,,,,,,,,,,,,,,,
5/5/2020,2020,5,5,0,30,0,0,7.3,0.16,1.6,92.94,8.4,984,,,,,,,,,,,,,,,,,,,,,,,,,,,,,,,,,
5/5/2020,2020,5,5,1,30,0,0,7.1,0.16,1.7,93.4,8.1,984,,,,,,,,,,,,,,,,,,,,,,,,,,,,,,,,,
5/5/2020,2020,5,5,2,30,0,0,6.9,0.16,1.8,93.82,7.8,983,,,,,,,,,,,,,,,,,,,,,,,,,,,,,,,,,
5/5/2020,2020,5,5,3,30,0,0,6.6,0.16,2,93.99,7.5,983,,,,,,,,,,,,,,,,,,,,,,,,,,,,,,,,,
5/5/2020,2020,5,5,4,30,0,0,6.4,0.16,2.1,93.86,7.3,982,,,,,,,,,,,,,,,,,,,,,,,,,,,,,,,,,
5/5/2020,2020,5,5,5,30,9,5,6.3,0.16,2.2,92.97,7.4,982,,,,,,,,,,,,,,,,,,,,,,,,,,,,,,,,,
5/5/2020,2020,5,5,6,30,68,177,6.5,0.16,2.3,90.53,8,982,,,,,,,,,,,,,,,,,,,,,,,,,,,,,,,,,
5/5/2020,2020,5,5,7,30,60,0,7,0.16,2.3,88.28,8.8,982,,,,,,,,,,,,,,,,,,,,,,,,,,,,,,,,,
5/5/2020,2020,5,5,8,30,68,0,7.4,0.16,2.9,86.01,9.6,982,,,,,,,,,,,,,,,,,,,,,,,,,,,,,,,,,
5/5/2020,2020,5,5,9,30,57,0,7.5,0.16,3.8,82.62,10.3,981,,,,,,,,,,,,,,,,,,,,,,,,,,,,,,,,,
5/5/2020,2020,5,5,10,30,144,3,7.3,0.16,4.3,77.83,11,981,,,,,,,,,,,,,,,,,,,,,,,,,,,,,,,,,
5/5/2020,2020,5,5,11,30,258,17,7.1,0.16,4.4,75.39,11.3,981,,,,,,,,,,,,,,,,,,,,,,,,,,,,,,,,,
5/5/2020,2020,5,5,12,30,139,2,7.1,0.16,4.3,75.48,11.3,981,,,,,,,,,,,,,,,,,,,,,,,,,,,,,,,,,
5/5/2020,2020,5,5,13,30,59,0,7.2,0.16,4.5,77.42,11,982,,,,,,,,,,,,,,,,,,,,,,,,,,,,,,,,,
5/5/2020,2020,5,5,14,30,111,0,7,0.16,5.1,79.11,10.5,983,,,,,,,,,,,,,,,,,,,,,,,,,,,,,,,,,
5/5/2020,2020,5,5,15,30,135,1,6.7,0.16,5.4,79.71,10,984,,,,,,,,,,,,,,,,,,,,,,,,,,,,,,,,,
5/5/2020,2020,5,5,16,30,120,19,6.2,0.16,5.3,79.85,9.5,985,,,,,,,,,,,,,,,,,,,,,,,,,,,,,,,,,
5/5/2020,2020,5,5,17,30,33,0,5.9,0.16,5.1,79.08,9.3,986,,,,,,,,,,,,,,,,,,,,,,,,,,,,,,,,,
5/5/2020,2020,5,5,18,30,24,0,5.9,0.16,3.5,84.76,8.3,988,,,,,,,,,,,,,,,,,,,,,,,,,,,,,,,,,
5/5/2020,2020,5,5,19,30,0,0,6.1,0.16,2.6,89.95,7.6,988,,,,,,,,,,,,,,,,,,,,,,,,,,,,,,,,,
5/5/2020,2020,5,5,20,30,0,0,6.1,0.16,2.3,92.51,7.2,989,,,,,,,,,,,,,,,,,,,,,,,,,,,,,,,,,
5/5/2020,2020,5,5,21,30,0,0,6.1,0.16,1.9,95.11,6.8,989,,,,,,,,,,,,,,,,,,,,,,,,,,,,,,,,,
5/5/2020,2020,5,5,22,30,0,0,6.1,0.16,1.6,98.06,6.4,990,,,,,,,,,,,,,,,,,,,,,,,,,,,,,,,,,
5/5/2020,2020,5,5,23,30,0,0,6.1,0.16,1.4,99.16,6.2,990,,,,,,,,,,,,,,,,,,,,,,,,,,,,,,,,,
5/6/2020,2020,5,6,0,30,0,0,6,0.16,1.3,99.64,6.1,990,,,,,,,,,,,,,,,,,,,,,,,,,,,,,,,,,
5/6/2020,2020,5,6,1,30,0,0,6,0.16,1.3,100,6,990,,,,,,,,,,,,,,,,,,,,,,,,,,,,,,,,,
5/6/2020,2020,5,6,2,30,0,0,6,0.16,1.3,99.9,6,991,,,,,,,,,,,,,,,,,,,,,,,,,,,,,,,,,
5/6/2020,2020,5,6,3,30,0,0,5.6,0.16,1.3,100,5.6,991,,,,,,,,,,,,,,,,,,,,,,,,,,,,,,,,,
5/6/2020,2020,5,6,4,30,0,0,5.2,0.16,1.5,100,5.2,991,,,,,,,,,,,,,,,,,,,,,,,,,,,,,,,,,
5/6/2020,2020,5,6,5,30,26,87,5.4,0.16,2.2,95.23,6.1,992,,,,,,,,,,,,,,,,,,,,,,,,,,,,,,,,,
5/6/2020,2020,5,6,6,30,71,522,6.1,0.16,2.7,86.14,8.3,992,,,,,,,,,,,,,,,,,,,,,,,,,,,,,,,,,
5/6/2020,2020,5,6,7,30,90,724,6.6,0.16,2.9,75.73,10.7,993,,,,,,,,,,,,,,,,,,,,,,,,,,,,,,,,,
5/6/2020,2020,5,6,8,30,99,835,5.9,0.16,2.7,62.6,12.9,993,,,,,,,,,,,,,,,,,,,,,,,,,,,,,,,,,
5/6/2020,2020,5,6,9,30,190,678,4.6,0.16,2.3,51.66,14.4,993,,,,,,,,,,,,,,,,,,,,,,,,,,,,,,,,,
5/6/2020,2020,5,6,10,30,230,652,4,0.16,2.1,46.09,15.5,992,,,,,,,,,,,,,,,,,,,,,,,,,,,,,,,,,
5/6/2020,2020,5,6,11,30,176,817,4,0.16,2.1,43.58,16.4,992,,,,,,,,,,,,,,,,,,,,,,,,,,,,,,,,,
5/6/2020,2020,5,6,12,30,331,479,4.3,0.16,2.5,43.59,16.8,992,,,,,,,,,,,,,,,,,,,,,,,,,,,,,,,,,
5/6/2020,2020,5,6,13,30,271,315,4.7,0.16,3,44.63,16.8,991,,,,,,,,,,,,,,,,,,,,,,,,,,,,,,,,,
5/6/2020,2020,5,6,14,30,184,12,4.9,0.16,3.3,46.95,16.3,991,,,,,,,,,,,,,,,,,,,,,,,,,,,,,,,,,
5/6/2020,2020,5,6,15,30,72,0,5.2,0.16,3.5,50.21,15.5,991,,,,,,,,,,,,,,,,,,,,,,,,,,,,,,,,,
5/6/2020,2020,5,6,16,30,191,47,5.4,0.16,3.3,53.69,14.7,990,,,,,,,,,,,,,,,,,,,,,,,,,,,,,,,,,
5/6/2020,2020,5,6,17,30,57,1,6,0.16,3.1,57.52,14.3,990,,,,,,,,,,,,,,,,,,,,,,,,,,,,,,,,,
5/6/2020,2020,5,6,18,30,46,41,8.1,0.16,1.4,79.38,11.5,990,,,,,,,,,,,,,,,,,,,,,,,,,,,,,,,,,
5/6/2020,2020,5,6,19,30,0,0,7.7,0.16,1.2,86.63,9.8,990,,,,,,,,,,,,,,,,,,,,,,,,,,,,,,,,,
5/6/2020,2020,5,6,20,30,0,0,6.9,0.16,1.3,87.98,8.8,990,,,,,,,,,,,,,,,,,,,,,,,,,,,,,,,,,
5/6/2020,2020,5,6,21,30,0,0,6.2,0.16,1.4,88.18,8,990,,,,,,,,,,,,,,,,,,,,,,,,,,,,,,,,,
5/6/2020,2020,5,6,22,30,0,0,5.6,0.16,1.6,87.84,7.5,990,,,,,,,,,,,,,,,,,,,,,,,,,,,,,,,,,
5/6/2020,2020,5,6,23,30,0,0,5.2,0.16,1.8,88.36,7,990,,,,,,,,,,,,,,,,,,,,,,,,,,,,,,,,,
5/7/2020,2020,5,7,0,30,0,0,4.8,0.16,1.9,89.03,6.5,990,,,,,,,,,,,,,,,,,,,,,,,,,,,,,,,,,
5/7/2020,2020,5,7,1,30,0,0,4.4,0.16,2,90.12,5.9,989,,,,,,,,,,,,,,,,,,,,,,,,,,,,,,,,,
5/7/2020,2020,5,7,2,30,0,0,4,0.16,2,90.89,5.4,989,,,,,,,,,,,,,,,,,,,,,,,,,,,,,,,,,
5/7/2020,2020,5,7,3,30,0,0,3.7,0.16,2,91.53,5,989,,,,,,,,,,,,,,,,,,,,,,,,,,,,,,,,,
5/7/2020,2020,5,7,4,30,0,0,3.5,0.16,1.9,91.27,4.8,989,,,,,,,,,,,,,,,,,,,,,,,,,,,,,,,,,
5/7/2020,2020,5,7,5,30,27,135,3.6,0.16,2.3,83.19,6.2,989,,,,,,,,,,,,,,,,,,,,,,,,,,,,,,,,,
5/7/2020,2020,5,7,6,30,72,536,4.3,0.16,2.6,72.74,8.9,989,,,,,,,,,,,,,,,,,,,,,,,,,,,,,,,,,
5/7/2020,2020,5,7,7,30,134,460,5.4,0.16,2.1,63.14,12.2,989,,,,,,,,,,,,,,,,,,,,,,,,,,,,,,,,,
5/7/2020,2020,5,7,8,30,237,350,4.7,0.16,1.6,49.72,15.1,988,,,,,,,,,,,,,,,,,,,,,,,,,,,,,,,,,
5/7/2020,2020,5,7,9,30,306,383,3.5,0.16,1.6,42.59,16.2,988,,,,,,,,,,,,,,,,,,,,,,,,,,,,,,,,,
5/7/2020,2020,5,7,10,30,402,204,3.5,0.16,1.8,42.42,16.3,987,,,,,,,,,,,,,,,,,,,,,,,,,,,,,,,,,
5/7/2020,2020,5,7,11,30,435,267,3.7,0.16,2,42.99,16.3,987,,,,,,,,,,,,,,,,,,,,,,,,,,,,,,,,,
5/7/2020,2020,5,7,12,30,426,302,4,0.16,2.2,43.29,16.5,986,,,,,,,,,,,,,,,,,,,,,,,,,,,,,,,,,
5/7/2020,2020,5,7,13,30,347,83,4.3,0.16,1.9,43.33,16.9,985,,,,,,,,,,,,,,,,,,,,,,,,,,,,,,,,,
5/7/2020,2020,5,7,14,30,251,17,4.8,0.16,1.8,45.05,16.8,985,,,,,,,,,,,,,,,,,,,,,,,,,,,,,,,,,
5/7/2020,2020,5,7,15,30,99,0,5.3,0.16,1.9,50.47,15.5,984,,,,,,,,,,,,,,,,,,,,,,,,,,,,,,,,,
5/7/2020,2020,5,7,16,30,69,0,6,0.16,1.8,59.13,13.9,985,,,,,,,,,,,,,,,,,,,,,,,,,,,,,,,,,
5/7/2020,2020,5,7,17,30,35,2,7,0.16,1.8,65.93,13.2,985,,,,,,,,,,,,,,,,,,,,,,,,,,,,,,,,,
5/7/2020,2020,5,7,18,30,22,0,8,0.16,1.2,83.1,10.8,985,,,,,,,,,,,,,,,,,,,,,,,,,,,,,,,,,
5/7/2020,2020,5,7,19,30,0,0,8.5,0.16,1.1,92.03,9.7,985,,,,,,,,,,,,,,,,,,,,,,,,,,,,,,,,,
5/7/2020,2020,5,7,20,30,0,0,8.2,0.16,1.3,93.69,9.2,985,,,,,,,,,,,,,,,,,,,,,,,,,,,,,,,,,
5/7/2020,2020,5,7,21,30,0,0,7.9,0.16,1.6,94.84,8.7,985,,,,,,,,,,,,,,,,,,,,,,,,,,,,,,,,,
5/7/2020,2020,5,7,22,30,0,0,7.6,0.16,2.4,94.18,8.5,985,,,,,,,,,,,,,,,,,,,,,,,,,,,,,,,,,
5/7/2020,2020,5,7,23,30,0,0,7.4,0.16,3,94.91,8.2,985,,,,,,,,,,,,,,,,,,,,,,,,,,,,,,,,,
5/8/2020,2020,5,8,0,30,0,0,7.1,0.16,3.3,96.49,7.6,985,,,,,,,,,,,,,,,,,,,,,,,,,,,,,,,,,
5/8/2020,2020,5,8,1,30,0,0,6.4,0.16,3.6,98.09,6.7,985,,,,,,,,,,,,,,,,,,,,,,,,,,,,,,,,,
5/8/2020,2020,5,8,2,30,0,0,5.2,0.16,4.1,97.95,5.5,986,,,,,,,,,,,,,,,,,,,,,,,,,,,,,,,,,
5/8/2020,2020,5,8,3,30,0,0,3.6,0.16,4.3,95.84,4.2,987,,,,,,,,,,,,,,,,,,,,,,,,,,,,,,,,,
5/8/2020,2020,5,8,4,30,0,0,2.2,0.16,4.3,93,3.2,988,,,,,,,,,,,,,,,,,,,,,,,,,,,,,,,,,
5/8/2020,2020,5,8,5,30,26,303,1.3,0.16,4.4,86.3,3.4,990,,,,,,,,,,,,,,,,,,,,,,,,,,,,,,,,,
5/8/2020,2020,5,8,6,30,55,668,1.2,0.16,4.9,75.64,5.2,991,,,,,,,,,,,,,,,,,,,,,,,,,,,,,,,,,
5/8/2020,2020,5,8,7,30,72,827,-0.3,0.16,5.4,57.57,7.5,991,,,,,,,,,,,,,,,,,,,,,,,,,,,,,,,,,
5/8/2020,2020,5,8,8,30,83,908,-2.4,0.16,5.8,44.69,9,991,,,,,,,,,,,,,,,,,,,,,,,,,,,,,,,,,
5/8/2020,2020,5,8,9,30,91,947,-2.8,0.16,6,40.43,10.1,992,,,,,,,,,,,,,,,,,,,,,,,,,,,,,,,,,
5/8/2020,2020,5,8,10,30,98,973,-2.7,0.16,6,38.01,11.1,992,,,,,,,,,,,,,,,,,,,,,,,,,,,,,,,,,
5/8/2020,2020,5,8,11,30,105,980,-2.6,0.16,6,36.16,12,991,,,,,,,,,,,,,,,,,,,,,,,,,,,,,,,,,
5/8/2020,2020,5,8,12,30,111,973,-2.6,0.16,6,34.76,12.6,991,,,,,,,,,,,,,,,,,,,,,,,,,,,,,,,,,
5/8/2020,2020,5,8,13,30,108,966,-2.6,0.16,6,33.56,13.1,991,,,,,,,,,,,,,,,,,,,,,,,,,,,,,,,,,
5/8/2020,2020,5,8,14,30,102,938,-2.5,0.16,6,33.48,13.2,991,,,,,,,,,,,,,,,,,,,,,,,,,,,,,,,,,
5/8/2020,2020,5,8,15,30,95,896,-2.5,0.16,5.9,34.14,13,991,,,,,,,,,,,,,,,,,,,,,,,,,,,,,,,,,
5/8/2020,2020,5,8,16,30,84,825,-2.4,0.16,5.5,35.31,12.5,990,,,,,,,,,,,,,,,,,,,,,,,,,,,,,,,,,
5/8/2020,2020,5,8,17,30,68,696,-2.4,0.16,5.2,36.49,12.1,990,,,,,,,,,,,,,,,,,,,,,,,,,,,,,,,,,
5/8/2020,2020,5,8,18,30,46,241,-0.6,0.16,2.5,52.76,8.5,990,,,,,,,,,,,,,,,,,,,,,,,,,,,,,,,,,
5/8/2020,2020,5,8,19,30,0,0,1.1,0.16,1.8,70.1,6.1,990,,,,,,,,,,,,,,,,,,,,,,,,,,,,,,,,,
5/8/2020,2020,5,8,20,30,0,0,1,0.16,1.6,75.98,4.9,991,,,,,,,,,,,,,,,,,,,,,,,,,,,,,,,,,
5/8/2020,2020,5,8,21,30,0,0,0.9,0.16,1.3,80.24,4,991,,,,,,,,,,,,,,,,,,,,,,,,,,,,,,,,,
5/8/2020,2020,5,8,22,30,0,0,0.6,0.16,1.1,82.56,3.3,992,,,,,,,,,,,,,,,,,,,,,,,,,,,,,,,,,
5/8/2020,2020,5,8,23,30,0,0,0.1,0.16,1,81.47,3,992,,,,,,,,,,,,,,,,,,,,,,,,,,,,,,,,,
5/9/2020,2020,5,9,0,30,0,0,-0.4,0.16,0.8,78.73,2.9,992,,,,,,,,,,,,,,,,,,,,,,,,,,,,,,,,,
5/9/2020,2020,5,9,1,30,0,0,-0.9,0.16,0.7,76.99,2.7,993,,,,,,,,,,,,,,,,,,,,,,,,,,,,,,,,,
5/9/2020,2020,5,9,2,30,0,0,-1.2,0.16,0.8,78.94,2.1,993,,,,,,,,,,,,,,,,,,,,,,,,,,,,,,,,,
5/9/2020,2020,5,9,3,30,0,0,-1.2,0.16,1,84.28,1.2,992,,,,,,,,,,,,,,,,,,,,,,,,,,,,,,,,,
5/9/2020,2020,5,9,4,30,0,0,-1.2,0.16,1.1,85.22,1,992,,,,,,,,,,,,,,,,,,,,,,,,,,,,,,,,,
5/9/2020,2020,5,9,5,30,31,211,-0.6,0.16,1.7,78.52,2.8,992,,,,,,,,,,,,,,,,,,,,,,,,,,,,,,,,,
5/9/2020,2020,5,9,6,30,71,548,0.2,0.16,2.4,66.8,5.9,992,,,,,,,,,,,,,,,,,,,,,,,,,,,,,,,,,
5/9/2020,2020,5,9,7,30,99,705,0.7,0.16,3,54.16,9.5,992,,,,,,,,,,,,,,,,,,,,,,,,,,,,,,,,,
5/9/2020,2020,5,9,8,30,124,781,-0.4,0.16,3.7,40.17,12.8,992,,,,,,,,,,,,,,,,,,,,,,,,,,,,,,,,,
5/9/2020,2020,5,9,9,30,145,824,0.6,0.16,4.1,37.85,14.9,991,,,,,,,,,,,,,,,,,,,,,,,,,,,,,,,,,
5/9/2020,2020,5,9,10,30,154,856,1.8,0.16,4.5,37.34,16.4,991,,,,,,,,,,,,,,,,,,,,,,,,,,,,,,,,,
5/9/2020,2020,5,9,11,30,147,892,2.7,0.16,5,37.08,17.5,990,,,,,,,,,,,,,,,,,,,,,,,,,,,,,,,,,
5/9/2020,2020,5,9,12,30,135,914,3.3,0.16,5.6,36.83,18.3,989,,,,,,,,,,,,,,,,,,,,,,,,,,,,,,,,,
5/9/2020,2020,5,9,13,30,135,896,3.7,0.16,6,37.05,18.7,988,,,,,,,,,,,,,,,,,,,,,,,,,,,,,,,,,
5/9/2020,2020,5,9,14,30,134,857,4,0.16,6.2,37.85,18.7,987,,,,,,,,,,,,,,,,,,,,,,,,,,,,,,,,,
5/9/2020,2020,5,9,15,30,148,737,4.2,0.16,6.1,39.45,18.2,986,,,,,,,,,,,,,,,,,,,,,,,,,,,,,,,,,
5/9/2020,2020,5,9,16,30,209,128,4.5,0.16,5.9,44,16.8,986,,,,,,,,,,,,,,,,,,,,,,,,,,,,,,,,,
5/9/2020,2020,5,9,17,30,113,64,5.6,0.16,5.7,50.55,15.8,986,,,,,,,,,,,,,,,,,,,,,,,,,,,,,,,,,
5/9/2020,2020,5,9,18,30,39,3,6.6,0.17,5.2,71.75,11.5,987,,,,,,,,,,,,,,,,,,,,,,,,,,,,,,,,,
5/9/2020,2020,5,9,19,30,0,0,6.9,0.17,4.1,82.99,9.6,987,,,,,,,,,,,,,,,,,,,,,,,,,,,,,,,,,
5/9/2020,2020,5,9,20,30,0,0,6.8,0.17,3.6,88.8,8.5,987,,,,,,,,,,,,,,,,,,,,,,,,,,,,,,,,,
5/9/2020,2020,5,9,21,30,0,0,6.4,0.17,3.8,93.07,7.4,987,,,,,,,,,,,,,,,,,,,,,,,,,,,,,,,,,
5/9/2020,2020,5,9,22,30,0,0,5.8,0.17,4.3,94.81,6.6,986,,,,,,,,,,,,,,,,,,,,,,,,,,,,,,,,,
5/9/2020,2020,5,9,23,30,0,0,5,0.17,4.9,95.18,5.7,986,,,,,,,,,,,,,,,,,,,,,,,,,,,,,,,,,
5/10/2020,2020,5,10,0,30,0,0,3.8,0.17,5.5,92.21,5,986,,,,,,,,,,,,,,,,,,,,,,,,,,,,,,,,,
5/10/2020,2020,5,10,1,30,0,0,3.1,0.17,6.2,91.09,4.4,986,,,,,,,,,,,,,,,,,,,,,,,,,,,,,,,,,
5/10/2020,2020,5,10,2,30,0,0,2.3,0.17,6.8,90.3,3.7,987,,,,,,,,,,,,,,,,,,,,,,,,,,,,,,,,,
5/10/2020,2020,5,10,3,30,0,0,1.1,0.17,6.9,87.27,3,987,,,,,,,,,,,,,,,,,,,,,,,,,,,,,,,,,
5/10/2020,2020,5,10,4,30,0,0,0.5,0.17,6.6,84.55,2.8,988,,,,,,,,,,,,,,,,,,,,,,,,,,,,,,,,,
5/10/2020,2020,5,10,5,30,9,0,0.5,0.17,6.4,80.64,3.5,989,,,,,,,,,,,,,,,,,,,,,,,,,,,,,,,,,
5/10/2020,2020,5,10,6,30,84,273,0.8,0.17,6.7,73.54,5.1,990,,,,,,,,,,,,,,,,,,,,,,,,,,,,,,,,,
5/10/2020,2020,5,10,7,30,91,739,0.5,0.17,6.9,62.96,7.1,990,,,,,,,,,,,,,,,,,,,,,,,,,,,,,,,,,
5/10/2020,2020,5,10,8,30,101,842,0.2,0.17,6.9,54.83,8.8,991,,,,,,,,,,,,,,,,,,,,,,,,,,,,,,,,,
5/10/2020,2020,5,10,9,30,125,852,0.1,0.17,6.8,50.41,9.9,991,,,,,,,,,,,,,,,,,,,,,,,,,,,,,,,,,
5/10/2020,2020,5,10,10,30,369,220,0,0.17,6.8,47.9,10.6,992,,,,,,,,,,,,,,,,,,,,,,,,,,,,,,,,,
5/10/2020,2020,5,10,11,30,310,49,0.1,0.17,6.8,47.23,10.9,992,,,,,,,,,,,,,,,,,,,,,,,,,,,,,,,,,
5/10/2020,2020,5,10,12,30,415,115,0.1,0.17,6.8,46.93,11,992,,,,,,,,,,,,,,,,,,,,,,,,,,,,,,,,,
5/10/2020,2020,5,10,13,30,410,181,0,0.17,6.7,46.77,11,992,,,,,,,,,,,,,,,,,,,,,,,,,,,,,,,,,
5/10/2020,2020,5,10,14,30,321,225,0,0.17,6.4,47.4,10.8,992,,,,,,,,,,,,,,,,,,,,,,,,,,,,,,,,,
5/10/2020,2020,5,10,15,30,211,16,0,0.17,6,48.64,10.4,992,,,,,,,,,,,,,,,,,,,,,,,,,,,,,,,,,
5/10/2020,2020,5,10,16,30,206,122,0,0.17,5.6,50.14,9.9,992,,,,,,,,,,,,,,,,,,,,,,,,,,,,,,,,,
5/10/2020,2020,5,10,17,30,96,9,0,0.17,5.3,50.69,9.7,992,,,,,,,,,,,,,,,,,,,,,,,,,,,,,,,,,
5/10/2020,2020,5,10,18,30,35,0,0.3,0.17,3.4,60.72,7.4,993,,,,,,,,,,,,,,,,,,,,,,,,,,,,,,,,,
5/10/2020,2020,5,10,19,30,0,0,1.2,0.17,2.3,73.58,5.5,993,,,,,,,,,,,,,,,,,,,,,,,,,,,,,,,,,
5/10/2020,2020,5,10,20,30,0,0,1.3,0.17,2,80.56,4.4,994,,,,,,,,,,,,,,,,,,,,,,,,,,,,,,,,,
5/10/2020,2020,5,10,21,30,0,0,1.1,0.17,2,83.23,3.7,994,,,,,,,,,,,,,,,,,,,,,,,,,,,,,,,,,
5/10/2020,2020,5,10,22,30,0,0,0.8,0.17,2.1,84.82,3.1,994,,,,,,,,,,,,,,,,,,,,,,,,,,,,,,,,,
5/10/2020,2020,5,10,23,30,0,0,0.5,0.17,2.4,85.78,2.6,994,,,,,,,,,,,,,,,,,,,,,,,,,,,,,,,,,
5/11/2020,2020,5,11,0,30,0,0,0.1,0.17,2.5,86.5,2.1,994,,,,,,,,,,,,,,,,,,,,,,,,,,,,,,,,,
5/11/2020,2020,5,11,1,30,0,0,-0.2,0.17,2.6,88.38,1.5,994,,,,,,,,,,,,,,,,,,,,,,,,,,,,,,,,,
5/11/2020,2020,5,11,2,30,0,0,-0.4,0.17,2.7,89.4,1.1,994,,,,,,,,,,,,,,,,,,,,,,,,,,,,,,,,,
5/11/2020,2020,5,11,3,30,0,0,-0.6,0.17,2.8,89.94,0.9,995,,,,,,,,,,,,,,,,,,,,,,,,,,,,,,,,,
5/11/2020,2020,5,11,4,30,0,0,-0.6,0.17,3.1,87.83,1.2,995,,,,,,,,,,,,,,,,,,,,,,,,,,,,,,,,,
5/11/2020,2020,5,11,5,30,20,7,-0.4,0.17,3.5,82.82,2.2,995,,,,,,,,,,,,,,,,,,,,,,,,,,,,,,,,,
5/11/2020,2020,5,11,6,30,91,13,0.1,0.17,3.8,71.63,4.8,995,,,,,,,,,,,,,,,,,,,,,,,,,,,,,,,,,
5/11/2020,2020,5,11,7,30,175,56,0,0.17,4,58.14,7.7,995,,,,,,,,,,,,,,,,,,,,,,,,,,,,,,,,,
5/11/2020,2020,5,11,8,30,270,183,-0.8,0.17,4.2,48.23,9.6,995,,,,,,,,,,,,,,,,,,,,,,,,,,,,,,,,,
5/11/2020,2020,5,11,9,30,123,872,-1,0.17,4,43.84,10.8,995,,,,,,,,,,,,,,,,,,,,,,,,,,,,,,,,,
5/11/2020,2020,5,11,10,30,371,297,-0.7,0.17,3.8,41.62,11.9,994,,,,,,,,,,,,,,,,,,,,,,,,,,,,,,,,,
5/11/2020,2020,5,11,11,30,418,268,-0.3,0.17,3.5,40.56,12.8,994,,,,,,,,,,,,,,,,,,,,,,,,,,,,,,,,,
5/11/2020,2020,5,11,12,30,260,644,0.1,0.17,3.3,39.52,13.6,993,,,,,,,,,,,,,,,,,,,,,,,,,,,,,,,,,
5/11/2020,2020,5,11,13,30,126,920,0.5,0.17,3.1,39.42,14.1,993,,,,,,,,,,,,,,,,,,,,,,,,,,,,,,,,,
5/11/2020,2020,5,11,14,30,122,887,0.7,0.17,3,39.48,14.3,992,,,,,,,,,,,,,,,,,,,,,,,,,,,,,,,,,
5/11/2020,2020,5,11,15,30,114,841,0.6,0.17,2.9,39.79,14.1,991,,,,,,,,,,,,,,,,,,,,,,,,,,,,,,,,,
5/11/2020,2020,5,11,16,30,100,766,0.4,0.17,2.6,40.73,13.5,991,,,,,,,,,,,,,,,,,,,,,,,,,,,,,,,,,
5/11/2020,2020,5,11,17,30,79,636,0.4,0.17,2.4,41.61,13.2,991,,,,,,,,,,,,,,,,,,,,,,,,,,,,,,,,,
5/11/2020,2020,5,11,18,30,50,210,4.5,0.17,1.1,69.27,9.9,990,,,,,,,,,,,,,,,,,,,,,,,,,,,,,,,,,
5/11/2020,2020,5,11,19,30,0,0,3.6,0.17,1.1,72.89,8.2,991,,,,,,,,,,,,,,,,,,,,,,,,,,,,,,,,,
5/11/2020,2020,5,11,20,30,0,0,3.4,0.17,1.1,75.55,7.4,991,,,,,,,,,,,,,,,,,,,,,,,,,,,,,,,,,
5/11/2020,2020,5,11,21,30,0,0,3,0.17,1.1,78.37,6.5,991,,,,,,,,,,,,,,,,,,,,,,,,,,,,,,,,,
5/11/2020,2020,5,11,22,30,0,0,2.2,0.17,1.2,80.41,5.3,991,,,,,,,,,,,,,,,,,,,,,,,,,,,,,,,,,
5/11/2020,2020,5,11,23,30,0,0,1.4,0.17,1.3,81.96,4.2,991,,,,,,,,,,,,,,,,,,,,,,,,,,,,,,,,,
5/12/2020,2020,5,12,0,30,0,0,0.8,0.17,1.4,81.4,3.7,992,,,,,,,,,,,,,,,,,,,,,,,,,,,,,,,,,
5/12/2020,2020,5,12,1,30,0,0,0.7,0.17,1.4,82.54,3.4,992,,,,,,,,,,,,,,,,,,,,,,,,,,,,,,,,,
5/12/2020,2020,5,12,2,30,0,0,0.5,0.17,1.4,83.62,3,992,,,,,,,,,,,,,,,,,,,,,,,,,,,,,,,,,
5/12/2020,2020,5,12,3,30,0,0,0.2,0.17,1.4,84.07,2.6,992,,,,,,,,,,,,,,,,,,,,,,,,,,,,,,,,,
5/12/2020,2020,5,12,4,30,0,0,-0.1,0.17,1.4,81.89,2.7,992,,,,,,,,,,,,,,,,,,,,,,,,,,,,,,,,,
5/12/2020,2020,5,12,5,30,22,2,0.1,0.17,1.9,76.01,3.9,992,,,,,,,,,,,,,,,,,,,,,,,,,,,,,,,,,
5/12/2020,2020,5,12,6,30,84,8,-0.6,0.17,2.1,62.45,6,993,,,,,,,,,,,,,,,,,,,,,,,,,,,,,,,,,
5/12/2020,2020,5,12,7,30,158,38,0.1,0.17,1.7,54.12,8.9,993,,,,,,,,,,,,,,,,,,,,,,,,,,,,,,,,,
5/12/2020,2020,5,12,8,30,271,134,-0.9,0.17,1.4,41.35,11.8,993,,,,,,,,,,,,,,,,,,,,,,,,,,,,,,,,,
5/12/2020,2020,5,12,9,30,282,27,-1.6,0.17,1,35.15,13.5,992,,,,,,,,,,,,,,,,,,,,,,,,,,,,,,,,,
5/12/2020,2020,5,12,10,30,272,15,-0.4,0.17,0.6,35.9,14.5,992,,,,,,,,,,,,,,,,,,,,,,,,,,,,,,,,,
5/12/2020,2020,5,12,11,30,425,79,0.5,0.17,0.4,36.64,15.3,991,,,,,,,,,,,,,,,,,,,,,,,,,,,,,,,,,
5/12/2020,2020,5,12,12,30,425,299,1.4,0.17,0.3,37.54,15.9,990,,,,,,,,,,,,,,,,,,,,,,,,,,,,,,,,,
5/12/2020,2020,5,12,13,30,242,669,2.1,0.17,0.4,38.31,16.3,990,,,,,,,,,,,,,,,,,,,,,,,,,,,,,,,,,
5/12/2020,2020,5,12,14,30,142,834,2.4,0.17,0.5,39.33,16.3,989,,,,,,,,,,,,,,,,,,,,,,,,,,,,,,,,,
5/12/2020,2020,5,12,15,30,132,782,2.5,0.17,0.9,39.79,16.2,989,,,,,,,,,,,,,,,,,,,,,,,,,,,,,,,,,
5/12/2020,2020,5,12,16,30,124,658,2.6,0.17,1.3,41.1,15.8,988,,,,,,,,,,,,,,,,,,,,,,,,,,,,,,,,,
5/12/2020,2020,5,12,17,30,113,339,3,0.17,1.5,42.99,15.5,988,,,,,,,,,,,,,,,,,,,,,,,,,,,,,,,,,
5/12/2020,2020,5,12,18,30,54,191,6.6,0.16,1,67.12,12.5,988,,,,,,,,,,,,,,,,,,,,,,,,,,,,,,,,,
5/12/2020,2020,5,12,19,30,1,0,6.1,0.16,1.1,74.71,10.4,989,,,,,,,,,,,,,,,,,,,,,,,,,,,,,,,,,
5/12/2020,2020,5,12,20,30,0,0,5.6,0.16,1.3,77.01,9.4,989,,,,,,,,,,,,,,,,,,,,,,,,,,,,,,,,,
5/12/2020,2020,5,12,21,30,0,0,5.4,0.16,1.6,79.13,8.8,989,,,,,,,,,,,,,,,,,,,,,,,,,,,,,,,,,
5/12/2020,2020,5,12,22,30,0,0,5.3,0.16,2,81.58,8.3,989,,,,,,,,,,,,,,,,,,,,,,,,,,,,,,,,,
5/12/2020,2020,5,12,23,30,0,0,5.5,0.16,2.2,86.03,7.7,989,,,,,,,,,,,,,,,,,,,,,,,,,,,,,,,,,
5/13/2020,2020,5,13,0,30,0,0,5.8,0.16,2.4,91.59,7.1,988,,,,,,,,,,,,,,,,,,,,,,,,,,,,,,,,,
5/13/2020,2020,5,13,1,30,0,0,6.1,0.16,2.2,97.97,6.4,988,,,,,,,,,,,,,,,,,,,,,,,,,,,,,,,,,
5/13/2020,2020,5,13,2,30,0,0,5.8,0.16,1.9,100,5.8,988,,,,,,,,,,,,,,,,,,,,,,,,,,,,,,,,,
5/13/2020,2020,5,13,3,30,0,0,5.5,0.16,1.8,100,5.5,988,,,,,,,,,,,,,,,,,,,,,,,,,,,,,,,,,
5/13/2020,2020,5,13,4,30,0,0,5.9,0.16,2.2,100,5.9,988,,,,,,,,,,,,,,,,,,,,,,,,,,,,,,,,,
5/13/2020,2020,5,13,5,30,35,117,6.1,0.16,2.9,93.67,7.1,988,,,,,,,,,,,,,,,,,,,,,,,,,,,,,,,,,
5/13/2020,2020,5,13,6,30,98,247,6.6,0.16,3.7,84.63,9.1,988,,,,,,,,,,,,,,,,,,,,,,,,,,,,,,,,,
5/13/2020,2020,5,13,7,30,151,17,7.2,0.16,4.7,76.58,11.2,987,,,,,,,,,,,,,,,,,,,,,,,,,,,,,,,,,
5/13/2020,2020,5,13,8,30,244,66,7.6,0.16,5.3,70.54,12.8,987,,,,,,,,,,,,,,,,,,,,,,,,,,,,,,,,,
5/13/2020,2020,5,13,9,30,332,67,8,0.16,5.7,68.01,13.8,986,,,,,,,,,,,,,,,,,,,,,,,,,,,,,,,,,
5/13/2020,2020,5,13,10,30,261,16,8.5,0.16,5.9,67.27,14.5,985,,,,,,,,,,,,,,,,,,,,,,,,,,,,,,,,,
5/13/2020,2020,5,13,11,30,186,7,9.1,0.16,5.9,67.75,15,984,,,,,,,,,,,,,,,,,,,,,,,,,,,,,,,,,
5/13/2020,2020,5,13,12,30,162,6,9.8,0.16,5.8,68.76,15.5,984,,,,,,,,,,,,,,,,,,,,,,,,,,,,,,,,,
5/13/2020,2020,5,13,13,30,109,1,10.5,0.16,5.6,71.45,15.6,983,,,,,,,,,,,,,,,,,,,,,,,,,,,,,,,,,
5/13/2020,2020,5,13,14,30,133,6,11,0.16,5.4,75.09,15.4,982,,,,,,,,,,,,,,,,,,,,,,,,,,,,,,,,,
5/13/2020,2020,5,13,15,30,69,0,11.5,0.16,5.1,79.4,15,981,,,,,,,,,,,,,,,,,,,,,,,,,,,,,,,,,
5/13/2020,2020,5,13,16,30,84,13,11.8,0.16,4.8,83.45,14.6,981,,,,,,,,,,,,,,,,,,,,,,,,,,,,,,,,,
5/13/2020,2020,5,13,17,30,88,43,12.1,0.16,4.6,86.85,14.3,981,,,,,,,,,,,,,,,,,,,,,,,,,,,,,,,,,
5/13/2020,2020,5,13,18,30,28,66,12.4,0.17,3.6,95.41,13.1,981,,,,,,,,,,,,,,,,,,,,,,,,,,,,,,,,,
5/13/2020,2020,5,13,19,30,1,1,12.3,0.17,3.5,98.39,12.5,981,,,,,,,,,,,,,,,,,,,,,,,,,,,,,,,,,
5/13/2020,2020,5,13,20,30,0,0,12,0.17,3.5,97.99,12.3,981,,,,,,,,,,,,,,,,,,,,,,,,,,,,,,,,,
5/13/2020,2020,5,13,21,30,0,0,11.9,0.17,3.4,97.37,12.3,981,,,,,,,,,,,,,,,,,,,,,,,,,,,,,,,,,
5/13/2020,2020,5,13,22,30,0,0,12,0.17,3.4,97.25,12.4,980,,,,,,,,,,,,,,,,,,,,,,,,,,,,,,,,,
5/13/2020,2020,5,13,23,30,0,0,12.3,0.17,3.4,96.78,12.8,980,,,,,,,,,,,,,,,,,,,,,,,,,,,,,,,,,
5/14/2020,2020,5,14,0,30,0,0,12.8,0.17,3.4,96.77,13.3,979,,,,,,,,,,,,,,,,,,,,,,,,,,,,,,,,,
5/14/2020,2020,5,14,1,30,0,0,13.5,0.17,3.3,97.29,13.9,979,,,,,,,,,,,,,,,,,,,,,,,,,,,,,,,,,
5/14/2020,2020,5,14,2,30,0,0,14.2,0.17,3.3,98.69,14.4,979,,,,,,,,,,,,,,,,,,,,,,,,,,,,,,,,,
5/14/2020,2020,5,14,3,30,0,0,14.8,0.17,2.9,99.79,14.8,979,,,,,,,,,,,,,,,,,,,,,,,,,,,,,,,,,
5/14/2020,2020,5,14,4,30,0,0,14.8,0.17,2.2,100,14.8,979,,,,,,,,,,,,,,,,,,,,,,,,,,,,,,,,,
5/14/2020,2020,5,14,5,30,9,0,14.7,0.17,1.6,99.72,14.7,979,,,,,,,,,,,,,,,,,,,,,,,,,,,,,,,,,
5/14/2020,2020,5,14,6,30,21,0,14.6,0.17,1.6,97.39,15,979,,,,,,,,,,,,,,,,,,,,,,,,,,,,,,,,,
5/14/2020,2020,5,14,7,30,14,0,14.8,0.17,2.2,94.23,15.7,979,,,,,,,,,,,,,,,,,,,,,,,,,,,,,,,,,
5/14/2020,2020,5,14,8,30,127,5,15.1,0.17,2.1,89.7,16.8,979,,,,,,,,,,,,,,,,,,,,,,,,,,,,,,,,,
5/14/2020,2020,5,14,9,30,223,17,15.6,0.17,1.3,84.56,18.2,979,,,,,,,,,,,,,,,,,,,,,,,,,,,,,,,,,
5/14/2020,2020,5,14,10,30,214,20,16.1,0.17,0.6,79.06,19.8,979,,,,,,,,,,,,,,,,,,,,,,,,,,,,,,,,,
5/14/2020,2020,5,14,11,30,48,0,16.6,0.17,0.5,75.32,21.1,979,,,,,,,,,,,,,,,,,,,,,,,,,,,,,,,,,
5/14/2020,2020,5,14,12,30,98,2,17,0.17,0.8,72.82,22.1,978,,,,,,,,,,,,,,,,,,,,,,,,,,,,,,,,,
5/14/2020,2020,5,14,13,30,346,91,17.4,0.17,1.2,72.13,22.7,978,,,,,,,,,,,,,,,,,,,,,,,,,,,,,,,,,
5/14/2020,2020,5,14,14,30,44,0,17.7,0.17,1.2,73.14,22.8,977,,,,,,,,,,,,,,,,,,,,,,,,,,,,,,,,,
5/14/2020,2020,5,14,15,30,36,0,18.1,0.17,0.8,76.09,22.5,977,,,,,,,,,,,,,,,,,,,,,,,,,,,,,,,,,
5/14/2020,2020,5,14,16,30,11,0,18.4,0.17,0.6,80.49,21.9,977,,,,,,,,,,,,,,,,,,,,,,,,,,,,,,,,,
5/14/2020,2020,5,14,17,30,104,83,19,0.17,0.6,86.08,21.4,977,,,,,,,,,,,,,,,,,,,,,,,,,,,,,,,,,
5/14/2020,2020,5,14,18,30,32,0,18.8,0.17,1.7,98.14,19.1,977,,,,,,,,,,,,,,,,,,,,,,,,,,,,,,,,,
5/14/2020,2020,5,14,19,30,0,0,18,0.17,3,99.43,18.1,977,,,,,,,,,,,,,,,,,,,,,,,,,,,,,,,,,
5/14/2020,2020,5,14,20,30,0,0,17.2,0.17,3.8,100,17.2,977,,,,,,,,,,,,,,,,,,,,,,,,,,,,,,,,,
5/14/2020,2020,5,14,21,30,0,0,16.1,0.17,4.5,100,16.1,978,,,,,,,,,,,,,,,,,,,,,,,,,,,,,,,,,
5/14/2020,2020,5,14,22,30,0,0,15.1,0.17,4.4,99.34,15.2,978,,,,,,,,,,,,,,,,,,,,,,,,,,,,,,,,,
5/14/2020,2020,5,14,23,30,0,0,14.1,0.17,3,99.34,14.2,978,,,,,,,,,,,,,,,,,,,,,,,,,,,,,,,,,
5/15/2020,2020,5,15,0,30,0,0,13.3,0.17,1.9,100,13.3,979,,,,,,,,,,,,,,,,,,,,,,,,,,,,,,,,,
5/15/2020,2020,5,15,1,30,0,0,12.7,0.17,1.9,100,12.7,980,,,,,,,,,,,,,,,,,,,,,,,,,,,,,,,,,
5/15/2020,2020,5,15,2,30,0,0,12.6,0.17,2.7,100,12.6,980,,,,,,,,,,,,,,,,,,,,,,,,,,,,,,,,,
5/15/2020,2020,5,15,3,30,0,0,12,0.17,3.1,100,12,981,,,,,,,,,,,,,,,,,,,,,,,,,,,,,,,,,
5/15/2020,2020,5,15,4,30,0,0,11,0.17,3.1,99.01,11.1,982,,,,,,,,,,,,,,,,,,,,,,,,,,,,,,,,,
5/15/2020,2020,5,15,5,30,34,78,9.3,0.17,3.4,88.78,11.1,983,,,,,,,,,,,,,,,,,,,,,,,,,,,,,,,,,
5/15/2020,2020,5,15,6,30,71,517,8.8,0.17,3.6,78,12.5,984,,,,,,,,,,,,,,,,,,,,,,,,,,,,,,,,,
5/15/2020,2020,5,15,7,30,94,715,8.9,0.17,3.8,66.79,15,985,,,,,,,,,,,,,,,,,,,,,,,,,,,,,,,,,
5/15/2020,2020,5,15,8,30,178,573,7.7,0.17,3.7,54.1,17.1,985,,,,,,,,,,,,,,,,,,,,,,,,,,,,,,,,,
5/15/2020,2020,5,15,9,30,284,459,7.8,0.17,3.2,51.39,18,985,,,,,,,,,,,,,,,,,,,,,,,,,,,,,,,,,
5/15/2020,2020,5,15,10,30,235,692,7.8,0.17,3.1,49.51,18.6,985,,,,,,,,,,,,,,,,,,,,,,,,,,,,,,,,,
5/15/2020,2020,5,15,11,30,337,568,8.1,0.17,3.4,46.75,19.8,985,,,,,,,,,,,,,,,,,,,,,,,,,,,,,,,,,
5/15/2020,2020,5,15,12,30,366,517,8.6,0.17,3.6,44.05,21.3,984,,,,,,,,,,,,,,,,,,,,,,,,,,,,,,,,,
5/15/2020,2020,5,15,13,30,237,696,8.8,0.17,3.9,42.05,22.3,984,,,,,,,,,,,,,,,,,,,,,,,,,,,,,,,,,
5/15/2020,2020,5,15,14,30,183,731,8.9,0.17,3.5,41.63,22.6,983,,,,,,,,,,,,,,,,,,,,,,,,,,,,,,,,,
5/15/2020,2020,5,15,15,30,99,854,9.1,0.17,2.7,42.71,22.4,984,,,,,,,,,,,,,,,,,,,,,,,,,,,,,,,,,
5/15/2020,2020,5,15,16,30,89,782,9.1,0.17,2.2,44.8,21.6,984,,,,,,,,,,,,,,,,,,,,,,,,,,,,,,,,,
5/15/2020,2020,5,15,17,30,73,657,10.5,0.17,2,51.13,21,984,,,,,,,,,,,,,,,,,,,,,,,,,,,,,,,,,
5/15/2020,2020,5,15,18,30,55,181,13.3,0.17,1.2,78.81,17,984,,,,,,,,,,,,,,,,,,,,,,,,,,,,,,,,,
5/15/2020,2020,5,15,19,30,1,0,11.6,0.17,1.2,80.08,15,984,,,,,,,,,,,,,,,,,,,,,,,,,,,,,,,,,
5/15/2020,2020,5,15,20,30,0,0,10.8,0.17,1.3,81.45,13.9,985,,,,,,,,,,,,,,,,,,,,,,,,,,,,,,,,,
5/15/2020,2020,5,15,21,30,0,0,10.3,0.17,1.4,83.22,13.1,985,,,,,,,,,,,,,,,,,,,,,,,,,,,,,,,,,
5/15/2020,2020,5,15,22,30,0,0,9.9,0.17,1.4,85.16,12.3,985,,,,,,,,,,,,,,,,,,,,,,,,,,,,,,,,,
5/15/2020,2020,5,15,23,30,0,0,9.5,0.17,1.5,87.01,11.6,985,,,,,,,,,,,,,,,,,,,,,,,,,,,,,,,,,
5/16/2020,2020,5,16,0,30,0,0,9.2,0.17,1.5,88.66,11,984,,,,,,,,,,,,,,,,,,,,,,,,,,,,,,,,,
5/16/2020,2020,5,16,1,30,0,0,8.9,0.17,1.3,91.29,10.3,984,,,,,,,,,,,,,,,,,,,,,,,,,,,,,,,,,
5/16/2020,2020,5,16,2,30,0,0,8.7,0.17,1.2,92.62,9.8,984,,,,,,,,,,,,,,,,,,,,,,,,,,,,,,,,,
5/16/2020,2020,5,16,3,30,0,0,8.6,0.17,1.1,95.49,9.3,984,,,,,,,,,,,,,,,,,,,,,,,,,,,,,,,,,
5/16/2020,2020,5,16,4,30,0,0,8.7,0.17,1.2,94.56,9.5,984,,,,,,,,,,,,,,,,,,,,,,,,,,,,,,,,,
5/16/2020,2020,5,16,5,30,34,75,9.1,0.17,2,86.86,11.2,985,,,,,,,,,,,,,,,,,,,,,,,,,,,,,,,,,
5/16/2020,2020,5,16,6,30,79,431,10,0.17,2.4,78.72,13.6,985,,,,,,,,,,,,,,,,,,,,,,,,,,,,,,,,,
5/16/2020,2020,5,16,7,30,142,476,11.2,0.17,2.2,70.74,16.5,985,,,,,,,,,,,,,,,,,,,,,,,,,,,,,,,,,
5/16/2020,2020,5,16,8,30,235,412,11.6,0.17,2.5,59.96,19.6,985,,,,,,,,,,,,,,,,,,,,,,,,,,,,,,,,,
5/16/2020,2020,5,16,9,30,321,370,11.8,0.17,3.2,54.58,21.3,984,,,,,,,,,,,,,,,,,,,,,,,,,,,,,,,,,
5/16/2020,2020,5,16,10,30,413,240,12.6,0.17,3.9,54,22.4,983,,,,,,,,,,,,,,,,,,,,,,,,,,,,,,,,,
5/16/2020,2020,5,16,11,30,453,117,13.9,0.17,4.1,56.95,22.9,982,,,,,,,,,,,,,,,,,,,,,,,,,,,,,,,,,
5/16/2020,2020,5,16,12,30,446,264,15.1,0.17,4.1,62.24,22.7,982,,,,,,,,,,,,,,,,,,,,,,,,,,,,,,,,,
5/16/2020,2020,5,16,13,30,398,356,16,0.17,3.9,67.73,22.2,982,,,,,,,,,,,,,,,,,,,,,,,,,,,,,,,,,
5/16/2020,2020,5,16,14,30,372,271,16.7,0.17,3.7,74.08,21.5,981,,,,,,,,,,,,,,,,,,,,,,,,,,,,,,,,,
5/16/2020,2020,5,16,15,30,311,173,17.5,0.17,3.4,80.39,21,981,,,,,,,,,,,,,,,,,,,,,,,,,,,,,,,,,
5/16/2020,2020,5,16,16,30,225,144,18.2,0.17,3.2,86.6,20.5,980,,,,,,,,,,,,,,,,,,,,,,,,,,,,,,,,,
5/16/2020,2020,5,16,17,30,131,210,18.4,0.17,3.1,89.19,20.2,980,,,,,,,,,,,,,,,,,,,,,,,,,,,,,,,,,
5/16/2020,2020,5,16,18,30,40,8,18.1,0.17,2.8,95.72,18.8,980,,,,,,,,,,,,,,,,,,,,,,,,,,,,,,,,,
5/16/2020,2020,5,16,19,30,1,0,17.7,0.17,3.2,97.49,18.1,980,,,,,,,,,,,,,,,,,,,,,,,,,,,,,,,,,
5/16/2020,2020,5,16,20,30,0,0,17.5,0.17,3.6,99.31,17.6,979,,,,,,,,,,,,,,,,,,,,,,,,,,,,,,,,,
5/16/2020,2020,5,16,21,30,0,0,17.2,0.17,3.7,100,17.2,979,,,,,,,,,,,,,,,,,,,,,,,,,,,,,,,,,
5/16/2020,2020,5,16,22,30,0,0,16.8,0.17,3.6,100,16.8,978,,,,,,,,,,,,,,,,,,,,,,,,,,,,,,,,,
5/16/2020,2020,5,16,23,30,0,0,16.6,0.17,3.3,99.27,16.7,978,,,,,,,,,,,,,,,,,,,,,,,,,,,,,,,,,
5/17/2020,2020,5,17,0,30,0,0,16.5,0.17,3,99.21,16.6,977,,,,,,,,,,,,,,,,,,,,,,,,,,,,,,,,,
5/17/2020,2020,5,17,1,30,0,0,16.1,0.17,3.2,100,16.1,977,,,,,,,,,,,,,,,,,,,,,,,,,,,,,,,,,
5/17/2020,2020,5,17,2,30,0,0,14.9,0.17,3.7,100,14.9,977,,,,,,,,,,,,,,,,,,,,,,,,,,,,,,,,,
5/17/2020,2020,5,17,3,30,0,0,13.3,0.17,3.9,100,13.3,977,,,,,,,,,,,,,,,,,,,,,,,,,,,,,,,,,
5/17/2020,2020,5,17,4,30,0,0,12,0.17,4,100,12,977,,,,,,,,,,,,,,,,,,,,,,,,,,,,,,,,,
5/17/2020,2020,5,17,5,30,34,182,11,0.17,4.7,94.95,11.8,977,,,,,,,,,,,,,,,,,,,,,,,,,,,,,,,,,
5/17/2020,2020,5,17,6,30,65,231,10.9,0.17,5.4,88.87,12.7,977,,,,,,,,,,,,,,,,,,,,,,,,,,,,,,,,,
5/17/2020,2020,5,17,7,30,143,7,10.7,0.17,5.8,81.26,13.9,977,,,,,,,,,,,,,,,,,,,,,,,,,,,,,,,,,
5/17/2020,2020,5,17,8,30,139,0,10.1,0.17,6,72.29,15.1,976,,,,,,,,,,,,,,,,,,,,,,,,,,,,,,,,,
5/17/2020,2020,5,17,9,30,222,35,9.8,0.17,6.1,67.61,15.8,976,,,,,,,,,,,,,,,,,,,,,,,,,,,,,,,,,
5/17/2020,2020,5,17,10,30,197,13,9.7,0.17,6.2,67.12,15.8,976,,,,,,,,,,,,,,,,,,,,,,,,,,,,,,,,,
5/17/2020,2020,5,17,11,30,187,8,9.6,0.17,6.3,69.46,15.1,976,,,,,,,,,,,,,,,,,,,,,,,,,,,,,,,,,
5/17/2020,2020,5,17,12,30,184,8,9.4,0.17,6.1,71.77,14.4,976,,,,,,,,,,,,,,,,,,,,,,,,,,,,,,,,,
5/17/2020,2020,5,17,13,30,167,6,9.8,0.17,6,72.93,14.6,975,,,,,,,,,,,,,,,,,,,,,,,,,,,,,,,,,
5/17/2020,2020,5,17,14,30,256,142,10.7,0.17,6,74.01,15.3,975,,,,,,,,,,,,,,,,,,,,,,,,,,,,,,,,,
5/17/2020,2020,5,17,15,30,175,14,11.5,0.17,5.9,75.13,15.9,975,,,,,,,,,,,,,,,,,,,,,,,,,,,,,,,,,
5/17/2020,2020,5,17,16,30,79,4,12.2,0.17,5.6,77.44,16.1,975,,,,,,,,,,,,,,,,,,,,,,,,,,,,,,,,,
5/17/2020,2020,5,17,17,30,40,2,12.7,0.17,5.3,80.21,16.1,975,,,,,,,,,,,,,,,,,,,,,,,,,,,,,,,,,
5/17/2020,2020,5,17,18,30,36,0,12.9,0.17,4.9,90.56,14.4,976,,,,,,,,,,,,,,,,,,,,,,,,,,,,,,,,,
5/17/2020,2020,5,17,19,30,2,4,12.4,0.17,4.8,95.28,13.1,977,,,,,,,,,,,,,,,,,,,,,,,,,,,,,,,,,
5/17/2020,2020,5,17,20,30,0,0,12,0.17,4.8,96.5,12.5,977,,,,,,,,,,,,,,,,,,,,,,,,,,,,,,,,,
5/17/2020,2020,5,17,21,30,0,0,11.6,0.17,4.7,96.24,12.2,978,,,,,,,,,,,,,,,,,,,,,,,,,,,,,,,,,
5/17/2020,2020,5,17,22,30,0,0,11.4,0.17,4.7,96.04,12,978,,,,,,,,,,,,,,,,,,,,,,,,,,,,,,,,,
5/17/2020,2020,5,17,23,30,0,0,11.1,0.17,4.7,95.63,11.8,978,,,,,,,,,,,,,,,,,,,,,,,,,,,,,,,,,
5/18/2020,2020,5,18,0,30,0,0,10.6,0.17,4.8,96.23,11.2,978,,,,,,,,,,,,,,,,,,,,,,,,,,,,,,,,,
5/18/2020,2020,5,18,1,30,0,0,9.9,0.17,4.9,95.51,10.6,979,,,,,,,,,,,,,,,,,,,,,,,,,,,,,,,,,
5/18/2020,2020,5,18,2,30,0,0,9.3,0.17,5,94.31,10.2,979,,,,,,,,,,,,,,,,,,,,,,,,,,,,,,,,,
5/18/2020,2020,5,18,3,30,0,0,9.1,0.17,5,92.84,10.2,980,,,,,,,,,,,,,,,,,,,,,,,,,,,,,,,,,
5/18/2020,2020,5,18,4,30,0,0,9.1,0.17,4.9,91.96,10.3,980,,,,,,,,,,,,,,,,,,,,,,,,,,,,,,,,,
5/18/2020,2020,5,18,5,30,37,253,9.1,0.17,5,89.76,10.7,981,,,,,,,,,,,,,,,,,,,,,,,,,,,,,,,,,
5/18/2020,2020,5,18,6,30,69,211,9.3,0.17,5.3,86.11,11.5,981,,,,,,,,,,,,,,,,,,,,,,,,,,,,,,,,,
5/18/2020,2020,5,18,7,30,130,35,9.2,0.17,5.6,78.84,12.8,981,,,,,,,,,,,,,,,,,,,,,,,,,,,,,,,,,
5/18/2020,2020,5,18,8,30,230,160,9.1,0.17,5.7,72.86,13.9,981,,,,,,,,,,,,,,,,,,,,,,,,,,,,,,,,,
5/18/2020,2020,5,18,9,30,302,45,9.3,0.17,5.7,69.9,14.7,981,,,,,,,,,,,,,,,,,,,,,,,,,,,,,,,,,
5/18/2020,2020,5,18,10,30,210,10,9.5,0.17,5.6,69.41,15.1,981,,,,,,,,,,,,,,,,,,,,,,,,,,,,,,,,,
5/18/2020,2020,5,18,11,30,180,7,9.8,0.17,5.5,70.29,15.2,981,,,,,,,,,,,,,,,,,,,,,,,,,,,,,,,,,
5/18/2020,2020,5,18,12,30,145,4,10.1,0.17,5.4,70.58,15.4,981,,,,,,,,,,,,,,,,,,,,,,,,,,,,,,,,,
5/18/2020,2020,5,18,13,30,97,0,10.3,0.17,5.2,71.15,15.5,981,,,,,,,,,,,,,,,,,,,,,,,,,,,,,,,,,
5/18/2020,2020,5,18,14,30,127,1,10.5,0.17,5.1,71.61,15.6,981,,,,,,,,,,,,,,,,,,,,,,,,,,,,,,,,,
5/18/2020,2020,5,18,15,30,143,3,10.7,0.17,4.8,72.95,15.5,982,,,,,,,,,,,,,,,,,,,,,,,,,,,,,,,,,
5/18/2020,2020,5,18,16,30,91,763,10.8,0.17,4.4,75.13,15.2,982,,,,,,,,,,,,,,,,,,,,,,,,,,,,,,,,,
5/18/2020,2020,5,18,17,30,75,641,11,0.17,4.2,76.64,15.1,982,,,,,,,,,,,,,,,,,,,,,,,,,,,,,,,,,
5/18/2020,2020,5,18,18,30,49,416,11.3,0.17,2.6,86.14,13.6,982,,,,,,,,,,,,,,,,,,,,,,,,,,,,,,,,,
5/18/2020,2020,5,18,19,30,4,24,11.4,0.17,2.1,92.81,12.5,983,,,,,,,,,,,,,,,,,,,,,,,,,,,,,,,,,
5/18/2020,2020,5,18,20,30,0,0,11.1,0.17,2.2,94.9,11.9,983,,,,,,,,,,,,,,,,,,,,,,,,,,,,,,,,,
5/18/2020,2020,5,18,21,30,0,0,11,0.17,2.4,95.94,11.6,983,,,,,,,,,,,,,,,,,,,,,,,,,,,,,,,,,
5/18/2020,2020,5,18,22,30,0,0,10.9,0.17,2.5,96.58,11.4,983,,,,,,,,,,,,,,,,,,,,,,,,,,,,,,,,,
5/18/2020,2020,5,18,23,30,0,0,10.6,0.17,2.2,98.34,10.9,983,,,,,,,,,,,,,,,,,,,,,,,,,,,,,,,,,
5/19/2020,2020,5,19,0,30,0,0,10.3,0.17,2.1,99.46,10.4,983,,,,,,,,,,,,,,,,,,,,,,,,,,,,,,,,,
5/19/2020,2020,5,19,1,30,0,0,9.9,0.17,2.1,98.99,10.1,984,,,,,,,,,,,,,,,,,,,,,,,,,,,,,,,,,
5/19/2020,2020,5,19,2,30,0,0,9.6,0.17,2.1,97.81,9.9,984,,,,,,,,,,,,,,,,,,,,,,,,,,,,,,,,,
5/19/2020,2020,5,19,3,30,0,0,9.3,0.17,1.8,97.57,9.7,984,,,,,,,,,,,,,,,,,,,,,,,,,,,,,,,,,
5/19/2020,2020,5,19,4,30,0,0,9.2,0.17,1.8,96.66,9.7,985,,,,,,,,,,,,,,,,,,,,,,,,,,,,,,,,,
5/19/2020,2020,5,19,5,30,36,279,9.2,0.17,2.4,91.07,10.6,985,,,,,,,,,,,,,,,,,,,,,,,,,,,,,,,,,
5/19/2020,2020,5,19,6,30,42,74,9.4,0.17,2.9,82.74,12.2,985,,,,,,,,,,,,,,,,,,,,,,,,,,,,,,,,,
5/19/2020,2020,5,19,7,30,90,0,9.6,0.17,3,75.94,13.8,985,,,,,,,,,,,,,,,,,,,,,,,,,,,,,,,,,
5/19/2020,2020,5,19,8,30,99,0,10.3,0.17,3,71.89,15.3,985,,,,,,,,,,,,,,,,,,,,,,,,,,,,,,,,,
5/19/2020,2020,5,19,9,30,184,6,11.1,0.17,3,69.5,16.7,985,,,,,,,,,,,,,,,,,,,,,,,,,,,,,,,,,
5/19/2020,2020,5,19,10,30,262,15,12,0.17,3,67.94,18,985,,,,,,,,,,,,,,,,,,,,,,,,,,,,,,,,,
5/19/2020,2020,5,19,11,30,268,18,12.8,0.17,3.1,67.6,18.9,985,,,,,,,,,,,,,,,,,,,,,,,,,,,,,,,,,
5/19/2020,2020,5,19,12,30,331,28,13.4,0.17,3.3,68.04,19.4,985,,,,,,,,,,,,,,,,,,,,,,,,,,,,,,,,,
5/19/2020,2020,5,19,13,30,296,20,13.8,0.17,3.5,69.04,19.6,985,,,,,,,,,,,,,,,,,,,,,,,,,,,,,,,,,
5/19/2020,2020,5,19,14,30,316,33,14.1,0.17,3.6,69.94,19.7,985,,,,,,,,,,,,,,,,,,,,,,,,,,,,,,,,,
5/19/2020,2020,5,19,15,30,208,10,14.1,0.17,3.6,71.19,19.5,984,,,,,,,,,,,,,,,,,,,,,,,,,,,,,,,,,
5/19/2020,2020,5,19,16,30,82,777,14.1,0.17,3.5,73.2,19,984,,,,,,,,,,,,,,,,,,,,,,,,,,,,,,,,,
5/19/2020,2020,5,19,17,30,66,667,14,0.17,3.4,74.3,18.7,984,,,,,,,,,,,,,,,,,,,,,,,,,,,,,,,,,
5/19/2020,2020,5,19,18,30,44,447,14.2,0.17,2.1,86.79,16.4,985,,,,,,,,,,,,,,,,,,,,,,,,,,,,,,,,,
5/19/2020,2020,5,19,19,30,5,34,14.1,0.17,1.6,95.51,14.8,985,,,,,,,,,,,,,,,,,,,,,,,,,,,,,,,,,
5/19/2020,2020,5,19,20,30,0,0,13.6,0.17,1.7,96.24,14.2,985,,,,,,,,,,,,,,,,,,,,,,,,,,,,,,,,,
5/19/2020,2020,5,19,21,30,0,0,13.5,0.17,1.8,98.21,13.8,986,,,,,,,,,,,,,,,,,,,,,,,,,,,,,,,,,
5/19/2020,2020,5,19,22,30,0,0,13.3,0.17,1.8,100,13.3,986,,,,,,,,,,,,,,,,,,,,,,,,,,,,,,,,,
5/19/2020,2020,5,19,23,30,0,0,12.9,0.17,1.7,100,12.9,986,,,,,,,,,,,,,,,,,,,,,,,,,,,,,,,,,
5/20/2020,2020,5,20,0,30,0,0,12.4,0.17,1.5,100,12.4,986,,,,,,,,,,,,,,,,,,,,,,,,,,,,,,,,,
5/20/2020,2020,5,20,1,30,0,0,12,0.17,1.3,100,12,986,,,,,,,,,,,,,,,,,,,,,,,,,,,,,,,,,
5/20/2020,2020,5,20,2,30,0,0,11.8,0.17,1.2,100,11.8,986,,,,,,,,,,,,,,,,,,,,,,,,,,,,,,,,,
5/20/2020,2020,5,20,3,30,0,0,11.7,0.17,1.3,100,11.7,987,,,,,,,,,,,,,,,,,,,,,,,,,,,,,,,,,
5/20/2020,2020,5,20,4,30,0,0,12,0.17,1.8,100,12,987,,,,,,,,,,,,,,,,,,,,,,,,,,,,,,,,,
5/20/2020,2020,5,20,5,30,40,208,12.1,0.17,2.6,93.61,13.1,987,,,,,,,,,,,,,,,,,,,,,,,,,,,,,,,,,
5/20/2020,2020,5,20,6,30,68,243,12.5,0.17,3.3,87.12,14.6,987,,,,,,,,,,,,,,,,,,,,,,,,,,,,,,,,,
5/20/2020,2020,5,20,7,30,74,0,13.2,0.17,3.8,81.56,16.4,987,,,,,,,,,,,,,,,,,,,,,,,,,,,,,,,,,
5/20/2020,2020,5,20,8,30,139,1,13.8,0.17,4.1,76.95,17.9,987,,,,,,,,,,,,,,,,,,,,,,,,,,,,,,,,,
5/20/2020,2020,5,20,9,30,228,13,14,0.17,4.2,72.38,19.1,987,,,,,,,,,,,,,,,,,,,,,,,,,,,,,,,,,
5/20/2020,2020,5,20,10,30,205,9,14.1,0.17,4.2,68.75,20,987,,,,,,,,,,,,,,,,,,,,,,,,,,,,,,,,,
5/20/2020,2020,5,20,11,30,129,2,14.2,0.17,4.3,67.2,20.5,986,,,,,,,,,,,,,,,,,,,,,,,,,,,,,,,,,
5/20/2020,2020,5,20,12,30,111,1,14.2,0.17,4.3,67.21,20.5,986,,,,,,,,,,,,,,,,,,,,,,,,,,,,,,,,,
5/20/2020,2020,5,20,13,30,103,0,14,0.17,4.2,69.44,19.8,986,,,,,,,,,,,,,,,,,,,,,,,,,,,,,,,,,
5/20/2020,2020,5,20,14,30,104,0,13.8,0.17,4.1,71.3,19.1,986,,,,,,,,,,,,,,,,,,,,,,,,,,,,,,,,,
5/20/2020,2020,5,20,15,30,102,0,13.6,0.17,3.9,73.17,18.5,986,,,,,,,,,,,,,,,,,,,,,,,,,,,,,,,,,
5/20/2020,2020,5,20,16,30,105,716,13.6,0.17,3.8,74.38,18.2,986,,,,,,,,,,,,,,,,,,,,,,,,,,,,,,,,,
5/20/2020,2020,5,20,17,30,84,602,13.6,0.17,3.7,75.49,18,986,,,,,,,,,,,,,,,,,,,,,,,,,,,,,,,,,
5/20/2020,2020,5,20,18,30,52,390,13.9,0.17,2.5,85.74,16.3,986,,,,,,,,,,,,,,,,,,,,,,,,,,,,,,,,,
5/20/2020,2020,5,20,19,30,5,26,14.1,0.17,2.2,92.92,15.2,986,,,,,,,,,,,,,,,,,,,,,,,,,,,,,,,,,
5/20/2020,2020,5,20,20,30,0,0,13.9,0.17,2.6,94.62,14.8,986,,,,,,,,,,,,,,,,,,,,,,,,,,,,,,,,,
5/20/2020,2020,5,20,21,30,0,0,14,0.17,2.8,95.73,14.7,986,,,,,,,,,,,,,,,,,,,,,,,,,,,,,,,,,
5/20/2020,2020,5,20,22,30,0,0,14,0.17,2.7,98.33,14.3,986,,,,,,,,,,,,,,,,,,,,,,,,,,,,,,,,,
5/20/2020,2020,5,20,23,30,0,0,13.6,0.17,2.4,100,13.6,986,,,,,,,,,,,,,,,,,,,,,,,,,,,,,,,,,
5/21/2020,2020,5,21,0,30,0,0,12.8,0.17,2,100,12.8,986,,,,,,,,,,,,,,,,,,,,,,,,,,,,,,,,,
5/21/2020,2020,5,21,1,30,0,0,12.1,0.17,2,100,12.1,986,,,,,,,,,,,,,,,,,,,,,,,,,,,,,,,,,
5/21/2020,2020,5,21,2,30,0,0,11.9,0.17,2,100,11.9,986,,,,,,,,,,,,,,,,,,,,,,,,,,,,,,,,,
5/21/2020,2020,5,21,3,30,0,0,11.8,0.17,2.1,100,11.8,986,,,,,,,,,,,,,,,,,,,,,,,,,,,,,,,,,
5/21/2020,2020,5,21,4,30,0,0,12.1,0.17,2.4,99.27,12.2,986,,,,,,,,,,,,,,,,,,,,,,,,,,,,,,,,,
5/21/2020,2020,5,21,5,30,36,308,12.1,0.17,3,92.9,13.2,987,,,,,,,,,,,,,,,,,,,,,,,,,,,,,,,,,
5/21/2020,2020,5,21,6,30,26,76,12.2,0.17,3.4,86.56,14.4,987,,,,,,,,,,,,,,,,,,,,,,,,,,,,,,,,,
5/21/2020,2020,5,21,7,30,97,60,12,0.17,3.3,80.25,15.4,987,,,,,,,,,,,,,,,,,,,,,,,,,,,,,,,,,
5/21/2020,2020,5,21,8,30,139,123,11.9,0.17,3.3,75.94,16.1,987,,,,,,,,,,,,,,,,,,,,,,,,,,,,,,,,,
5/21/2020,2020,5,21,9,30,281,234,11.9,0.17,3.3,73.66,16.6,986,,,,,,,,,,,,,,,,,,,,,,,,,,,,,,,,,
5/21/2020,2020,5,21,10,30,231,20,12,0.17,3.5,71.71,17.2,986,,,,,,,,,,,,,,,,,,,,,,,,,,,,,,,,,
5/21/2020,2020,5,21,11,30,162,5,12.3,0.17,3.8,69.71,17.9,985,,,,,,,,,,,,,,,,,,,,,,,,,,,,,,,,,
5/21/2020,2020,5,21,12,30,165,5,12.6,0.17,4,68.39,18.5,985,,,,,,,,,,,,,,,,,,,,,,,,,,,,,,,,,
5/21/2020,2020,5,21,13,30,235,23,12.8,0.17,4.2,66.95,19.1,984,,,,,,,,,,,,,,,,,,,,,,,,,,,,,,,,,
5/21/2020,2020,5,21,14,30,187,10,13.1,0.17,4.2,66.75,19.4,984,,,,,,,,,,,,,,,,,,,,,,,,,,,,,,,,,
5/21/2020,2020,5,21,15,30,128,3,13,0.17,4,67.42,19.2,983,,,,,,,,,,,,,,,,,,,,,,,,,,,,,,,,,
5/21/2020,2020,5,21,16,30,98,753,12.9,0.17,3.8,69.5,18.6,983,,,,,,,,,,,,,,,,,,,,,,,,,,,,,,,,,
5/21/2020,2020,5,21,17,30,81,632,12.8,0.17,3.7,70.24,18.3,983,,,,,,,,,,,,,,,,,,,,,,,,,,,,,,,,,
5/21/2020,2020,5,21,18,30,53,405,13.1,0.17,2.4,81.21,16.3,984,,,,,,,,,,,,,,,,,,,,,,,,,,,,,,,,,
5/21/2020,2020,5,21,19,30,4,14,13.4,0.17,1.9,88.21,15.3,985,,,,,,,,,,,,,,,,,,,,,,,,,,,,,,,,,
5/21/2020,2020,5,21,20,30,0,0,13.3,0.17,1.6,93.29,14.4,985,,,,,,,,,,,,,,,,,,,,,,,,,,,,,,,,,
5/21/2020,2020,5,21,21,30,0,0,13.1,0.17,1.6,96.76,13.6,985,,,,,,,,,,,,,,,,,,,,,,,,,,,,,,,,,
5/21/2020,2020,5,21,22,30,0,0,12.7,0.17,1.9,98.12,13,984,,,,,,,,,,,,,,,,,,,,,,,,,,,,,,,,,
5/21/2020,2020,5,21,23,30,0,0,12.4,0.17,2,100,12.4,984,,,,,,,,,,,,,,,,,,,,,,,,,,,,,,,,,
5/22/2020,2020,5,22,0,30,0,0,12,0.17,2,100,12,984,,,,,,,,,,,,,,,,,,,,,,,,,,,,,,,,,
5/22/2020,2020,5,22,1,30,0,0,11.9,0.17,2,100,11.9,984,,,,,,,,,,,,,,,,,,,,,,,,,,,,,,,,,
5/22/2020,2020,5,22,2,30,0,0,12.1,0.17,2.2,100,12.1,984,,,,,,,,,,,,,,,,,,,,,,,,,,,,,,,,,
5/22/2020,2020,5,22,3,30,0,0,12.1,0.17,2.2,98.66,12.3,984,,,,,,,,,,,,,,,,,,,,,,,,,,,,,,,,,
5/22/2020,2020,5,22,4,30,0,0,12.1,0.17,2.1,97.2,12.5,984,,,,,,,,,,,,,,,,,,,,,,,,,,,,,,,,,
5/22/2020,2020,5,22,5,30,16,69,12.2,0.17,2.3,93.5,13.2,984,,,,,,,,,,,,,,,,,,,,,,,,,,,,,,,,,
5/22/2020,2020,5,22,6,30,89,85,12.5,0.17,2.6,86.91,14.7,984,,,,,,,,,,,,,,,,,,,,,,,,,,,,,,,,,
5/22/2020,2020,5,22,7,30,102,0,13.2,0.17,2.9,79.1,16.8,984,,,,,,,,,,,,,,,,,,,,,,,,,,,,,,,,,
5/22/2020,2020,5,22,8,30,160,480,13.5,0.17,3.4,70.9,18.9,983,,,,,,,,,,,,,,,,,,,,,,,,,,,,,,,,,
5/22/2020,2020,5,22,9,30,136,789,14,0.17,3.7,67.93,20.1,983,,,,,,,,,,,,,,,,,,,,,,,,,,,,,,,,,
5/22/2020,2020,5,22,10,30,137,835,14.3,0.17,3.7,66.52,20.8,983,,,,,,,,,,,,,,,,,,,,,,,,,,,,,,,,,
5/22/2020,2020,5,22,11,30,164,802,14.6,0.17,3.6,65.82,21.3,982,,,,,,,,,,,,,,,,,,,,,,,,,,,,,,,,,
5/22/2020,2020,5,22,12,30,245,15,14.9,0.17,3.5,64.48,21.9,981,,,,,,,,,,,,,,,,,,,,,,,,,,,,,,,,,
5/22/2020,2020,5,22,13,30,277,16,15.2,0.17,3.6,62.53,22.7,980,,,,,,,,,,,,,,,,,,,,,,,,,,,,,,,,,
5/22/2020,2020,5,22,14,30,326,73,15.4,0.17,4,61.91,23.1,980,,,,,,,,,,,,,,,,,,,,,,,,,,,,,,,,,
5/22/2020,2020,5,22,15,30,219,33,15.4,0.17,3.9,63.69,22.6,980,,,,,,,,,,,,,,,,,,,,,,,,,,,,,,,,,
5/22/2020,2020,5,22,16,30,141,4,15.5,0.17,3.3,68.2,21.6,980,,,,,,,,,,,,,,,,,,,,,,,,,,,,,,,,,
5/22/2020,2020,5,22,17,30,42,0,16.3,0.17,2.9,74.07,21.1,980,,,,,,,,,,,,,,,,,,,,,,,,,,,,,,,,,
5/22/2020,2020,5,22,18,30,25,0,16.8,0.17,2.7,86.3,19.1,979,,,,,,,,,,,,,,,,,,,,,,,,,,,,,,,,,
5/22/2020,2020,5,22,19,30,2,0,16.5,0.17,3.4,89.26,18.3,979,,,,,,,,,,,,,,,,,,,,,,,,,,,,,,,,,
5/22/2020,2020,5,22,20,30,0,0,16.4,0.17,4.3,91.61,17.8,979,,,,,,,,,,,,,,,,,,,,,,,,,,,,,,,,,
5/22/2020,2020,5,22,21,30,0,0,16.3,0.17,4.9,93.48,17.4,978,,,,,,,,,,,,,,,,,,,,,,,,,,,,,,,,,
5/22/2020,2020,5,22,22,30,0,0,16.3,0.17,5.1,94.53,17.2,978,,,,,,,,,,,,,,,,,,,,,,,,,,,,,,,,,
5/22/2020,2020,5,22,23,30,0,0,16.4,0.17,5.1,96.19,17,978,,,,,,,,,,,,,,,,,,,,,,,,,,,,,,,,,
5/23/2020,2020,5,23,0,30,0,0,16.4,0.17,4.9,96.53,17,977,,,,,,,,,,,,,,,,,,,,,,,,,,,,,,,,,
5/23/2020,2020,5,23,1,30,0,0,16.6,0.17,4.4,97.28,17,976,,,,,,,,,,,,,,,,,,,,,,,,,,,,,,,,,
5/23/2020,2020,5,23,2,30,0,0,16.7,0.17,3.7,98.33,17,976,,,,,,,,,,,,,,,,,,,,,,,,,,,,,,,,,
5/23/2020,2020,5,23,3,30,0,0,16.8,0.17,2.9,99.51,16.9,976,,,,,,,,,,,,,,,,,,,,,,,,,,,,,,,,,
5/23/2020,2020,5,23,4,30,0,0,16.7,0.17,2.5,99.47,16.8,976,,,,,,,,,,,,,,,,,,,,,,,,,,,,,,,,,
5/23/2020,2020,5,23,5,30,14,0,16.7,0.17,2.5,97.25,17.1,976,,,,,,,,,,,,,,,,,,,,,,,,,,,,,,,,,
5/23/2020,2020,5,23,6,30,14,0,17,0.17,2.7,95.09,17.8,976,,,,,,,,,,,,,,,,,,,,,,,,,,,,,,,,,
5/23/2020,2020,5,23,7,30,151,140,17,0.17,2.3,91.11,18.5,977,,,,,,,,,,,,,,,,,,,,,,,,,,,,,,,,,
5/23/2020,2020,5,23,8,30,256,66,16.9,0.17,1.7,85.9,19.3,977,,,,,,,,,,,,,,,,,,,,,,,,,,,,,,,,,
5/23/2020,2020,5,23,9,30,233,17,16.8,0.17,2.3,79.25,20.5,977,,,,,,,,,,,,,,,,,,,,,,,,,,,,,,,,,
5/23/2020,2020,5,23,10,30,219,15,16.7,0.17,3.6,72.49,21.9,977,,,,,,,,,,,,,,,,,,,,,,,,,,,,,,,,,
5/23/2020,2020,5,23,11,30,375,94,16.3,0.17,4.3,66.38,22.9,977,,,,,,,,,,,,,,,,,,,,,,,,,,,,,,,,,
5/23/2020,2020,5,23,12,30,328,257,16,0.17,4.5,62.36,23.6,978,,,,,,,,,,,,,,,,,,,,,,,,,,,,,,,,,
5/23/2020,2020,5,23,13,30,357,85,16.1,0.17,4.2,61.31,24,978,,,,,,,,,,,,,,,,,,,,,,,,,,,,,,,,,
5/23/2020,2020,5,23,14,30,116,859,16.6,0.17,3.8,62.04,24.3,978,,,,,,,,,,,,,,,,,,,,,,,,,,,,,,,,,
5/23/2020,2020,5,23,15,30,120,796,17,0.17,3.1,63.3,24.4,978,,,,,,,,,,,,,,,,,,,,,,,,,,,,,,,,,
5/23/2020,2020,5,23,16,30,104,730,17.3,0.17,2.2,65.41,24.2,978,,,,,,,,,,,,,,,,,,,,,,,,,,,,,,,,,
5/23/2020,2020,5,23,17,30,84,614,17.7,0.17,1.7,67.8,24,978,,,,,,,,,,,,,,,,,,,,,,,,,,,,,,,,,
5/23/2020,2020,5,23,18,30,55,383,18.5,0.17,0.4,77.81,22.6,978,,,,,,,,,,,,,,,,,,,,,,,,,,,,,,,,,
5/23/2020,2020,5,23,19,30,7,34,16.7,0.17,0.5,74.38,21.4,979,,,,,,,,,,,,,,,,,,,,,,,,,,,,,,,,,
5/23/2020,2020,5,23,20,30,0,0,16.1,0.17,0.9,78.48,20,979,,,,,,,,,,,,,,,,,,,,,,,,,,,,,,,,,
5/23/2020,2020,5,23,21,30,0,0,16.1,0.17,1.1,85.84,18.5,980,,,,,,,,,,,,,,,,,,,,,,,,,,,,,,,,,
5/23/2020,2020,5,23,22,30,0,0,16,0.17,1.3,90.41,17.6,980,,,,,,,,,,,,,,,,,,,,,,,,,,,,,,,,,
5/23/2020,2020,5,23,23,30,0,0,15.9,0.17,1.6,92.28,17.2,980,,,,,,,,,,,,,,,,,,,,,,,,,,,,,,,,,
5/24/2020,2020,5,24,0,30,0,0,15.9,0.17,2,92.26,17.2,980,,,,,,,,,,,,,,,,,,,,,,,,,,,,,,,,,
5/24/2020,2020,5,24,1,30,0,0,16,0.17,2.3,92.62,17.2,979,,,,,,,,,,,,,,,,,,,,,,,,,,,,,,,,,
5/24/2020,2020,5,24,2,30,0,0,16.2,0.17,2.4,95.83,16.9,979,,,,,,,,,,,,,,,,,,,,,,,,,,,,,,,,,
5/24/2020,2020,5,24,3,30,0,0,16.6,0.17,2.2,100,16.6,979,,,,,,,,,,,,,,,,,,,,,,,,,,,,,,,,,
5/24/2020,2020,5,24,4,30,0,0,16.9,0.17,2.2,100,16.9,979,,,,,,,,,,,,,,,,,,,,,,,,,,,,,,,,,
5/24/2020,2020,5,24,5,30,38,25,17.5,0.17,2.5,96.75,18,980,,,,,,,,,,,,,,,,,,,,,,,,,,,,,,,,,
5/24/2020,2020,5,24,6,30,68,0,18.2,0.17,2.8,93.53,19.3,980,,,,,,,,,,,,,,,,,,,,,,,,,,,,,,,,,
5/24/2020,2020,5,24,7,30,51,0,19.2,0.17,2.9,89.78,20.9,980,,,,,,,,,,,,,,,,,,,,,,,,,,,,,,,,,
5/24/2020,2020,5,24,8,30,76,0,20.4,0.17,3,86.58,22.8,980,,,,,,,,,,,,,,,,,,,,,,,,,,,,,,,,,
5/24/2020,2020,5,24,9,30,217,12,20.9,0.17,3,80.31,24.5,980,,,,,,,,,,,,,,,,,,,,,,,,,,,,,,,,,
5/24/2020,2020,5,24,10,30,402,266,20.3,0.17,3.1,71.37,25.9,979,,,,,,,,,,,,,,,,,,,,,,,,,,,,,,,,,
5/24/2020,2020,5,24,11,30,403,257,19.9,0.17,3.2,65.33,27,979,,,,,,,,,,,,,,,,,,,,,,,,,,,,,,,,,
5/24/2020,2020,5,24,12,30,382,431,20,0.17,3.2,63.61,27.5,978,,,,,,,,,,,,,,,,,,,,,,,,,,,,,,,,,
5/24/2020,2020,5,24,13,30,141,843,20.3,0.17,3.2,64.82,27.5,978,,,,,,,,,,,,,,,,,,,,,,,,,,,,,,,,,
5/24/2020,2020,5,24,14,30,170,745,20.7,0.17,3.1,67.87,27.1,978,,,,,,,,,,,,,,,,,,,,,,,,,,,,,,,,,
5/24/2020,2020,5,24,15,30,247,40,21.2,0.17,2.8,73.9,26.2,978,,,,,,,,,,,,,,,,,,,,,,,,,,,,,,,,,
5/24/2020,2020,5,24,16,30,62,0,22,0.17,2.2,84.19,24.9,978,,,,,,,,,,,,,,,,,,,,,,,,,,,,,,,,,
5/24/2020,2020,5,24,17,30,41,0,22.5,0.17,2,90.4,24.2,978,,,,,,,,,,,,,,,,,,,,,,,,,,,,,,,,,
5/24/2020,2020,5,24,18,30,35,0,22.1,0.17,1.5,99.46,22.2,979,,,,,,,,,,,,,,,,,,,,,,,,,,,,,,,,,
5/24/2020,2020,5,24,19,30,2,0,21.3,0.17,1.3,100,21.3,979,,,,,,,,,,,,,,,,,,,,,,,,,,,,,,,,,
5/24/2020,2020,5,24,20,30,0,0,20.7,0.17,1,100,20.7,980,,,,,,,,,,,,,,,,,,,,,,,,,,,,,,,,,
5/24/2020,2020,5,24,21,30,0,0,20.2,0.17,1,100,20.2,979,,,,,,,,,,,,,,,,,,,,,,,,,,,,,,,,,
5/24/2020,2020,5,24,22,30,0,0,19.7,0.17,1.3,100,19.7,979,,,,,,,,,,,,,,,,,,,,,,,,,,,,,,,,,
5/24/2020,2020,5,24,23,30,0,0,19.2,0.17,1.6,100,19.2,979,,,,,,,,,,,,,,,,,,,,,,,,,,,,,,,,,
5/25/2020,2020,5,25,0,30,0,0,18.7,0.17,1.5,100,18.7,979,,,,,,,,,,,,,,,,,,,,,,,,,,,,,,,,,
5/25/2020,2020,5,25,1,30,0,0,18.1,0.17,1.2,100,18.1,979,,,,,,,,,,,,,,,,,,,,,,,,,,,,,,,,,
5/25/2020,2020,5,25,2,30,0,0,17.6,0.17,0.9,100,17.6,979,,,,,,,,,,,,,,,,,,,,,,,,,,,,,,,,,
5/25/2020,2020,5,25,3,30,0,0,17.2,0.17,0.8,100,17.2,979,,,,,,,,,,,,,,,,,,,,,,,,,,,,,,,,,
5/25/2020,2020,5,25,4,30,0,0,17.4,0.17,0.6,99.27,17.5,979,,,,,,,,,,,,,,,,,,,,,,,,,,,,,,,,,
5/25/2020,2020,5,25,5,30,23,0,17.8,0.17,0.4,94.29,18.7,980,,,,,,,,,,,,,,,,,,,,,,,,,,,,,,,,,
5/25/2020,2020,5,25,6,30,95,114,18.9,0.17,0.6,91.79,20.3,980,,,,,,,,,,,,,,,,,,,,,,,,,,,,,,,,,
5/25/2020,2020,5,25,7,30,133,14,18.9,0.17,1.3,83.86,21.8,981,,,,,,,,,,,,,,,,,,,,,,,,,,,,,,,,,
5/25/2020,2020,5,25,8,30,279,194,18.9,0.17,2,77.12,23.1,981,,,,,,,,,,,,,,,,,,,,,,,,,,,,,,,,,
5/25/2020,2020,5,25,9,30,361,212,19,0.17,2.4,72.58,24.2,981,,,,,,,,,,,,,,,,,,,,,,,,,,,,,,,,,
5/25/2020,2020,5,25,10,30,217,688,19.3,0.17,2.6,71.18,24.9,980,,,,,,,,,,,,,,,,,,,,,,,,,,,,,,,,,
5/25/2020,2020,5,25,11,30,403,378,19.6,0.17,2.8,70.46,25.4,980,,,,,,,,,,,,,,,,,,,,,,,,,,,,,,,,,
5/25/2020,2020,5,25,12,30,442,234,19.9,0.17,3.1,69.54,25.9,980,,,,,,,,,,,,,,,,,,,,,,,,,,,,,,,,,
5/25/2020,2020,5,25,13,30,362,69,20.1,0.17,3.4,69.43,26.1,979,,,,,,,,,,,,,,,,,,,,,,,,,,,,,,,,,
5/25/2020,2020,5,25,14,30,278,446,20.1,0.17,3.3,72.17,25.5,979,,,,,,,,,,,,,,,,,,,,,,,,,,,,,,,,,
5/25/2020,2020,5,25,15,30,128,26,20.6,0.17,2.7,79.16,24.4,979,,,,,,,,,,,,,,,,,,,,,,,,,,,,,,,,,
5/25/2020,2020,5,25,16,30,146,47,21.3,0.17,2.3,89.01,23.2,979,,,,,,,,,,,,,,,,,,,,,,,,,,,,,,,,,
5/25/2020,2020,5,25,17,30,12,0,21.5,0.17,2.2,92.87,22.7,979,,,,,,,,,,,,,,,,,,,,,,,,,,,,,,,,,
5/25/2020,2020,5,25,18,30,35,0,21.3,0.17,2.2,98.06,21.6,979,,,,,,,,,,,,,,,,,,,,,,,,,,,,,,,,,
5/25/2020,2020,5,25,19,30,2,0,21,0.17,2.5,98.72,21.2,979,,,,,,,,,,,,,,,,,,,,,,,,,,,,,,,,,
5/25/2020,2020,5,25,20,30,0,0,20.9,0.17,2.8,98.69,21.1,979,,,,,,,,,,,,,,,,,,,,,,,,,,,,,,,,,
5/25/2020,2020,5,25,21,30,0,0,20.8,0.17,3.1,98.82,21,979,,,,,,,,,,,,,,,,,,,,,,,,,,,,,,,,,
5/25/2020,2020,5,25,22,30,0,0,20.7,0.17,3.2,99.53,20.8,979,,,,,,,,,,,,,,,,,,,,,,,,,,,,,,,,,
5/25/2020,2020,5,25,23,30,0,0,20.4,0.17,2.8,100,20.4,980,,,,,,,,,,,,,,,,,,,,,,,,,,,,,,,,,
5/26/2020,2020,5,26,0,30,0,0,19.9,0.17,2.3,100,19.9,980,,,,,,,,,,,,,,,,,,,,,,,,,,,,,,,,,
5/26/2020,2020,5,26,1,30,0,0,19.3,0.17,1.7,100,19.3,980,,,,,,,,,,,,,,,,,,,,,,,,,,,,,,,,,
5/26/2020,2020,5,26,2,30,0,0,18.6,0.17,1,100,18.6,980,,,,,,,,,,,,,,,,,,,,,,,,,,,,,,,,,
5/26/2020,2020,5,26,3,30,0,0,18.3,0.17,0.5,100,18.3,980,,,,,,,,,,,,,,,,,,,,,,,,,,,,,,,,,
5/26/2020,2020,5,26,4,30,0,0,18.3,0.17,0.6,98.59,18.5,980,,,,,,,,,,,,,,,,,,,,,,,,,,,,,,,,,
5/26/2020,2020,5,26,5,30,28,0,18.7,0.17,1.7,96.17,19.3,980,,,,,,,,,,,,,,,,,,,,,,,,,,,,,,,,,
5/26/2020,2020,5,26,6,30,61,1,19.5,0.17,2.9,94.66,20.4,980,,,,,,,,,,,,,,,,,,,,,,,,,,,,,,,,,
5/26/2020,2020,5,26,7,30,172,181,20.1,0.17,3.9,91.43,21.6,979,,,,,,,,,,,,,,,,,,,,,,,,,,,,,,,,,
5/26/2020,2020,5,26,8,30,217,35,20.6,0.17,4.6,85.67,23.1,979,,,,,,,,,,,,,,,,,,,,,,,,,,,,,,,,,
5/26/2020,2020,5,26,9,30,322,59,20.5,0.17,4.7,78.53,24.5,979,,,,,,,,,,,,,,,,,,,,,,,,,,,,,,,,,
5/26/2020,2020,5,26,10,30,374,61,20.6,0.17,4.8,74.56,25.5,978,,,,,,,,,,,,,,,,,,,,,,,,,,,,,,,,,
5/26/2020,2020,5,26,11,30,331,498,20.8,0.17,5.1,73.27,26,978,,,,,,,,,,,,,,,,,,,,,,,,,,,,,,,,,
5/26/2020,2020,5,26,12,30,412,154,20.9,0.17,5.2,73.28,26.1,977,,,,,,,,,,,,,,,,,,,,,,,,,,,,,,,,,
5/26/2020,2020,5,26,13,30,387,132,21,0.17,5.1,74.89,25.8,977,,,,,,,,,,,,,,,,,,,,,,,,,,,,,,,,,
5/26/2020,2020,5,26,14,30,116,18,21.1,0.17,4.9,76.36,25.6,977,,,,,,,,,,,,,,,,,,,,,,,,,,,,,,,,,
5/26/2020,2020,5,26,15,30,154,672,21.3,0.17,4.7,78.07,25.4,977,,,,,,,,,,,,,,,,,,,,,,,,,,,,,,,,,
5/26/2020,2020,5,26,16,30,110,688,21.4,0.17,4.4,81.59,24.8,977,,,,,,,,,,,,,,,,,,,,,,,,,,,,,,,,,
5/26/2020,2020,5,26,17,30,102,473,21.6,0.17,4.1,85.06,24.3,977,,,,,,,,,,,,,,,,,,,,,,,,,,,,,,,,,
5/26/2020,2020,5,26,18,30,57,135,21.6,0.17,3.7,93.38,22.7,977,,,,,,,,,,,,,,,,,,,,,,,,,,,,,,,,,
5/26/2020,2020,5,26,19,30,5,11,21.3,0.17,3.6,97.38,21.7,978,,,,,,,,,,,,,,,,,,,,,,,,,,,,,,,,,
5/26/2020,2020,5,26,20,30,0,0,20.8,0.17,3.5,99.49,20.9,978,,,,,,,,,,,,,,,,,,,,,,,,,,,,,,,,,
5/26/2020,2020,5,26,21,30,0,0,20.2,0.17,3.4,100,20.2,979,,,,,,,,,,,,,,,,,,,,,,,,,,,,,,,,,
5/26/2020,2020,5,26,22,30,0,0,19.5,0.17,3.1,100,19.5,979,,,,,,,,,,,,,,,,,,,,,,,,,,,,,,,,,
5/26/2020,2020,5,26,23,30,0,0,19,0.17,2.8,100,19,979,,,,,,,,,,,,,,,,,,,,,,,,,,,,,,,,,
5/27/2020,2020,5,27,0,30,0,0,18.5,0.17,2.5,100,18.5,979,,,,,,,,,,,,,,,,,,,,,,,,,,,,,,,,,
5/27/2020,2020,5,27,1,30,0,0,18.1,0.17,2.1,100,18.1,979,,,,,,,,,,,,,,,,,,,,,,,,,,,,,,,,,
5/27/2020,2020,5,27,2,30,0,0,17.8,0.17,1.7,100,17.8,979,,,,,,,,,,,,,,,,,,,,,,,,,,,,,,,,,
5/27/2020,2020,5,27,3,30,0,0,17.4,0.17,1.4,100,17.4,980,,,,,,,,,,,,,,,,,,,,,,,,,,,,,,,,,
5/27/2020,2020,5,27,4,30,0,0,17.3,0.17,1.4,99.33,17.4,980,,,,,,,,,,,,,,,,,,,,,,,,,,,,,,,,,
5/27/2020,2020,5,27,5,30,32,2,17.4,0.17,1.8,95.29,18.2,981,,,,,,,,,,,,,,,,,,,,,,,,,,,,,,,,,
5/27/2020,2020,5,27,6,30,110,165,17.9,0.17,2.2,90.67,19.5,981,,,,,,,,,,,,,,,,,,,,,,,,,,,,,,,,,
5/27/2020,2020,5,27,7,30,199,139,18.5,0.17,2.4,85.39,21,981,,,,,,,,,,,,,,,,,,,,,,,,,,,,,,,,,
5/27/2020,2020,5,27,8,30,242,49,18.6,0.17,2.5,78.26,22.6,981,,,,,,,,,,,,,,,,,,,,,,,,,,,,,,,,,
5/27/2020,2020,5,27,9,30,306,44,18.8,0.17,2.6,73.14,23.9,981,,,,,,,,,,,,,,,,,,,,,,,,,,,,,,,,,
5/27/2020,2020,5,27,10,30,313,93,19,0.17,2.7,69.45,25,981,,,,,,,,,,,,,,,,,,,,,,,,,,,,,,,,,
5/27/2020,2020,5,27,11,30,425,101,19.2,0.17,2.8,67.57,25.7,980,,,,,,,,,,,,,,,,,,,,,,,,,,,,,,,,,
5/27/2020,2020,5,27,12,30,458,116,19.4,0.17,2.7,66.62,26.1,980,,,,,,,,,,,,,,,,,,,,,,,,,,,,,,,,,
5/27/2020,2020,5,27,13,30,211,549,19.5,0.17,2.4,66.43,26.2,980,,,,,,,,,,,,,,,,,,,,,,,,,,,,,,,,,
5/27/2020,2020,5,27,14,30,170,701,19.4,0.17,2.1,66.94,26,979,,,,,,,,,,,,,,,,,,,,,,,,,,,,,,,,,
5/27/2020,2020,5,27,15,30,306,246,19.3,0.17,1.8,67.42,25.8,979,,,,,,,,,,,,,,,,,,,,,,,,,,,,,,,,,
5/27/2020,2020,5,27,16,30,231,178,19.2,0.17,1.3,69.47,25.2,979,,,,,,,,,,,,,,,,,,,,,,,,,,,,,,,,,
5/27/2020,2020,5,27,17,30,144,77,19.6,0.17,1.1,72.99,24.8,979,,,,,,,,,,,,,,,,,,,,,,,,,,,,,,,,,
5/27/2020,2020,5,27,18,30,54,1,19.6,0.17,0.6,79.84,23.3,980,,,,,,,,,,,,,,,,,,,,,,,,,,,,,,,,,
5/27/2020,2020,5,27,19,30,5,0,19.8,0.17,0.5,85.65,22.3,980,,,,,,,,,,,,,,,,,,,,,,,,,,,,,,,,,
5/27/2020,2020,5,27,20,30,0,0,19.1,0.17,0.6,85.86,21.6,980,,,,,,,,,,,,,,,,,,,,,,,,,,,,,,,,,
5/27/2020,2020,5,27,21,30,0,0,19,0.17,0.7,89.1,20.9,980,,,,,,,,,,,,,,,,,,,,,,,,,,,,,,,,,
5/27/2020,2020,5,27,22,30,0,0,19.1,0.17,0.8,92.97,20.3,980,,,,,,,,,,,,,,,,,,,,,,,,,,,,,,,,,
5/27/2020,2020,5,27,23,30,0,0,19.2,0.17,1,96.1,19.8,980,,,,,,,,,,,,,,,,,,,,,,,,,,,,,,,,,
5/28/2020,2020,5,28,0,30,0,0,19,0.17,1.1,97.81,19.4,980,,,,,,,,,,,,,,,,,,,,,,,,,,,,,,,,,
5/28/2020,2020,5,28,1,30,0,0,18.9,0.17,1.3,98.67,19.1,979,,,,,,,,,,,,,,,,,,,,,,,,,,,,,,,,,
5/28/2020,2020,5,28,2,30,0,0,18.8,0.17,1.4,98.93,19,979,,,,,,,,,,,,,,,,,,,,,,,,,,,,,,,,,
5/28/2020,2020,5,28,3,30,0,0,18.8,0.17,1.5,99.41,18.9,980,,,,,,,,,,,,,,,,,,,,,,,,,,,,,,,,,
5/28/2020,2020,5,28,4,30,0,0,18.8,0.17,1.7,99.28,18.9,980,,,,,,,,,,,,,,,,,,,,,,,,,,,,,,,,,
5/28/2020,2020,5,28,5,30,14,0,19,0.17,2.1,97.89,19.3,980,,,,,,,,,,,,,,,,,,,,,,,,,,,,,,,,,
5/28/2020,2020,5,28,6,30,55,9,19.4,0.17,2.8,96.74,19.9,980,,,,,,,,,,,,,,,,,,,,,,,,,,,,,,,,,
5/28/2020,2020,5,28,7,30,189,180,19.6,0.17,3.6,95.82,20.3,981,,,,,,,,,,,,,,,,,,,,,,,,,,,,,,,,,
5/28/2020,2020,5,28,8,30,155,12,19.6,0.17,4.4,95.39,20.4,981,,,,,,,,,,,,,,,,,,,,,,,,,,,,,,,,,
5/28/2020,2020,5,28,9,30,326,77,19,0.17,4.9,90.9,20.5,982,,,,,,,,,,,,,,,,,,,,,,,,,,,,,,,,,
5/28/2020,2020,5,28,10,30,416,114,17.9,0.17,4.8,83.41,20.8,982,,,,,,,,,,,,,,,,,,,,,,,,,,,,,,,,,
5/28/2020,2020,5,28,11,30,422,333,16.9,0.17,4.6,76.33,21.2,982,,,,,,,,,,,,,,,,,,,,,,,,,,,,,,,,,
5/28/2020,2020,5,28,12,30,436,306,16,0.17,4.8,69.96,21.7,983,,,,,,,,,,,,,,,,,,,,,,,,,,,,,,,,,
5/28/2020,2020,5,28,13,30,392,383,15.2,0.17,4.8,65.47,22,983,,,,,,,,,,,,,,,,,,,,,,,,,,,,,,,,,
5/28/2020,2020,5,28,14,30,287,530,14.8,0.17,4.4,63.07,22.2,983,,,,,,,,,,,,,,,,,,,,,,,,,,,,,,,,,
5/28/2020,2020,5,28,15,30,224,530,14.8,0.17,3.7,62.45,22.3,983,,,,,,,,,,,,,,,,,,,,,,,,,,,,,,,,,
5/28/2020,2020,5,28,16,30,190,417,15.1,0.17,2.8,64.31,22.2,983,,,,,,,,,,,,,,,,,,,,,,,,,,,,,,,,,
5/28/2020,2020,5,28,17,30,74,677,16.1,0.17,2.2,69.31,22,983,,,,,,,,,,,,,,,,,,,,,,,,,,,,,,,,,
5/28/2020,2020,5,28,18,30,63,224,17.5,0.17,1.1,87.41,19.6,984,,,,,,,,,,,,,,,,,,,,,,,,,,,,,,,,,
5/28/2020,2020,5,28,19,30,7,2,15.1,0.17,1.3,84.2,17.8,984,,,,,,,,,,,,,,,,,,,,,,,,,,,,,,,,,
5/28/2020,2020,5,28,20,30,0,0,13.8,0.17,1.7,84.66,16.4,984,,,,,,,,,,,,,,,,,,,,,,,,,,,,,,,,,
5/28/2020,2020,5,28,21,30,0,0,13,0.17,2.3,86.96,15.2,985,,,,,,,,,,,,,,,,,,,,,,,,,,,,,,,,,
5/28/2020,2020,5,28,22,30,0,0,12,0.17,2.6,86.57,14.2,985,,,,,,,,,,,,,,,,,,,,,,,,,,,,,,,,,
5/28/2020,2020,5,28,23,30,0,0,11,0.17,2.7,86.23,13.3,985,,,,,,,,,,,,,,,,,,,,,,,,,,,,,,,,,
5/29/2020,2020,5,29,0,30,0,0,10.5,0.17,2.9,86.67,12.7,986,,,,,,,,,,,,,,,,,,,,,,,,,,,,,,,,,
5/29/2020,2020,5,29,1,30,0,0,10.3,0.17,3.2,88.15,12.2,986,,,,,,,,,,,,,,,,,,,,,,,,,,,,,,,,,
5/29/2020,2020,5,29,2,30,0,0,10.2,0.17,3.1,90.76,11.7,987,,,,,,,,,,,,,,,,,,,,,,,,,,,,,,,,,
5/29/2020,2020,5,29,3,30,0,0,10.1,0.17,2.8,93.25,11.2,987,,,,,,,,,,,,,,,,,,,,,,,,,,,,,,,,,
5/29/2020,2020,5,29,4,30,0,0,9.9,0.17,2.6,91.85,11.2,988,,,,,,,,,,,,,,,,,,,,,,,,,,,,,,,,,
5/29/2020,2020,5,29,5,30,42,310,10,0.17,2.8,84.57,12.5,989,,,,,,,,,,,,,,,,,,,,,,,,,,,,,,,,,
5/29/2020,2020,5,29,6,30,73,606,10.4,0.17,2.9,74.9,14.8,989,,,,,,,,,,,,,,,,,,,,,,,,,,,,,,,,,
5/29/2020,2020,5,29,7,30,90,755,9.8,0.17,3.3,61.75,17.2,989,,,,,,,,,,,,,,,,,,,,,,,,,,,,,,,,,
5/29/2020,2020,5,29,8,30,103,836,8.9,0.17,4.1,52.43,18.8,989,,,,,,,,,,,,,,,,,,,,,,,,,,,,,,,,,
5/29/2020,2020,5,29,9,30,110,885,9.1,0.17,4.6,50.17,19.8,989,,,,,,,,,,,,,,,,,,,,,,,,,,,,,,,,,
5/29/2020,2020,5,29,10,30,124,891,9.7,0.17,4.9,49.48,20.6,989,,,,,,,,,,,,,,,,,,,,,,,,,,,,,,,,,
5/29/2020,2020,5,29,11,30,117,927,10.1,0.17,5,49.26,21.2,989,,,,,,,,,,,,,,,,,,,,,,,,,,,,,,,,,
5/29/2020,2020,5,29,12,30,120,923,10.6,0.17,5.1,49.4,21.6,989,,,,,,,,,,,,,,,,,,,,,,,,,,,,,,,,,
5/29/2020,2020,5,29,13,30,115,915,10.8,0.17,5,49.73,21.8,989,,,,,,,,,,,,,,,,,,,,,,,,,,,,,,,,,
5/29/2020,2020,5,29,14,30,108,896,11,0.17,4.7,50.57,21.7,989,,,,,,,,,,,,,,,,,,,,,,,,,,,,,,,,,
5/29/2020,2020,5,29,15,30,98,859,11,0.17,4.3,51.31,21.5,989,,,,,,,,,,,,,,,,,,,,,,,,,,,,,,,,,
5/29/2020,2020,5,29,16,30,86,799,11.1,0.17,3.7,53.32,20.9,989,,,,,,,,,,,,,,,,,,,,,,,,,,,,,,,,,
5/29/2020,2020,5,29,17,30,71,694,11.4,0.17,3.3,55.39,20.6,989,,,,,,,,,,,,,,,,,,,,,,,,,,,,,,,,,
5/29/2020,2020,5,29,18,30,50,489,13.4,0.17,1.5,77.47,17.4,989,,,,,,,,,,,,,,,,,,,,,,,,,,,,,,,,,
5/29/2020,2020,5,29,19,30,11,79,13,0.17,1.2,86.75,15.2,990,,,,,,,,,,,,,,,,,,,,,,,,,,,,,,,,,
5/29/2020,2020,5,29,20,30,0,0,12,0.17,1.1,86.35,14.2,990,,,,,,,,,,,,,,,,,,,,,,,,,,,,,,,,,
5/29/2020,2020,5,29,21,30,0,0,11.5,0.17,1.1,87.49,13.5,991,,,,,,,,,,,,,,,,,,,,,,,,,,,,,,,,,
5/29/2020,2020,5,29,22,30,0,0,11,0.17,1.1,88.55,12.8,991,,,,,,,,,,,,,,,,,,,,,,,,,,,,,,,,,
5/29/2020,2020,5,29,23,30,0,0,10.5,0.17,1,88.87,12.3,991,,,,,,,,,,,,,,,,,,,,,,,,,,,,,,,,,
5/30/2020,2020,5,30,0,30,0,0,10.2,0.17,1,89.53,11.9,991,,,,,,,,,,,,,,,,,,,,,,,,,,,,,,,,,
5/30/2020,2020,5,30,1,30,0,0,9.8,0.17,1,88.96,11.6,992,,,,,,,,,,,,,,,,,,,,,,,,,,,,,,,,,
5/30/2020,2020,5,30,2,30,0,0,9.5,0.17,0.9,88.27,11.4,992,,,,,,,,,,,,,,,,,,,,,,,,,,,,,,,,,
5/30/2020,2020,5,30,3,30,0,0,9.3,0.17,0.9,89.5,11,992,,,,,,,,,,,,,,,,,,,,,,,,,,,,,,,,,
5/30/2020,2020,5,30,4,30,0,0,9.3,0.17,0.8,86.68,11.4,993,,,,,,,,,,,,,,,,,,,,,,,,,,,,,,,,,
5/30/2020,2020,5,30,5,30,42,291,10.5,0.17,1.1,86.02,12.8,993,,,,,,,,,,,,,,,,,,,,,,,,,,,,,,,,,
5/30/2020,2020,5,30,6,30,73,567,10.5,0.17,1.4,76.85,14.5,994,,,,,,,,,,,,,,,,,,,,,,,,,,,,,,,,,
5/30/2020,2020,5,30,7,30,137,514,11.3,0.17,1.3,69.65,16.9,994,,,,,,,,,,,,,,,,,,,,,,,,,,,,,,,,,
5/30/2020,2020,5,30,8,30,99,808,10.3,0.17,1.6,56.03,19.3,994,,,,,,,,,,,,,,,,,,,,,,,,,,,,,,,,,
5/30/2020,2020,5,30,9,30,154,746,10.5,0.17,2,52.26,20.6,994,,,,,,,,,,,,,,,,,,,,,,,,,,,,,,,,,
5/30/2020,2020,5,30,10,30,127,865,11.1,0.17,1.9,52.09,21.3,993,,,,,,,,,,,,,,,,,,,,,,,,,,,,,,,,,
5/30/2020,2020,5,30,11,30,125,888,11.6,0.17,1.6,52.2,21.8,993,,,,,,,,,,,,,,,,,,,,,,,,,,,,,,,,,
5/30/2020,2020,5,30,12,30,119,901,11.9,0.17,1.4,51.85,22.3,993,,,,,,,,,,,,,,,,,,,,,,,,,,,,,,,,,
5/30/2020,2020,5,30,13,30,263,640,12.2,0.17,1.5,51.22,22.8,993,,,,,,,,,,,,,,,,,,,,,,,,,,,,,,,,,
5/30/2020,2020,5,30,14,30,310,468,12.5,0.17,1.7,51.35,23.1,992,,,,,,,,,,,,,,,,,,,,,,,,,,,,,,,,,
5/30/2020,2020,5,30,15,30,252,33,12.6,0.17,1.9,52.11,22.9,992,,,,,,,,,,,,,,,,,,,,,,,,,,,,,,,,,
5/30/2020,2020,5,30,16,30,193,310,12.5,0.17,1.9,53.76,22.3,992,,,,,,,,,,,,,,,,,,,,,,,,,,,,,,,,,
5/30/2020,2020,5,30,17,30,134,109,12.6,0.17,1.9,55.68,21.9,992,,,,,,,,,,,,,,,,,,,,,,,,,,,,,,,,,
5/30/2020,2020,5,30,18,30,69,91,14.1,0.17,1.2,74.84,18.7,992,,,,,,,,,,,,,,,,,,,,,,,,,,,,,,,,,
5/30/2020,2020,5,30,19,30,8,5,14.1,0.17,1.1,86.38,16.4,992,,,,,,,,,,,,,,,,,,,,,,,,,,,,,,,,,
5/30/2020,2020,5,30,20,30,0,0,12.8,0.17,1.2,86.3,15.1,993,,,,,,,,,,,,,,,,,,,,,,,,,,,,,,,,,
5/30/2020,2020,5,30,21,30,0,0,12.2,0.17,1.3,87.72,14.2,993,,,,,,,,,,,,,,,,,,,,,,,,,,,,,,,,,
5/30/2020,2020,5,30,22,30,0,0,11.8,0.17,1.4,89.28,13.5,993,,,,,,,,,,,,,,,,,,,,,,,,,,,,,,,,,
5/30/2020,2020,5,30,23,30,0,0,11.5,0.17,1.5,89.96,13.1,993,,,,,,,,,,,,,,,,,,,,,,,,,,,,,,,,,
5/31/2020,2020,5,31,0,30,0,0,11.4,0.17,1.7,89.88,13,993,,,,,,,,,,,,,,,,,,,,,,,,,,,,,,,,,
5/31/2020,2020,5,31,1,30,0,0,11.3,0.17,1.7,89.85,12.9,994,,,,,,,,,,,,,,,,,,,,,,,,,,,,,,,,,
5/31/2020,2020,5,31,2,30,0,0,11.2,0.17,1.6,90.43,12.7,994,,,,,,,,,,,,,,,,,,,,,,,,,,,,,,,,,
5/31/2020,2020,5,31,3,30,0,0,11.1,0.17,1.6,90.55,12.6,994,,,,,,,,,,,,,,,,,,,,,,,,,,,,,,,,,
5/31/2020,2020,5,31,4,30,0,0,11,0.17,1.8,89.57,12.7,994,,,,,,,,,,,,,,,,,,,,,,,,,,,,,,,,,
5/31/2020,2020,5,31,5,30,34,116,10.9,0.17,2.3,85.54,13.3,995,,,,,,,,,,,,,,,,,,,,,,,,,,,,,,,,,
5/31/2020,2020,5,31,6,30,18,0,11,0.17,2.5,81.01,14.2,995,,,,,,,,,,,,,,,,,,,,,,,,,,,,,,,,,
5/31/2020,2020,5,31,7,30,91,1,11.6,0.17,2.4,77.61,15.5,995,,,,,,,,,,,,,,,,,,,,,,,,,,,,,,,,,
5/31/2020,2020,5,31,8,30,127,2,12.3,0.17,2.9,72.55,17.3,995,,,,,,,,,,,,,,,,,,,,,,,,,,,,,,,,,
5/31/2020,2020,5,31,9,30,295,35,11.6,0.17,3.5,62.01,19,994,,,,,,,,,,,,,,,,,,,,,,,,,,,,,,,,,
5/31/2020,2020,5,31,10,30,283,22,11.8,0.17,3.7,58.28,20.3,994,,,,,,,,,,,,,,,,,,,,,,,,,,,,,,,,,
5/31/2020,2020,5,31,11,30,301,26,12.6,0.17,3.7,57.38,21.4,993,,,,,,,,,,,,,,,,,,,,,,,,,,,,,,,,,
5/31/2020,2020,5,31,12,30,383,52,13.4,0.17,3.6,57.33,22.2,993,,,,,,,,,,,,,,,,,,,,,,,,,,,,,,,,,
5/31/2020,2020,5,31,13,30,303,29,13.9,0.17,3.6,57.7,22.7,992,,,,,,,,,,,,,,,,,,,,,,,,,,,,,,,,,
5/31/2020,2020,5,31,14,30,302,29,14.4,0.17,3.6,59.37,22.7,992,,,,,,,,,,,,,,,,,,,,,,,,,,,,,,,,,
5/31/2020,2020,5,31,15,30,284,77,14.7,0.17,3.6,61.62,22.4,991,,,,,,,,,,,,,,,,,,,,,,,,,,,,,,,,,
5/31/2020,2020,5,31,16,30,143,585,14.9,0.17,3.5,64.18,22,991,,,,,,,,,,,,,,,,,,,,,,,,,,,,,,,,,
5/31/2020,2020,5,31,17,30,134,266,15.6,0.17,3.4,68.17,21.7,991,,,,,,,,,,,,,,,,,,,,,,,,,,,,,,,,,
5/31/2020,2020,5,31,18,30,63,345,16.6,0.17,2.2,83.14,19.5,990,,,,,,,,,,,,,,,,,,,,,,,,,,,,,,,,,
5/31/2020,2020,5,31,19,30,12,50,16.3,0.17,2,90.04,18,990,,,,,,,,,,,,,,,,,,,,,,,,,,,,,,,,,
5/31/2020,2020,5,31,20,30,0,0,15.7,0.17,2.5,89.92,17.4,990,,,,,,,,,,,,,,,,,,,,,,,,,,,,,,,,,
5/31/2020,2020,5,31,21,30,0,0,15.3,0.17,3.1,88.77,17.2,990,,,,,,,,,,,,,,,,,,,,,,,,,,,,,,,,,
5/31/2020,2020,5,31,22,30,0,0,15,0.17,3.4,88.13,17,990,,,,,,,,,,,,,,,,,,,,,,,,,,,,,,,,,
5/31/2020,2020,5,31,23,30,0,0,14.9,0.17,3.6,89.23,16.7,990,,,,,,,,,,,,,,,,,,,,,,,,,,,,,,,,,
6/1/2020,2020,6,1,0,30,0,0,15,0.17,4.1,90,16.6,989,,,,,,,,,,,,,,,,,,,,,,,,,,,,,,,,,
6/1/2020,2020,6,1,1,30,0,0,15,0.17,4.5,91.69,16.4,989,,,,,,,,,,,,,,,,,,,,,,,,,,,,,,,,,
6/1/2020,2020,6,1,2,30,0,0,15.2,0.17,4.6,92.34,16.4,989,,,,,,,,,,,,,,,,,,,,,,,,,,,,,,,,,
6/1/2020,2020,6,1,3,30,0,0,15.3,0.17,4.8,92.51,16.5,988,,,,,,,,,,,,,,,,,,,,,,,,,,,,,,,,,
6/1/2020,2020,6,1,4,30,0,0,15.5,0.17,5,92.55,16.7,988,,,,,,,,,,,,,,,,,,,,,,,,,,,,,,,,,
6/1/2020,2020,6,1,5,30,18,0,15.9,0.17,5.1,90.7,17.4,988,,,,,,,,,,,,,,,,,,,,,,,,,,,,,,,,,
6/1/2020,2020,6,1,6,30,60,4,16.6,0.17,5.4,86.08,19,987,,,,,,,,,,,,,,,,,,,,,,,,,,,,,,,,,
6/1/2020,2020,6,1,7,30,50,0,17.7,0.17,6.3,79.77,21.3,986,,,,,,,,,,,,,,,,,,,,,,,,,,,,,,,,,
6/1/2020,2020,6,1,8,30,203,126,18.3,0.17,7.1,72.64,23.5,986,,,,,,,,,,,,,,,,,,,,,,,,,,,,,,,,,
6/1/2020,2020,6,1,9,30,340,285,18.6,0.17,7.3,68.07,24.9,985,,,,,,,,,,,,,,,,,,,,,,,,,,,,,,,,,
6/1/2020,2020,6,1,10,30,307,285,18.9,0.17,7.3,64.56,26.1,984,,,,,,,,,,,,,,,,,,,,,,,,,,,,,,,,,
6/1/2020,2020,6,1,11,30,329,486,19.3,0.17,7.3,62.22,27.1,984,,,,,,,,,,,,,,,,,,,,,,,,,,,,,,,,,
6/1/2020,2020,6,1,12,30,392,407,19.6,0.17,7.2,60.61,27.9,983,,,,,,,,,,,,,,,,,,,,,,,,,,,,,,,,,
6/1/2020,2020,6,1,13,30,117,874,19.9,0.17,7.1,59.54,28.5,983,,,,,,,,,,,,,,,,,,,,,,,,,,,,,,,,,
6/1/2020,2020,6,1,14,30,118,843,20.1,0.17,7,59.98,28.6,982,,,,,,,,,,,,,,,,,,,,,,,,,,,,,,,,,
6/1/2020,2020,6,1,15,30,116,790,20.2,0.17,6.7,61.44,28.3,982,,,,,,,,,,,,,,,,,,,,,,,,,,,,,,,,,
6/1/2020,2020,6,1,16,30,119,673,20.4,0.17,6.1,64.89,27.6,981,,,,,,,,,,,,,,,,,,,,,,,,,,,,,,,,,
6/1/2020,2020,6,1,17,30,117,424,20.8,0.17,5.7,68.63,27.1,981,,,,,,,,,,,,,,,,,,,,,,,,,,,,,,,,,
6/1/2020,2020,6,1,18,30,58,403,21,0.17,4.9,77.92,25.1,981,,,,,,,,,,,,,,,,,,,,,,,,,,,,,,,,,
6/1/2020,2020,6,1,19,30,11,59,20.6,0.17,4.5,83.01,23.7,982,,,,,,,,,,,,,,,,,,,,,,,,,,,,,,,,,
6/1/2020,2020,6,1,20,30,0,0,20.3,0.17,4.4,85.98,22.8,982,,,,,,,,,,,,,,,,,,,,,,,,,,,,,,,,,
6/1/2020,2020,6,1,21,30,0,0,20.1,0.17,4.4,88.26,22.1,982,,,,,,,,,,,,,,,,,,,,,,,,,,,,,,,,,
6/1/2020,2020,6,1,22,30,0,0,19.8,0.17,4.6,90.11,21.5,983,,,,,,,,,,,,,,,,,,,,,,,,,,,,,,,,,
6/1/2020,2020,6,1,23,30,0,0,19.5,0.17,4.7,91.04,21,983,,,,,,,,,,,,,,,,,,,,,,,,,,,,,,,,,
6/2/2020,2020,6,2,0,30,0,0,19.2,0.17,4.6,92.03,20.5,982,,,,,,,,,,,,,,,,,,,,,,,,,,,,,,,,,
6/2/2020,2020,6,2,1,30,0,0,18.9,0.17,4.5,93.97,19.9,982,,,,,,,,,,,,,,,,,,,,,,,,,,,,,,,,,
6/2/2020,2020,6,2,2,30,0,0,18.6,0.17,4.3,95.39,19.4,982,,,,,,,,,,,,,,,,,,,,,,,,,,,,,,,,,
6/2/2020,2020,6,2,3,30,0,0,18.4,0.17,4,96.4,19,982,,,,,,,,,,,,,,,,,,,,,,,,,,,,,,,,,
6/2/2020,2020,6,2,4,30,0,0,18.2,0.17,3.8,95.92,18.9,982,,,,,,,,,,,,,,,,,,,,,,,,,,,,,,,,,
6/2/2020,2020,6,2,5,30,42,286,18.3,0.17,3.9,90.96,19.8,982,,,,,,,,,,,,,,,,,,,,,,,,,,,,,,,,,
6/2/2020,2020,6,2,6,30,76,550,18.8,0.17,4.4,84.09,21.6,982,,,,,,,,,,,,,,,,,,,,,,,,,,,,,,,,,
6/2/2020,2020,6,2,7,30,190,255,19.5,0.17,4.9,76.83,23.8,982,,,,,,,,,,,,,,,,,,,,,,,,,,,,,,,,,
6/2/2020,2020,6,2,8,30,272,286,20.3,0.17,4.9,71.12,25.9,982,,,,,,,,,,,,,,,,,,,,,,,,,,,,,,,,,
6/2/2020,2020,6,2,9,30,317,379,21,0.17,4.8,66.85,27.7,981,,,,,,,,,,,,,,,,,,,,,,,,,,,,,,,,,
6/2/2020,2020,6,2,10,30,354,383,21.5,0.17,4.8,63.17,29.2,981,,,,,,,,,,,,,,,,,,,,,,,,,,,,,,,,,
6/2/2020,2020,6,2,11,30,127,874,21.8,0.17,5.1,61,30.2,981,,,,,,,,,,,,,,,,,,,,,,,,,,,,,,,,,
6/2/2020,2020,6,2,12,30,129,875,22.1,0.17,5.5,59.67,30.8,980,,,,,,,,,,,,,,,,,,,,,,,,,,,,,,,,,
6/2/2020,2020,6,2,13,30,192,750,22.2,0.17,5.7,59.74,30.9,980,,,,,,,,,,,,,,,,,,,,,,,,,,,,,,,,,
6/2/2020,2020,6,2,14,30,119,842,22.3,0.17,5.6,60.47,30.8,980,,,,,,,,,,,,,,,,,,,,,,,,,,,,,,,,,
6/2/2020,2020,6,2,15,30,108,807,22.5,0.17,5.1,62.57,30.4,980,,,,,,,,,,,,,,,,,,,,,,,,,,,,,,,,,
6/2/2020,2020,6,2,16,30,98,739,22.9,0.17,4.5,67.29,29.6,979,,,,,,,,,,,,,,,,,,,,,,,,,,,,,,,,,
6/2/2020,2020,6,2,17,30,100,525,23.5,0.17,4.1,72.02,29.1,979,,,,,,,,,,,,,,,,,,,,,,,,,,,,,,,,,
6/2/2020,2020,6,2,18,30,62,326,23.6,0.17,3.2,84.58,26.4,979,,,,,,,,,,,,,,,,,,,,,,,,,,,,,,,,,
6/2/2020,2020,6,2,19,30,11,55,23,0.17,3.1,88.73,25,979,,,,,,,,,,,,,,,,,,,,,,,,,,,,,,,,,
6/2/2020,2020,6,2,20,30,0,0,22.7,0.17,3.4,91.15,24.2,980,,,,,,,,,,,,,,,,,,,,,,,,,,,,,,,,,
6/2/2020,2020,6,2,21,30,0,0,22.5,0.17,3.3,94.04,23.5,980,,,,,,,,,,,,,,,,,,,,,,,,,,,,,,,,,
6/2/2020,2020,6,2,22,30,0,0,22.3,0.17,3,97.16,22.8,980,,,,,,,,,,,,,,,,,,,,,,,,,,,,,,,,,
6/2/2020,2020,6,2,23,30,0,0,22.1,0.17,2.6,99.54,22.2,980,,,,,,,,,,,,,,,,,,,,,,,,,,,,,,,,,
6/3/2020,2020,6,3,0,30,0,0,21.7,0.17,2.1,100,21.7,980,,,,,,,,,,,,,,,,,,,,,,,,,,,,,,,,,
6/3/2020,2020,6,3,1,30,0,0,21.1,0.17,1.4,100,21.1,980,,,,,,,,,,,,,,,,,,,,,,,,,,,,,,,,,
6/3/2020,2020,6,3,2,30,0,0,20.6,0.17,1,100,20.6,980,,,,,,,,,,,,,,,,,,,,,,,,,,,,,,,,,
6/3/2020,2020,6,3,3,30,0,0,20.2,0.17,0.9,100,20.2,980,,,,,,,,,,,,,,,,,,,,,,,,,,,,,,,,,
6/3/2020,2020,6,3,4,30,0,0,20.4,0.17,0.8,100,20.4,980,,,,,,,,,,,,,,,,,,,,,,,,,,,,,,,,,
6/3/2020,2020,6,3,5,30,9,0,20.8,0.17,1,97.01,21.3,979,,,,,,,,,,,,,,,,,,,,,,,,,,,,,,,,,
6/3/2020,2020,6,3,6,30,58,0,21.4,0.17,1.2,94.57,22.3,979,,,,,,,,,,,,,,,,,,,,,,,,,,,,,,,,,
6/3/2020,2020,6,3,7,30,204,132,21.7,0.17,1.3,90.11,23.4,979,,,,,,,,,,,,,,,,,,,,,,,,,,,,,,,,,
6/3/2020,2020,6,3,8,30,260,355,22,0.17,1.8,85.06,24.7,979,,,,,,,,,,,,,,,,,,,,,,,,,,,,,,,,,
6/3/2020,2020,6,3,9,30,252,547,22.2,0.17,2.3,79.96,25.9,979,,,,,,,,,,,,,,,,,,,,,,,,,,,,,,,,,
6/3/2020,2020,6,3,10,30,191,735,22.3,0.17,2.7,76.2,26.8,979,,,,,,,,,,,,,,,,,,,,,,,,,,,,,,,,,
6/3/2020,2020,6,3,11,30,158,814,22.3,0.17,2.8,73.45,27.5,979,,,,,,,,,,,,,,,,,,,,,,,,,,,,,,,,,
6/3/2020,2020,6,3,12,30,251,666,22.3,0.17,2.7,70.87,28.1,979,,,,,,,,,,,,,,,,,,,,,,,,,,,,,,,,,
6/3/2020,2020,6,3,13,30,127,856,22.3,0.17,2.6,68.62,28.6,979,,,,,,,,,,,,,,,,,,,,,,,,,,,,,,,,,
6/3/2020,2020,6,3,14,30,218,626,22.2,0.17,2.4,67.5,28.8,979,,,,,,,,,,,,,,,,,,,,,,,,,,,,,,,,,
6/3/2020,2020,6,3,15,30,110,801,22,0.17,2.1,66.53,28.9,978,,,,,,,,,,,,,,,,,,,,,,,,,,,,,,,,,
6/3/2020,2020,6,3,16,30,99,734,21.9,0.17,1.7,66.83,28.7,978,,,,,,,,,,,,,,,,,,,,,,,,,,,,,,,,,
6/3/2020,2020,6,3,17,30,94,558,22.2,0.17,1.4,68.82,28.5,978,,,,,,,,,,,,,,,,,,,,,,,,,,,,,,,,,
6/3/2020,2020,6,3,18,30,58,400,22.6,0.17,1,80.31,26.3,977,,,,,,,,,,,,,,,,,,,,,,,,,,,,,,,,,
6/3/2020,2020,6,3,19,30,12,46,21.8,0.17,1,83.95,24.7,977,,,,,,,,,,,,,,,,,,,,,,,,,,,,,,,,,
6/3/2020,2020,6,3,20,30,0,0,20.6,0.17,1,83,23.7,978,,,,,,,,,,,,,,,,,,,,,,,,,,,,,,,,,
6/3/2020,2020,6,3,21,30,0,0,20.3,0.17,1.1,86.42,22.7,978,,,,,,,,,,,,,,,,,,,,,,,,,,,,,,,,,
6/3/2020,2020,6,3,22,30,0,0,20.1,0.17,1.2,90.48,21.7,978,,,,,,,,,,,,,,,,,,,,,,,,,,,,,,,,,
6/3/2020,2020,6,3,23,30,0,0,19.9,0.17,1.2,93.79,20.9,978,,,,,,,,,,,,,,,,,,,,,,,,,,,,,,,,,
6/4/2020,2020,6,4,0,30,0,0,19.7,0.17,1.3,96.75,20.2,977,,,,,,,,,,,,,,,,,,,,,,,,,,,,,,,,,
6/4/2020,2020,6,4,1,30,0,0,19.6,0.17,1.6,99,19.8,977,,,,,,,,,,,,,,,,,,,,,,,,,,,,,,,,,
6/4/2020,2020,6,4,2,30,0,0,19.4,0.17,1.6,100,19.4,977,,,,,,,,,,,,,,,,,,,,,,,,,,,,,,,,,
6/4/2020,2020,6,4,3,30,0,0,18.9,0.17,1.3,100,18.9,977,,,,,,,,,,,,,,,,,,,,,,,,,,,,,,,,,
6/4/2020,2020,6,4,4,30,0,0,19,0.17,1.1,100,19,977,,,,,,,,,,,,,,,,,,,,,,,,,,,,,,,,,
6/4/2020,2020,6,4,5,30,34,1,19.7,0.17,1.6,96.12,20.3,978,,,,,,,,,,,,,,,,,,,,,,,,,,,,,,,,,
6/4/2020,2020,6,4,6,30,99,44,20.3,0.17,1.8,90.61,21.9,978,,,,,,,,,,,,,,,,,,,,,,,,,,,,,,,,,
6/4/2020,2020,6,4,7,30,123,579,21.3,0.17,1.9,83.69,24.2,978,,,,,,,,,,,,,,,,,,,,,,,,,,,,,,,,,
6/4/2020,2020,6,4,8,30,106,792,21.5,0.17,2,72.57,26.8,978,,,,,,,,,,,,,,,,,,,,,,,,,,,,,,,,,
6/4/2020,2020,6,4,9,30,115,843,20.5,0.17,2,61.91,28.5,978,,,,,,,,,,,,,,,,,,,,,,,,,,,,,,,,,
6/4/2020,2020,6,4,10,30,120,874,20.1,0.17,2.1,56.86,29.6,978,,,,,,,,,,,,,,,,,,,,,,,,,,,,,,,,,
6/4/2020,2020,6,4,11,30,121,890,20.4,0.17,2.2,55.45,30.3,977,,,,,,,,,,,,,,,,,,,,,,,,,,,,,,,,,
6/4/2020,2020,6,4,12,30,119,893,20.7,0.17,2.4,55.02,30.8,977,,,,,,,,,,,,,,,,,,,,,,,,,,,,,,,,,
6/4/2020,2020,6,4,13,30,113,885,21,0.17,2.4,55.3,31,977,,,,,,,,,,,,,,,,,,,,,,,,,,,,,,,,,
6/4/2020,2020,6,4,14,30,105,866,21.2,0.17,2.4,56.25,30.9,976,,,,,,,,,,,,,,,,,,,,,,,,,,,,,,,,,
6/4/2020,2020,6,4,15,30,96,828,21.4,0.17,2.5,57.92,30.6,976,,,,,,,,,,,,,,,,,,,,,,,,,,,,,,,,,
6/4/2020,2020,6,4,16,30,87,762,21.7,0.17,2.3,61.82,29.8,976,,,,,,,,,,,,,,,,,,,,,,,,,,,,,,,,,
6/4/2020,2020,6,4,17,30,74,653,22.6,0.17,2.2,67.45,29.3,976,,,,,,,,,,,,,,,,,,,,,,,,,,,,,,,,,
6/4/2020,2020,6,4,18,30,50,471,23.4,0.17,1.6,84.17,26.3,976,,,,,,,,,,,,,,,,,,,,,,,,,,,,,,,,,
6/4/2020,2020,6,4,19,30,14,106,22.7,0.17,1.5,90.53,24.4,977,,,,,,,,,,,,,,,,,,,,,,,,,,,,,,,,,
6/4/2020,2020,6,4,20,30,0,0,21.9,0.17,1.9,90.39,23.6,977,,,,,,,,,,,,,,,,,,,,,,,,,,,,,,,,,
6/4/2020,2020,6,4,21,30,0,0,21.7,0.17,2.5,91.08,23.2,977,,,,,,,,,,,,,,,,,,,,,,,,,,,,,,,,,
6/4/2020,2020,6,4,22,30,0,0,21.5,0.17,3.1,93.12,22.7,978,,,,,,,,,,,,,,,,,,,,,,,,,,,,,,,,,
6/4/2020,2020,6,4,23,30,0,0,21.5,0.17,3.3,95.93,22.2,978,,,,,,,,,,,,,,,,,,,,,,,,,,,,,,,,,
6/5/2020,2020,6,5,0,30,0,0,21.6,0.17,3.4,97.97,21.9,978,,,,,,,,,,,,,,,,,,,,,,,,,,,,,,,,,
6/5/2020,2020,6,5,1,30,0,0,21.6,0.17,3.3,98.99,21.8,978,,,,,,,,,,,,,,,,,,,,,,,,,,,,,,,,,
6/5/2020,2020,6,5,2,30,0,0,21.7,0.17,3,100,21.7,978,,,,,,,,,,,,,,,,,,,,,,,,,,,,,,,,,
6/5/2020,2020,6,5,3,30,0,0,21.6,0.17,2.5,100,21.6,978,,,,,,,,,,,,,,,,,,,,,,,,,,,,,,,,,
6/5/2020,2020,6,5,4,30,0,0,21.5,0.17,2.1,100,21.5,978,,,,,,,,,,,,,,,,,,,,,,,,,,,,,,,,,
6/5/2020,2020,6,5,5,30,23,0,21.7,0.17,2.1,97.9,22,979,,,,,,,,,,,,,,,,,,,,,,,,,,,,,,,,,
6/5/2020,2020,6,5,6,30,106,178,22.1,0.17,2.2,95.73,22.8,980,,,,,,,,,,,,,,,,,,,,,,,,,,,,,,,,,
6/5/2020,2020,6,5,7,30,141,515,22.6,0.17,3.2,93.88,23.6,981,,,,,,,,,,,,,,,,,,,,,,,,,,,,,,,,,
6/5/2020,2020,6,5,8,30,261,352,22.5,0.17,4.1,90.68,24.1,981,,,,,,,,,,,,,,,,,,,,,,,,,,,,,,,,,
6/5/2020,2020,6,5,9,30,280,493,21.3,0.17,3.8,80.82,24.8,981,,,,,,,,,,,,,,,,,,,,,,,,,,,,,,,,,
6/5/2020,2020,6,5,10,30,343,485,20,0.17,3.2,66.85,26.7,981,,,,,,,,,,,,,,,,,,,,,,,,,,,,,,,,,
6/5/2020,2020,6,5,11,30,377,490,19,0.17,2.9,55.73,28.7,981,,,,,,,,,,,,,,,,,,,,,,,,,,,,,,,,,
6/5/2020,2020,6,5,12,30,123,888,19,0.17,2.7,52.34,29.8,982,,,,,,,,,,,,,,,,,,,,,,,,,,,,,,,,,
6/5/2020,2020,6,5,13,30,122,874,19.6,0.17,2.5,52.65,30.4,982,,,,,,,,,,,,,,,,,,,,,,,,,,,,,,,,,
6/5/2020,2020,6,5,14,30,119,845,20.1,0.17,2.4,54,30.5,982,,,,,,,,,,,,,,,,,,,,,,,,,,,,,,,,,
6/5/2020,2020,6,5,15,30,113,797,20.4,0.17,2.4,55.94,30.2,982,,,,,,,,,,,,,,,,,,,,,,,,,,,,,,,,,
6/5/2020,2020,6,5,16,30,103,726,20.7,0.17,2.3,59.64,29.4,983,,,,,,,,,,,,,,,,,,,,,,,,,,,,,,,,,
6/5/2020,2020,6,5,17,30,84,616,21.3,0.17,2.1,63.38,29,983,,,,,,,,,,,,,,,,,,,,,,,,,,,,,,,,,
6/5/2020,2020,6,5,18,30,58,424,22.1,0.18,1.7,81.04,25.6,983,,,,,,,,,,,,,,,,,,,,,,,,,,,,,,,,,
6/5/2020,2020,6,5,19,30,13,77,21.5,0.18,1.6,89.03,23.4,983,,,,,,,,,,,,,,,,,,,,,,,,,,,,,,,,,
6/5/2020,2020,6,5,20,30,0,0,20.4,0.18,1.8,88.83,22.3,984,,,,,,,,,,,,,,,,,,,,,,,,,,,,,,,,,
6/5/2020,2020,6,5,21,30,0,0,19.6,0.18,1.9,89.1,21.5,984,,,,,,,,,,,,,,,,,,,,,,,,,,,,,,,,,
6/5/2020,2020,6,5,22,30,0,0,19,0.18,2.1,88.7,20.9,985,,,,,,,,,,,,,,,,,,,,,,,,,,,,,,,,,
6/5/2020,2020,6,5,23,30,0,0,18.5,0.18,2.2,89.15,20.3,985,,,,,,,,,,,,,,,,,,,,,,,,,,,,,,,,,
6/6/2020,2020,6,6,0,30,0,0,18.2,0.18,2.3,89.83,19.9,985,,,,,,,,,,,,,,,,,,,,,,,,,,,,,,,,,
6/6/2020,2020,6,6,1,30,0,0,17.9,0.18,2.3,91.23,19.4,985,,,,,,,,,,,,,,,,,,,,,,,,,,,,,,,,,
6/6/2020,2020,6,6,2,30,0,0,17.7,0.18,2.5,91.34,19.1,986,,,,,,,,,,,,,,,,,,,,,,,,,,,,,,,,,
6/6/2020,2020,6,6,3,30,0,0,17.4,0.18,2.7,91.43,18.8,986,,,,,,,,,,,,,,,,,,,,,,,,,,,,,,,,,
6/6/2020,2020,6,6,4,30,0,0,17.1,0.18,3.1,89.72,18.8,986,,,,,,,,,,,,,,,,,,,,,,,,,,,,,,,,,
6/6/2020,2020,6,6,5,30,39,84,16.8,0.18,3.6,84.64,19.5,987,,,,,,,,,,,,,,,,,,,,,,,,,,,,,,,,,
6/6/2020,2020,6,6,6,30,23,5,16.9,0.18,4,76.89,21.1,987,,,,,,,,,,,,,,,,,,,,,,,,,,,,,,,,,
6/6/2020,2020,6,6,7,30,143,210,16.9,0.18,4.3,67.6,23.2,987,,,,,,,,,,,,,,,,,,,,,,,,,,,,,,,,,
6/6/2020,2020,6,6,8,30,284,218,16,0.18,4.5,57.46,25,987,,,,,,,,,,,,,,,,,,,,,,,,,,,,,,,,,
6/6/2020,2020,6,6,9,30,326,368,15.8,0.18,4.5,52.56,26.3,987,,,,,,,,,,,,,,,,,,,,,,,,,,,,,,,,,
6/6/2020,2020,6,6,10,30,342,453,16.6,0.18,4.4,51.84,27.4,986,,,,,,,,,,,,,,,,,,,,,,,,,,,,,,,,,
6/6/2020,2020,6,6,11,30,180,786,17.8,0.18,4.3,53.13,28.2,986,,,,,,,,,,,,,,,,,,,,,,,,,,,,,,,,,
6/6/2020,2020,6,6,12,30,152,834,18.8,0.18,4.2,54.72,28.8,985,,,,,,,,,,,,,,,,,,,,,,,,,,,,,,,,,
6/6/2020,2020,6,6,13,30,380,412,19.7,0.18,4.1,56.64,29.2,984,,,,,,,,,,,,,,,,,,,,,,,,,,,,,,,,,
6/6/2020,2020,6,6,14,30,355,368,20.5,0.18,4,59.13,29.3,984,,,,,,,,,,,,,,,,,,,,,,,,,,,,,,,,,
6/6/2020,2020,6,6,15,30,304,321,21,0.18,3.7,62.53,28.9,983,,,,,,,,,,,,,,,,,,,,,,,,,,,,,,,,,
6/6/2020,2020,6,6,16,30,218,340,21.6,0.18,3.4,67.74,28.1,982,,,,,,,,,,,,,,,,,,,,,,,,,,,,,,,,,
6/6/2020,2020,6,6,17,30,120,427,22.3,0.18,3.2,73.48,27.5,982,,,,,,,,,,,,,,,,,,,,,,,,,,,,,,,,,
6/6/2020,2020,6,6,18,30,71,209,22.6,0.18,2.9,83.99,25.5,982,,,,,,,,,,,,,,,,,,,,,,,,,,,,,,,,,
6/6/2020,2020,6,6,19,30,12,13,22.1,0.18,3.2,86.89,24.4,983,,,,,,,,,,,,,,,,,,,,,,,,,,,,,,,,,
6/6/2020,2020,6,6,20,30,0,0,21.2,0.18,3.6,86.4,23.6,983,,,,,,,,,,,,,,,,,,,,,,,,,,,,,,,,,
6/6/2020,2020,6,6,21,30,0,0,20.5,0.18,3.8,86.06,23,983,,,,,,,,,,,,,,,,,,,,,,,,,,,,,,,,,
6/6/2020,2020,6,6,22,30,0,0,20.1,0.18,3.6,86.98,22.4,983,,,,,,,,,,,,,,,,,,,,,,,,,,,,,,,,,
6/6/2020,2020,6,6,23,30,0,0,19.9,0.18,3.3,88.81,21.8,983,,,,,,,,,,,,,,,,,,,,,,,,,,,,,,,,,
6/7/2020,2020,6,7,0,30,0,0,19.8,0.18,3.2,91.7,21.2,983,,,,,,,,,,,,,,,,,,,,,,,,,,,,,,,,,
6/7/2020,2020,6,7,1,30,0,0,19.7,0.18,3.3,93.97,20.7,983,,,,,,,,,,,,,,,,,,,,,,,,,,,,,,,,,
6/7/2020,2020,6,7,2,30,0,0,19.5,0.18,3.4,96.15,20.1,983,,,,,,,,,,,,,,,,,,,,,,,,,,,,,,,,,
6/7/2020,2020,6,7,3,30,0,0,19,0.18,3.3,97.83,19.4,983,,,,,,,,,,,,,,,,,,,,,,,,,,,,,,,,,
6/7/2020,2020,6,7,4,30,0,0,18.4,0.18,3.4,96.48,19,983,,,,,,,,,,,,,,,,,,,,,,,,,,,,,,,,,
6/7/2020,2020,6,7,5,30,42,243,17.9,0.18,3.7,90.95,19.4,983,,,,,,,,,,,,,,,,,,,,,,,,,,,,,,,,,
6/7/2020,2020,6,7,6,30,68,595,17.9,0.18,4,82.79,20.9,983,,,,,,,,,,,,,,,,,,,,,,,,,,,,,,,,,
6/7/2020,2020,6,7,7,30,85,741,18.6,0.18,4.3,74.74,23.3,983,,,,,,,,,,,,,,,,,,,,,,,,,,,,,,,,,
6/7/2020,2020,6,7,8,30,97,819,20,0.18,4.5,69.86,25.9,982,,,,,,,,,,,,,,,,,,,,,,,,,,,,,,,,,
6/7/2020,2020,6,7,9,30,105,862,21.5,0.18,4.7,67.58,28.1,982,,,,,,,,,,,,,,,,,,,,,,,,,,,,,,,,,
6/7/2020,2020,6,7,10,30,112,884,22.6,0.18,4.8,65.71,29.7,982,,,,,,,,,,,,,,,,,,,,,,,,,,,,,,,,,
6/7/2020,2020,6,7,11,30,120,887,23.1,0.18,4.9,64.02,30.7,981,,,,,,,,,,,,,,,,,,,,,,,,,,,,,,,,,
6/7/2020,2020,6,7,12,30,182,802,23.4,0.18,5.1,63.19,31.2,981,,,,,,,,,,,,,,,,,,,,,,,,,,,,,,,,,
6/7/2020,2020,6,7,13,30,122,871,23.5,0.18,5.2,62.64,31.5,980,,,,,,,,,,,,,,,,,,,,,,,,,,,,,,,,,
6/7/2020,2020,6,7,14,30,115,850,23.7,0.18,5.3,63.57,31.4,980,,,,,,,,,,,,,,,,,,,,,,,,,,,,,,,,,
6/7/2020,2020,6,7,15,30,106,814,23.7,0.18,5.2,65.33,31,979,,,,,,,,,,,,,,,,,,,,,,,,,,,,,,,,,
6/7/2020,2020,6,7,16,30,125,654,23.8,0.18,5,68.61,30.2,979,,,,,,,,,,,,,,,,,,,,,,,,,,,,,,,,,
6/7/2020,2020,6,7,17,30,97,548,24,0.18,4.8,71.73,29.7,979,,,,,,,,,,,,,,,,,,,,,,,,,,,,,,,,,
6/7/2020,2020,6,7,18,30,60,397,24.2,0.18,4.3,82.27,27.5,979,,,,,,,,,,,,,,,,,,,,,,,,,,,,,,,,,
6/7/2020,2020,6,7,19,30,15,92,24,0.18,4.1,88.76,26,979,,,,,,,,,,,,,,,,,,,,,,,,,,,,,,,,,
6/7/2020,2020,6,7,20,30,0,0,23.7,0.18,4.2,92.38,25,979,,,,,,,,,,,,,,,,,,,,,,,,,,,,,,,,,
6/7/2020,2020,6,7,21,30,0,0,23.2,0.18,4.4,94.29,24.2,979,,,,,,,,,,,,,,,,,,,,,,,,,,,,,,,,,
6/7/2020,2020,6,7,22,30,0,0,22.6,0.18,4.4,95.25,23.4,979,,,,,,,,,,,,,,,,,,,,,,,,,,,,,,,,,
6/7/2020,2020,6,7,23,30,0,0,21.9,0.18,4.2,95.28,22.7,979,,,,,,,,,,,,,,,,,,,,,,,,,,,,,,,,,
6/8/2020,2020,6,8,0,30,0,0,21.3,0.18,4,95.8,22,979,,,,,,,,,,,,,,,,,,,,,,,,,,,,,,,,,
6/8/2020,2020,6,8,1,30,0,0,20.8,0.18,3.8,96.45,21.4,979,,,,,,,,,,,,,,,,,,,,,,,,,,,,,,,,,
6/8/2020,2020,6,8,2,30,0,0,20.5,0.18,3.6,97.33,20.9,979,,,,,,,,,,,,,,,,,,,,,,,,,,,,,,,,,
6/8/2020,2020,6,8,3,30,0,0,20.3,0.18,3.3,97.95,20.6,980,,,,,,,,,,,,,,,,,,,,,,,,,,,,,,,,,
6/8/2020,2020,6,8,4,30,0,0,20.1,0.18,3.4,96.49,20.7,980,,,,,,,,,,,,,,,,,,,,,,,,,,,,,,,,,
6/8/2020,2020,6,8,5,30,41,353,20.2,0.18,3.8,91.1,21.7,980,,,,,,,,,,,,,,,,,,,,,,,,,,,,,,,,,
6/8/2020,2020,6,8,6,30,68,619,20.7,0.18,4.1,83.98,23.6,980,,,,,,,,,,,,,,,,,,,,,,,,,,,,,,,,,
6/8/2020,2020,6,8,7,30,83,757,21.7,0.18,4.6,77.16,26,980,,,,,,,,,,,,,,,,,,,,,,,,,,,,,,,,,
6/8/2020,2020,6,8,8,30,94,833,21.9,0.18,5,70.07,27.9,979,,,,,,,,,,,,,,,,,,,,,,,,,,,,,,,,,
6/8/2020,2020,6,8,9,30,103,876,22.1,0.18,4.8,65.59,29.2,979,,,,,,,,,,,,,,,,,,,,,,,,,,,,,,,,,
6/8/2020,2020,6,8,10,30,108,901,22.1,0.18,4.6,61.93,30.2,979,,,,,,,,,,,,,,,,,,,,,,,,,,,,,,,,,
6/8/2020,2020,6,8,11,30,106,918,22.1,0.18,4.5,59.72,30.8,978,,,,,,,,,,,,,,,,,,,,,,,,,,,,,,,,,
6/8/2020,2020,6,8,12,30,111,911,22.1,0.18,4.5,58.38,31.2,978,,,,,,,,,,,,,,,,,,,,,,,,,,,,,,,,,
6/8/2020,2020,6,8,13,30,139,848,22,0.18,4.5,58.08,31.2,977,,,,,,,,,,,,,,,,,,,,,,,,,,,,,,,,,
6/8/2020,2020,6,8,14,30,216,657,21.8,0.18,4.5,58.81,30.8,977,,,,,,,,,,,,,,,,,,,,,,,,,,,,,,,,,
6/8/2020,2020,6,8,15,30,153,711,21.4,0.18,4.2,59.8,30.1,976,,,,,,,,,,,,,,,,,,,,,,,,,,,,,,,,,
6/8/2020,2020,6,8,16,30,133,628,21.2,0.18,3.7,63.43,28.8,976,,,,,,,,,,,,,,,,,,,,,,,,,,,,,,,,,
6/8/2020,2020,6,8,17,30,104,514,21.4,0.18,3.4,67.32,28,976,,,,,,,,,,,,,,,,,,,,,,,,,,,,,,,,,
6/8/2020,2020,6,8,18,30,70,237,20.9,0.18,3.2,76.24,25.4,976,,,,,,,,,,,,,,,,,,,,,,,,,,,,,,,,,
6/8/2020,2020,6,8,19,30,13,21,19.9,0.18,3,77.88,24,975,,,,,,,,,,,,,,,,,,,,,,,,,,,,,,,,,
6/8/2020,2020,6,8,20,30,0,0,19.3,0.18,2.8,78.87,23.2,975,,,,,,,,,,,,,,,,,,,,,,,,,,,,,,,,,
6/8/2020,2020,6,8,21,30,0,0,19.4,0.18,2.7,81.41,22.7,975,,,,,,,,,,,,,,,,,,,,,,,,,,,,,,,,,
6/8/2020,2020,6,8,22,30,0,0,19.7,0.18,2.8,85.14,22.3,974,,,,,,,,,,,,,,,,,,,,,,,,,,,,,,,,,
6/8/2020,2020,6,8,23,30,0,0,20.2,0.18,2.7,89.31,22,974,,,,,,,,,,,,,,,,,,,,,,,,,,,,,,,,,
6/9/2020,2020,6,9,0,30,0,0,20.5,0.18,2.5,93.17,21.7,974,,,,,,,,,,,,,,,,,,,,,,,,,,,,,,,,,
6/9/2020,2020,6,9,1,30,0,0,20.7,0.18,2,96.35,21.3,973,,,,,,,,,,,,,,,,,,,,,,,,,,,,,,,,,
6/9/2020,2020,6,9,2,30,0,0,20.7,0.18,1.5,98.61,20.9,973,,,,,,,,,,,,,,,,,,,,,,,,,,,,,,,,,
6/9/2020,2020,6,9,3,30,0,0,20.6,0.18,1.2,99.7,20.6,973,,,,,,,,,,,,,,,,,,,,,,,,,,,,,,,,,
6/9/2020,2020,6,9,4,30,0,0,20.4,0.18,1.6,98.08,20.7,972,,,,,,,,,,,,,,,,,,,,,,,,,,,,,,,,,
6/9/2020,2020,6,9,5,30,16,0,20.3,0.18,2.4,94.87,21.2,972,,,,,,,,,,,,,,,,,,,,,,,,,,,,,,,,,
6/9/2020,2020,6,9,6,30,28,0,20.5,0.18,2.8,92.68,21.7,971,,,,,,,,,,,,,,,,,,,,,,,,,,,,,,,,,
6/9/2020,2020,6,9,7,30,38,0,20.9,0.18,3,91.85,22.3,970,,,,,,,,,,,,,,,,,,,,,,,,,,,,,,,,,
6/9/2020,2020,6,9,8,30,52,0,21.7,0.18,3.2,91.8,23.1,969,,,,,,,,,,,,,,,,,,,,,,,,,,,,,,,,,
6/9/2020,2020,6,9,9,30,76,0,22.5,0.18,3.4,92.03,23.9,969,,,,,,,,,,,,,,,,,,,,,,,,,,,,,,,,,
6/9/2020,2020,6,9,10,30,94,0,23,0.18,3.4,91.29,24.5,968,,,,,,,,,,,,,,,,,,,,,,,,,,,,,,,,,
6/9/2020,2020,6,9,11,30,146,4,23,0.18,3.3,89.86,24.8,967,,,,,,,,,,,,,,,,,,,,,,,,,,,,,,,,,
6/9/2020,2020,6,9,12,30,149,5,23,0.18,3.1,89.85,24.8,967,,,,,,,,,,,,,,,,,,,,,,,,,,,,,,,,,
6/9/2020,2020,6,9,13,30,187,9,23,0.18,3.2,89.45,24.9,966,,,,,,,,,,,,,,,,,,,,,,,,,,,,,,,,,
6/9/2020,2020,6,9,14,30,223,11,23.2,0.18,3.1,89.17,25.1,966,,,,,,,,,,,,,,,,,,,,,,,,,,,,,,,,,
6/9/2020,2020,6,9,15,30,294,51,23.2,0.18,2.5,88.54,25.2,965,,,,,,,,,,,,,,,,,,,,,,,,,,,,,,,,,
6/9/2020,2020,6,9,16,30,230,235,23.2,0.18,2.1,88.67,25.2,966,,,,,,,,,,,,,,,,,,,,,,,,,,,,,,,,,
6/9/2020,2020,6,9,17,30,109,488,23.2,0.18,1.9,89.13,25.1,966,,,,,,,,,,,,,,,,,,,,,,,,,,,,,,,,,
6/9/2020,2020,6,9,18,30,60,409,23.2,0.18,1,95.78,23.9,966,,,,,,,,,,,,,,,,,,,,,,,,,,,,,,,,,
6/9/2020,2020,6,9,19,30,14,57,22.8,0.18,0.5,100,22.8,967,,,,,,,,,,,,,,,,,,,,,,,,,,,,,,,,,
6/9/2020,2020,6,9,20,30,0,0,22.1,0.18,0.5,99.93,22.1,967,,,,,,,,,,,,,,,,,,,,,,,,,,,,,,,,,
6/9/2020,2020,6,9,21,30,0,0,21.6,0.18,0.6,100,21.6,967,,,,,,,,,,,,,,,,,,,,,,,,,,,,,,,,,
6/9/2020,2020,6,9,22,30,0,0,21.2,0.18,0.7,100,21.2,966,,,,,,,,,,,,,,,,,,,,,,,,,,,,,,,,,
6/9/2020,2020,6,9,23,30,0,0,21,0.18,0.9,100,21,966,,,,,,,,,,,,,,,,,,,,,,,,,,,,,,,,,
6/10/2020,2020,6,10,0,30,0,0,20.5,0.18,1.1,100,20.5,966,,,,,,,,,,,,,,,,,,,,,,,,,,,,,,,,,
6/10/2020,2020,6,10,1,30,0,0,19.6,0.18,1.2,100,19.6,966,,,,,,,,,,,,,,,,,,,,,,,,,,,,,,,,,
6/10/2020,2020,6,10,2,30,0,0,18.2,0.18,1.1,100,18.2,966,,,,,,,,,,,,,,,,,,,,,,,,,,,,,,,,,
6/10/2020,2020,6,10,3,30,0,0,17,0.18,1.6,100,17,967,,,,,,,,,,,,,,,,,,,,,,,,,,,,,,,,,
6/10/2020,2020,6,10,4,30,0,0,16.3,0.18,3,100,16.3,968,,,,,,,,,,,,,,,,,,,,,,,,,,,,,,,,,
6/10/2020,2020,6,10,5,30,16,0,15.7,0.18,4.5,97.84,16,969,,,,,,,,,,,,,,,,,,,,,,,,,,,,,,,,,
6/10/2020,2020,6,10,6,30,20,2,15,0.18,5.9,94.35,15.9,970,,,,,,,,,,,,,,,,,,,,,,,,,,,,,,,,,
6/10/2020,2020,6,10,7,30,31,0,14.3,0.18,7.1,89.67,16,971,,,,,,,,,,,,,,,,,,,,,,,,,,,,,,,,,
6/10/2020,2020,6,10,8,30,45,0,13.7,0.18,8.1,84.95,16.2,973,,,,,,,,,,,,,,,,,,,,,,,,,,,,,,,,,
6/10/2020,2020,6,10,9,30,193,11,13,0.18,8.6,79.03,16.7,974,,,,,,,,,,,,,,,,,,,,,,,,,,,,,,,,,
6/10/2020,2020,6,10,10,30,246,20,12.5,0.18,8.4,72.25,17.6,975,,,,,,,,,,,,,,,,,,,,,,,,,,,,,,,,,
6/10/2020,2020,6,10,11,30,348,477,12.2,0.18,8,65.35,18.8,976,,,,,,,,,,,,,,,,,,,,,,,,,,,,,,,,,
6/10/2020,2020,6,10,12,30,290,618,12.1,0.18,7.8,58.53,20.5,977,,,,,,,,,,,,,,,,,,,,,,,,,,,,,,,,,
6/10/2020,2020,6,10,13,30,235,649,12.2,0.18,7.8,53.34,22.1,977,,,,,,,,,,,,,,,,,,,,,,,,,,,,,,,,,
6/10/2020,2020,6,10,14,30,106,907,11.7,0.18,7.6,50.15,22.6,978,,,,,,,,,,,,,,,,,,,,,,,,,,,,,,,,,
6/10/2020,2020,6,10,15,30,101,857,11.4,0.18,7.1,49.46,22.5,979,,,,,,,,,,,,,,,,,,,,,,,,,,,,,,,,,
6/10/2020,2020,6,10,16,30,82,829,11.4,0.18,6.4,50.98,22,980,,,,,,,,,,,,,,,,,,,,,,,,,,,,,,,,,
6/10/2020,2020,6,10,17,30,69,733,11.7,0.18,5.9,52.98,21.7,980,,,,,,,,,,,,,,,,,,,,,,,,,,,,,,,,,
6/10/2020,2020,6,10,18,30,51,537,12.1,0.18,4.5,63.17,19.3,982,,,,,,,,,,,,,,,,,,,,,,,,,,,,,,,,,
6/10/2020,2020,6,10,19,30,16,137,11.9,0.18,4,69.28,17.6,982,,,,,,,,,,,,,,,,,,,,,,,,,,,,,,,,,
6/10/2020,2020,6,10,20,30,0,0,11.7,0.18,3.8,72.67,16.6,983,,,,,,,,,,,,,,,,,,,,,,,,,,,,,,,,,
6/10/2020,2020,6,10,21,30,0,0,11.6,0.18,3.3,76.82,15.7,984,,,,,,,,,,,,,,,,,,,,,,,,,,,,,,,,,
6/10/2020,2020,6,10,22,30,0,0,11.7,0.18,2.7,81.57,14.8,985,,,,,,,,,,,,,,,,,,,,,,,,,,,,,,,,,
6/10/2020,2020,6,10,23,30,0,0,11.5,0.18,2.5,84.56,14.1,985,,,,,,,,,,,,,,,,,,,,,,,,,,,,,,,,,
6/11/2020,2020,6,11,0,30,0,0,11.2,0.18,2.4,86.17,13.5,986,,,,,,,,,,,,,,,,,,,,,,,,,,,,,,,,,
6/11/2020,2020,6,11,1,30,0,0,10.8,0.18,2.3,86.07,13.1,987,,,,,,,,,,,,,,,,,,,,,,,,,,,,,,,,,
6/11/2020,2020,6,11,2,30,0,0,10.3,0.18,2.3,85.59,12.7,987,,,,,,,,,,,,,,,,,,,,,,,,,,,,,,,,,
6/11/2020,2020,6,11,3,30,0,0,10,0.18,2.5,85.19,12.4,987,,,,,,,,,,,,,,,,,,,,,,,,,,,,,,,,,
6/11/2020,2020,6,11,4,30,0,0,9.8,0.18,3,82.05,12.8,988,,,,,,,,,,,,,,,,,,,,,,,,,,,,,,,,,
6/11/2020,2020,6,11,5,30,42,351,10.1,0.18,3.6,76.69,14.1,988,,,,,,,,,,,,,,,,,,,,,,,,,,,,,,,,,
6/11/2020,2020,6,11,6,30,70,612,10.9,0.18,4,70.15,16.4,989,,,,,,,,,,,,,,,,,,,,,,,,,,,,,,,,,
6/11/2020,2020,6,11,7,30,87,751,12.5,0.18,4.4,64.23,19.4,989,,,,,,,,,,,,,,,,,,,,,,,,,,,,,,,,,
6/11/2020,2020,6,11,8,30,98,832,13.3,0.18,5,56.83,22.3,989,,,,,,,,,,,,,,,,,,,,,,,,,,,,,,,,,
6/11/2020,2020,6,11,9,30,105,879,13.9,0.18,5.1,52.04,24.4,990,,,,,,,,,,,,,,,,,,,,,,,,,,,,,,,,,
6/11/2020,2020,6,11,10,30,111,904,13.8,0.18,5.2,47.64,25.8,990,,,,,,,,,,,,,,,,,,,,,,,,,,,,,,,,,
6/11/2020,2020,6,11,11,30,114,918,13.4,0.18,5.1,44.28,26.6,990,,,,,,,,,,,,,,,,,,,,,,,,,,,,,,,,,
6/11/2020,2020,6,11,12,30,113,921,13.4,0.18,4.9,42.96,27.1,990,,,,,,,,,,,,,,,,,,,,,,,,,,,,,,,,,
6/11/2020,2020,6,11,13,30,112,910,13.6,0.18,4.6,42.63,27.4,990,,,,,,,,,,,,,,,,,,,,,,,,,,,,,,,,,
6/11/2020,2020,6,11,14,30,106,890,13.8,0.18,4.3,43.12,27.4,990,,,,,,,,,,,,,,,,,,,,,,,,,,,,,,,,,
6/11/2020,2020,6,11,15,30,100,851,14,0.18,3.7,44.69,27.1,990,,,,,,,,,,,,,,,,,,,,,,,,,,,,,,,,,
6/11/2020,2020,6,11,16,30,91,789,15,0.18,3,49.65,26.4,990,,,,,,,,,,,,,,,,,,,,,,,,,,,,,,,,,
6/11/2020,2020,6,11,17,30,76,686,16.5,0.18,2.5,56.24,25.9,990,,,,,,,,,,,,,,,,,,,,,,,,,,,,,,,,,
6/11/2020,2020,6,11,18,30,55,505,18.5,0.17,1.4,79.21,22.3,990,,,,,,,,,,,,,,,,,,,,,,,,,,,,,,,,,
6/11/2020,2020,6,11,19,30,17,120,17,0.17,1.3,83.48,19.9,991,,,,,,,,,,,,,,,,,,,,,,,,,,,,,,,,,
6/11/2020,2020,6,11,20,30,0,0,15.5,0.17,1.3,82.35,18.6,991,,,,,,,,,,,,,,,,,,,,,,,,,,,,,,,,,
6/11/2020,2020,6,11,21,30,0,0,14.9,0.17,1.3,83,17.8,992,,,,,,,,,,,,,,,,,,,,,,,,,,,,,,,,,
6/11/2020,2020,6,11,22,30,0,0,14.3,0.17,1.2,83.97,17,992,,,,,,,,,,,,,,,,,,,,,,,,,,,,,,,,,
6/11/2020,2020,6,11,23,30,0,0,13.8,0.17,1.2,84.47,16.4,993,,,,,,,,,,,,,,,,,,,,,,,,,,,,,,,,,
6/12/2020,2020,6,12,0,30,0,0,13.3,0.17,1.2,85.21,15.8,993,,,,,,,,,,,,,,,,,,,,,,,,,,,,,,,,,
6/12/2020,2020,6,12,1,30,0,0,12.9,0.17,1.1,84.39,15.5,993,,,,,,,,,,,,,,,,,,,,,,,,,,,,,,,,,
6/12/2020,2020,6,12,2,30,0,0,12.4,0.17,1.1,82.91,15.3,993,,,,,,,,,,,,,,,,,,,,,,,,,,,,,,,,,
6/12/2020,2020,6,12,3,30,0,0,12,0.17,1.1,79.97,15.4,994,,,,,,,,,,,,,,,,,,,,,,,,,,,,,,,,,
6/12/2020,2020,6,12,4,30,0,0,11.6,0.17,0.9,75.98,15.8,994,,,,,,,,,,,,,,,,,,,,,,,,,,,,,,,,,
6/12/2020,2020,6,12,5,30,42,357,13.3,0.17,1,76.67,17.4,994,,,,,,,,,,,,,,,,,,,,,,,,,,,,,,,,,
6/12/2020,2020,6,12,6,30,69,619,13.9,0.17,1.3,70.82,19.3,994,,,,,,,,,,,,,,,,,,,,,,,,,,,,,,,,,
6/12/2020,2020,6,12,7,30,86,755,14.6,0.17,1.3,65.31,21.4,994,,,,,,,,,,,,,,,,,,,,,,,,,,,,,,,,,
6/12/2020,2020,6,12,8,30,98,834,16.7,0.17,1.2,61.6,24.6,994,,,,,,,,,,,,,,,,,,,,,,,,,,,,,,,,,
6/12/2020,2020,6,12,9,30,104,883,14,0.17,1.2,44.97,27,994,,,,,,,,,,,,,,,,,,,,,,,,,,,,,,,,,
6/12/2020,2020,6,12,10,30,109,912,14.2,0.17,1.4,42.77,28,994,,,,,,,,,,,,,,,,,,,,,,,,,,,,,,,,,
6/12/2020,2020,6,12,11,30,108,932,14.6,0.17,1.5,42.39,28.6,993,,,,,,,,,,,,,,,,,,,,,,,,,,,,,,,,,
6/12/2020,2020,6,12,12,30,105,940,14.9,0.17,1.6,42.41,28.9,993,,,,,,,,,,,,,,,,,,,,,,,,,,,,,,,,,
6/12/2020,2020,6,12,13,30,103,932,15,0.17,1.7,42.25,29.1,992,,,,,,,,,,,,,,,,,,,,,,,,,,,,,,,,,
6/12/2020,2020,6,12,14,30,100,909,15,0.17,1.7,42.33,29.1,992,,,,,,,,,,,,,,,,,,,,,,,,,,,,,,,,,
6/12/2020,2020,6,12,15,30,93,871,15,0.17,1.5,42.92,28.9,992,,,,,,,,,,,,,,,,,,,,,,,,,,,,,,,,,
6/12/2020,2020,6,12,16,30,84,809,15.1,0.17,1.3,43.71,28.7,991,,,,,,,,,,,,,,,,,,,,,,,,,,,,,,,,,
6/12/2020,2020,6,12,17,30,72,710,14.3,0.17,1.2,41.09,28.8,991,,,,,,,,,,,,,,,,,,,,,,,,,,,,,,,,,
6/12/2020,2020,6,12,18,30,53,518,16.1,0.18,1,57.2,25.2,991,,,,,,,,,,,,,,,,,,,,,,,,,,,,,,,,,
6/12/2020,2020,6,12,19,30,17,133,16.9,0.18,1.1,71.34,22.3,990,,,,,,,,,,,,,,,,,,,,,,,,,,,,,,,,,
6/12/2020,2020,6,12,20,30,0,0,15.4,0.18,1.3,71.68,20.7,990,,,,,,,,,,,,,,,,,,,,,,,,,,,,,,,,,
6/12/2020,2020,6,12,21,30,0,0,15,0.18,1.4,73.67,19.8,991,,,,,,,,,,,,,,,,,,,,,,,,,,,,,,,,,
6/12/2020,2020,6,12,22,30,0,0,14.5,0.18,1.4,75.23,19,991,,,,,,,,,,,,,,,,,,,,,,,,,,,,,,,,,
6/12/2020,2020,6,12,23,30,0,0,14.2,0.18,1.3,76.98,18.3,991,,,,,,,,,,,,,,,,,,,,,,,,,,,,,,,,,
6/13/2020,2020,6,13,0,30,0,0,14,0.18,1.2,78.11,17.9,991,,,,,,,,,,,,,,,,,,,,,,,,,,,,,,,,,
6/13/2020,2020,6,13,1,30,0,0,13.8,0.18,1.1,77.63,17.8,991,,,,,,,,,,,,,,,,,,,,,,,,,,,,,,,,,
6/13/2020,2020,6,13,2,30,0,0,13.8,0.18,0.9,78.99,17.5,991,,,,,,,,,,,,,,,,,,,,,,,,,,,,,,,,,
6/13/2020,2020,6,13,3,30,0,0,13.9,0.18,0.9,82.94,16.8,991,,,,,,,,,,,,,,,,,,,,,,,,,,,,,,,,,
6/13/2020,2020,6,13,4,30,0,0,14.1,0.18,1.1,84.47,16.7,992,,,,,,,,,,,,,,,,,,,,,,,,,,,,,,,,,
6/13/2020,2020,6,13,5,30,41,347,15.3,0.18,2.1,87.23,17.4,992,,,,,,,,,,,,,,,,,,,,,,,,,,,,,,,,,
6/13/2020,2020,6,13,6,30,70,598,15.1,0.18,3.4,80.25,18.6,992,,,,,,,,,,,,,,,,,,,,,,,,,,,,,,,,,
6/13/2020,2020,6,13,7,30,88,731,14.7,0.18,4.2,72.62,19.8,992,,,,,,,,,,,,,,,,,,,,,,,,,,,,,,,,,
6/13/2020,2020,6,13,8,30,102,808,14.3,0.18,4.5,66.19,20.8,992,,,,,,,,,,,,,,,,,,,,,,,,,,,,,,,,,
6/13/2020,2020,6,13,9,30,112,854,14.2,0.18,4.5,61.5,21.9,992,,,,,,,,,,,,,,,,,,,,,,,,,,,,,,,,,
6/13/2020,2020,6,13,10,30,119,881,14.5,0.18,4.5,58.29,23.1,992,,,,,,,,,,,,,,,,,,,,,,,,,,,,,,,,,
6/13/2020,2020,6,13,11,30,126,890,15,0.18,4.4,56.47,24.2,991,,,,,,,,,,,,,,,,,,,,,,,,,,,,,,,,,
6/13/2020,2020,6,13,12,30,131,884,15.6,0.18,4.3,55.92,25,991,,,,,,,,,,,,,,,,,,,,,,,,,,,,,,,,,
6/13/2020,2020,6,13,13,30,130,872,16.1,0.18,4.3,55.82,25.6,990,,,,,,,,,,,,,,,,,,,,,,,,,,,,,,,,,
6/13/2020,2020,6,13,14,30,122,853,16.5,0.18,4.2,56.92,25.7,989,,,,,,,,,,,,,,,,,,,,,,,,,,,,,,,,,
6/13/2020,2020,6,13,15,30,112,817,16.8,0.18,4.2,58.5,25.5,989,,,,,,,,,,,,,,,,,,,,,,,,,,,,,,,,,
6/13/2020,2020,6,13,16,30,112,714,16.8,0.18,4,61.29,24.8,989,,,,,,,,,,,,,,,,,,,,,,,,,,,,,,,,,
6/13/2020,2020,6,13,17,30,89,620,17.1,0.18,3.9,63.96,24.4,989,,,,,,,,,,,,,,,,,,,,,,,,,,,,,,,,,
6/13/2020,2020,6,13,18,30,62,415,17.4,0.18,3.6,76.77,21.7,989,,,,,,,,,,,,,,,,,,,,,,,,,,,,,,,,,
6/13/2020,2020,6,13,19,30,18,108,16.8,0.18,3.7,82.38,19.9,990,,,,,,,,,,,,,,,,,,,,,,,,,,,,,,,,,
6/13/2020,2020,6,13,20,30,0,0,16,0.18,4,85.38,18.5,990,,,,,,,,,,,,,,,,,,,,,,,,,,,,,,,,,
6/13/2020,2020,6,13,21,30,0,0,15.2,0.18,4.1,86.99,17.4,991,,,,,,,,,,,,,,,,,,,,,,,,,,,,,,,,,
6/13/2020,2020,6,13,22,30,0,0,14.4,0.18,4.2,88.01,16.4,991,,,,,,,,,,,,,,,,,,,,,,,,,,,,,,,,,
6/13/2020,2020,6,13,23,30,0,0,13.6,0.18,4.3,88.39,15.5,991,,,,,,,,,,,,,,,,,,,,,,,,,,,,,,,,,
6/14/2020,2020,6,14,0,30,0,0,12.6,0.18,4.4,88.8,14.4,991,,,,,,,,,,,,,,,,,,,,,,,,,,,,,,,,,
6/14/2020,2020,6,14,1,30,0,0,11.6,0.18,4.4,88.67,13.4,991,,,,,,,,,,,,,,,,,,,,,,,,,,,,,,,,,
6/14/2020,2020,6,14,2,30,0,0,10.8,0.18,4.1,89.32,12.5,991,,,,,,,,,,,,,,,,,,,,,,,,,,,,,,,,,
6/14/2020,2020,6,14,3,30,0,0,10.3,0.18,3.8,90.09,11.9,991,,,,,,,,,,,,,,,,,,,,,,,,,,,,,,,,,
6/14/2020,2020,6,14,4,30,0,0,10.1,0.18,3.8,89.83,11.7,991,,,,,,,,,,,,,,,,,,,,,,,,,,,,,,,,,
6/14/2020,2020,6,14,5,30,43,251,10.1,0.18,4.4,83.81,12.8,992,,,,,,,,,,,,,,,,,,,,,,,,,,,,,,,,,
6/14/2020,2020,6,14,6,30,115,180,10.5,0.18,5.1,74.37,15,992,,,,,,,,,,,,,,,,,,,,,,,,,,,,,,,,,
6/14/2020,2020,6,14,7,30,182,289,11.5,0.18,5.4,67.51,17.6,992,,,,,,,,,,,,,,,,,,,,,,,,,,,,,,,,,
6/14/2020,2020,6,14,8,30,157,657,13.1,0.18,5.3,63.89,20.1,991,,,,,,,,,,,,,,,,,,,,,,,,,,,,,,,,,
6/14/2020,2020,6,14,9,30,153,764,14.6,0.18,5.3,62.54,22.1,991,,,,,,,,,,,,,,,,,,,,,,,,,,,,,,,,,
6/14/2020,2020,6,14,10,30,289,537,16,0.18,5.4,61.98,23.7,991,,,,,,,,,,,,,,,,,,,,,,,,,,,,,,,,,
6/14/2020,2020,6,14,11,30,256,662,17.1,0.18,5.6,62.29,24.8,990,,,,,,,,,,,,,,,,,,,,,,,,,,,,,,,,,
6/14/2020,2020,6,14,12,30,176,806,18,0.18,5.8,63.69,25.4,990,,,,,,,,,,,,,,,,,,,,,,,,,,,,,,,,,
6/14/2020,2020,6,14,13,30,179,786,18.7,0.18,5.8,65.33,25.7,989,,,,,,,,,,,,,,,,,,,,,,,,,,,,,,,,,
6/14/2020,2020,6,14,14,30,286,522,19.2,0.18,5.8,66.8,25.8,989,,,,,,,,,,,,,,,,,,,,,,,,,,,,,,,,,
6/14/2020,2020,6,14,15,30,162,707,19.4,0.18,5.7,68.39,25.7,989,,,,,,,,,,,,,,,,,,,,,,,,,,,,,,,,,
6/14/2020,2020,6,14,16,30,156,560,19.5,0.18,5.5,70.54,25.2,989,,,,,,,,,,,,,,,,,,,,,,,,,,,,,,,,,
6/14/2020,2020,6,14,17,30,114,494,19.3,0.18,5.4,71.59,24.8,988,,,,,,,,,,,,,,,,,,,,,,,,,,,,,,,,,
6/14/2020,2020,6,14,18,30,75,266,18.9,0.17,5,79.72,22.6,989,,,,,,,,,,,,,,,,,,,,,,,,,,,,,,,,,
6/14/2020,2020,6,14,19,30,15,9,18.1,0.17,5,82.3,21.2,990,,,,,,,,,,,,,,,,,,,,,,,,,,,,,,,,,
6/14/2020,2020,6,14,20,30,0,0,16.9,0.17,5.1,82.1,20.1,991,,,,,,,,,,,,,,,,,,,,,,,,,,,,,,,,,
6/14/2020,2020,6,14,21,30,0,0,15.8,0.17,4.8,80.94,19.1,991,,,,,,,,,,,,,,,,,,,,,,,,,,,,,,,,,
6/14/2020,2020,6,14,22,30,0,0,14.9,0.17,4.3,81.51,18.1,990,,,,,,,,,,,,,,,,,,,,,,,,,,,,,,,,,
6/14/2020,2020,6,14,23,30,0,0,14.4,0.17,3.9,82.79,17.4,990,,,,,,,,,,,,,,,,,,,,,,,,,,,,,,,,,
6/15/2020,2020,6,15,0,30,0,0,14.2,0.17,3.7,84.6,16.8,990,,,,,,,,,,,,,,,,,,,,,,,,,,,,,,,,,
6/15/2020,2020,6,15,1,30,0,0,14.1,0.17,3.4,86.56,16.3,990,,,,,,,,,,,,,,,,,,,,,,,,,,,,,,,,,
6/15/2020,2020,6,15,2,30,0,0,14,0.17,3.2,88.52,15.9,991,,,,,,,,,,,,,,,,,,,,,,,,,,,,,,,,,
6/15/2020,2020,6,15,3,30,0,0,13.9,0.17,3.3,90.59,15.4,991,,,,,,,,,,,,,,,,,,,,,,,,,,,,,,,,,
6/15/2020,2020,6,15,4,30,0,0,13.6,0.17,3.6,89.25,15.4,991,,,,,,,,,,,,,,,,,,,,,,,,,,,,,,,,,
6/15/2020,2020,6,15,5,30,47,179,13.5,0.17,3.9,84.06,16.2,991,,,,,,,,,,,,,,,,,,,,,,,,,,,,,,,,,
6/15/2020,2020,6,15,6,30,92,472,13.8,0.17,4.2,76.97,17.9,992,,,,,,,,,,,,,,,,,,,,,,,,,,,,,,,,,
6/15/2020,2020,6,15,7,30,132,560,14.5,0.17,4.6,69.29,20.3,992,,,,,,,,,,,,,,,,,,,,,,,,,,,,,,,,,
6/15/2020,2020,6,15,8,30,134,717,16,0.17,4.9,65.66,22.8,991,,,,,,,,,,,,,,,,,,,,,,,,,,,,,,,,,
6/15/2020,2020,6,15,9,30,144,777,17.9,0.17,4.9,64.89,25,991,,,,,,,,,,,,,,,,,,,,,,,,,,,,,,,,,
6/15/2020,2020,6,15,10,30,150,810,19.4,0.17,4.6,63.94,26.8,991,,,,,,,,,,,,,,,,,,,,,,,,,,,,,,,,,
6/15/2020,2020,6,15,11,30,145,837,20.5,0.17,4.2,63.77,28,991,,,,,,,,,,,,,,,,,,,,,,,,,,,,,,,,,
6/15/2020,2020,6,15,12,30,135,853,21.2,0.17,3.8,64.61,28.5,991,,,,,,,,,,,,,,,,,,,,,,,,,,,,,,,,,
6/15/2020,2020,6,15,13,30,135,839,21.5,0.17,3.6,66.02,28.5,991,,,,,,,,,,,,,,,,,,,,,,,,,,,,,,,,,
6/15/2020,2020,6,15,14,30,135,809,21.7,0.17,3.6,68.75,28,990,,,,,,,,,,,,,,,,,,,,,,,,,,,,,,,,,
6/15/2020,2020,6,15,15,30,129,762,22,0.17,3.4,73.34,27.2,990,,,,,,,,,,,,,,,,,,,,,,,,,,,,,,,,,
6/15/2020,2020,6,15,16,30,116,692,22.4,0.17,3,79.01,26.3,990,,,,,,,,,,,,,,,,,,,,,,,,,,,,,,,,,
6/15/2020,2020,6,15,17,30,96,580,22.5,0.17,2.8,82.01,25.8,990,,,,,,,,,,,,,,,,,,,,,,,,,,,,,,,,,
6/15/2020,2020,6,15,18,30,69,380,22.1,0.17,2.9,88.87,24,990,,,,,,,,,,,,,,,,,,,,,,,,,,,,,,,,,
6/15/2020,2020,6,15,19,30,19,72,21.1,0.17,3.5,89.9,22.8,991,,,,,,,,,,,,,,,,,,,,,,,,,,,,,,,,,
6/15/2020,2020,6,15,20,30,0,0,19.6,0.17,4,88.9,21.5,991,,,,,,,,,,,,,,,,,,,,,,,,,,,,,,,,,
6/15/2020,2020,6,15,21,30,0,0,18.1,0.17,3.9,86.93,20.3,992,,,,,,,,,,,,,,,,,,,,,,,,,,,,,,,,,
6/15/2020,2020,6,15,22,30,0,0,16.8,0.17,3.7,84.66,19.5,992,,,,,,,,,,,,,,,,,,,,,,,,,,,,,,,,,
6/15/2020,2020,6,15,23,30,0,0,16.2,0.17,3.4,85.01,18.8,992,,,,,,,,,,,,,,,,,,,,,,,,,,,,,,,,,
6/16/2020,2020,6,16,0,30,0,0,15.8,0.17,3.2,85.44,18.3,991,,,,,,,,,,,,,,,,,,,,,,,,,,,,,,,,,
6/16/2020,2020,6,16,1,30,0,0,15.5,0.17,3.1,86.42,17.8,991,,,,,,,,,,,,,,,,,,,,,,,,,,,,,,,,,
6/16/2020,2020,6,16,2,30,0,0,15.2,0.17,3,86.93,17.4,991,,,,,,,,,,,,,,,,,,,,,,,,,,,,,,,,,
6/16/2020,2020,6,16,3,30,0,0,14.9,0.17,2.9,87.67,17,991,,,,,,,,,,,,,,,,,,,,,,,,,,,,,,,,,
6/16/2020,2020,6,16,4,30,0,0,14.7,0.17,3,86.94,16.9,991,,,,,,,,,,,,,,,,,,,,,,,,,,,,,,,,,
6/16/2020,2020,6,16,5,30,47,234,14.6,0.17,3.2,84.11,17.3,992,,,,,,,,,,,,,,,,,,,,,,,,,,,,,,,,,
6/16/2020,2020,6,16,6,30,88,498,14.7,0.17,3.4,77.72,18.7,992,,,,,,,,,,,,,,,,,,,,,,,,,,,,,,,,,
6/16/2020,2020,6,16,7,30,111,651,15.2,0.17,3.8,70.55,20.8,992,,,,,,,,,,,,,,,,,,,,,,,,,,,,,,,,,
6/16/2020,2020,6,16,8,30,125,745,15.1,0.17,4.4,60.03,23.3,992,,,,,,,,,,,,,,,,,,,,,,,,,,,,,,,,,
6/16/2020,2020,6,16,9,30,132,804,15.2,0.17,4.6,53.86,25.2,992,,,,,,,,,,,,,,,,,,,,,,,,,,,,,,,,,
6/16/2020,2020,6,16,10,30,138,840,16.5,0.17,4.6,53.58,26.7,991,,,,,,,,,,,,,,,,,,,,,,,,,,,,,,,,,
6/16/2020,2020,6,16,11,30,143,854,17.7,0.17,4.5,54.09,27.8,991,,,,,,,,,,,,,,,,,,,,,,,,,,,,,,,,,
6/16/2020,2020,6,16,12,30,145,857,18.3,0.17,4.4,54.35,28.4,990,,,,,,,,,,,,,,,,,,,,,,,,,,,,,,,,,
6/16/2020,2020,6,16,13,30,140,855,18.5,0.17,4.3,54.56,28.6,989,,,,,,,,,,,,,,,,,,,,,,,,,,,,,,,,,
6/16/2020,2020,6,16,14,30,130,841,18.5,0.17,4.3,55.07,28.4,989,,,,,,,,,,,,,,,,,,,,,,,,,,,,,,,,,
6/16/2020,2020,6,16,15,30,118,812,18.2,0.17,4.2,55.79,27.8,988,,,,,,,,,,,,,,,,,,,,,,,,,,,,,,,,,
6/16/2020,2020,6,16,16,30,104,761,17.7,0.17,4.1,57.8,26.7,988,,,,,,,,,,,,,,,,,,,,,,,,,,,,,,,,,
6/16/2020,2020,6,16,17,30,85,664,17.8,0.17,3.9,60.64,26,988,,,,,,,,,,,,,,,,,,,,,,,,,,,,,,,,,
6/16/2020,2020,6,16,18,30,59,497,17.8,0.17,3.5,73.18,22.9,988,,,,,,,,,,,,,,,,,,,,,,,,,,,,,,,,,
6/16/2020,2020,6,16,19,30,19,140,16.8,0.17,3.5,76.77,21,988,,,,,,,,,,,,,,,,,,,,,,,,,,,,,,,,,
6/16/2020,2020,6,16,20,30,0,0,15.8,0.17,3.7,77.47,19.9,988,,,,,,,,,,,,,,,,,,,,,,,,,,,,,,,,,
6/16/2020,2020,6,16,21,30,0,0,15.4,0.17,3.7,79.24,19.1,989,,,,,,,,,,,,,,,,,,,,,,,,,,,,,,,,,
6/16/2020,2020,6,16,22,30,0,0,15.1,0.17,3.5,81.58,18.3,989,,,,,,,,,,,,,,,,,,,,,,,,,,,,,,,,,
6/16/2020,2020,6,16,23,30,0,0,14.8,0.17,3.2,83.81,17.6,989,,,,,,,,,,,,,,,,,,,,,,,,,,,,,,,,,
6/17/2020,2020,6,17,0,30,0,0,14.6,0.17,3,86.29,16.9,988,,,,,,,,,,,,,,,,,,,,,,,,,,,,,,,,,
6/17/2020,2020,6,17,1,30,0,0,14.3,0.17,2.9,87.57,16.4,988,,,,,,,,,,,,,,,,,,,,,,,,,,,,,,,,,
6/17/2020,2020,6,17,2,30,0,0,14.1,0.17,2.7,88.22,16,988,,,,,,,,,,,,,,,,,,,,,,,,,,,,,,,,,
6/17/2020,2020,6,17,3,30,0,0,13.9,0.17,2.6,88.8,15.7,988,,,,,,,,,,,,,,,,,,,,,,,,,,,,,,,,,
6/17/2020,2020,6,17,4,30,0,0,13.8,0.17,2.9,86.62,16,988,,,,,,,,,,,,,,,,,,,,,,,,,,,,,,,,,
6/17/2020,2020,6,17,5,30,45,296,14,0.17,3.4,81.65,17.2,988,,,,,,,,,,,,,,,,,,,,,,,,,,,,,,,,,
6/17/2020,2020,6,17,6,30,82,538,14.8,0.17,3.5,75,19.3,988,,,,,,,,,,,,,,,,,,,,,,,,,,,,,,,,,
6/17/2020,2020,6,17,7,30,108,670,16.3,0.17,4.1,69.51,22.1,988,,,,,,,,,,,,,,,,,,,,,,,,,,,,,,,,,
6/17/2020,2020,6,17,8,30,122,758,16.9,0.17,4.8,62.4,24.6,988,,,,,,,,,,,,,,,,,,,,,,,,,,,,,,,,,
6/17/2020,2020,6,17,9,30,127,821,17.5,0.17,5.1,58.74,26.2,987,,,,,,,,,,,,,,,,,,,,,,,,,,,,,,,,,
6/17/2020,2020,6,17,10,30,134,853,18.3,0.17,5.1,57.51,27.4,987,,,,,,,,,,,,,,,,,,,,,,,,,,,,,,,,,
6/17/2020,2020,6,17,11,30,133,876,18.9,0.17,5.2,57.19,28.2,986,,,,,,,,,,,,,,,,,,,,,,,,,,,,,,,,,
6/17/2020,2020,6,17,12,30,126,890,19.5,0.17,5.2,57.39,28.7,986,,,,,,,,,,,,,,,,,,,,,,,,,,,,,,,,,
6/17/2020,2020,6,17,13,30,120,888,19.8,0.17,5.1,57.96,28.9,985,,,,,,,,,,,,,,,,,,,,,,,,,,,,,,,,,
6/17/2020,2020,6,17,14,30,123,854,20,0.17,5,59.04,28.8,985,,,,,,,,,,,,,,,,,,,,,,,,,,,,,,,,,
6/17/2020,2020,6,17,15,30,126,795,20,0.17,4.8,60.38,28.4,984,,,,,,,,,,,,,,,,,,,,,,,,,,,,,,,,,
6/17/2020,2020,6,17,16,30,109,738,19.9,0.17,4.4,62.95,27.6,984,,,,,,,,,,,,,,,,,,,,,,,,,,,,,,,,,
6/17/2020,2020,6,17,17,30,89,635,20.2,0.17,4.1,65.81,27.1,984,,,,,,,,,,,,,,,,,,,,,,,,,,,,,,,,,
6/17/2020,2020,6,17,18,30,63,453,20.4,0.17,3.3,77.95,24.5,984,,,,,,,,,,,,,,,,,,,,,,,,,,,,,,,,,
6/17/2020,2020,6,17,19,30,20,112,19.8,0.17,3.2,83.3,22.8,984,,,,,,,,,,,,,,,,,,,,,,,,,,,,,,,,,
6/17/2020,2020,6,17,20,30,0,0,19.1,0.17,3.4,84.83,21.8,984,,,,,,,,,,,,,,,,,,,,,,,,,,,,,,,,,
6/17/2020,2020,6,17,21,30,0,0,18.6,0.17,3.5,85.91,21.1,984,,,,,,,,,,,,,,,,,,,,,,,,,,,,,,,,,
6/17/2020,2020,6,17,22,30,0,0,18.3,0.17,3.4,87.53,20.4,984,,,,,,,,,,,,,,,,,,,,,,,,,,,,,,,,,
6/17/2020,2020,6,17,23,30,0,0,18,0.17,3.5,89.12,19.8,984,,,,,,,,,,,,,,,,,,,,,,,,,,,,,,,,,
6/18/2020,2020,6,18,0,30,0,0,17.7,0.17,3.6,89.76,19.4,983,,,,,,,,,,,,,,,,,,,,,,,,,,,,,,,,,
6/18/2020,2020,6,18,1,30,0,0,17.5,0.17,3.2,91.31,18.9,983,,,,,,,,,,,,,,,,,,,,,,,,,,,,,,,,,
6/18/2020,2020,6,18,2,30,0,0,17.3,0.17,2.7,92.91,18.5,984,,,,,,,,,,,,,,,,,,,,,,,,,,,,,,,,,
6/18/2020,2020,6,18,3,30,0,0,17.3,0.17,2.7,93.1,18.4,984,,,,,,,,,,,,,,,,,,,,,,,,,,,,,,,,,
6/18/2020,2020,6,18,4,30,0,0,17.3,0.17,3,90.44,18.9,984,,,,,,,,,,,,,,,,,,,,,,,,,,,,,,,,,
6/18/2020,2020,6,18,5,30,45,97,17.7,0.17,3.3,86.5,20,984,,,,,,,,,,,,,,,,,,,,,,,,,,,,,,,,,
6/18/2020,2020,6,18,6,30,109,245,18.4,0.17,3.2,80.21,22,984,,,,,,,,,,,,,,,,,,,,,,,,,,,,,,,,,
6/18/2020,2020,6,18,7,30,172,372,19.8,0.17,3.7,74.51,24.6,984,,,,,,,,,,,,,,,,,,,,,,,,,,,,,,,,,
6/18/2020,2020,6,18,8,30,284,173,20.9,0.17,4.2,70.29,26.8,984,,,,,,,,,,,,,,,,,,,,,,,,,,,,,,,,,
6/18/2020,2020,6,18,9,30,357,255,21.5,0.17,4.4,66.74,28.3,984,,,,,,,,,,,,,,,,,,,,,,,,,,,,,,,,,
6/18/2020,2020,6,18,10,30,418,269,21.7,0.17,4.6,64.53,29.1,983,,,,,,,,,,,,,,,,,,,,,,,,,,,,,,,,,
6/18/2020,2020,6,18,11,30,462,235,21.9,0.17,4.9,63.78,29.5,983,,,,,,,,,,,,,,,,,,,,,,,,,,,,,,,,,
6/18/2020,2020,6,18,12,30,454,276,22.1,0.17,5,64.35,29.5,983,,,,,,,,,,,,,,,,,,,,,,,,,,,,,,,,,
6/18/2020,2020,6,18,13,30,449,192,22.1,0.17,5,65.38,29.3,982,,,,,,,,,,,,,,,,,,,,,,,,,,,,,,,,,
6/18/2020,2020,6,18,14,30,372,332,22.3,0.17,4.8,67.83,28.8,982,,,,,,,,,,,,,,,,,,,,,,,,,,,,,,,,,
6/18/2020,2020,6,18,15,30,310,307,22.4,0.17,4.7,70.69,28.2,981,,,,,,,,,,,,,,,,,,,,,,,,,,,,,,,,,
6/18/2020,2020,6,18,16,30,183,477,22.6,0.17,4.4,75.01,27.4,981,,,,,,,,,,,,,,,,,,,,,,,,,,,,,,,,,
6/18/2020,2020,6,18,17,30,161,124,22.8,0.17,4.2,78.33,26.9,980,,,,,,,,,,,,,,,,,,,,,,,,,,,,,,,,,
6/18/2020,2020,6,18,18,30,77,35,23,0.17,2.7,88.13,25.1,981,,,,,,,,,,,,,,,,,,,,,,,,,,,,,,,,,
6/18/2020,2020,6,18,19,30,15,3,22.4,0.17,2.9,89.98,24.1,981,,,,,,,,,,,,,,,,,,,,,,,,,,,,,,,,,
6/18/2020,2020,6,18,20,30,0,0,22,0.17,2.8,91.74,23.4,981,,,,,,,,,,,,,,,,,,,,,,,,,,,,,,,,,
6/18/2020,2020,6,18,21,30,0,0,21.8,0.17,2.5,94.81,22.7,982,,,,,,,,,,,,,,,,,,,,,,,,,,,,,,,,,
6/18/2020,2020,6,18,22,30,0,0,21.6,0.17,2.2,97.26,22.1,982,,,,,,,,,,,,,,,,,,,,,,,,,,,,,,,,,
6/18/2020,2020,6,18,23,30,0,0,21.5,0.17,1.9,99.3,21.6,982,,,,,,,,,,,,,,,,,,,,,,,,,,,,,,,,,
6/19/2020,2020,6,19,0,30,0,0,21.2,0.17,1.5,100,21.2,982,,,,,,,,,,,,,,,,,,,,,,,,,,,,,,,,,
6/19/2020,2020,6,19,1,30,0,0,20.9,0.17,1.4,100,20.9,982,,,,,,,,,,,,,,,,,,,,,,,,,,,,,,,,,
6/19/2020,2020,6,19,2,30,0,0,20.8,0.17,1.7,99.77,20.8,983,,,,,,,,,,,,,,,,,,,,,,,,,,,,,,,,,
6/19/2020,2020,6,19,3,30,0,0,20.5,0.17,2,100,20.5,983,,,,,,,,,,,,,,,,,,,,,,,,,,,,,,,,,
6/19/2020,2020,6,19,4,30,0,0,20.1,0.17,2,99.68,20.2,983,,,,,,,,,,,,,,,,,,,,,,,,,,,,,,,,,
6/19/2020,2020,6,19,5,30,25,0,19.7,0.17,1.7,98.3,20,983,,,,,,,,,,,,,,,,,,,,,,,,,,,,,,,,,
6/19/2020,2020,6,19,6,30,84,14,19.7,0.17,1.8,93.27,20.8,983,,,,,,,,,,,,,,,,,,,,,,,,,,,,,,,,,
6/19/2020,2020,6,19,7,30,127,0,20.1,0.17,2.5,90.59,21.7,984,,,,,,,,,,,,,,,,,,,,,,,,,,,,,,,,,
6/19/2020,2020,6,19,8,30,125,0,20,0.17,2.9,87.36,22.2,984,,,,,,,,,,,,,,,,,,,,,,,,,,,,,,,,,
6/19/2020,2020,6,19,9,30,183,6,19.9,0.17,3.3,84.15,22.7,984,,,,,,,,,,,,,,,,,,,,,,,,,,,,,,,,,
6/19/2020,2020,6,19,10,30,194,9,19.8,0.17,3.4,80.52,23.3,984,,,,,,,,,,,,,,,,,,,,,,,,,,,,,,,,,
6/19/2020,2020,6,19,11,30,352,32,19.6,0.17,3.2,78.37,23.6,984,,,,,,,,,,,,,,,,,,,,,,,,,,,,,,,,,
6/19/2020,2020,6,19,12,30,465,107,19.6,0.17,3,77.3,23.8,984,,,,,,,,,,,,,,,,,,,,,,,,,,,,,,,,,
6/19/2020,2020,6,19,13,30,436,87,19.6,0.17,2.9,77.31,23.8,984,,,,,,,,,,,,,,,,,,,,,,,,,,,,,,,,,
6/19/2020,2020,6,19,14,30,305,27,19.5,0.17,2.9,77.6,23.6,984,,,,,,,,,,,,,,,,,,,,,,,,,,,,,,,,,
6/19/2020,2020,6,19,15,30,175,5,19.2,0.17,2.7,78,23.3,984,,,,,,,,,,,,,,,,,,,,,,,,,,,,,,,,,
6/19/2020,2020,6,19,16,30,102,3,19.2,0.17,2.4,78.97,23,983,,,,,,,,,,,,,,,,,,,,,,,,,,,,,,,,,
6/19/2020,2020,6,19,17,30,78,1,19.4,0.17,2.2,81.68,22.7,983,,,,,,,,,,,,,,,,,,,,,,,,,,,,,,,,,
6/19/2020,2020,6,19,18,30,43,2,19.9,0.17,1.4,91.12,21.4,984,,,,,,,,,,,,,,,,,,,,,,,,,,,,,,,,,
6/19/2020,2020,6,19,19,30,7,0,20,0.17,1.4,96.14,20.6,984,,,,,,,,,,,,,,,,,,,,,,,,,,,,,,,,,
6/19/2020,2020,6,19,20,30,0,0,19.7,0.17,1.6,96.88,20.2,984,,,,,,,,,,,,,,,,,,,,,,,,,,,,,,,,,
6/19/2020,2020,6,19,21,30,0,0,19.5,0.17,1.8,98.29,19.8,984,,,,,,,,,,,,,,,,,,,,,,,,,,,,,,,,,
6/19/2020,2020,6,19,22,30,0,0,19.2,0.17,1.9,98.79,19.4,984,,,,,,,,,,,,,,,,,,,,,,,,,,,,,,,,,
6/19/2020,2020,6,19,23,30,0,0,18.9,0.17,1.9,99.1,19,984,,,,,,,,,,,,,,,,,,,,,,,,,,,,,,,,,
6/20/2020,2020,6,20,0,30,0,0,18.5,0.17,1.8,99.31,18.6,983,,,,,,,,,,,,,,,,,,,,,,,,,,,,,,,,,
6/20/2020,2020,6,20,1,30,0,0,18.1,0.17,1.7,99.4,18.2,983,,,,,,,,,,,,,,,,,,,,,,,,,,,,,,,,,
6/20/2020,2020,6,20,2,30,0,0,17.8,0.17,1.6,99.13,17.9,983,,,,,,,,,,,,,,,,,,,,,,,,,,,,,,,,,
6/20/2020,2020,6,20,3,30,0,0,17.5,0.17,1.4,99.29,17.6,983,,,,,,,,,,,,,,,,,,,,,,,,,,,,,,,,,
6/20/2020,2020,6,20,4,30,0,0,17.2,0.17,1.5,97.71,17.6,983,,,,,,,,,,,,,,,,,,,,,,,,,,,,,,,,,
6/20/2020,2020,6,20,5,30,44,160,17.3,0.17,2.2,95.65,18,983,,,,,,,,,,,,,,,,,,,,,,,,,,,,,,,,,
6/20/2020,2020,6,20,6,30,100,413,17.5,0.17,2.8,91.94,18.8,984,,,,,,,,,,,,,,,,,,,,,,,,,,,,,,,,,
6/20/2020,2020,6,20,7,30,126,217,17.4,0.17,3.1,85.9,19.8,984,,,,,,,,,,,,,,,,,,,,,,,,,,,,,,,,,
6/20/2020,2020,6,20,8,30,212,18,16.9,0.17,2.9,77.39,21,983,,,,,,,,,,,,,,,,,,,,,,,,,,,,,,,,,
6/20/2020,2020,6,20,9,30,352,138,16.4,0.17,2.6,70.31,22.1,983,,,,,,,,,,,,,,,,,,,,,,,,,,,,,,,,,
6/20/2020,2020,6,20,10,30,355,280,16.3,0.17,2.4,64.82,23.3,983,,,,,,,,,,,,,,,,,,,,,,,,,,,,,,,,,
6/20/2020,2020,6,20,11,30,330,89,16.6,0.17,2.3,60.62,24.7,983,,,,,,,,,,,,,,,,,,,,,,,,,,,,,,,,,
6/20/2020,2020,6,20,12,30,289,531,17.1,0.17,2.3,58.21,25.9,982,,,,,,,,,,,,,,,,,,,,,,,,,,,,,,,,,
6/20/2020,2020,6,20,13,30,231,640,17.5,0.17,2.4,58.03,26.4,981,,,,,,,,,,,,,,,,,,,,,,,,,,,,,,,,,
6/20/2020,2020,6,20,14,30,247,591,17.8,0.17,2.3,59.56,26.3,981,,,,,,,,,,,,,,,,,,,,,,,,,,,,,,,,,
6/20/2020,2020,6,20,15,30,288,385,18.1,0.17,1.9,62.19,25.9,981,,,,,,,,,,,,,,,,,,,,,,,,,,,,,,,,,
6/20/2020,2020,6,20,16,30,237,260,18.8,0.17,1.5,66.32,25.5,981,,,,,,,,,,,,,,,,,,,,,,,,,,,,,,,,,
6/20/2020,2020,6,20,17,30,143,245,19.3,0.17,1.4,69.3,25.3,981,,,,,,,,,,,,,,,,,,,,,,,,,,,,,,,,,
6/20/2020,2020,6,20,18,30,78,197,20.4,0.17,0.7,80.1,24,981,,,,,,,,,,,,,,,,,,,,,,,,,,,,,,,,,
6/20/2020,2020,6,20,19,30,19,77,19.5,0.17,0.6,79.08,23.3,981,,,,,,,,,,,,,,,,,,,,,,,,,,,,,,,,,
6/20/2020,2020,6,20,20,30,0,0,18.2,0.17,0.6,75.01,22.9,981,,,,,,,,,,,,,,,,,,,,,,,,,,,,,,,,,
6/20/2020,2020,6,20,21,30,0,0,17.8,0.17,0.7,76.7,22.1,981,,,,,,,,,,,,,,,,,,,,,,,,,,,,,,,,,
6/20/2020,2020,6,20,22,30,0,0,17.8,0.17,0.9,83.36,20.7,981,,,,,,,,,,,,,,,,,,,,,,,,,,,,,,,,,
6/20/2020,2020,6,20,23,30,0,0,17.7,0.17,1.1,89.45,19.5,981,,,,,,,,,,,,,,,,,,,,,,,,,,,,,,,,,
6/21/2020,2020,6,21,0,30,0,0,17.7,0.17,1.2,94.34,18.6,981,,,,,,,,,,,,,,,,,,,,,,,,,,,,,,,,,
6/21/2020,2020,6,21,1,30,0,0,17.7,0.17,1.4,96.86,18.2,980,,,,,,,,,,,,,,,,,,,,,,,,,,,,,,,,,
6/21/2020,2020,6,21,2,30,0,0,17.7,0.17,1.3,100,17.7,980,,,,,,,,,,,,,,,,,,,,,,,,,,,,,,,,,
6/21/2020,2020,6,21,3,30,0,0,17.4,0.17,1.2,100,17.4,980,,,,,,,,,,,,,,,,,,,,,,,,,,,,,,,,,
6/21/2020,2020,6,21,4,30,0,0,17.6,0.17,1.2,97.98,17.9,980,,,,,,,,,,,,,,,,,,,,,,,,,,,,,,,,,
6/21/2020,2020,6,21,5,30,44,263,18.3,0.17,1.6,92.01,19.6,980,,,,,,,,,,,,,,,,,,,,,,,,,,,,,,,,,
6/21/2020,2020,6,21,6,30,81,516,19.1,0.17,1.7,85.99,21.5,980,,,,,,,,,,,,,,,,,,,,,,,,,,,,,,,,,
6/21/2020,2020,6,21,7,30,100,516,20.4,0.17,1.8,80.02,24.1,981,,,,,,,,,,,,,,,,,,,,,,,,,,,,,,,,,
6/21/2020,2020,6,21,8,30,283,215,20.7,0.17,2.1,70.49,26.5,981,,,,,,,,,,,,,,,,,,,,,,,,,,,,,,,,,
6/21/2020,2020,6,21,9,30,357,242,20.7,0.17,2.2,66.32,27.5,980,,,,,,,,,,,,,,,,,,,,,,,,,,,,,,,,,
6/21/2020,2020,6,21,10,30,416,238,20.7,0.17,2.4,66.07,27.6,980,,,,,,,,,,,,,,,,,,,,,,,,,,,,,,,,,
6/21/2020,2020,6,21,11,30,140,845,20.9,0.17,2.8,66.81,27.6,980,,,,,,,,,,,,,,,,,,,,,,,,,,,,,,,,,
6/21/2020,2020,6,21,12,30,454,232,21.1,0.17,3.2,67.11,27.8,980,,,,,,,,,,,,,,,,,,,,,,,,,,,,,,,,,
6/21/2020,2020,6,21,13,30,442,248,21.3,0.17,3.4,66.57,28.1,980,,,,,,,,,,,,,,,,,,,,,,,,,,,,,,,,,
6/21/2020,2020,6,21,14,30,148,786,21.4,0.17,3.3,67.3,28,979,,,,,,,,,,,,,,,,,,,,,,,,,,,,,,,,,
6/21/2020,2020,6,21,15,30,123,779,21.6,0.17,2.9,69.82,27.6,979,,,,,,,,,,,,,,,,,,,,,,,,,,,,,,,,,
6/21/2020,2020,6,21,16,30,118,687,22.2,0.17,2.6,74.65,27.1,978,,,,,,,,,,,,,,,,,,,,,,,,,,,,,,,,,
6/21/2020,2020,6,21,17,30,99,559,23,0.17,2.4,79.03,26.9,978,,,,,,,,,,,,,,,,,,,,,,,,,,,,,,,,,
6/21/2020,2020,6,21,18,30,79,117,23.5,0.17,1.6,92.49,24.8,977,,,,,,,,,,,,,,,,,,,,,,,,,,,,,,,,,
6/21/2020,2020,6,21,19,30,16,15,22.6,0.17,1.7,94.55,23.5,977,,,,,,,,,,,,,,,,,,,,,,,,,,,,,,,,,
6/21/2020,2020,6,21,20,30,0,0,22.1,0.17,2.5,93.24,23.3,978,,,,,,,,,,,,,,,,,,,,,,,,,,,,,,,,,
6/21/2020,2020,6,21,21,30,0,0,22,0.17,3.4,93.8,23.1,978,,,,,,,,,,,,,,,,,,,,,,,,,,,,,,,,,
6/21/2020,2020,6,21,22,30,0,0,21.7,0.17,3.6,94.57,22.6,978,,,,,,,,,,,,,,,,,,,,,,,,,,,,,,,,,
6/21/2020,2020,6,21,23,30,0,0,21.3,0.17,3.4,95.21,22.1,978,,,,,,,,,,,,,,,,,,,,,,,,,,,,,,,,,
6/22/2020,2020,6,22,0,30,0,0,21.2,0.17,3,96.79,21.7,977,,,,,,,,,,,,,,,,,,,,,,,,,,,,,,,,,
6/22/2020,2020,6,22,1,30,0,0,21.1,0.17,2.6,98.25,21.4,977,,,,,,,,,,,,,,,,,,,,,,,,,,,,,,,,,
6/22/2020,2020,6,22,2,30,0,0,21,0.17,2.1,99.57,21.1,977,,,,,,,,,,,,,,,,,,,,,,,,,,,,,,,,,
6/22/2020,2020,6,22,3,30,0,0,20.7,0.17,1.6,100,20.7,977,,,,,,,,,,,,,,,,,,,,,,,,,,,,,,,,,
6/22/2020,2020,6,22,4,30,0,0,20.6,0.17,1.2,100,20.6,977,,,,,,,,,,,,,,,,,,,,,,,,,,,,,,,,,
6/22/2020,2020,6,22,5,30,13,0,20.6,0.17,1.3,98.45,20.9,978,,,,,,,,,,,,,,,,,,,,,,,,,,,,,,,,,
6/22/2020,2020,6,22,6,30,20,0,21.1,0.17,1.6,97.55,21.5,978,,,,,,,,,,,,,,,,,,,,,,,,,,,,,,,,,
6/22/2020,2020,6,22,7,30,48,0,21.3,0.17,1.4,96.13,21.9,979,,,,,,,,,,,,,,,,,,,,,,,,,,,,,,,,,
6/22/2020,2020,6,22,8,30,126,0,21.4,0.17,1,95.22,22.2,979,,,,,,,,,,,,,,,,,,,,,,,,,,,,,,,,,
6/22/2020,2020,6,22,9,30,63,0,21.1,0.17,0.9,92.77,22.3,979,,,,,,,,,,,,,,,,,,,,,,,,,,,,,,,,,
6/22/2020,2020,6,22,10,30,36,0,20.7,0.17,1.5,90.08,22.4,979,,,,,,,,,,,,,,,,,,,,,,,,,,,,,,,,,
6/22/2020,2020,6,22,11,30,95,0,20.5,0.17,2.4,88.4,22.5,979,,,,,,,,,,,,,,,,,,,,,,,,,,,,,,,,,
6/22/2020,2020,6,22,12,30,218,11,20.2,0.17,3.3,86.33,22.6,979,,,,,,,,,,,,,,,,,,,,,,,,,,,,,,,,,
6/22/2020,2020,6,22,13,30,424,295,19.7,0.17,4.2,84.52,22.4,980,,,,,,,,,,,,,,,,,,,,,,,,,,,,,,,,,
6/22/2020,2020,6,22,14,30,146,801,18.9,0.17,4.6,81.89,22.1,980,,,,,,,,,,,,,,,,,,,,,,,,,,,,,,,,,
6/22/2020,2020,6,22,15,30,178,468,18,0.17,4.6,78.87,21.8,980,,,,,,,,,,,,,,,,,,,,,,,,,,,,,,,,,
6/22/2020,2020,6,22,16,30,102,745,17.1,0.17,4,75.51,21.6,981,,,,,,,,,,,,,,,,,,,,,,,,,,,,,,,,,
6/22/2020,2020,6,22,17,30,84,649,16.4,0.17,3.6,73.1,21.4,981,,,,,,,,,,,,,,,,,,,,,,,,,,,,,,,,,
6/22/2020,2020,6,22,18,30,57,489,16.7,0.17,1.6,83.77,19.5,981,,,,,,,,,,,,,,,,,,,,,,,,,,,,,,,,,
6/22/2020,2020,6,22,19,30,20,142,16.7,0.17,1,92.3,18,981,,,,,,,,,,,,,,,,,,,,,,,,,,,,,,,,,
6/22/2020,2020,6,22,20,30,0,0,15.6,0.17,0.9,89.46,17.4,982,,,,,,,,,,,,,,,,,,,,,,,,,,,,,,,,,
6/22/2020,2020,6,22,21,30,0,0,15,0.17,0.7,85.76,17.4,982,,,,,,,,,,,,,,,,,,,,,,,,,,,,,,,,,
6/22/2020,2020,6,22,22,30,0,0,14.7,0.17,0.7,85.81,17.1,981,,,,,,,,,,,,,,,,,,,,,,,,,,,,,,,,,
6/22/2020,2020,6,22,23,30,0,0,14.6,0.17,0.8,88.84,16.4,981,,,,,,,,,,,,,,,,,,,,,,,,,,,,,,,,,
6/23/2020,2020,6,23,0,30,0,0,14.4,0.17,1,91.44,15.8,981,,,,,,,,,,,,,,,,,,,,,,,,,,,,,,,,,
6/23/2020,2020,6,23,1,30,0,0,14.7,0.17,1.4,92.73,15.9,981,,,,,,,,,,,,,,,,,,,,,,,,,,,,,,,,,
6/23/2020,2020,6,23,2,30,0,0,15.2,0.17,1.8,93.83,16.2,981,,,,,,,,,,,,,,,,,,,,,,,,,,,,,,,,,
6/23/2020,2020,6,23,3,30,0,0,15.6,0.17,2.2,95.55,16.3,981,,,,,,,,,,,,,,,,,,,,,,,,,,,,,,,,,
6/23/2020,2020,6,23,4,30,0,0,15.7,0.17,2.8,96.75,16.2,982,,,,,,,,,,,,,,,,,,,,,,,,,,,,,,,,,
6/23/2020,2020,6,23,5,30,40,342,15.7,0.17,3.4,94.7,16.6,982,,,,,,,,,,,,,,,,,,,,,,,,,,,,,,,,,
6/23/2020,2020,6,23,6,30,63,634,15.8,0.17,3.8,88.85,17.7,982,,,,,,,,,,,,,,,,,,,,,,,,,,,,,,,,,
6/23/2020,2020,6,23,7,30,74,783,15.2,0.17,4.1,76.74,19.4,982,,,,,,,,,,,,,,,,,,,,,,,,,,,,,,,,,
6/23/2020,2020,6,23,8,30,80,861,13.6,0.17,4.5,62.37,21.1,983,,,,,,,,,,,,,,,,,,,,,,,,,,,,,,,,,
6/23/2020,2020,6,23,9,30,87,903,13,0.17,4.6,55.66,22.3,983,,,,,,,,,,,,,,,,,,,,,,,,,,,,,,,,,
6/23/2020,2020,6,23,10,30,339,443,13.6,0.17,4.6,55.51,23,983,,,,,,,,,,,,,,,,,,,,,,,,,,,,,,,,,
6/23/2020,2020,6,23,11,30,447,243,14,0.17,4.6,55.56,23.4,983,,,,,,,,,,,,,,,,,,,,,,,,,,,,,,,,,
6/23/2020,2020,6,23,12,30,344,30,14.1,0.17,4.6,55.48,23.5,982,,,,,,,,,,,,,,,,,,,,,,,,,,,,,,,,,
6/23/2020,2020,6,23,13,30,374,205,14.3,0.17,4.6,56.21,23.5,982,,,,,,,,,,,,,,,,,,,,,,,,,,,,,,,,,
6/23/2020,2020,6,23,14,30,381,148,14.4,0.17,4.4,57.07,23.4,982,,,,,,,,,,,,,,,,,,,,,,,,,,,,,,,,,
6/23/2020,2020,6,23,15,30,245,474,14.5,0.17,4.2,58.01,23.2,981,,,,,,,,,,,,,,,,,,,,,,,,,,,,,,,,,
6/23/2020,2020,6,23,16,30,111,711,14.5,0.17,3.7,59.57,22.8,981,,,,,,,,,,,,,,,,,,,,,,,,,,,,,,,,,
6/23/2020,2020,6,23,17,30,134,379,14.9,0.17,3.5,62.03,22.5,981,,,,,,,,,,,,,,,,,,,,,,,,,,,,,,,,,
6/23/2020,2020,6,23,18,30,48,565,16.2,0.17,1.6,78.04,20.1,982,,,,,,,,,,,,,,,,,,,,,,,,,,,,,,,,,
6/23/2020,2020,6,23,19,30,19,201,16.3,0.17,1.1,89.13,18.1,982,,,,,,,,,,,,,,,,,,,,,,,,,,,,,,,,,
6/23/2020,2020,6,23,20,30,0,0,15.3,0.17,1.1,88.99,17.1,982,,,,,,,,,,,,,,,,,,,,,,,,,,,,,,,,,
6/23/2020,2020,6,23,21,30,0,0,14.9,0.17,1.1,89.99,16.5,983,,,,,,,,,,,,,,,,,,,,,,,,,,,,,,,,,
6/23/2020,2020,6,23,22,30,0,0,14.4,0.17,1.1,90.98,15.9,983,,,,,,,,,,,,,,,,,,,,,,,,,,,,,,,,,
6/23/2020,2020,6,23,23,30,0,0,14.1,0.17,1.1,92.28,15.3,983,,,,,,,,,,,,,,,,,,,,,,,,,,,,,,,,,
6/24/2020,2020,6,24,0,30,0,0,13.7,0.17,1.2,92.73,14.9,983,,,,,,,,,,,,,,,,,,,,,,,,,,,,,,,,,
6/24/2020,2020,6,24,1,30,0,0,13.5,0.17,1.3,93.46,14.5,983,,,,,,,,,,,,,,,,,,,,,,,,,,,,,,,,,
6/24/2020,2020,6,24,2,30,0,0,13.2,0.17,1.4,94.54,14.1,983,,,,,,,,,,,,,,,,,,,,,,,,,,,,,,,,,
6/24/2020,2020,6,24,3,30,0,0,13.1,0.17,1.4,96.62,13.6,983,,,,,,,,,,,,,,,,,,,,,,,,,,,,,,,,,
6/24/2020,2020,6,24,4,30,0,0,13,0.17,1.7,92.91,14.1,983,,,,,,,,,,,,,,,,,,,,,,,,,,,,,,,,,
6/24/2020,2020,6,24,5,30,34,416,13.5,0.17,2.2,86.28,15.8,983,,,,,,,,,,,,,,,,,,,,,,,,,,,,,,,,,
6/24/2020,2020,6,24,6,30,55,667,14.1,0.17,2.3,77.66,18.1,983,,,,,,,,,,,,,,,,,,,,,,,,,,,,,,,,,
6/24/2020,2020,6,24,7,30,69,791,15,0.17,2.5,69.45,20.8,983,,,,,,,,,,,,,,,,,,,,,,,,,,,,,,,,,
6/24/2020,2020,6,24,8,30,82,852,14.8,0.17,2.8,59.87,23,983,,,,,,,,,,,,,,,,,,,,,,,,,,,,,,,,,
6/24/2020,2020,6,24,9,30,96,882,14.9,0.17,2.8,56.56,24.1,983,,,,,,,,,,,,,,,,,,,,,,,,,,,,,,,,,
6/24/2020,2020,6,24,10,30,103,907,15.1,0.17,2.8,54.93,24.8,982,,,,,,,,,,,,,,,,,,,,,,,,,,,,,,,,,
6/24/2020,2020,6,24,11,30,123,885,15.3,0.17,2.8,53.69,25.4,982,,,,,,,,,,,,,,,,,,,,,,,,,,,,,,,,,
6/24/2020,2020,6,24,12,30,265,609,15.5,0.17,2.7,53.31,25.7,982,,,,,,,,,,,,,,,,,,,,,,,,,,,,,,,,,
6/24/2020,2020,6,24,13,30,208,692,15.6,0.17,2.6,53.17,25.9,982,,,,,,,,,,,,,,,,,,,,,,,,,,,,,,,,,
6/24/2020,2020,6,24,14,30,115,858,15.7,0.17,2.5,53.37,25.9,981,,,,,,,,,,,,,,,,,,,,,,,,,,,,,,,,,
6/24/2020,2020,6,24,15,30,114,816,15.7,0.17,2.3,53.99,25.7,981,,,,,,,,,,,,,,,,,,,,,,,,,,,,,,,,,
6/24/2020,2020,6,24,16,30,101,760,15.8,0.17,1.8,55.21,25.4,981,,,,,,,,,,,,,,,,,,,,,,,,,,,,,,,,,
6/24/2020,2020,6,24,17,30,83,661,16.2,0.17,1.5,57.41,25.2,981,,,,,,,,,,,,,,,,,,,,,,,,,,,,,,,,,
6/24/2020,2020,6,24,18,30,58,498,16.4,0.17,1,65.02,23.3,981,,,,,,,,,,,,,,,,,,,,,,,,,,,,,,,,,
6/24/2020,2020,6,24,19,30,20,150,16.4,0.17,0.7,69.91,22.2,981,,,,,,,,,,,,,,,,,,,,,,,,,,,,,,,,,
6/24/2020,2020,6,24,20,30,0,0,14,0.17,0.6,61,21.9,982,,,,,,,,,,,,,,,,,,,,,,,,,,,,,,,,,
6/24/2020,2020,6,24,21,30,0,0,13.3,0.17,0.6,60.21,21.3,982,,,,,,,,,,,,,,,,,,,,,,,,,,,,,,,,,
6/24/2020,2020,6,24,22,30,0,0,13.2,0.17,0.8,65.17,19.9,983,,,,,,,,,,,,,,,,,,,,,,,,,,,,,,,,,
6/24/2020,2020,6,24,23,30,0,0,13.2,0.17,1,71.88,18.4,983,,,,,,,,,,,,,,,,,,,,,,,,,,,,,,,,,
6/25/2020,2020,6,25,0,30,0,0,13.1,0.17,1.1,77.41,17.1,983,,,,,,,,,,,,,,,,,,,,,,,,,,,,,,,,,
6/25/2020,2020,6,25,1,30,0,0,13,0.17,1.1,82.14,16,983,,,,,,,,,,,,,,,,,,,,,,,,,,,,,,,,,
6/25/2020,2020,6,25,2,30,0,0,12.7,0.17,1.2,84.33,15.3,983,,,,,,,,,,,,,,,,,,,,,,,,,,,,,,,,,
6/25/2020,2020,6,25,3,30,0,0,12.4,0.17,1.2,85.56,14.8,983,,,,,,,,,,,,,,,,,,,,,,,,,,,,,,,,,
6/25/2020,2020,6,25,4,30,0,0,12.2,0.17,1.1,81.37,15.4,983,,,,,,,,,,,,,,,,,,,,,,,,,,,,,,,,,
6/25/2020,2020,6,25,5,30,36,393,13.8,0.17,1.4,78.59,17.6,984,,,,,,,,,,,,,,,,,,,,,,,,,,,,,,,,,
6/25/2020,2020,6,25,6,30,60,652,14.1,0.17,1.8,69.47,19.9,984,,,,,,,,,,,,,,,,,,,,,,,,,,,,,,,,,
6/25/2020,2020,6,25,7,30,75,780,15.3,0.17,2,65.29,22.1,984,,,,,,,,,,,,,,,,,,,,,,,,,,,,,,,,,
6/25/2020,2020,6,25,8,30,85,849,16.4,0.17,2.3,59.81,24.7,984,,,,,,,,,,,,,,,,,,,,,,,,,,,,,,,,,
6/25/2020,2020,6,25,9,30,93,887,15.5,0.17,2.4,51.08,26.4,984,,,,,,,,,,,,,,,,,,,,,,,,,,,,,,,,,
6/25/2020,2020,6,25,10,30,101,906,16,0.17,2.6,50.15,27.3,984,,,,,,,,,,,,,,,,,,,,,,,,,,,,,,,,,
6/25/2020,2020,6,25,11,30,109,909,16.7,0.17,2.8,50.31,28,983,,,,,,,,,,,,,,,,,,,,,,,,,,,,,,,,,
6/25/2020,2020,6,25,12,30,113,901,17.4,0.17,3.1,51.08,28.5,983,,,,,,,,,,,,,,,,,,,,,,,,,,,,,,,,,
6/25/2020,2020,6,25,13,30,113,886,18,0.17,3.3,52.27,28.8,982,,,,,,,,,,,,,,,,,,,,,,,,,,,,,,,,,
6/25/2020,2020,6,25,14,30,114,854,18.7,0.17,3.5,54.03,28.9,982,,,,,,,,,,,,,,,,,,,,,,,,,,,,,,,,,
6/25/2020,2020,6,25,15,30,113,802,19.3,0.17,3.5,56.44,28.8,981,,,,,,,,,,,,,,,,,,,,,,,,,,,,,,,,,
6/25/2020,2020,6,25,16,30,104,731,20,0.17,3.3,60.63,28.3,981,,,,,,,,,,,,,,,,,,,,,,,,,,,,,,,,,
6/25/2020,2020,6,25,17,30,118,470,21.3,0.17,3.1,66.88,28,981,,,,,,,,,,,,,,,,,,,,,,,,,,,,,,,,,
6/25/2020,2020,6,25,18,30,75,263,22.2,0.17,2.4,81.47,25.6,980,,,,,,,,,,,,,,,,,,,,,,,,,,,,,,,,,
6/25/2020,2020,6,25,19,30,18,16,21.8,0.17,2.4,86.67,24.2,981,,,,,,,,,,,,,,,,,,,,,,,,,,,,,,,,,
6/25/2020,2020,6,25,20,30,0,0,21.6,0.17,2.6,88.5,23.6,981,,,,,,,,,,,,,,,,,,,,,,,,,,,,,,,,,
6/25/2020,2020,6,25,21,30,0,0,21.6,0.17,2.7,90.06,23.3,981,,,,,,,,,,,,,,,,,,,,,,,,,,,,,,,,,
6/25/2020,2020,6,25,22,30,0,0,21.5,0.17,2.8,91.28,23,981,,,,,,,,,,,,,,,,,,,,,,,,,,,,,,,,,
6/25/2020,2020,6,25,23,30,0,0,21.5,0.17,3,92.7,22.7,981,,,,,,,,,,,,,,,,,,,,,,,,,,,,,,,,,
6/26/2020,2020,6,26,0,30,0,0,21.4,0.17,3.3,93.61,22.5,981,,,,,,,,,,,,,,,,,,,,,,,,,,,,,,,,,
6/26/2020,2020,6,26,1,30,0,0,21.4,0.17,3.5,95.25,22.2,981,,,,,,,,,,,,,,,,,,,,,,,,,,,,,,,,,
6/26/2020,2020,6,26,2,30,0,0,21.3,0.17,3.5,95.98,22,981,,,,,,,,,,,,,,,,,,,,,,,,,,,,,,,,,
6/26/2020,2020,6,26,3,30,0,0,21.2,0.17,3.3,96.91,21.7,981,,,,,,,,,,,,,,,,,,,,,,,,,,,,,,,,,
6/26/2020,2020,6,26,4,30,0,0,21,0.17,3.3,95.83,21.7,981,,,,,,,,,,,,,,,,,,,,,,,,,,,,,,,,,
6/26/2020,2020,6,26,5,30,14,0,21.1,0.17,3.5,93.45,22.2,981,,,,,,,,,,,,,,,,,,,,,,,,,,,,,,,,,
6/26/2020,2020,6,26,6,30,18,0,21.6,0.17,3.6,90.39,23.3,981,,,,,,,,,,,,,,,,,,,,,,,,,,,,,,,,,
6/26/2020,2020,6,26,7,30,141,290,22.4,0.17,4,85.24,25.1,981,,,,,,,,,,,,,,,,,,,,,,,,,,,,,,,,,
6/26/2020,2020,6,26,8,30,225,446,22.7,0.17,4.3,77.73,26.9,981,,,,,,,,,,,,,,,,,,,,,,,,,,,,,,,,,
6/26/2020,2020,6,26,9,30,182,31,22.6,0.17,4.1,72.07,28.1,980,,,,,,,,,,,,,,,,,,,,,,,,,,,,,,,,,
6/26/2020,2020,6,26,10,30,399,138,22.4,0.17,3.8,68.31,28.8,980,,,,,,,,,,,,,,,,,,,,,,,,,,,,,,,,,
6/26/2020,2020,6,26,11,30,322,79,22.2,0.17,3.6,66.29,29.1,980,,,,,,,,,,,,,,,,,,,,,,,,,,,,,,,,,
6/26/2020,2020,6,26,12,30,375,52,22.2,0.17,3.4,65.86,29.2,980,,,,,,,,,,,,,,,,,,,,,,,,,,,,,,,,,
6/26/2020,2020,6,26,13,30,386,115,22.3,0.17,3.2,67.34,29,980,,,,,,,,,,,,,,,,,,,,,,,,,,,,,,,,,
6/26/2020,2020,6,26,14,30,108,2,22.8,0.17,2.9,70.45,28.7,980,,,,,,,,,,,,,,,,,,,,,,,,,,,,,,,,,
6/26/2020,2020,6,26,15,30,178,16,23.4,0.17,2.4,73.77,28.5,980,,,,,,,,,,,,,,,,,,,,,,,,,,,,,,,,,
6/26/2020,2020,6,26,16,30,210,202,24,0.17,1.9,78.26,28.1,980,,,,,,,,,,,,,,,,,,,,,,,,,,,,,,,,,
6/26/2020,2020,6,26,17,30,115,512,24.2,0.17,1.6,80.82,27.8,980,,,,,,,,,,,,,,,,,,,,,,,,,,,,,,,,,
6/26/2020,2020,6,26,18,30,79,223,24.7,0.17,0.6,91.52,26.2,980,,,,,,,,,,,,,,,,,,,,,,,,,,,,,,,,,
6/26/2020,2020,6,26,19,30,16,5,23.7,0.17,0.3,90.13,25.4,980,,,,,,,,,,,,,,,,,,,,,,,,,,,,,,,,,
6/26/2020,2020,6,26,20,30,0,0,23,0.17,0.2,89.96,24.8,980,,,,,,,,,,,,,,,,,,,,,,,,,,,,,,,,,
6/26/2020,2020,6,26,21,30,0,0,22.9,0.17,0.4,93.8,24,980,,,,,,,,,,,,,,,,,,,,,,,,,,,,,,,,,
6/26/2020,2020,6,26,22,30,0,0,22.9,0.17,0.4,96.78,23.4,980,,,,,,,,,,,,,,,,,,,,,,,,,,,,,,,,,
6/26/2020,2020,6,26,23,30,0,0,22.8,0.17,0.3,98.51,23,980,,,,,,,,,,,,,,,,,,,,,,,,,,,,,,,,,
6/27/2020,2020,6,27,0,30,0,0,22.7,0.17,0.2,99.92,22.7,980,,,,,,,,,,,,,,,,,,,,,,,,,,,,,,,,,
6/27/2020,2020,6,27,1,30,0,0,22.5,0.17,0.3,100,22.5,979,,,,,,,,,,,,,,,,,,,,,,,,,,,,,,,,,
6/27/2020,2020,6,27,2,30,0,0,22.1,0.17,0.7,100,22.1,978,,,,,,,,,,,,,,,,,,,,,,,,,,,,,,,,,
6/27/2020,2020,6,27,3,30,0,0,21.5,0.17,0.9,100,21.5,978,,,,,,,,,,,,,,,,,,,,,,,,,,,,,,,,,
6/27/2020,2020,6,27,4,30,0,0,21.3,0.17,1.2,99.5,21.4,978,,,,,,,,,,,,,,,,,,,,,,,,,,,,,,,,,
6/27/2020,2020,6,27,5,30,38,13,21.4,0.17,1.8,97.18,21.9,979,,,,,,,,,,,,,,,,,,,,,,,,,,,,,,,,,
6/27/2020,2020,6,27,6,30,108,126,21.6,0.17,2,93.1,22.8,979,,,,,,,,,,,,,,,,,,,,,,,,,,,,,,,,,
6/27/2020,2020,6,27,7,30,90,4,21.9,0.17,1.7,87.05,24.2,979,,,,,,,,,,,,,,,,,,,,,,,,,,,,,,,,,
6/27/2020,2020,6,27,8,30,84,2,21.7,0.17,1.5,77.98,25.8,978,,,,,,,,,,,,,,,,,,,,,,,,,,,,,,,,,
6/27/2020,2020,6,27,9,30,333,244,21.4,0.17,1.2,71.01,27.1,978,,,,,,,,,,,,,,,,,,,,,,,,,,,,,,,,,
6/27/2020,2020,6,27,10,30,219,687,21.4,0.17,0.7,67.52,28,978,,,,,,,,,,,,,,,,,,,,,,,,,,,,,,,,,
6/27/2020,2020,6,27,11,30,418,346,21.7,0.17,0.5,66.1,28.6,978,,,,,,,,,,,,,,,,,,,,,,,,,,,,,,,,,
6/27/2020,2020,6,27,12,30,456,237,21.9,0.17,0.8,66.38,28.8,978,,,,,,,,,,,,,,,,,,,,,,,,,,,,,,,,,
6/27/2020,2020,6,27,13,30,420,325,22,0.17,1.1,66.89,28.8,977,,,,,,,,,,,,,,,,,,,,,,,,,,,,,,,,,
6/27/2020,2020,6,27,14,30,338,413,22.2,0.17,1.3,68.26,28.6,977,,,,,,,,,,,,,,,,,,,,,,,,,,,,,,,,,
6/27/2020,2020,6,27,15,30,208,578,22.4,0.17,1.4,70.38,28.3,977,,,,,,,,,,,,,,,,,,,,,,,,,,,,,,,,,
6/27/2020,2020,6,27,16,30,213,290,22.6,0.17,1.2,72.34,28,977,,,,,,,,,,,,,,,,,,,,,,,,,,,,,,,,,
6/27/2020,2020,6,27,17,30,141,290,23.2,0.17,1.1,75.92,27.8,977,,,,,,,,,,,,,,,,,,,,,,,,,,,,,,,,,
6/27/2020,2020,6,27,18,30,77,245,22.9,0.17,0.7,81.82,26.3,976,,,,,,,,,,,,,,,,,,,,,,,,,,,,,,,,,
6/27/2020,2020,6,27,19,30,18,34,22.9,0.17,0.7,88.86,24.9,976,,,,,,,,,,,,,,,,,,,,,,,,,,,,,,,,,
6/27/2020,2020,6,27,20,30,0,0,22.3,0.17,0.9,90.56,23.9,977,,,,,,,,,,,,,,,,,,,,,,,,,,,,,,,,,
6/27/2020,2020,6,27,21,30,0,0,22.1,0.17,1.1,94.01,23.1,977,,,,,,,,,,,,,,,,,,,,,,,,,,,,,,,,,
6/27/2020,2020,6,27,22,30,0,0,21.9,0.17,1.2,95.83,22.6,977,,,,,,,,,,,,,,,,,,,,,,,,,,,,,,,,,
6/27/2020,2020,6,27,23,30,0,0,21.7,0.17,1.2,98.15,22,977,,,,,,,,,,,,,,,,,,,,,,,,,,,,,,,,,
6/28/2020,2020,6,28,0,30,0,0,21.4,0.17,1.2,100,21.4,977,,,,,,,,,,,,,,,,,,,,,,,,,,,,,,,,,
6/28/2020,2020,6,28,1,30,0,0,20.9,0.17,1.3,100,20.9,976,,,,,,,,,,,,,,,,,,,,,,,,,,,,,,,,,
6/28/2020,2020,6,28,2,30,0,0,20.5,0.17,1.4,100,20.5,976,,,,,,,,,,,,,,,,,,,,,,,,,,,,,,,,,
6/28/2020,2020,6,28,3,30,0,0,20.2,0.17,1.3,100,20.2,976,,,,,,,,,,,,,,,,,,,,,,,,,,,,,,,,,
6/28/2020,2020,6,28,4,30,0,0,20.5,0.17,1.5,100,20.5,976,,,,,,,,,,,,,,,,,,,,,,,,,,,,,,,,,
6/28/2020,2020,6,28,5,30,37,0,20.7,0.17,2.1,95.85,21.4,976,,,,,,,,,,,,,,,,,,,,,,,,,,,,,,,,,
6/28/2020,2020,6,28,6,30,30,0,21.1,0.17,2.6,92.3,22.4,976,,,,,,,,,,,,,,,,,,,,,,,,,,,,,,,,,
6/28/2020,2020,6,28,7,30,63,0,21.8,0.17,3,88.92,23.7,976,,,,,,,,,,,,,,,,,,,,,,,,,,,,,,,,,
6/28/2020,2020,6,28,8,30,96,0,22.5,0.17,3.3,85.35,25.1,975,,,,,,,,,,,,,,,,,,,,,,,,,,,,,,,,,
6/28/2020,2020,6,28,9,30,353,149,23,0.17,3.1,83.95,25.9,975,,,,,,,,,,,,,,,,,,,,,,,,,,,,,,,,,
6/28/2020,2020,6,28,10,30,423,171,23.1,0.17,2.8,83.16,26.2,975,,,,,,,,,,,,,,,,,,,,,,,,,,,,,,,,,
6/28/2020,2020,6,28,11,30,417,374,23.4,0.17,2.9,82.06,26.7,975,,,,,,,,,,,,,,,,,,,,,,,,,,,,,,,,,
6/28/2020,2020,6,28,12,30,234,699,23.7,0.17,3.1,80.83,27.3,975,,,,,,,,,,,,,,,,,,,,,,,,,,,,,,,,,
6/28/2020,2020,6,28,13,30,257,649,24.1,0.17,3.1,80.73,27.7,975,,,,,,,,,,,,,,,,,,,,,,,,,,,,,,,,,
6/28/2020,2020,6,28,14,30,329,97,24.5,0.17,3.2,80.75,28.1,974,,,,,,,,,,,,,,,,,,,,,,,,,,,,,,,,,
6/28/2020,2020,6,28,15,30,272,198,24.9,0.17,3.5,81.39,28.4,974,,,,,,,,,,,,,,,,,,,,,,,,,,,,,,,,,
6/28/2020,2020,6,28,16,30,204,444,25.3,0.17,3.5,83.29,28.4,974,,,,,,,,,,,,,,,,,,,,,,,,,,,,,,,,,
6/28/2020,2020,6,28,17,30,153,375,25.6,0.17,3.5,85.52,28.3,974,,,,,,,,,,,,,,,,,,,,,,,,,,,,,,,,,
6/28/2020,2020,6,28,18,30,92,220,25.7,0.17,3.6,91.91,27.1,974,,,,,,,,,,,,,,,,,,,,,,,,,,,,,,,,,
6/28/2020,2020,6,28,19,30,16,12,25.4,0.17,3.6,94.78,26.3,974,,,,,,,,,,,,,,,,,,,,,,,,,,,,,,,,,
6/28/2020,2020,6,28,20,30,0,0,25.2,0.17,3.5,97.14,25.7,975,,,,,,,,,,,,,,,,,,,,,,,,,,,,,,,,,
6/28/2020,2020,6,28,21,30,0,0,25,0.17,3.3,98.2,25.3,975,,,,,,,,,,,,,,,,,,,,,,,,,,,,,,,,,
6/28/2020,2020,6,28,22,30,0,0,24.7,0.17,3.2,98.67,24.9,976,,,,,,,,,,,,,,,,,,,,,,,,,,,,,,,,,
6/28/2020,2020,6,28,23,30,0,0,24.3,0.17,3.1,98.7,24.5,976,,,,,,,,,,,,,,,,,,,,,,,,,,,,,,,,,
6/29/2020,2020,6,29,0,30,0,0,23.9,0.17,3.1,97.9,24.3,976,,,,,,,,,,,,,,,,,,,,,,,,,,,,,,,,,
6/29/2020,2020,6,29,1,30,0,0,23.7,0.17,3.2,97.54,24.1,976,,,,,,,,,,,,,,,,,,,,,,,,,,,,,,,,,
6/29/2020,2020,6,29,2,30,0,0,23.5,0.17,3.1,97.84,23.9,976,,,,,,,,,,,,,,,,,,,,,,,,,,,,,,,,,
6/29/2020,2020,6,29,3,30,0,0,23.4,0.17,3,98.33,23.7,976,,,,,,,,,,,,,,,,,,,,,,,,,,,,,,,,,
6/29/2020,2020,6,29,4,30,0,0,23.3,0.17,3,98.04,23.6,976,,,,,,,,,,,,,,,,,,,,,,,,,,,,,,,,,
6/29/2020,2020,6,29,5,30,42,234,23.3,0.17,3.2,95.72,24,977,,,,,,,,,,,,,,,,,,,,,,,,,,,,,,,,,
6/29/2020,2020,6,29,6,30,76,513,23.6,0.17,3.4,92.95,24.8,977,,,,,,,,,,,,,,,,,,,,,,,,,,,,,,,,,
6/29/2020,2020,6,29,7,30,107,448,24.1,0.17,4.2,89.59,25.9,977,,,,,,,,,,,,,,,,,,,,,,,,,,,,,,,,,
6/29/2020,2020,6,29,8,30,124,699,23.9,0.17,4.9,82.87,27.1,977,,,,,,,,,,,,,,,,,,,,,,,,,,,,,,,,,
6/29/2020,2020,6,29,9,30,178,6,23.6,0.17,5.1,77.35,27.9,977,,,,,,,,,,,,,,,,,,,,,,,,,,,,,,,,,
6/29/2020,2020,6,29,10,30,295,380,23.7,0.17,5,75.17,28.5,977,,,,,,,,,,,,,,,,,,,,,,,,,,,,,,,,,
6/29/2020,2020,6,29,11,30,335,314,24,0.17,4.9,74.03,29.1,977,,,,,,,,,,,,,,,,,,,,,,,,,,,,,,,,,
6/29/2020,2020,6,29,12,30,287,21,24.3,0.17,4.8,73.84,29.5,977,,,,,,,,,,,,,,,,,,,,,,,,,,,,,,,,,
6/29/2020,2020,6,29,13,30,252,413,24.5,0.17,4.8,73.85,29.7,976,,,,,,,,,,,,,,,,,,,,,,,,,,,,,,,,,
6/29/2020,2020,6,29,14,30,123,831,24.5,0.17,4.7,75.08,29.4,976,,,,,,,,,,,,,,,,,,,,,,,,,,,,,,,,,
6/29/2020,2020,6,29,15,30,125,752,24.3,0.17,4.4,76.33,28.9,976,,,,,,,,,,,,,,,,,,,,,,,,,,,,,,,,,
6/29/2020,2020,6,29,16,30,95,752,24.2,0.17,3.9,78.82,28.2,977,,,,,,,,,,,,,,,,,,,,,,,,,,,,,,,,,
6/29/2020,2020,6,29,17,30,79,657,24.3,0.17,3.5,81.15,27.8,977,,,,,,,,,,,,,,,,,,,,,,,,,,,,,,,,,
6/29/2020,2020,6,29,18,30,58,472,24.4,0.17,2.5,89.9,26.2,977,,,,,,,,,,,,,,,,,,,,,,,,,,,,,,,,,
6/29/2020,2020,6,29,19,30,21,114,24.2,0.17,2.3,93.58,25.3,977,,,,,,,,,,,,,,,,,,,,,,,,,,,,,,,,,
6/29/2020,2020,6,29,20,30,0,0,24,0.17,2.4,94.95,24.9,977,,,,,,,,,,,,,,,,,,,,,,,,,,,,,,,,,
6/29/2020,2020,6,29,21,30,0,0,24,0.17,2.6,96.14,24.7,978,,,,,,,,,,,,,,,,,,,,,,,,,,,,,,,,,
6/29/2020,2020,6,29,22,30,0,0,24,0.17,2.5,98.84,24.2,978,,,,,,,,,,,,,,,,,,,,,,,,,,,,,,,,,
6/29/2020,2020,6,29,23,30,0,0,23.9,0.17,2.4,99.87,23.9,978,,,,,,,,,,,,,,,,,,,,,,,,,,,,,,,,,
6/30/2020,2020,6,30,0,30,0,0,23.6,0.17,2.6,100,23.6,978,,,,,,,,,,,,,,,,,,,,,,,,,,,,,,,,,
6/30/2020,2020,6,30,1,30,0,0,23.3,0.17,2.7,100,23.3,978,,,,,,,,,,,,,,,,,,,,,,,,,,,,,,,,,
6/30/2020,2020,6,30,2,30,0,0,23,0.17,2.7,100,23,978,,,,,,,,,,,,,,,,,,,,,,,,,,,,,,,,,
6/30/2020,2020,6,30,3,30,0,0,22.7,0.17,2.6,100,22.7,978,,,,,,,,,,,,,,,,,,,,,,,,,,,,,,,,,
6/30/2020,2020,6,30,4,30,0,0,22.6,0.17,2.7,99.48,22.7,978,,,,,,,,,,,,,,,,,,,,,,,,,,,,,,,,,
6/30/2020,2020,6,30,5,30,41,152,22.6,0.17,3,95.56,23.3,978,,,,,,,,,,,,,,,,,,,,,,,,,,,,,,,,,
6/30/2020,2020,6,30,6,30,100,288,22.8,0.17,3.2,92.46,24.1,978,,,,,,,,,,,,,,,,,,,,,,,,,,,,,,,,,
6/30/2020,2020,6,30,7,30,188,250,23.3,0.17,3.4,90.4,25,978,,,,,,,,,,,,,,,,,,,,,,,,,,,,,,,,,
6/30/2020,2020,6,30,8,30,286,134,23.9,0.17,3.6,88.54,25.9,978,,,,,,,,,,,,,,,,,,,,,,,,,,,,,,,,,
6/30/2020,2020,6,30,9,30,309,37,24.2,0.17,3.7,86.75,26.6,978,,,,,,,,,,,,,,,,,,,,,,,,,,,,,,,,,
6/30/2020,2020,6,30,10,30,272,16,24.4,0.17,3.8,85.07,27.1,978,,,,,,,,,,,,,,,,,,,,,,,,,,,,,,,,,
6/30/2020,2020,6,30,11,30,240,13,24.4,0.17,3.9,83.76,27.4,978,,,,,,,,,,,,,,,,,,,,,,,,,,,,,,,,,
6/30/2020,2020,6,30,12,30,221,11,24.4,0.17,3.8,83.16,27.5,977,,,,,,,,,,,,,,,,,,,,,,,,,,,,,,,,,
6/30/2020,2020,6,30,13,30,447,200,24.3,0.17,3.8,83.46,27.4,977,,,,,,,,,,,,,,,,,,,,,,,,,,,,,,,,,
6/30/2020,2020,6,30,14,30,403,142,24.3,0.17,4.1,84.06,27.2,977,,,,,,,,,,,,,,,,,,,,,,,,,,,,,,,,,
6/30/2020,2020,6,30,15,30,330,119,24.1,0.17,4.3,86.34,26.6,977,,,,,,,,,,,,,,,,,,,,,,,,,,,,,,,,,
6/30/2020,2020,6,30,16,30,186,16,23.9,0.17,4,88.27,26,977,,,,,,,,,,,,,,,,,,,,,,,,,,,,,,,,,
6/30/2020,2020,6,30,17,30,99,23,23.7,0.17,3.8,89.14,25.6,977,,,,,,,,,,,,,,,,,,,,,,,,,,,,,,,,,
6/30/2020,2020,6,30,18,30,69,3,23.4,0.18,3.3,95.68,24.1,978,,,,,,,,,,,,,,,,,,,,,,,,,,,,,,,,,
6/30/2020,2020,6,30,19,30,12,0,22.9,0.18,3,98.44,23.2,978,,,,,,,,,,,,,,,,,,,,,,,,,,,,,,,,,
6/30/2020,2020,6,30,20,30,0,0,22.5,0.18,2.9,98.91,22.7,978,,,,,,,,,,,,,,,,,,,,,,,,,,,,,,,,,
6/30/2020,2020,6,30,21,30,0,0,22.3,0.18,2.7,99.36,22.4,979,,,,,,,,,,,,,,,,,,,,,,,,,,,,,,,,,
6/30/2020,2020,6,30,22,30,0,0,22.1,0.18,2.5,99.64,22.2,979,,,,,,,,,,,,,,,,,,,,,,,,,,,,,,,,,
6/30/2020,2020,6,30,23,30,0,0,22,0.18,2.2,100,22,979,,,,,,,,,,,,,,,,,,,,,,,,,,,,,,,,,
7/1/2020,2020,7,1,0,30,0,0,21.9,0.18,1.8,100,21.9,979,,,,,,,,,,,,,,,,,,,,,,,,,,,,,,,,,
7/1/2020,2020,7,1,1,30,0,0,21.8,0.18,1.5,100,21.8,979,,,,,,,,,,,,,,,,,,,,,,,,,,,,,,,,,
7/1/2020,2020,7,1,2,30,0,0,21.7,0.18,1.4,100,21.7,979,,,,,,,,,,,,,,,,,,,,,,,,,,,,,,,,,
7/1/2020,2020,7,1,3,30,0,0,21.6,0.18,1.3,100,21.6,979,,,,,,,,,,,,,,,,,,,,,,,,,,,,,,,,,
7/1/2020,2020,7,1,4,30,0,0,21.6,0.18,1.4,99.33,21.7,979,,,,,,,,,,,,,,,,,,,,,,,,,,,,,,,,,
7/1/2020,2020,7,1,5,30,25,0,21.9,0.18,1.9,98.05,22.2,980,,,,,,,,,,,,,,,,,,,,,,,,,,,,,,,,,
7/1/2020,2020,7,1,6,30,56,0,22.2,0.18,2.2,95.53,23,980,,,,,,,,,,,,,,,,,,,,,,,,,,,,,,,,,
7/1/2020,2020,7,1,7,30,133,2,22.8,0.18,2,93.55,23.9,980,,,,,,,,,,,,,,,,,,,,,,,,,,,,,,,,,
7/1/2020,2020,7,1,8,30,273,270,23.2,0.18,1.7,89.57,25,980,,,,,,,,,,,,,,,,,,,,,,,,,,,,,,,,,
7/1/2020,2020,7,1,9,30,317,350,23.2,0.18,1.2,85.08,25.9,980,,,,,,,,,,,,,,,,,,,,,,,,,,,,,,,,,
7/1/2020,2020,7,1,10,30,425,134,23.1,0.18,0.9,80.13,26.8,980,,,,,,,,,,,,,,,,,,,,,,,,,,,,,,,,,
7/1/2020,2020,7,1,11,30,442,78,23,0.18,0.6,77.18,27.4,980,,,,,,,,,,,,,,,,,,,,,,,,,,,,,,,,,
7/1/2020,2020,7,1,12,30,466,235,23.1,0.18,0.6,74.75,28,980,,,,,,,,,,,,,,,,,,,,,,,,,,,,,,,,,
7/1/2020,2020,7,1,13,30,411,136,23.2,0.18,0.8,73.82,28.3,981,,,,,,,,,,,,,,,,,,,,,,,,,,,,,,,,,
7/1/2020,2020,7,1,14,30,392,187,23.2,0.18,1.2,73.72,28.3,981,,,,,,,,,,,,,,,,,,,,,,,,,,,,,,,,,
7/1/2020,2020,7,1,15,30,324,172,23.2,0.18,1.4,75.63,27.9,981,,,,,,,,,,,,,,,,,,,,,,,,,,,,,,,,,
7/1/2020,2020,7,1,16,30,212,386,23.3,0.18,1.4,78.94,27.3,981,,,,,,,,,,,,,,,,,,,,,,,,,,,,,,,,,
7/1/2020,2020,7,1,17,30,156,211,23.6,0.18,1.3,81.92,27,981,,,,,,,,,,,,,,,,,,,,,,,,,,,,,,,,,
7/1/2020,2020,7,1,18,30,81,160,23.7,0.18,1.2,90.62,25.3,981,,,,,,,,,,,,,,,,,,,,,,,,,,,,,,,,,
7/1/2020,2020,7,1,19,30,16,7,23.6,0.18,1.2,97.03,24.1,982,,,,,,,,,,,,,,,,,,,,,,,,,,,,,,,,,
7/1/2020,2020,7,1,20,30,0,0,23.2,0.18,1.4,98.7,23.4,982,,,,,,,,,,,,,,,,,,,,,,,,,,,,,,,,,
7/1/2020,2020,7,1,21,30,0,0,23,0.18,1.4,100,23,983,,,,,,,,,,,,,,,,,,,,,,,,,,,,,,,,,
7/1/2020,2020,7,1,22,30,0,0,22.6,0.18,1.3,100,22.6,983,,,,,,,,,,,,,,,,,,,,,,,,,,,,,,,,,
7/1/2020,2020,7,1,23,30,0,0,22.3,0.18,1.2,100,22.3,984,,,,,,,,,,,,,,,,,,,,,,,,,,,,,,,,,
7/2/2020,2020,7,2,0,30,0,0,22,0.18,1.2,100,22,984,,,,,,,,,,,,,,,,,,,,,,,,,,,,,,,,,
7/2/2020,2020,7,2,1,30,0,0,21.8,0.18,1.1,100,21.8,984,,,,,,,,,,,,,,,,,,,,,,,,,,,,,,,,,
7/2/2020,2020,7,2,2,30,0,0,21.6,0.18,1,100,21.6,984,,,,,,,,,,,,,,,,,,,,,,,,,,,,,,,,,
7/2/2020,2020,7,2,3,30,0,0,21.3,0.18,0.9,100,21.3,984,,,,,,,,,,,,,,,,,,,,,,,,,,,,,,,,,
7/2/2020,2020,7,2,4,30,0,0,21.7,0.18,1.1,100,21.7,985,,,,,,,,,,,,,,,,,,,,,,,,,,,,,,,,,
7/2/2020,2020,7,2,5,30,42,99,22.2,0.18,1.6,95.96,22.9,985,,,,,,,,,,,,,,,,,,,,,,,,,,,,,,,,,
7/2/2020,2020,7,2,6,30,108,357,22.8,0.18,2.1,90.85,24.4,985,,,,,,,,,,,,,,,,,,,,,,,,,,,,,,,,,
7/2/2020,2020,7,2,7,30,144,527,23.4,0.18,2.4,85.98,25.9,985,,,,,,,,,,,,,,,,,,,,,,,,,,,,,,,,,
7/2/2020,2020,7,2,8,30,163,643,23.7,0.18,2.8,81.17,27.2,986,,,,,,,,,,,,,,,,,,,,,,,,,,,,,,,,,
7/2/2020,2020,7,2,9,30,199,638,23.9,0.18,3,77.77,28.1,986,,,,,,,,,,,,,,,,,,,,,,,,,,,,,,,,,
7/2/2020,2020,7,2,10,30,412,228,23.9,0.18,3.1,75.38,28.7,986,,,,,,,,,,,,,,,,,,,,,,,,,,,,,,,,,
7/2/2020,2020,7,2,11,30,317,524,23.9,0.18,3.2,73.81,29,985,,,,,,,,,,,,,,,,,,,,,,,,,,,,,,,,,
7/2/2020,2020,7,2,12,30,454,285,23.8,0.18,3.3,72.47,29.3,985,,,,,,,,,,,,,,,,,,,,,,,,,,,,,,,,,
7/2/2020,2020,7,2,13,30,377,441,23.8,0.18,3.2,72.17,29.3,985,,,,,,,,,,,,,,,,,,,,,,,,,,,,,,,,,
7/2/2020,2020,7,2,14,30,364,356,23.6,0.18,3.2,72.45,29.1,985,,,,,,,,,,,,,,,,,,,,,,,,,,,,,,,,,
7/2/2020,2020,7,2,15,30,156,703,23.5,0.18,3.2,72.93,28.8,985,,,,,,,,,,,,,,,,,,,,,,,,,,,,,,,,,
7/2/2020,2020,7,2,16,30,129,661,23.3,0.18,2.9,74.56,28.3,985,,,,,,,,,,,,,,,,,,,,,,,,,,,,,,,,,
7/2/2020,2020,7,2,17,30,106,551,23.4,0.18,2.7,76.71,27.9,985,,,,,,,,,,,,,,,,,,,,,,,,,,,,,,,,,
7/2/2020,2020,7,2,18,30,72,349,23.7,0.18,1.6,87.43,26,985,,,,,,,,,,,,,,,,,,,,,,,,,,,,,,,,,
7/2/2020,2020,7,2,19,30,20,78,23.1,0.18,1.3,90.33,24.8,985,,,,,,,,,,,,,,,,,,,,,,,,,,,,,,,,,
7/2/2020,2020,7,2,20,30,0,0,22.4,0.18,1.2,90.29,24.1,985,,,,,,,,,,,,,,,,,,,,,,,,,,,,,,,,,
7/2/2020,2020,7,2,21,30,0,0,22.1,0.18,1.1,90.65,23.7,986,,,,,,,,,,,,,,,,,,,,,,,,,,,,,,,,,
7/2/2020,2020,7,2,22,30,0,0,21.8,0.18,1,91.8,23.2,986,,,,,,,,,,,,,,,,,,,,,,,,,,,,,,,,,
7/2/2020,2020,7,2,23,30,0,0,21.5,0.18,0.9,93.15,22.7,986,,,,,,,,,,,,,,,,,,,,,,,,,,,,,,,,,
7/3/2020,2020,7,3,0,30,0,0,21.3,0.18,0.9,93.79,22.3,986,,,,,,,,,,,,,,,,,,,,,,,,,,,,,,,,,
7/3/2020,2020,7,3,1,30,0,0,21,0.18,1,95.03,21.8,986,,,,,,,,,,,,,,,,,,,,,,,,,,,,,,,,,
7/3/2020,2020,7,3,2,30,0,0,20.7,0.18,1,96.11,21.3,986,,,,,,,,,,,,,,,,,,,,,,,,,,,,,,,,,
7/3/2020,2020,7,3,3,30,0,0,20.3,0.18,0.9,96.53,20.9,986,,,,,,,,,,,,,,,,,,,,,,,,,,,,,,,,,
7/3/2020,2020,7,3,4,30,0,0,20,0.18,1.1,93.65,21.1,987,,,,,,,,,,,,,,,,,,,,,,,,,,,,,,,,,
7/3/2020,2020,7,3,5,30,39,74,20.3,0.18,1.6,89.22,22.2,987,,,,,,,,,,,,,,,,,,,,,,,,,,,,,,,,,
7/3/2020,2020,7,3,6,30,107,165,20.3,0.18,2.1,82.01,23.5,987,,,,,,,,,,,,,,,,,,,,,,,,,,,,,,,,,
7/3/2020,2020,7,3,7,30,124,140,21.1,0.18,2.4,76.23,25.6,987,,,,,,,,,,,,,,,,,,,,,,,,,,,,,,,,,
7/3/2020,2020,7,3,8,30,149,660,21,0.18,2.9,67.12,27.7,987,,,,,,,,,,,,,,,,,,,,,,,,,,,,,,,,,
7/3/2020,2020,7,3,9,30,118,825,20.8,0.18,3.2,61.64,28.9,987,,,,,,,,,,,,,,,,,,,,,,,,,,,,,,,,,
7/3/2020,2020,7,3,10,30,164,786,21.2,0.18,3.2,60.2,29.7,987,,,,,,,,,,,,,,,,,,,,,,,,,,,,,,,,,
7/3/2020,2020,7,3,11,30,181,788,21.5,0.18,3.1,60.04,30.1,986,,,,,,,,,,,,,,,,,,,,,,,,,,,,,,,,,
7/3/2020,2020,7,3,12,30,137,861,21.8,0.18,3,60.03,30.4,986,,,,,,,,,,,,,,,,,,,,,,,,,,,,,,,,,
7/3/2020,2020,7,3,13,30,400,363,21.9,0.18,2.8,60.44,30.4,986,,,,,,,,,,,,,,,,,,,,,,,,,,,,,,,,,
7/3/2020,2020,7,3,14,30,342,404,21.9,0.18,2.7,61.37,30.2,985,,,,,,,,,,,,,,,,,,,,,,,,,,,,,,,,,
7/3/2020,2020,7,3,15,30,313,299,21.9,0.18,2.4,63.29,29.6,985,,,,,,,,,,,,,,,,,,,,,,,,,,,,,,,,,
7/3/2020,2020,7,3,16,30,212,381,22.1,0.18,2.2,67.26,28.8,985,,,,,,,,,,,,,,,,,,,,,,,,,,,,,,,,,
7/3/2020,2020,7,3,17,30,144,301,22.2,0.18,2.1,69.1,28.4,985,,,,,,,,,,,,,,,,,,,,,,,,,,,,,,,,,
7/3/2020,2020,7,3,18,30,73,375,22.9,0.18,1.3,81.86,26.2,986,,,,,,,,,,,,,,,,,,,,,,,,,,,,,,,,,
7/3/2020,2020,7,3,19,30,17,21,22.2,0.18,1.1,86.35,24.6,986,,,,,,,,,,,,,,,,,,,,,,,,,,,,,,,,,
7/3/2020,2020,7,3,20,30,0,0,21.2,0.18,1.1,86,23.7,986,,,,,,,,,,,,,,,,,,,,,,,,,,,,,,,,,
7/3/2020,2020,7,3,21,30,0,0,20.7,0.18,1,86.62,23.1,986,,,,,,,,,,,,,,,,,,,,,,,,,,,,,,,,,
7/3/2020,2020,7,3,22,30,0,0,20.3,0.18,0.9,85.96,22.8,986,,,,,,,,,,,,,,,,,,,,,,,,,,,,,,,,,
7/3/2020,2020,7,3,23,30,0,0,19.9,0.18,0.8,83.76,22.8,986,,,,,,,,,,,,,,,,,,,,,,,,,,,,,,,,,
7/4/2020,2020,7,4,0,30,0,0,19.5,0.18,0.7,81.1,22.9,986,,,,,,,,,,,,,,,,,,,,,,,,,,,,,,,,,
7/4/2020,2020,7,4,1,30,0,0,19.2,0.18,0.6,80.16,22.8,986,,,,,,,,,,,,,,,,,,,,,,,,,,,,,,,,,
7/4/2020,2020,7,4,2,30,0,0,19,0.18,0.7,82.28,22.2,986,,,,,,,,,,,,,,,,,,,,,,,,,,,,,,,,,
7/4/2020,2020,7,4,3,30,0,0,18.9,0.18,0.8,86.21,21.3,986,,,,,,,,,,,,,,,,,,,,,,,,,,,,,,,,,
7/4/2020,2020,7,4,4,30,0,0,18.7,0.18,0.9,85.92,21.2,986,,,,,,,,,,,,,,,,,,,,,,,,,,,,,,,,,
7/4/2020,2020,7,4,5,30,42,231,19.8,0.18,1.3,85.44,22.4,986,,,,,,,,,,,,,,,,,,,,,,,,,,,,,,,,,
7/4/2020,2020,7,4,6,30,81,499,19.8,0.18,1.5,76.52,24.2,987,,,,,,,,,,,,,,,,,,,,,,,,,,,,,,,,,
7/4/2020,2020,7,4,7,30,104,654,20.7,0.18,1.6,71.04,26.4,987,,,,,,,,,,,,,,,,,,,,,,,,,,,,,,,,,
7/4/2020,2020,7,4,8,30,119,748,20.4,0.18,1.9,61.73,28.5,987,,,,,,,,,,,,,,,,,,,,,,,,,,,,,,,,,
7/4/2020,2020,7,4,9,30,128,807,20.7,0.18,2,59.46,29.4,986,,,,,,,,,,,,,,,,,,,,,,,,,,,,,,,,,
7/4/2020,2020,7,4,10,30,135,840,20.9,0.18,2,58.35,30,986,,,,,,,,,,,,,,,,,,,,,,,,,,,,,,,,,
7/4/2020,2020,7,4,11,30,173,796,21.3,0.18,1.9,58.17,30.4,986,,,,,,,,,,,,,,,,,,,,,,,,,,,,,,,,,
7/4/2020,2020,7,4,12,30,209,738,21.5,0.18,1.8,58.01,30.7,985,,,,,,,,,,,,,,,,,,,,,,,,,,,,,,,,,
7/4/2020,2020,7,4,13,30,278,568,21.7,0.18,1.8,58.24,30.8,985,,,,,,,,,,,,,,,,,,,,,,,,,,,,,,,,,
7/4/2020,2020,7,4,14,30,140,815,21.7,0.18,1.9,58.74,30.7,985,,,,,,,,,,,,,,,,,,,,,,,,,,,,,,,,,
7/4/2020,2020,7,4,15,30,129,778,21.7,0.18,2,59.68,30.4,984,,,,,,,,,,,,,,,,,,,,,,,,,,,,,,,,,
7/4/2020,2020,7,4,16,30,116,711,21.7,0.18,1.9,61.24,30,984,,,,,,,,,,,,,,,,,,,,,,,,,,,,,,,,,
7/4/2020,2020,7,4,17,30,96,604,22,0.18,1.9,63.31,29.7,984,,,,,,,,,,,,,,,,,,,,,,,,,,,,,,,,,
7/4/2020,2020,7,4,18,30,67,423,22.4,0.18,1.2,74.57,27.3,984,,,,,,,,,,,,,,,,,,,,,,,,,,,,,,,,,
7/4/2020,2020,7,4,19,30,20,104,22.8,0.18,0.9,85.34,25.4,984,,,,,,,,,,,,,,,,,,,,,,,,,,,,,,,,,
7/4/2020,2020,7,4,20,30,0,0,21.6,0.18,0.9,83.78,24.5,984,,,,,,,,,,,,,,,,,,,,,,,,,,,,,,,,,
7/4/2020,2020,7,4,21,30,0,0,21.2,0.18,0.9,83.71,24.1,985,,,,,,,,,,,,,,,,,,,,,,,,,,,,,,,,,
7/4/2020,2020,7,4,22,30,0,0,20.9,0.18,0.9,84.23,23.7,985,,,,,,,,,,,,,,,,,,,,,,,,,,,,,,,,,
7/4/2020,2020,7,4,23,30,0,0,20.6,0.18,0.9,85.39,23.2,985,,,,,,,,,,,,,,,,,,,,,,,,,,,,,,,,,
7/5/2020,2020,7,5,0,30,0,0,20.4,0.18,0.9,86.75,22.7,985,,,,,,,,,,,,,,,,,,,,,,,,,,,,,,,,,
7/5/2020,2020,7,5,1,30,0,0,20.1,0.18,0.9,87.01,22.4,985,,,,,,,,,,,,,,,,,,,,,,,,,,,,,,,,,
7/5/2020,2020,7,5,2,30,0,0,19.9,0.18,0.8,86.69,22.2,985,,,,,,,,,,,,,,,,,,,,,,,,,,,,,,,,,
7/5/2020,2020,7,5,3,30,0,0,19.6,0.18,0.7,85.91,22.1,985,,,,,,,,,,,,,,,,,,,,,,,,,,,,,,,,,
7/5/2020,2020,7,5,4,30,0,0,19.4,0.18,0.5,83.19,22.4,985,,,,,,,,,,,,,,,,,,,,,,,,,,,,,,,,,
7/5/2020,2020,7,5,5,30,39,259,20.3,0.18,0.4,83.36,23.3,986,,,,,,,,,,,,,,,,,,,,,,,,,,,,,,,,,
7/5/2020,2020,7,5,6,30,73,532,20.7,0.18,0.5,78.28,24.7,986,,,,,,,,,,,,,,,,,,,,,,,,,,,,,,,,,
7/5/2020,2020,7,5,7,30,94,682,21.4,0.18,1,71.67,26.9,985,,,,,,,,,,,,,,,,,,,,,,,,,,,,,,,,,
7/5/2020,2020,7,5,8,30,106,775,21.2,0.18,1.6,63.57,28.8,985,,,,,,,,,,,,,,,,,,,,,,,,,,,,,,,,,
7/5/2020,2020,7,5,9,30,121,808,21.6,0.18,1.8,62.18,29.6,985,,,,,,,,,,,,,,,,,,,,,,,,,,,,,,,,,
7/5/2020,2020,7,5,10,30,227,665,21.9,0.18,1.8,60.91,30.3,985,,,,,,,,,,,,,,,,,,,,,,,,,,,,,,,,,
7/5/2020,2020,7,5,11,30,128,865,22.1,0.18,1.5,59.85,30.8,985,,,,,,,,,,,,,,,,,,,,,,,,,,,,,,,,,
7/5/2020,2020,7,5,12,30,136,858,22.1,0.18,1.5,58.81,31.1,984,,,,,,,,,,,,,,,,,,,,,,,,,,,,,,,,,
7/5/2020,2020,7,5,13,30,136,846,22,0.18,1.7,58.56,31.1,984,,,,,,,,,,,,,,,,,,,,,,,,,,,,,,,,,
7/5/2020,2020,7,5,14,30,130,821,21.9,0.18,1.8,58.61,31,983,,,,,,,,,,,,,,,,,,,,,,,,,,,,,,,,,
7/5/2020,2020,7,5,15,30,124,778,21.9,0.18,1.8,59.44,30.7,983,,,,,,,,,,,,,,,,,,,,,,,,,,,,,,,,,
7/5/2020,2020,7,5,16,30,112,711,21.9,0.18,1.6,60.74,30.3,983,,,,,,,,,,,,,,,,,,,,,,,,,,,,,,,,,
7/5/2020,2020,7,5,17,30,93,605,22.2,0.18,1.3,62.59,30.1,983,,,,,,,,,,,,,,,,,,,,,,,,,,,,,,,,,
7/5/2020,2020,7,5,18,30,68,380,22.3,0.18,1,70.58,28.1,983,,,,,,,,,,,,,,,,,,,,,,,,,,,,,,,,,
7/5/2020,2020,7,5,19,30,20,91,22.8,0.18,0.8,80.1,26.5,983,,,,,,,,,,,,,,,,,,,,,,,,,,,,,,,,,
7/5/2020,2020,7,5,20,30,0,0,21.5,0.18,0.9,78.27,25.6,984,,,,,,,,,,,,,,,,,,,,,,,,,,,,,,,,,
7/5/2020,2020,7,5,21,30,0,0,21.2,0.18,0.9,80.94,24.7,984,,,,,,,,,,,,,,,,,,,,,,,,,,,,,,,,,
7/5/2020,2020,7,5,22,30,0,0,20.9,0.18,1,83.05,24,984,,,,,,,,,,,,,,,,,,,,,,,,,,,,,,,,,
7/5/2020,2020,7,5,23,30,0,0,20.7,0.18,1,84.73,23.4,984,,,,,,,,,,,,,,,,,,,,,,,,,,,,,,,,,
7/6/2020,2020,7,6,0,30,0,0,20.5,0.18,0.9,86.11,22.9,984,,,,,,,,,,,,,,,,,,,,,,,,,,,,,,,,,
7/6/2020,2020,7,6,1,30,0,0,20.3,0.18,0.9,87.29,22.5,984,,,,,,,,,,,,,,,,,,,,,,,,,,,,,,,,,
7/6/2020,2020,7,6,2,30,0,0,20.2,0.18,0.9,88.41,22.2,984,,,,,,,,,,,,,,,,,,,,,,,,,,,,,,,,,
7/6/2020,2020,7,6,3,30,0,0,20.1,0.18,0.8,89.69,21.9,985,,,,,,,,,,,,,,,,,,,,,,,,,,,,,,,,,
7/6/2020,2020,7,6,4,30,0,0,20,0.18,0.7,87.63,22.2,985,,,,,,,,,,,,,,,,,,,,,,,,,,,,,,,,,
7/6/2020,2020,7,6,5,30,39,227,21.1,0.18,0.9,86.91,23.4,985,,,,,,,,,,,,,,,,,,,,,,,,,,,,,,,,,
7/6/2020,2020,7,6,6,30,80,484,20.9,0.18,1,79.09,24.8,985,,,,,,,,,,,,,,,,,,,,,,,,,,,,,,,,,
7/6/2020,2020,7,6,7,30,107,628,21.4,0.18,1,73.05,26.6,985,,,,,,,,,,,,,,,,,,,,,,,,,,,,,,,,,
7/6/2020,2020,7,6,8,30,128,712,21.3,0.18,1,65.08,28.5,985,,,,,,,,,,,,,,,,,,,,,,,,,,,,,,,,,
7/6/2020,2020,7,6,9,30,143,766,21.2,0.18,0.9,61.32,29.4,985,,,,,,,,,,,,,,,,,,,,,,,,,,,,,,,,,
7/6/2020,2020,7,6,10,30,317,234,21.3,0.18,0.9,59.15,30.1,985,,,,,,,,,,,,,,,,,,,,,,,,,,,,,,,,,
7/6/2020,2020,7,6,11,30,191,754,21.4,0.18,1.1,57.73,30.7,985,,,,,,,,,,,,,,,,,,,,,,,,,,,,,,,,,
7/6/2020,2020,7,6,12,30,378,315,21.6,0.18,1.4,56.77,31.2,984,,,,,,,,,,,,,,,,,,,,,,,,,,,,,,,,,
7/6/2020,2020,7,6,13,30,163,801,21.7,0.18,1.6,56.29,31.5,984,,,,,,,,,,,,,,,,,,,,,,,,,,,,,,,,,
7/6/2020,2020,7,6,14,30,152,783,21.8,0.18,1.6,56.42,31.5,984,,,,,,,,,,,,,,,,,,,,,,,,,,,,,,,,,
7/6/2020,2020,7,6,15,30,137,748,21.7,0.18,1.6,56.91,31.3,983,,,,,,,,,,,,,,,,,,,,,,,,,,,,,,,,,
7/6/2020,2020,7,6,16,30,125,673,21.8,0.18,1.4,57.72,31.1,983,,,,,,,,,,,,,,,,,,,,,,,,,,,,,,,,,
7/6/2020,2020,7,6,17,30,104,559,22,0.18,1.3,58.68,31,983,,,,,,,,,,,,,,,,,,,,,,,,,,,,,,,,,
7/6/2020,2020,7,6,18,30,73,365,22,0.18,1,66.94,28.8,983,,,,,,,,,,,,,,,,,,,,,,,,,,,,,,,,,
7/6/2020,2020,7,6,19,30,18,54,23,0.18,0.8,78.28,27.1,984,,,,,,,,,,,,,,,,,,,,,,,,,,,,,,,,,
7/6/2020,2020,7,6,20,30,0,0,21.9,0.18,0.9,77.79,26.1,984,,,,,,,,,,,,,,,,,,,,,,,,,,,,,,,,,
7/6/2020,2020,7,6,21,30,0,0,21.7,0.18,1,80.64,25.3,984,,,,,,,,,,,,,,,,,,,,,,,,,,,,,,,,,
7/6/2020,2020,7,6,22,30,0,0,21.6,0.18,1,83.33,24.6,984,,,,,,,,,,,,,,,,,,,,,,,,,,,,,,,,,
7/6/2020,2020,7,6,23,30,0,0,21.5,0.18,1,85.76,24,984,,,,,,,,,,,,,,,,,,,,,,,,,,,,,,,,,
7/7/2020,2020,7,7,0,30,0,0,21.4,0.18,1.1,87.41,23.6,984,,,,,,,,,,,,,,,,,,,,,,,,,,,,,,,,,
7/7/2020,2020,7,7,1,30,0,0,21.4,0.18,1.1,89.94,23.1,984,,,,,,,,,,,,,,,,,,,,,,,,,,,,,,,,,
7/7/2020,2020,7,7,2,30,0,0,21.4,0.18,1.1,91.67,22.8,984,,,,,,,,,,,,,,,,,,,,,,,,,,,,,,,,,
7/7/2020,2020,7,7,3,30,0,0,21.4,0.18,1.2,93.44,22.5,984,,,,,,,,,,,,,,,,,,,,,,,,,,,,,,,,,
7/7/2020,2020,7,7,4,30,0,0,21.4,0.18,1.4,91.21,22.9,984,,,,,,,,,,,,,,,,,,,,,,,,,,,,,,,,,
7/7/2020,2020,7,7,5,30,38,89,21.8,0.18,1.9,87.21,24.1,985,,,,,,,,,,,,,,,,,,,,,,,,,,,,,,,,,
7/7/2020,2020,7,7,6,30,94,405,22.2,0.18,2.1,79.92,25.9,985,,,,,,,,,,,,,,,,,,,,,,,,,,,,,,,,,
7/7/2020,2020,7,7,7,30,123,576,22.8,0.18,2.2,73.27,28,985,,,,,,,,,,,,,,,,,,,,,,,,,,,,,,,,,
7/7/2020,2020,7,7,8,30,155,634,22.8,0.18,2.2,67.49,29.5,984,,,,,,,,,,,,,,,,,,,,,,,,,,,,,,,,,
7/7/2020,2020,7,7,9,30,186,669,22.9,0.18,2.2,64.38,30.4,984,,,,,,,,,,,,,,,,,,,,,,,,,,,,,,,,,
7/7/2020,2020,7,7,10,30,359,46,23,0.18,2.4,62.37,31,984,,,,,,,,,,,,,,,,,,,,,,,,,,,,,,,,,
7/7/2020,2020,7,7,11,30,263,396,23,0.18,2.5,60.61,31.5,984,,,,,,,,,,,,,,,,,,,,,,,,,,,,,,,,,
7/7/2020,2020,7,7,12,30,165,805,22.9,0.18,2.6,59.57,31.7,983,,,,,,,,,,,,,,,,,,,,,,,,,,,,,,,,,
7/7/2020,2020,7,7,13,30,162,796,22.7,0.18,2.6,58.37,31.9,983,,,,,,,,,,,,,,,,,,,,,,,,,,,,,,,,,
7/7/2020,2020,7,7,14,30,154,774,22.6,0.18,2.4,57.89,31.9,982,,,,,,,,,,,,,,,,,,,,,,,,,,,,,,,,,
7/7/2020,2020,7,7,15,30,142,736,22.6,0.18,2.1,57.86,31.9,982,,,,,,,,,,,,,,,,,,,,,,,,,,,,,,,,,
7/7/2020,2020,7,7,16,30,124,672,22.8,0.18,1.7,59.19,31.7,981,,,,,,,,,,,,,,,,,,,,,,,,,,,,,,,,,
7/7/2020,2020,7,7,17,30,102,562,22.8,0.18,1.5,59.8,31.6,981,,,,,,,,,,,,,,,,,,,,,,,,,,,,,,,,,
7/7/2020,2020,7,7,18,30,70,371,23.3,0.18,1.1,70.98,29.1,981,,,,,,,,,,,,,,,,,,,,,,,,,,,,,,,,,
7/7/2020,2020,7,7,19,30,18,76,23.7,0.18,1.1,81.23,27.2,981,,,,,,,,,,,,,,,,,,,,,,,,,,,,,,,,,
7/7/2020,2020,7,7,20,30,0,0,22.7,0.18,1.3,81.24,26.2,982,,,,,,,,,,,,,,,,,,,,,,,,,,,,,,,,,
7/7/2020,2020,7,7,21,30,0,0,22.5,0.18,1.6,82.42,25.7,982,,,,,,,,,,,,,,,,,,,,,,,,,,,,,,,,,
7/7/2020,2020,7,7,22,30,0,0,22.3,0.18,1.9,83.74,25.2,982,,,,,,,,,,,,,,,,,,,,,,,,,,,,,,,,,
7/7/2020,2020,7,7,23,30,0,0,22.1,0.18,2,85.23,24.7,982,,,,,,,,,,,,,,,,,,,,,,,,,,,,,,,,,
7/8/2020,2020,7,8,0,30,0,0,21.8,0.18,2,86.73,24.2,982,,,,,,,,,,,,,,,,,,,,,,,,,,,,,,,,,
7/8/2020,2020,7,8,1,30,0,0,21.6,0.18,2,88.83,23.6,982,,,,,,,,,,,,,,,,,,,,,,,,,,,,,,,,,
7/8/2020,2020,7,8,2,30,0,0,21.5,0.18,1.9,90.68,23.1,982,,,,,,,,,,,,,,,,,,,,,,,,,,,,,,,,,
7/8/2020,2020,7,8,3,30,0,0,21.4,0.18,1.9,93.03,22.6,982,,,,,,,,,,,,,,,,,,,,,,,,,,,,,,,,,
7/8/2020,2020,7,8,4,30,0,0,21.4,0.18,2.1,91.74,22.8,982,,,,,,,,,,,,,,,,,,,,,,,,,,,,,,,,,
7/8/2020,2020,7,8,5,30,39,212,21.6,0.18,2.5,86.98,23.9,982,,,,,,,,,,,,,,,,,,,,,,,,,,,,,,,,,
7/8/2020,2020,7,8,6,30,78,490,22.1,0.18,2.5,80.55,25.7,982,,,,,,,,,,,,,,,,,,,,,,,,,,,,,,,,,
7/8/2020,2020,7,8,7,30,102,649,23.3,0.18,2.7,74.17,28.3,982,,,,,,,,,,,,,,,,,,,,,,,,,,,,,,,,,
7/8/2020,2020,7,8,8,30,117,740,23.7,0.18,3.1,66.56,30.6,982,,,,,,,,,,,,,,,,,,,,,,,,,,,,,,,,,
7/8/2020,2020,7,8,9,30,129,793,23.5,0.18,3.4,61.23,31.9,981,,,,,,,,,,,,,,,,,,,,,,,,,,,,,,,,,
7/8/2020,2020,7,8,10,30,138,822,23.5,0.18,3.6,58.99,32.6,981,,,,,,,,,,,,,,,,,,,,,,,,,,,,,,,,,
7/8/2020,2020,7,8,11,30,209,688,23.6,0.18,3.8,57.68,33.1,981,,,,,,,,,,,,,,,,,,,,,,,,,,,,,,,,,
7/8/2020,2020,7,8,12,30,140,845,23.7,0.18,3.9,57.63,33.2,980,,,,,,,,,,,,,,,,,,,,,,,,,,,,,,,,,
7/8/2020,2020,7,8,13,30,137,837,23.8,0.18,3.9,57.75,33.2,980,,,,,,,,,,,,,,,,,,,,,,,,,,,,,,,,,
7/8/2020,2020,7,8,14,30,338,307,23.8,0.18,3.8,58.83,32.9,980,,,,,,,,,,,,,,,,,,,,,,,,,,,,,,,,,
7/8/2020,2020,7,8,15,30,119,784,23.8,0.18,3.6,60.34,32.5,979,,,,,,,,,,,,,,,,,,,,,,,,,,,,,,,,,
7/8/2020,2020,7,8,16,30,104,730,24,0.18,3.3,62.78,32,979,,,,,,,,,,,,,,,,,,,,,,,,,,,,,,,,,
7/8/2020,2020,7,8,17,30,85,633,24.3,0.18,3.1,65.11,31.7,979,,,,,,,,,,,,,,,,,,,,,,,,,,,,,,,,,
7/8/2020,2020,7,8,18,30,59,461,24.9,0.18,1.9,77.53,29.2,979,,,,,,,,,,,,,,,,,,,,,,,,,,,,,,,,,
7/8/2020,2020,7,8,19,30,19,117,24.4,0.18,1.6,83.57,27.4,979,,,,,,,,,,,,,,,,,,,,,,,,,,,,,,,,,
7/8/2020,2020,7,8,20,30,0,0,23.8,0.18,1.6,84.41,26.6,980,,,,,,,,,,,,,,,,,,,,,,,,,,,,,,,,,
7/8/2020,2020,7,8,21,30,0,0,23.5,0.18,1.8,85.49,26.1,980,,,,,,,,,,,,,,,,,,,,,,,,,,,,,,,,,
7/8/2020,2020,7,8,22,30,0,0,23.2,0.18,1.9,87.3,25.5,980,,,,,,,,,,,,,,,,,,,,,,,,,,,,,,,,,
7/8/2020,2020,7,8,23,30,0,0,23,0.18,2,88.89,25,980,,,,,,,,,,,,,,,,,,,,,,,,,,,,,,,,,
7/9/2020,2020,7,9,0,30,0,0,22.9,0.18,2,89.99,24.7,980,,,,,,,,,,,,,,,,,,,,,,,,,,,,,,,,,
7/9/2020,2020,7,9,1,30,0,0,22.9,0.18,1.8,91.9,24.3,980,,,,,,,,,,,,,,,,,,,,,,,,,,,,,,,,,
7/9/2020,2020,7,9,2,30,0,0,22.8,0.18,1.6,93.74,23.9,980,,,,,,,,,,,,,,,,,,,,,,,,,,,,,,,,,
7/9/2020,2020,7,9,3,30,0,0,22.7,0.18,1.4,96.04,23.4,980,,,,,,,,,,,,,,,,,,,,,,,,,,,,,,,,,
7/9/2020,2020,7,9,4,30,0,0,22.6,0.18,1.7,95.26,23.4,980,,,,,,,,,,,,,,,,,,,,,,,,,,,,,,,,,
7/9/2020,2020,7,9,5,30,36,57,22.7,0.18,2.2,91.75,24.1,980,,,,,,,,,,,,,,,,,,,,,,,,,,,,,,,,,
7/9/2020,2020,7,9,6,30,83,390,22.9,0.18,2.5,85.34,25.5,979,,,,,,,,,,,,,,,,,,,,,,,,,,,,,,,,,
7/9/2020,2020,7,9,7,30,85,28,22.8,0.18,2.6,76.85,27.2,979,,,,,,,,,,,,,,,,,,,,,,,,,,,,,,,,,
7/9/2020,2020,7,9,8,30,141,2,22.1,0.18,2.3,68.79,28.4,979,,,,,,,,,,,,,,,,,,,,,,,,,,,,,,,,,
7/9/2020,2020,7,9,9,30,187,9,21.6,0.18,1.5,63.64,29.2,978,,,,,,,,,,,,,,,,,,,,,,,,,,,,,,,,,
7/9/2020,2020,7,9,10,30,355,69,21.3,0.18,1.1,60.41,29.8,978,,,,,,,,,,,,,,,,,,,,,,,,,,,,,,,,,
7/9/2020,2020,7,9,11,30,368,54,21.2,0.18,1.1,59.81,29.8,978,,,,,,,,,,,,,,,,,,,,,,,,,,,,,,,,,
7/9/2020,2020,7,9,12,30,363,42,21.1,0.18,0.7,60.85,29.4,977,,,,,,,,,,,,,,,,,,,,,,,,,,,,,,,,,
7/9/2020,2020,7,9,13,30,128,2,21.2,0.18,0.9,63.11,28.9,977,,,,,,,,,,,,,,,,,,,,,,,,,,,,,,,,,
7/9/2020,2020,7,9,14,30,152,9,21,0.18,1.7,63.34,28.6,977,,,,,,,,,,,,,,,,,,,,,,,,,,,,,,,,,
7/9/2020,2020,7,9,15,30,173,156,20.8,0.18,2.6,63.93,28.3,977,,,,,,,,,,,,,,,,,,,,,,,,,,,,,,,,,
7/9/2020,2020,7,9,16,30,116,694,20.5,0.18,3.5,64.37,27.8,977,,,,,,,,,,,,,,,,,,,,,,,,,,,,,,,,,
7/9/2020,2020,7,9,17,30,85,525,20.2,0.18,3.8,64.31,27.5,978,,,,,,,,,,,,,,,,,,,,,,,,,,,,,,,,,
7/9/2020,2020,7,9,18,30,58,459,20.3,0.18,3.3,73.64,25.3,979,,,,,,,,,,,,,,,,,,,,,,,,,,,,,,,,,
7/9/2020,2020,7,9,19,30,18,136,20.4,0.18,2.6,82.16,23.6,979,,,,,,,,,,,,,,,,,,,,,,,,,,,,,,,,,
7/9/2020,2020,7,9,20,30,0,0,20.3,0.18,2.2,87.46,22.5,981,,,,,,,,,,,,,,,,,,,,,,,,,,,,,,,,,
7/9/2020,2020,7,9,21,30,0,0,20.2,0.18,1.9,91.17,21.7,981,,,,,,,,,,,,,,,,,,,,,,,,,,,,,,,,,
7/9/2020,2020,7,9,22,30,0,0,20.1,0.18,1.8,93.91,21.1,982,,,,,,,,,,,,,,,,,,,,,,,,,,,,,,,,,
7/9/2020,2020,7,9,23,30,0,0,19.8,0.18,2,94.75,20.7,982,,,,,,,,,,,,,,,,,,,,,,,,,,,,,,,,,
7/10/2020,2020,7,10,0,30,0,0,19.4,0.18,2.1,94.44,20.3,982,,,,,,,,,,,,,,,,,,,,,,,,,,,,,,,,,
7/10/2020,2020,7,10,1,30,0,0,19,0.18,2,94.3,19.9,983,,,,,,,,,,,,,,,,,,,,,,,,,,,,,,,,,
7/10/2020,2020,7,10,2,30,0,0,18.6,0.18,2.1,93.24,19.7,983,,,,,,,,,,,,,,,,,,,,,,,,,,,,,,,,,
7/10/2020,2020,7,10,3,30,0,0,18.2,0.18,2.2,92.13,19.5,983,,,,,,,,,,,,,,,,,,,,,,,,,,,,,,,,,
7/10/2020,2020,7,10,4,30,0,0,17.9,0.18,2.4,89.14,19.7,984,,,,,,,,,,,,,,,,,,,,,,,,,,,,,,,,,
7/10/2020,2020,7,10,5,30,32,329,17.8,0.18,2.7,83.1,20.8,984,,,,,,,,,,,,,,,,,,,,,,,,,,,,,,,,,
7/10/2020,2020,7,10,6,30,59,604,18.1,0.18,2.5,75.34,22.7,985,,,,,,,,,,,,,,,,,,,,,,,,,,,,,,,,,
7/10/2020,2020,7,10,7,30,76,743,18.6,0.18,2.4,66.11,25.4,985,,,,,,,,,,,,,,,,,,,,,,,,,,,,,,,,,
7/10/2020,2020,7,10,8,30,87,824,17.6,0.18,2.5,53.83,27.8,985,,,,,,,,,,,,,,,,,,,,,,,,,,,,,,,,,
7/10/2020,2020,7,10,9,30,94,872,17.5,0.18,2.4,48.99,29.3,986,,,,,,,,,,,,,,,,,,,,,,,,,,,,,,,,,
7/10/2020,2020,7,10,10,30,100,900,17.9,0.18,2.4,46.9,30.5,986,,,,,,,,,,,,,,,,,,,,,,,,,,,,,,,,,
7/10/2020,2020,7,10,11,30,99,916,18.2,0.18,2.4,45.47,31.4,985,,,,,,,,,,,,,,,,,,,,,,,,,,,,,,,,,
7/10/2020,2020,7,10,12,30,97,921,18.4,0.18,2.4,44.3,32.1,985,,,,,,,,,,,,,,,,,,,,,,,,,,,,,,,,,
7/10/2020,2020,7,10,13,30,98,908,18.5,0.18,2.3,43.5,32.5,984,,,,,,,,,,,,,,,,,,,,,,,,,,,,,,,,,
7/10/2020,2020,7,10,14,30,215,618,18.5,0.18,2.3,43.54,32.5,984,,,,,,,,,,,,,,,,,,,,,,,,,,,,,,,,,
7/10/2020,2020,7,10,15,30,177,633,18.5,0.18,2.2,44.13,32.3,984,,,,,,,,,,,,,,,,,,,,,,,,,,,,,,,,,
7/10/2020,2020,7,10,16,30,122,656,19,0.18,2.1,46.04,32,983,,,,,,,,,,,,,,,,,,,,,,,,,,,,,,,,,
7/10/2020,2020,7,10,17,30,72,681,18.3,0.18,2.1,44.56,31.8,983,,,,,,,,,,,,,,,,,,,,,,,,,,,,,,,,,
7/10/2020,2020,7,10,18,30,76,200,20.2,0.18,1.4,62.26,28.1,983,,,,,,,,,,,,,,,,,,,,,,,,,,,,,,,,,
7/10/2020,2020,7,10,19,30,15,20,19.7,0.18,1.3,68.89,25.8,983,,,,,,,,,,,,,,,,,,,,,,,,,,,,,,,,,
7/10/2020,2020,7,10,20,30,0,0,18.4,0.18,1.4,69.17,24.4,983,,,,,,,,,,,,,,,,,,,,,,,,,,,,,,,,,
7/10/2020,2020,7,10,21,30,0,0,18,0.18,1.4,71.43,23.5,983,,,,,,,,,,,,,,,,,,,,,,,,,,,,,,,,,
7/10/2020,2020,7,10,22,30,0,0,17.7,0.18,1.3,73.61,22.7,983,,,,,,,,,,,,,,,,,,,,,,,,,,,,,,,,,
7/10/2020,2020,7,10,23,30,0,0,17.6,0.18,1.3,76.02,22,983,,,,,,,,,,,,,,,,,,,,,,,,,,,,,,,,,
7/11/2020,2020,7,11,0,30,0,0,17.4,0.18,1.3,78.1,21.4,983,,,,,,,,,,,,,,,,,,,,,,,,,,,,,,,,,
7/11/2020,2020,7,11,1,30,0,0,17.2,0.18,1.2,80.06,20.8,983,,,,,,,,,,,,,,,,,,,,,,,,,,,,,,,,,
7/11/2020,2020,7,11,2,30,0,0,17,0.18,1.2,81.95,20.2,983,,,,,,,,,,,,,,,,,,,,,,,,,,,,,,,,,
7/11/2020,2020,7,11,3,30,0,0,16.8,0.18,1.2,82.9,19.8,983,,,,,,,,,,,,,,,,,,,,,,,,,,,,,,,,,
7/11/2020,2020,7,11,4,30,0,0,16.7,0.18,1.4,81.11,20,983,,,,,,,,,,,,,,,,,,,,,,,,,,,,,,,,,
7/11/2020,2020,7,11,5,30,35,118,17.1,0.18,2.1,76.9,21.3,983,,,,,,,,,,,,,,,,,,,,,,,,,,,,,,,,,
7/11/2020,2020,7,11,6,30,71,510,17.2,0.18,2.9,69.25,23.1,983,,,,,,,,,,,,,,,,,,,,,,,,,,,,,,,,,
7/11/2020,2020,7,11,7,30,98,647,18.5,0.18,3.4,65.94,25.3,983,,,,,,,,,,,,,,,,,,,,,,,,,,,,,,,,,
7/11/2020,2020,7,11,8,30,118,728,20.4,0.18,3.4,66.88,27.1,983,,,,,,,,,,,,,,,,,,,,,,,,,,,,,,,,,
7/11/2020,2020,7,11,9,30,133,780,21.4,0.18,3.3,66.01,28.4,983,,,,,,,,,,,,,,,,,,,,,,,,,,,,,,,,,
7/11/2020,2020,7,11,10,30,146,806,22.2,0.18,3.3,64.2,29.7,983,,,,,,,,,,,,,,,,,,,,,,,,,,,,,,,,,
7/11/2020,2020,7,11,11,30,144,834,22.6,0.18,3.2,62.47,30.6,982,,,,,,,,,,,,,,,,,,,,,,,,,,,,,,,,,
7/11/2020,2020,7,11,12,30,131,858,22.7,0.18,3.1,60.18,31.3,982,,,,,,,,,,,,,,,,,,,,,,,,,,,,,,,,,
7/11/2020,2020,7,11,13,30,129,850,22.5,0.18,3.1,58.42,31.6,981,,,,,,,,,,,,,,,,,,,,,,,,,,,,,,,,,
7/11/2020,2020,7,11,14,30,119,837,22.2,0.18,3,57.29,31.7,981,,,,,,,,,,,,,,,,,,,,,,,,,,,,,,,,,
7/11/2020,2020,7,11,15,30,104,812,21.9,0.18,2.9,57.49,31.3,980,,,,,,,,,,,,,,,,,,,,,,,,,,,,,,,,,
7/11/2020,2020,7,11,16,30,149,572,21.7,0.18,2.8,59.04,30.6,980,,,,,,,,,,,,,,,,,,,,,,,,,,,,,,,,,
7/11/2020,2020,7,11,17,30,95,206,21.8,0.18,2.7,60.69,30.2,980,,,,,,,,,,,,,,,,,,,,,,,,,,,,,,,,,
7/11/2020,2020,7,11,18,30,63,296,22,0.18,2.1,73.08,27.2,980,,,,,,,,,,,,,,,,,,,,,,,,,,,,,,,,,
7/11/2020,2020,7,11,19,30,16,142,21.3,0.18,2.4,80.11,25,981,,,,,,,,,,,,,,,,,,,,,,,,,,,,,,,,,
7/11/2020,2020,7,11,20,30,0,0,20.1,0.18,3,80.09,23.7,981,,,,,,,,,,,,,,,,,,,,,,,,,,,,,,,,,
7/11/2020,2020,7,11,21,30,0,0,18.9,0.18,3.1,80.52,22.4,982,,,,,,,,,,,,,,,,,,,,,,,,,,,,,,,,,
7/11/2020,2020,7,11,22,30,0,0,17.8,0.18,2.6,81.49,21.1,982,,,,,,,,,,,,,,,,,,,,,,,,,,,,,,,,,
7/11/2020,2020,7,11,23,30,0,0,16.9,0.18,2.3,81.91,20.1,982,,,,,,,,,,,,,,,,,,,,,,,,,,,,,,,,,
7/12/2020,2020,7,12,0,30,0,0,16.2,0.18,2.3,81.71,19.4,982,,,,,,,,,,,,,,,,,,,,,,,,,,,,,,,,,
7/12/2020,2020,7,12,1,30,0,0,15.9,0.18,2.4,82.35,19,982,,,,,,,,,,,,,,,,,,,,,,,,,,,,,,,,,
7/12/2020,2020,7,12,2,30,0,0,16.1,0.18,2.5,85.35,18.6,983,,,,,,,,,,,,,,,,,,,,,,,,,,,,,,,,,
7/12/2020,2020,7,12,3,30,0,0,16.5,0.18,2.5,88.98,18.3,983,,,,,,,,,,,,,,,,,,,,,,,,,,,,,,,,,
7/12/2020,2020,7,12,4,30,0,0,16.8,0.18,2.7,90.26,18.4,983,,,,,,,,,,,,,,,,,,,,,,,,,,,,,,,,,
7/12/2020,2020,7,12,5,30,31,297,17.2,0.18,3,85.89,19.6,984,,,,,,,,,,,,,,,,,,,,,,,,,,,,,,,,,
7/12/2020,2020,7,12,6,30,60,586,18.1,0.18,3,80.16,21.7,984,,,,,,,,,,,,,,,,,,,,,,,,,,,,,,,,,
7/12/2020,2020,7,12,7,30,75,734,18.8,0.18,2.9,72.81,24,984,,,,,,,,,,,,,,,,,,,,,,,,,,,,,,,,,
7/12/2020,2020,7,12,8,30,84,824,18.6,0.18,2.8,63.99,25.9,984,,,,,,,,,,,,,,,,,,,,,,,,,,,,,,,,,
7/12/2020,2020,7,12,9,30,88,877,18.1,0.18,2.8,57.62,27.2,984,,,,,,,,,,,,,,,,,,,,,,,,,,,,,,,,,
7/12/2020,2020,7,12,10,30,94,904,18.1,0.18,2.8,54.25,28.2,983,,,,,,,,,,,,,,,,,,,,,,,,,,,,,,,,,
7/12/2020,2020,7,12,11,30,100,914,18.2,0.18,2.8,52.8,28.8,983,,,,,,,,,,,,,,,,,,,,,,,,,,,,,,,,,
7/12/2020,2020,7,12,12,30,105,912,18.3,0.18,2.9,51.43,29.3,983,,,,,,,,,,,,,,,,,,,,,,,,,,,,,,,,,
7/12/2020,2020,7,12,13,30,105,902,18.2,0.18,2.8,50.79,29.5,982,,,,,,,,,,,,,,,,,,,,,,,,,,,,,,,,,
7/12/2020,2020,7,12,14,30,113,857,18.2,0.18,2.8,50.61,29.5,982,,,,,,,,,,,,,,,,,,,,,,,,,,,,,,,,,
7/12/2020,2020,7,12,15,30,161,656,18,0.18,2.5,51.29,29.1,982,,,,,,,,,,,,,,,,,,,,,,,,,,,,,,,,,
7/12/2020,2020,7,12,16,30,142,561,17.8,0.18,1.7,52.01,28.6,982,,,,,,,,,,,,,,,,,,,,,,,,,,,,,,,,,
7/12/2020,2020,7,12,17,30,82,639,17.7,0.18,1.3,52.77,28.3,983,,,,,,,,,,,,,,,,,,,,,,,,,,,,,,,,,
7/12/2020,2020,7,12,18,30,53,508,17.9,0.18,1.1,61.54,25.8,983,,,,,,,,,,,,,,,,,,,,,,,,,,,,,,,,,
7/12/2020,2020,7,12,19,30,16,125,18.7,0.18,1.2,74.64,23.5,982,,,,,,,,,,,,,,,,,,,,,,,,,,,,,,,,,
7/12/2020,2020,7,12,20,30,0,0,17.6,0.18,1.2,75,22.2,983,,,,,,,,,,,,,,,,,,,,,,,,,,,,,,,,,
7/12/2020,2020,7,12,21,30,0,0,17.3,0.18,1.1,76.95,21.5,983,,,,,,,,,,,,,,,,,,,,,,,,,,,,,,,,,
7/12/2020,2020,7,12,22,30,0,0,17.1,0.18,1,78.27,21,983,,,,,,,,,,,,,,,,,,,,,,,,,,,,,,,,,
7/12/2020,2020,7,12,23,30,0,0,16.9,0.18,1,80.02,20.5,983,,,,,,,,,,,,,,,,,,,,,,,,,,,,,,,,,
7/13/2020,2020,7,13,0,30,0,0,17,0.18,1,83.66,19.8,984,,,,,,,,,,,,,,,,,,,,,,,,,,,,,,,,,
7/13/2020,2020,7,13,1,30,0,0,17,0.18,1.1,86.8,19.3,984,,,,,,,,,,,,,,,,,,,,,,,,,,,,,,,,,
7/13/2020,2020,7,13,2,30,0,0,17.2,0.18,1.2,89.04,19,984,,,,,,,,,,,,,,,,,,,,,,,,,,,,,,,,,
7/13/2020,2020,7,13,3,30,0,0,17.2,0.18,1.2,91.23,18.7,984,,,,,,,,,,,,,,,,,,,,,,,,,,,,,,,,,
7/13/2020,2020,7,13,4,30,0,0,17.3,0.18,1.4,89.66,19,984,,,,,,,,,,,,,,,,,,,,,,,,,,,,,,,,,
7/13/2020,2020,7,13,5,30,31,310,17.7,0.18,2.1,83.51,20.6,984,,,,,,,,,,,,,,,,,,,,,,,,,,,,,,,,,
7/13/2020,2020,7,13,6,30,59,593,17.9,0.18,2.6,73.4,22.9,984,,,,,,,,,,,,,,,,,,,,,,,,,,,,,,,,,
7/13/2020,2020,7,13,7,30,79,723,18.5,0.18,3,65.11,25.5,984,,,,,,,,,,,,,,,,,,,,,,,,,,,,,,,,,
7/13/2020,2020,7,13,8,30,96,790,18.4,0.18,3.4,57.79,27.5,984,,,,,,,,,,,,,,,,,,,,,,,,,,,,,,,,,
7/13/2020,2020,7,13,9,30,112,825,18.8,0.18,3.6,55.52,28.6,983,,,,,,,,,,,,,,,,,,,,,,,,,,,,,,,,,
7/13/2020,2020,7,13,10,30,162,766,19.2,0.18,3.9,54.51,29.3,983,,,,,,,,,,,,,,,,,,,,,,,,,,,,,,,,,
7/13/2020,2020,7,13,11,30,139,837,19.5,0.18,4.4,53.61,29.9,982,,,,,,,,,,,,,,,,,,,,,,,,,,,,,,,,,
7/13/2020,2020,7,13,12,30,127,864,19.8,0.18,4.8,53.12,30.4,982,,,,,,,,,,,,,,,,,,,,,,,,,,,,,,,,,
7/13/2020,2020,7,13,13,30,123,860,20,0.18,5,53.31,30.6,981,,,,,,,,,,,,,,,,,,,,,,,,,,,,,,,,,
7/13/2020,2020,7,13,14,30,114,845,20.3,0.18,5.1,54.38,30.5,981,,,,,,,,,,,,,,,,,,,,,,,,,,,,,,,,,
7/13/2020,2020,7,13,15,30,104,813,20.4,0.18,5.1,55.67,30.2,980,,,,,,,,,,,,,,,,,,,,,,,,,,,,,,,,,
7/13/2020,2020,7,13,16,30,95,748,20.4,0.18,4.9,58,29.5,980,,,,,,,,,,,,,,,,,,,,,,,,,,,,,,,,,
7/13/2020,2020,7,13,17,30,81,641,20.5,0.18,4.8,59.86,29.1,980,,,,,,,,,,,,,,,,,,,,,,,,,,,,,,,,,
7/13/2020,2020,7,13,18,30,57,454,20.9,0.18,3.7,69.64,26.9,980,,,,,,,,,,,,,,,,,,,,,,,,,,,,,,,,,
7/13/2020,2020,7,13,19,30,16,102,21.2,0.18,3,77.89,25.3,981,,,,,,,,,,,,,,,,,,,,,,,,,,,,,,,,,
7/13/2020,2020,7,13,20,30,0,0,21.3,0.18,2.5,84.43,24.1,982,,,,,,,,,,,,,,,,,,,,,,,,,,,,,,,,,
7/13/2020,2020,7,13,21,30,0,0,21.3,0.18,2.6,88.55,23.3,982,,,,,,,,,,,,,,,,,,,,,,,,,,,,,,,,,
7/13/2020,2020,7,13,22,30,0,0,21.1,0.18,3.1,90.45,22.7,982,,,,,,,,,,,,,,,,,,,,,,,,,,,,,,,,,
7/13/2020,2020,7,13,23,30,0,0,20.6,0.18,3.4,90.55,22.2,982,,,,,,,,,,,,,,,,,,,,,,,,,,,,,,,,,
7/14/2020,2020,7,14,0,30,0,0,20.1,0.18,3.4,90.99,21.6,981,,,,,,,,,,,,,,,,,,,,,,,,,,,,,,,,,
7/14/2020,2020,7,14,1,30,0,0,19.7,0.18,3.3,91.48,21.1,981,,,,,,,,,,,,,,,,,,,,,,,,,,,,,,,,,
7/14/2020,2020,7,14,2,30,0,0,19.4,0.18,3.1,92.29,20.7,981,,,,,,,,,,,,,,,,,,,,,,,,,,,,,,,,,
7/14/2020,2020,7,14,3,30,0,0,19.3,0.18,2.9,94.08,20.3,981,,,,,,,,,,,,,,,,,,,,,,,,,,,,,,,,,
7/14/2020,2020,7,14,4,30,0,0,19.3,0.18,2.9,94.17,20.3,982,,,,,,,,,,,,,,,,,,,,,,,,,,,,,,,,,
7/14/2020,2020,7,14,5,30,23,0,19.4,0.18,3.2,89.71,21.2,982,,,,,,,,,,,,,,,,,,,,,,,,,,,,,,,,,
7/14/2020,2020,7,14,6,30,101,176,19.8,0.18,3.7,82.25,23,982,,,,,,,,,,,,,,,,,,,,,,,,,,,,,,,,,
7/14/2020,2020,7,14,7,30,176,86,20.5,0.18,4.4,73.93,25.5,981,,,,,,,,,,,,,,,,,,,,,,,,,,,,,,,,,
7/14/2020,2020,7,14,8,30,273,114,21.3,0.18,4.8,67.67,27.8,980,,,,,,,,,,,,,,,,,,,,,,,,,,,,,,,,,
7/14/2020,2020,7,14,9,30,185,15,21.8,0.18,4.8,63.15,29.6,980,,,,,,,,,,,,,,,,,,,,,,,,,,,,,,,,,
7/14/2020,2020,7,14,10,30,346,64,22.3,0.18,4.8,61.35,30.6,980,,,,,,,,,,,,,,,,,,,,,,,,,,,,,,,,,
7/14/2020,2020,7,14,11,30,371,113,22.8,0.18,4.4,62.51,30.8,980,,,,,,,,,,,,,,,,,,,,,,,,,,,,,,,,,
7/14/2020,2020,7,14,12,30,322,421,23.4,0.18,3.9,66.1,30.4,980,,,,,,,,,,,,,,,,,,,,,,,,,,,,,,,,,
7/14/2020,2020,7,14,13,30,248,554,24,0.18,3.5,70.68,29.9,980,,,,,,,,,,,,,,,,,,,,,,,,,,,,,,,,,
7/14/2020,2020,7,14,14,30,302,85,24.7,0.18,3,75.33,29.5,980,,,,,,,,,,,,,,,,,,,,,,,,,,,,,,,,,
7/14/2020,2020,7,14,15,30,216,36,25.3,0.18,2.5,79.87,29.1,980,,,,,,,,,,,,,,,,,,,,,,,,,,,,,,,,,
7/14/2020,2020,7,14,16,30,181,424,25.8,0.18,1.9,84.3,28.7,980,,,,,,,,,,,,,,,,,,,,,,,,,,,,,,,,,
7/14/2020,2020,7,14,17,30,135,346,26.2,0.18,1.6,87.56,28.5,980,,,,,,,,,,,,,,,,,,,,,,,,,,,,,,,,,
7/14/2020,2020,7,14,18,30,47,21,26.4,0.17,0.8,97.18,26.9,981,,,,,,,,,,,,,,,,,,,,,,,,,,,,,,,,,
7/14/2020,2020,7,14,19,30,6,0,25.8,0.17,0.7,98.85,26,982,,,,,,,,,,,,,,,,,,,,,,,,,,,,,,,,,
7/14/2020,2020,7,14,20,30,0,0,25,0.17,1.4,99.91,25,982,,,,,,,,,,,,,,,,,,,,,,,,,,,,,,,,,
7/14/2020,2020,7,14,21,30,0,0,23.4,0.17,2.5,100,23.4,983,,,,,,,,,,,,,,,,,,,,,,,,,,,,,,,,,
7/14/2020,2020,7,14,22,30,0,0,21.7,0.17,3,100,21.7,983,,,,,,,,,,,,,,,,,,,,,,,,,,,,,,,,,
7/14/2020,2020,7,14,23,30,0,0,20.4,0.17,3.2,100,20.4,984,,,,,,,,,,,,,,,,,,,,,,,,,,,,,,,,,
7/15/2020,2020,7,15,0,30,0,0,19.5,0.17,3.1,100,19.5,984,,,,,,,,,,,,,,,,,,,,,,,,,,,,,,,,,
7/15/2020,2020,7,15,1,30,0,0,18.6,0.17,3.2,99.51,18.7,984,,,,,,,,,,,,,,,,,,,,,,,,,,,,,,,,,
7/15/2020,2020,7,15,2,30,0,0,17.9,0.17,3.5,97.87,18.2,983,,,,,,,,,,,,,,,,,,,,,,,,,,,,,,,,,
7/15/2020,2020,7,15,3,30,0,0,17.3,0.17,3.1,96.54,17.9,982,,,,,,,,,,,,,,,,,,,,,,,,,,,,,,,,,
7/15/2020,2020,7,15,4,30,0,0,17.3,0.17,2.7,96.05,17.9,983,,,,,,,,,,,,,,,,,,,,,,,,,,,,,,,,,
7/15/2020,2020,7,15,5,30,7,0,17.3,0.17,3.4,95.26,18.1,983,,,,,,,,,,,,,,,,,,,,,,,,,,,,,,,,,
7/15/2020,2020,7,15,6,30,12,0,17.4,0.17,4.1,94.32,18.3,983,,,,,,,,,,,,,,,,,,,,,,,,,,,,,,,,,
7/15/2020,2020,7,15,7,30,22,0,17.4,0.17,4.6,92.09,18.7,983,,,,,,,,,,,,,,,,,,,,,,,,,,,,,,,,,
7/15/2020,2020,7,15,8,30,134,1,17.3,0.17,5.1,88.76,19.2,983,,,,,,,,,,,,,,,,,,,,,,,,,,,,,,,,,
7/15/2020,2020,7,15,9,30,138,1,17.3,0.17,5.4,83.92,20.1,983,,,,,,,,,,,,,,,,,,,,,,,,,,,,,,,,,
7/15/2020,2020,7,15,10,30,166,5,17.5,0.17,5.5,79.65,21.2,983,,,,,,,,,,,,,,,,,,,,,,,,,,,,,,,,,
7/15/2020,2020,7,15,11,30,225,12,17.7,0.17,5.2,77.19,21.9,983,,,,,,,,,,,,,,,,,,,,,,,,,,,,,,,,,
7/15/2020,2020,7,15,12,30,450,123,17.7,0.17,4.7,73.79,22.6,982,,,,,,,,,,,,,,,,,,,,,,,,,,,,,,,,,
7/15/2020,2020,7,15,13,30,298,20,17.9,0.17,4.3,70.57,23.6,982,,,,,,,,,,,,,,,,,,,,,,,,,,,,,,,,,
7/15/2020,2020,7,15,14,30,269,18,18.4,0.17,4.3,69.86,24.2,983,,,,,,,,,,,,,,,,,,,,,,,,,,,,,,,,,
7/15/2020,2020,7,15,15,30,202,37,18.1,0.17,4.3,68.44,24.3,983,,,,,,,,,,,,,,,,,,,,,,,,,,,,,,,,,
7/15/2020,2020,7,15,16,30,126,673,17.6,0.17,3.5,67.88,23.9,984,,,,,,,,,,,,,,,,,,,,,,,,,,,,,,,,,
7/15/2020,2020,7,15,17,30,100,571,17.3,0.17,3,67.88,23.6,984,,,,,,,,,,,,,,,,,,,,,,,,,,,,,,,,,
7/15/2020,2020,7,15,18,30,62,428,17.4,0.17,2,78.05,21.4,984,,,,,,,,,,,,,,,,,,,,,,,,,,,,,,,,,
7/15/2020,2020,7,15,19,30,15,94,17.2,0.17,1.6,84.92,19.8,984,,,,,,,,,,,,,,,,,,,,,,,,,,,,,,,,,
7/15/2020,2020,7,15,20,30,0,0,16.8,0.17,1.3,88.22,18.8,984,,,,,,,,,,,,,,,,,,,,,,,,,,,,,,,,,
7/15/2020,2020,7,15,21,30,0,0,16.6,0.17,1.1,91.7,18,985,,,,,,,,,,,,,,,,,,,,,,,,,,,,,,,,,
7/15/2020,2020,7,15,22,30,0,0,16.4,0.17,1,93.38,17.5,985,,,,,,,,,,,,,,,,,,,,,,,,,,,,,,,,,
7/15/2020,2020,7,15,23,30,0,0,16.2,0.17,0.8,93.62,17.2,986,,,,,,,,,,,,,,,,,,,,,,,,,,,,,,,,,
7/16/2020,2020,7,16,0,30,0,0,15.9,0.17,0.8,93.88,16.9,986,,,,,,,,,,,,,,,,,,,,,,,,,,,,,,,,,
7/16/2020,2020,7,16,1,30,0,0,15.7,0.17,0.8,94.8,16.5,986,,,,,,,,,,,,,,,,,,,,,,,,,,,,,,,,,
7/16/2020,2020,7,16,2,30,0,0,15.4,0.17,0.8,97.03,15.9,986,,,,,,,,,,,,,,,,,,,,,,,,,,,,,,,,,
7/16/2020,2020,7,16,3,30,0,0,15,0.17,0.9,100,15,987,,,,,,,,,,,,,,,,,,,,,,,,,,,,,,,,,
7/16/2020,2020,7,16,4,30,0,0,15.2,0.17,0.9,99.86,15.2,987,,,,,,,,,,,,,,,,,,,,,,,,,,,,,,,,,
7/16/2020,2020,7,16,5,30,31,300,15.4,0.17,1.2,90.31,17,987,,,,,,,,,,,,,,,,,,,,,,,,,,,,,,,,,
7/16/2020,2020,7,16,6,30,80,406,15.9,0.17,1.4,80.41,19.4,987,,,,,,,,,,,,,,,,,,,,,,,,,,,,,,,,,
7/16/2020,2020,7,16,7,30,93,677,16.7,0.17,1.2,72.21,21.9,988,,,,,,,,,,,,,,,,,,,,,,,,,,,,,,,,,
7/16/2020,2020,7,16,8,30,174,572,17,0.17,0.9,65.21,23.9,988,,,,,,,,,,,,,,,,,,,,,,,,,,,,,,,,,
7/16/2020,2020,7,16,9,30,270,477,17.6,0.17,0.7,62.58,25.3,988,,,,,,,,,,,,,,,,,,,,,,,,,,,,,,,,,
7/16/2020,2020,7,16,10,30,237,667,18.3,0.17,0.8,60.63,26.5,987,,,,,,,,,,,,,,,,,,,,,,,,,,,,,,,,,
7/16/2020,2020,7,16,11,30,143,863,18.6,0.17,1,58.06,27.6,987,,,,,,,,,,,,,,,,,,,,,,,,,,,,,,,,,
7/16/2020,2020,7,16,12,30,223,745,18.6,0.17,1.2,55.48,28.4,987,,,,,,,,,,,,,,,,,,,,,,,,,,,,,,,,,
7/16/2020,2020,7,16,13,30,168,813,18.5,0.17,1.3,53.54,28.9,986,,,,,,,,,,,,,,,,,,,,,,,,,,,,,,,,,
7/16/2020,2020,7,16,14,30,102,892,18.4,0.17,1.6,52.59,29.1,986,,,,,,,,,,,,,,,,,,,,,,,,,,,,,,,,,
7/16/2020,2020,7,16,15,30,126,785,18.4,0.17,1.8,53.01,28.9,986,,,,,,,,,,,,,,,,,,,,,,,,,,,,,,,,,
7/16/2020,2020,7,16,16,30,91,780,18.4,0.17,2,54.93,28.3,986,,,,,,,,,,,,,,,,,,,,,,,,,,,,,,,,,
7/16/2020,2020,7,16,17,30,87,613,19,0.17,1.9,58.53,27.9,986,,,,,,,,,,,,,,,,,,,,,,,,,,,,,,,,,
7/16/2020,2020,7,16,18,30,56,458,20.1,0.17,1.4,75.64,24.7,986,,,,,,,,,,,,,,,,,,,,,,,,,,,,,,,,,
7/16/2020,2020,7,16,19,30,15,113,19.4,0.17,1.3,82.3,22.6,987,,,,,,,,,,,,,,,,,,,,,,,,,,,,,,,,,
7/16/2020,2020,7,16,20,30,0,0,18.9,0.17,1.4,83.78,21.8,987,,,,,,,,,,,,,,,,,,,,,,,,,,,,,,,,,
7/16/2020,2020,7,16,21,30,0,0,19.1,0.17,1.4,86.71,21.4,987,,,,,,,,,,,,,,,,,,,,,,,,,,,,,,,,,
7/16/2020,2020,7,16,22,30,0,0,19.5,0.17,1.5,90.94,21,987,,,,,,,,,,,,,,,,,,,,,,,,,,,,,,,,,
7/16/2020,2020,7,16,23,30,0,0,19.9,0.17,1.4,95.82,20.6,987,,,,,,,,,,,,,,,,,,,,,,,,,,,,,,,,,
7/17/2020,2020,7,17,0,30,0,0,20.2,0.17,1.4,100,20.2,987,,,,,,,,,,,,,,,,,,,,,,,,,,,,,,,,,
7/17/2020,2020,7,17,1,30,0,0,19.8,0.17,1.3,100,19.8,987,,,,,,,,,,,,,,,,,,,,,,,,,,,,,,,,,
7/17/2020,2020,7,17,2,30,0,0,19.5,0.17,1.2,100,19.5,987,,,,,,,,,,,,,,,,,,,,,,,,,,,,,,,,,
7/17/2020,2020,7,17,3,30,0,0,19.3,0.17,1.2,100,19.3,987,,,,,,,,,,,,,,,,,,,,,,,,,,,,,,,,,
7/17/2020,2020,7,17,4,30,0,0,19.8,0.17,1.5,100,19.8,987,,,,,,,,,,,,,,,,,,,,,,,,,,,,,,,,,
7/17/2020,2020,7,17,5,30,33,183,20.4,0.17,2,94.84,21.3,987,,,,,,,,,,,,,,,,,,,,,,,,,,,,,,,,,
7/17/2020,2020,7,17,6,30,79,422,20.9,0.17,2.2,88.06,23,987,,,,,,,,,,,,,,,,,,,,,,,,,,,,,,,,,
7/17/2020,2020,7,17,7,30,104,622,21.7,0.17,2.4,81.32,25.1,987,,,,,,,,,,,,,,,,,,,,,,,,,,,,,,,,,
7/17/2020,2020,7,17,8,30,124,712,21.9,0.17,2.7,74.48,26.8,987,,,,,,,,,,,,,,,,,,,,,,,,,,,,,,,,,
7/17/2020,2020,7,17,9,30,184,664,22.3,0.17,2.9,72.84,27.6,987,,,,,,,,,,,,,,,,,,,,,,,,,,,,,,,,,
7/17/2020,2020,7,17,10,30,295,511,22.7,0.17,3.3,70.78,28.5,986,,,,,,,,,,,,,,,,,,,,,,,,,,,,,,,,,
7/17/2020,2020,7,17,11,30,219,698,23.2,0.17,3.6,70.2,29.2,986,,,,,,,,,,,,,,,,,,,,,,,,,,,,,,,,,
7/17/2020,2020,7,17,12,30,164,795,23.6,0.17,3.9,69.74,29.7,985,,,,,,,,,,,,,,,,,,,,,,,,,,,,,,,,,
7/17/2020,2020,7,17,13,30,140,820,24,0.17,4.1,68.49,30.4,984,,,,,,,,,,,,,,,,,,,,,,,,,,,,,,,,,
7/17/2020,2020,7,17,14,30,222,622,24.5,0.17,4.3,68.62,30.9,984,,,,,,,,,,,,,,,,,,,,,,,,,,,,,,,,,
7/17/2020,2020,7,17,15,30,114,781,24.8,0.17,4.3,70.58,30.8,983,,,,,,,,,,,,,,,,,,,,,,,,,,,,,,,,,
7/17/2020,2020,7,17,16,30,152,511,25.3,0.17,4.3,73.33,30.6,983,,,,,,,,,,,,,,,,,,,,,,,,,,,,,,,,,
7/17/2020,2020,7,17,17,30,86,606,25.8,0.17,4.3,76.65,30.4,983,,,,,,,,,,,,,,,,,,,,,,,,,,,,,,,,,
7/17/2020,2020,7,17,18,30,73,155,26.1,0.17,3.7,84.88,28.9,983,,,,,,,,,,,,,,,,,,,,,,,,,,,,,,,,,
7/17/2020,2020,7,17,19,30,15,67,26,0.17,3.1,91.17,27.6,983,,,,,,,,,,,,,,,,,,,,,,,,,,,,,,,,,
7/17/2020,2020,7,17,20,30,0,0,25.9,0.17,2.7,95.45,26.7,983,,,,,,,,,,,,,,,,,,,,,,,,,,,,,,,,,
7/17/2020,2020,7,17,21,30,0,0,25.7,0.17,2.8,98.26,26,983,,,,,,,,,,,,,,,,,,,,,,,,,,,,,,,,,
7/17/2020,2020,7,17,22,30,0,0,25.3,0.17,2.9,99.65,25.4,983,,,,,,,,,,,,,,,,,,,,,,,,,,,,,,,,,
7/17/2020,2020,7,17,23,30,0,0,24.9,0.17,2.9,99.79,24.9,982,,,,,,,,,,,,,,,,,,,,,,,,,,,,,,,,,
7/18/2020,2020,7,18,0,30,0,0,24.3,0.17,2.9,100,24.3,982,,,,,,,,,,,,,,,,,,,,,,,,,,,,,,,,,
7/18/2020,2020,7,18,1,30,0,0,23.9,0.17,3,100,23.9,981,,,,,,,,,,,,,,,,,,,,,,,,,,,,,,,,,
7/18/2020,2020,7,18,2,30,0,0,23.5,0.17,3.1,100,23.5,981,,,,,,,,,,,,,,,,,,,,,,,,,,,,,,,,,
7/18/2020,2020,7,18,3,30,0,0,23.3,0.17,3.1,99.68,23.4,981,,,,,,,,,,,,,,,,,,,,,,,,,,,,,,,,,
7/18/2020,2020,7,18,4,30,0,0,23.2,0.17,3.4,97.44,23.6,981,,,,,,,,,,,,,,,,,,,,,,,,,,,,,,,,,
7/18/2020,2020,7,18,5,30,26,18,23.1,0.17,3.8,93.23,24.3,980,,,,,,,,,,,,,,,,,,,,,,,,,,,,,,,,,
7/18/2020,2020,7,18,6,30,71,43,23.4,0.17,4.5,87.16,25.7,980,,,,,,,,,,,,,,,,,,,,,,,,,,,,,,,,,
7/18/2020,2020,7,18,7,30,12,0,23.8,0.17,5.2,80.91,27.4,980,,,,,,,,,,,,,,,,,,,,,,,,,,,,,,,,,
7/18/2020,2020,7,18,8,30,215,164,24.2,0.17,5.7,75.46,29,979,,,,,,,,,,,,,,,,,,,,,,,,,,,,,,,,,
7/18/2020,2020,7,18,9,30,165,700,24.6,0.17,6,71.01,30.4,979,,,,,,,,,,,,,,,,,,,,,,,,,,,,,,,,,
7/18/2020,2020,7,18,10,30,144,797,24.7,0.17,6.3,67.81,31.4,978,,,,,,,,,,,,,,,,,,,,,,,,,,,,,,,,,
7/18/2020,2020,7,18,11,30,143,824,24.9,0.17,6.4,66.01,32,978,,,,,,,,,,,,,,,,,,,,,,,,,,,,,,,,,
7/18/2020,2020,7,18,12,30,183,764,24.9,0.17,6.5,65.01,32.3,978,,,,,,,,,,,,,,,,,,,,,,,,,,,,,,,,,
7/18/2020,2020,7,18,13,30,391,392,24.8,0.17,6.3,64.78,32.3,977,,,,,,,,,,,,,,,,,,,,,,,,,,,,,,,,,
7/18/2020,2020,7,18,14,30,316,460,24.8,0.17,6.1,65.83,32,977,,,,,,,,,,,,,,,,,,,,,,,,,,,,,,,,,
7/18/2020,2020,7,18,15,30,300,316,24.9,0.17,5.7,68.11,31.5,977,,,,,,,,,,,,,,,,,,,,,,,,,,,,,,,,,
7/18/2020,2020,7,18,16,30,163,533,25.1,0.17,5.1,71.66,30.8,977,,,,,,,,,,,,,,,,,,,,,,,,,,,,,,,,,
7/18/2020,2020,7,18,17,30,129,145,25.3,0.17,4.8,73.69,30.5,977,,,,,,,,,,,,,,,,,,,,,,,,,,,,,,,,,
7/18/2020,2020,7,18,18,30,69,331,25.3,0.17,4.1,79.5,29.2,977,,,,,,,,,,,,,,,,,,,,,,,,,,,,,,,,,
7/18/2020,2020,7,18,19,30,14,40,25.1,0.17,3.8,82.62,28.3,978,,,,,,,,,,,,,,,,,,,,,,,,,,,,,,,,,
7/18/2020,2020,7,18,20,30,0,0,24.8,0.17,3.6,85.46,27.5,978,,,,,,,,,,,,,,,,,,,,,,,,,,,,,,,,,
7/18/2020,2020,7,18,21,30,0,0,24.7,0.17,3.6,87.62,26.9,978,,,,,,,,,,,,,,,,,,,,,,,,,,,,,,,,,
7/18/2020,2020,7,18,22,30,0,0,24.5,0.17,3.5,89.33,26.4,978,,,,,,,,,,,,,,,,,,,,,,,,,,,,,,,,,
7/18/2020,2020,7,18,23,30,0,0,24.4,0.17,3.3,91.24,25.9,978,,,,,,,,,,,,,,,,,,,,,,,,,,,,,,,,,
7/19/2020,2020,7,19,0,30,0,0,24.3,0.17,3.1,93.05,25.5,979,,,,,,,,,,,,,,,,,,,,,,,,,,,,,,,,,
7/19/2020,2020,7,19,1,30,0,0,24,0.17,3.2,93.3,25.2,979,,,,,,,,,,,,,,,,,,,,,,,,,,,,,,,,,
7/19/2020,2020,7,19,2,30,0,0,23,0.17,3.4,91.08,24.6,980,,,,,,,,,,,,,,,,,,,,,,,,,,,,,,,,,
7/19/2020,2020,7,19,3,30,0,0,21.5,0.17,3.1,87.12,23.8,981,,,,,,,,,,,,,,,,,,,,,,,,,,,,,,,,,
7/19/2020,2020,7,19,4,30,0,0,20.4,0.17,2.8,84.61,23.1,982,,,,,,,,,,,,,,,,,,,,,,,,,,,,,,,,,
7/19/2020,2020,7,19,5,30,22,5,19.5,0.17,2.9,80.75,23,982,,,,,,,,,,,,,,,,,,,,,,,,,,,,,,,,,
7/19/2020,2020,7,19,6,30,84,146,19.3,0.17,3.4,76.61,23.6,982,,,,,,,,,,,,,,,,,,,,,,,,,,,,,,,,,
7/19/2020,2020,7,19,7,30,153,109,18.5,0.17,3.8,67.35,25,983,,,,,,,,,,,,,,,,,,,,,,,,,,,,,,,,,
7/19/2020,2020,7,19,8,30,214,104,17.4,0.17,3.8,57.35,26.5,983,,,,,,,,,,,,,,,,,,,,,,,,,,,,,,,,,
7/19/2020,2020,7,19,9,30,95,868,16.6,0.17,3.7,50.41,27.9,983,,,,,,,,,,,,,,,,,,,,,,,,,,,,,,,,,
7/19/2020,2020,7,19,10,30,262,569,16.1,0.17,3.4,45.79,28.9,984,,,,,,,,,,,,,,,,,,,,,,,,,,,,,,,,,
7/19/2020,2020,7,19,11,30,429,221,15.6,0.17,3,42.68,29.6,984,,,,,,,,,,,,,,,,,,,,,,,,,,,,,,,,,
7/19/2020,2020,7,19,12,30,369,472,15.4,0.17,2.4,40.87,30.1,984,,,,,,,,,,,,,,,,,,,,,,,,,,,,,,,,,
7/19/2020,2020,7,19,13,30,440,131,15.3,0.17,1.8,40,30.4,984,,,,,,,,,,,,,,,,,,,,,,,,,,,,,,,,,
7/19/2020,2020,7,19,14,30,360,172,15.2,0.17,1.5,39.59,30.5,984,,,,,,,,,,,,,,,,,,,,,,,,,,,,,,,,,
7/19/2020,2020,7,19,15,30,159,692,15.1,0.17,1.4,39.42,30.4,984,,,,,,,,,,,,,,,,,,,,,,,,,,,,,,,,,
7/19/2020,2020,7,19,16,30,135,624,15.1,0.17,1.6,40.53,30,984,,,,,,,,,,,,,,,,,,,,,,,,,,,,,,,,,
7/19/2020,2020,7,19,17,30,87,617,14.5,0.17,1.7,39.4,29.8,984,,,,,,,,,,,,,,,,,,,,,,,,,,,,,,,,,
7/19/2020,2020,7,19,18,30,57,439,16.8,0.16,1.2,55.64,26.4,984,,,,,,,,,,,,,,,,,,,,,,,,,,,,,,,,,
7/19/2020,2020,7,19,19,30,13,74,17.3,0.16,1.1,64.85,24.3,984,,,,,,,,,,,,,,,,,,,,,,,,,,,,,,,,,
7/19/2020,2020,7,19,20,30,0,0,16.3,0.16,1.1,64.56,23.4,984,,,,,,,,,,,,,,,,,,,,,,,,,,,,,,,,,
7/19/2020,2020,7,19,21,30,0,0,16.3,0.16,1.2,66.17,22.9,984,,,,,,,,,,,,,,,,,,,,,,,,,,,,,,,,,
7/19/2020,2020,7,19,22,30,0,0,16.1,0.16,1.3,67.53,22.4,984,,,,,,,,,,,,,,,,,,,,,,,,,,,,,,,,,
7/19/2020,2020,7,19,23,30,0,0,16,0.16,1.4,69.19,21.9,985,,,,,,,,,,,,,,,,,,,,,,,,,,,,,,,,,
7/20/2020,2020,7,20,0,30,0,0,15.8,0.16,1.7,69.77,21.6,985,,,,,,,,,,,,,,,,,,,,,,,,,,,,,,,,,
7/20/2020,2020,7,20,1,30,0,0,15.7,0.16,1.6,70.8,21.2,985,,,,,,,,,,,,,,,,,,,,,,,,,,,,,,,,,
7/20/2020,2020,7,20,2,30,0,0,16,0.16,1.1,73.95,20.8,985,,,,,,,,,,,,,,,,,,,,,,,,,,,,,,,,,
7/20/2020,2020,7,20,3,30,0,0,16.5,0.16,0.8,77.02,20.7,985,,,,,,,,,,,,,,,,,,,,,,,,,,,,,,,,,
7/20/2020,2020,7,20,4,30,0,0,16.7,0.16,0.9,78.11,20.6,984,,,,,,,,,,,,,,,,,,,,,,,,,,,,,,,,,
7/20/2020,2020,7,20,5,30,23,3,16.9,0.16,1.1,78.14,20.8,985,,,,,,,,,,,,,,,,,,,,,,,,,,,,,,,,,
7/20/2020,2020,7,20,6,30,29,0,17.3,0.16,1.5,80.05,20.9,986,,,,,,,,,,,,,,,,,,,,,,,,,,,,,,,,,
7/20/2020,2020,7,20,7,30,32,0,17.8,0.16,1.6,81.75,21,986,,,,,,,,,,,,,,,,,,,,,,,,,,,,,,,,,
7/20/2020,2020,7,20,8,30,40,0,18,0.16,1.5,79.58,21.7,985,,,,,,,,,,,,,,,,,,,,,,,,,,,,,,,,,
7/20/2020,2020,7,20,9,30,132,0,18.1,0.16,1.4,74.14,22.9,985,,,,,,,,,,,,,,,,,,,,,,,,,,,,,,,,,
7/20/2020,2020,7,20,10,30,164,5,18,0.16,1.1,68.15,24.2,986,,,,,,,,,,,,,,,,,,,,,,,,,,,,,,,,,
7/20/2020,2020,7,20,11,30,194,8,17.7,0.16,1.1,64.37,24.9,985,,,,,,,,,,,,,,,,,,,,,,,,,,,,,,,,,
7/20/2020,2020,7,20,12,30,247,13,17.7,0.16,1.4,62.28,25.4,985,,,,,,,,,,,,,,,,,,,,,,,,,,,,,,,,,
7/20/2020,2020,7,20,13,30,110,1,17.9,0.16,1.8,62.05,25.7,984,,,,,,,,,,,,,,,,,,,,,,,,,,,,,,,,,
7/20/2020,2020,7,20,14,30,332,219,18.1,0.16,2.2,63.48,25.5,984,,,,,,,,,,,,,,,,,,,,,,,,,,,,,,,,,
7/20/2020,2020,7,20,15,30,123,765,18.2,0.16,2.6,65.36,25.2,984,,,,,,,,,,,,,,,,,,,,,,,,,,,,,,,,,
7/20/2020,2020,7,20,16,30,109,702,18.5,0.16,2.8,68.24,24.7,984,,,,,,,,,,,,,,,,,,,,,,,,,,,,,,,,,
7/20/2020,2020,7,20,17,30,90,592,18.7,0.16,2.7,70.65,24.4,984,,,,,,,,,,,,,,,,,,,,,,,,,,,,,,,,,
7/20/2020,2020,7,20,18,30,59,404,19.1,0.17,1.9,80.02,22.7,984,,,,,,,,,,,,,,,,,,,,,,,,,,,,,,,,,
7/20/2020,2020,7,20,19,30,12,61,19.2,0.17,1.4,88.25,21.2,985,,,,,,,,,,,,,,,,,,,,,,,,,,,,,,,,,
7/20/2020,2020,7,20,20,30,0,0,19.1,0.17,1.5,92.07,20.4,985,,,,,,,,,,,,,,,,,,,,,,,,,,,,,,,,,
7/20/2020,2020,7,20,21,30,0,0,19,0.17,1.6,94.51,19.9,985,,,,,,,,,,,,,,,,,,,,,,,,,,,,,,,,,
7/20/2020,2020,7,20,22,30,0,0,18.8,0.17,1.7,95.85,19.5,985,,,,,,,,,,,,,,,,,,,,,,,,,,,,,,,,,
7/20/2020,2020,7,20,23,30,0,0,18.6,0.17,1.8,96.98,19.1,985,,,,,,,,,,,,,,,,,,,,,,,,,,,,,,,,,
7/21/2020,2020,7,21,0,30,0,0,18.4,0.17,1.8,97.47,18.8,984,,,,,,,,,,,,,,,,,,,,,,,,,,,,,,,,,
7/21/2020,2020,7,21,1,30,0,0,18.3,0.17,2,97.91,18.6,984,,,,,,,,,,,,,,,,,,,,,,,,,,,,,,,,,
7/21/2020,2020,7,21,2,30,0,0,18.2,0.17,2.1,98.91,18.4,983,,,,,,,,,,,,,,,,,,,,,,,,,,,,,,,,,
7/21/2020,2020,7,21,3,30,0,0,18.1,0.17,1.5,100,18.1,983,,,,,,,,,,,,,,,,,,,,,,,,,,,,,,,,,
7/21/2020,2020,7,21,4,30,0,0,18.3,0.17,1.2,99.84,18.3,984,,,,,,,,,,,,,,,,,,,,,,,,,,,,,,,,,
7/21/2020,2020,7,21,5,30,13,0,18.5,0.17,1.6,92.75,19.7,984,,,,,,,,,,,,,,,,,,,,,,,,,,,,,,,,,
7/21/2020,2020,7,21,6,30,53,0,19.1,0.17,1.8,84.98,21.7,984,,,,,,,,,,,,,,,,,,,,,,,,,,,,,,,,,
7/21/2020,2020,7,21,7,30,167,73,20,0.17,1.5,80.94,23.5,983,,,,,,,,,,,,,,,,,,,,,,,,,,,,,,,,,
7/21/2020,2020,7,21,8,30,207,29,21,0.17,1.5,78.3,25,983,,,,,,,,,,,,,,,,,,,,,,,,,,,,,,,,,
7/21/2020,2020,7,21,9,30,284,30,21.8,0.17,1.8,77.86,26,982,,,,,,,,,,,,,,,,,,,,,,,,,,,,,,,,,
7/21/2020,2020,7,21,10,30,237,13,22.3,0.17,2.1,76.77,26.7,983,,,,,,,,,,,,,,,,,,,,,,,,,,,,,,,,,
7/21/2020,2020,7,21,11,30,250,13,22.4,0.17,2.3,73.4,27.6,982,,,,,,,,,,,,,,,,,,,,,,,,,,,,,,,,,
7/21/2020,2020,7,21,12,30,330,36,22.3,0.17,2.5,69.41,28.4,982,,,,,,,,,,,,,,,,,,,,,,,,,,,,,,,,,
7/21/2020,2020,7,21,13,30,362,429,21.9,0.17,2.6,66.27,28.8,982,,,,,,,,,,,,,,,,,,,,,,,,,,,,,,,,,
7/21/2020,2020,7,21,14,30,161,744,21.4,0.17,2.8,64.38,28.8,981,,,,,,,,,,,,,,,,,,,,,,,,,,,,,,,,,
7/21/2020,2020,7,21,15,30,112,785,21,0.17,2.9,63.68,28.6,981,,,,,,,,,,,,,,,,,,,,,,,,,,,,,,,,,
7/21/2020,2020,7,21,16,30,97,729,20.9,0.17,2.8,65.34,28,981,,,,,,,,,,,,,,,,,,,,,,,,,,,,,,,,,
7/21/2020,2020,7,21,17,30,80,626,21,0.17,2.7,67.27,27.6,981,,,,,,,,,,,,,,,,,,,,,,,,,,,,,,,,,
7/21/2020,2020,7,21,18,30,53,445,21.5,0.17,1.8,79.62,25.3,981,,,,,,,,,,,,,,,,,,,,,,,,,,,,,,,,,
7/21/2020,2020,7,21,19,30,11,57,21.4,0.17,1.5,86.85,23.7,982,,,,,,,,,,,,,,,,,,,,,,,,,,,,,,,,,
7/21/2020,2020,7,21,20,30,0,0,21.1,0.17,1.6,90.06,22.8,982,,,,,,,,,,,,,,,,,,,,,,,,,,,,,,,,,
7/21/2020,2020,7,21,21,30,0,0,21,0.17,1.4,93.42,22.1,982,,,,,,,,,,,,,,,,,,,,,,,,,,,,,,,,,
7/21/2020,2020,7,21,22,30,0,0,20.8,0.17,1.2,96.38,21.4,982,,,,,,,,,,,,,,,,,,,,,,,,,,,,,,,,,
7/21/2020,2020,7,21,23,30,0,0,20.5,0.17,1.1,98.55,20.7,982,,,,,,,,,,,,,,,,,,,,,,,,,,,,,,,,,
7/22/2020,2020,7,22,0,30,0,0,20,0.17,1.2,100,20,983,,,,,,,,,,,,,,,,,,,,,,,,,,,,,,,,,
7/22/2020,2020,7,22,1,30,0,0,19.1,0.17,1.5,100,19.1,983,,,,,,,,,,,,,,,,,,,,,,,,,,,,,,,,,
7/22/2020,2020,7,22,2,30,0,0,18.3,0.17,1.7,100,18.3,983,,,,,,,,,,,,,,,,,,,,,,,,,,,,,,,,,
7/22/2020,2020,7,22,3,30,0,0,17.5,0.17,1.5,100,17.5,983,,,,,,,,,,,,,,,,,,,,,,,,,,,,,,,,,
7/22/2020,2020,7,22,4,30,0,0,17.1,0.17,1.7,99.37,17.2,984,,,,,,,,,,,,,,,,,,,,,,,,,,,,,,,,,
7/22/2020,2020,7,22,5,30,26,121,16.9,0.17,2.1,93.96,17.9,984,,,,,,,,,,,,,,,,,,,,,,,,,,,,,,,,,
7/22/2020,2020,7,22,6,30,72,439,17.4,0.17,2.2,87.15,19.6,985,,,,,,,,,,,,,,,,,,,,,,,,,,,,,,,,,
7/22/2020,2020,7,22,7,30,68,766,18.2,0.17,2.3,78.03,22.2,985,,,,,,,,,,,,,,,,,,,,,,,,,,,,,,,,,
7/22/2020,2020,7,22,8,30,79,845,17.3,0.17,2.6,64.49,24.4,986,,,,,,,,,,,,,,,,,,,,,,,,,,,,,,,,,
7/22/2020,2020,7,22,9,30,92,878,16.8,0.17,2.6,57.75,25.7,986,,,,,,,,,,,,,,,,,,,,,,,,,,,,,,,,,
7/22/2020,2020,7,22,10,30,94,914,16.7,0.17,2.5,54.2,26.7,986,,,,,,,,,,,,,,,,,,,,,,,,,,,,,,,,,
7/22/2020,2020,7,22,11,30,99,925,16.7,0.17,2.3,51.86,27.5,986,,,,,,,,,,,,,,,,,,,,,,,,,,,,,,,,,
7/22/2020,2020,7,22,12,30,166,799,16.8,0.17,2,49.98,28.2,985,,,,,,,,,,,,,,,,,,,,,,,,,,,,,,,,,
7/22/2020,2020,7,22,13,30,114,887,16.9,0.17,1.8,48.8,28.7,985,,,,,,,,,,,,,,,,,,,,,,,,,,,,,,,,,
7/22/2020,2020,7,22,14,30,99,889,16.9,0.17,1.6,48.25,28.9,985,,,,,,,,,,,,,,,,,,,,,,,,,,,,,,,,,
7/22/2020,2020,7,22,15,30,94,851,16.8,0.17,1.4,48.28,28.8,985,,,,,,,,,,,,,,,,,,,,,,,,,,,,,,,,,
7/22/2020,2020,7,22,16,30,84,791,16.7,0.17,1.2,49.1,28.4,984,,,,,,,,,,,,,,,,,,,,,,,,,,,,,,,,,
7/22/2020,2020,7,22,17,30,70,692,16.9,0.17,1.2,50.72,28.1,984,,,,,,,,,,,,,,,,,,,,,,,,,,,,,,,,,
7/22/2020,2020,7,22,18,30,52,444,18,0.17,1.2,65.82,24.8,985,,,,,,,,,,,,,,,,,,,,,,,,,,,,,,,,,
7/22/2020,2020,7,22,19,30,10,68,18.1,0.17,1.5,76.74,22.4,985,,,,,,,,,,,,,,,,,,,,,,,,,,,,,,,,,
7/22/2020,2020,7,22,20,30,0,0,17.6,0.17,2,80.39,21.1,986,,,,,,,,,,,,,,,,,,,,,,,,,,,,,,,,,
7/22/2020,2020,7,22,21,30,0,0,17.4,0.17,2,84.19,20.2,986,,,,,,,,,,,,,,,,,,,,,,,,,,,,,,,,,
7/22/2020,2020,7,22,22,30,0,0,17.2,0.17,1.9,87.22,19.4,987,,,,,,,,,,,,,,,,,,,,,,,,,,,,,,,,,
7/22/2020,2020,7,22,23,30,0,0,16.9,0.17,1.7,88.63,18.8,987,,,,,,,,,,,,,,,,,,,,,,,,,,,,,,,,,
7/23/2020,2020,7,23,0,30,0,0,16.5,0.17,1.6,89.94,18.2,988,,,,,,,,,,,,,,,,,,,,,,,,,,,,,,,,,
7/23/2020,2020,7,23,1,30,0,0,16.2,0.17,1.6,90.72,17.7,988,,,,,,,,,,,,,,,,,,,,,,,,,,,,,,,,,
7/23/2020,2020,7,23,2,30,0,0,15.9,0.17,1.7,90.7,17.4,988,,,,,,,,,,,,,,,,,,,,,,,,,,,,,,,,,
7/23/2020,2020,7,23,3,30,0,0,15.7,0.17,1.7,91.27,17.1,988,,,,,,,,,,,,,,,,,,,,,,,,,,,,,,,,,
7/23/2020,2020,7,23,4,30,0,0,15.5,0.17,2,90,17.2,988,,,,,,,,,,,,,,,,,,,,,,,,,,,,,,,,,
7/23/2020,2020,7,23,5,30,26,245,15.6,0.17,2.5,85.34,18.1,988,,,,,,,,,,,,,,,,,,,,,,,,,,,,,,,,,
7/23/2020,2020,7,23,6,30,56,568,16,0.17,2.9,75.84,20.4,988,,,,,,,,,,,,,,,,,,,,,,,,,,,,,,,,,
7/23/2020,2020,7,23,7,30,73,724,16.3,0.17,3.4,65.21,23.2,988,,,,,,,,,,,,,,,,,,,,,,,,,,,,,,,,,
7/23/2020,2020,7,23,8,30,88,804,16.6,0.17,3.3,58.39,25.4,988,,,,,,,,,,,,,,,,,,,,,,,,,,,,,,,,,
7/23/2020,2020,7,23,9,30,100,844,17.5,0.17,2.8,56.27,26.9,988,,,,,,,,,,,,,,,,,,,,,,,,,,,,,,,,,
7/23/2020,2020,7,23,10,30,208,692,18.1,0.17,2.7,56.12,27.6,989,,,,,,,,,,,,,,,,,,,,,,,,,,,,,,,,,
7/23/2020,2020,7,23,11,30,386,363,18.4,0.17,2.8,56.23,27.9,988,,,,,,,,,,,,,,,,,,,,,,,,,,,,,,,,,
7/23/2020,2020,7,23,12,30,442,290,18.8,0.17,3,56.58,28.2,988,,,,,,,,,,,,,,,,,,,,,,,,,,,,,,,,,
7/23/2020,2020,7,23,13,30,430,113,19.1,0.17,3.1,57.19,28.4,987,,,,,,,,,,,,,,,,,,,,,,,,,,,,,,,,,
7/23/2020,2020,7,23,14,30,308,409,19.5,0.17,3.1,57.89,28.6,987,,,,,,,,,,,,,,,,,,,,,,,,,,,,,,,,,
7/23/2020,2020,7,23,15,30,115,776,19.8,0.17,3,58.64,28.7,987,,,,,,,,,,,,,,,,,,,,,,,,,,,,,,,,,
7/23/2020,2020,7,23,16,30,109,694,19.9,0.17,2.7,60.84,28.2,987,,,,,,,,,,,,,,,,,,,,,,,,,,,,,,,,,
7/23/2020,2020,7,23,17,30,91,573,20.3,0.17,2.5,64.06,27.7,987,,,,,,,,,,,,,,,,,,,,,,,,,,,,,,,,,
7/23/2020,2020,7,23,18,30,61,363,20.7,0.16,2.4,74.32,25.6,987,,,,,,,,,,,,,,,,,,,,,,,,,,,,,,,,,
7/23/2020,2020,7,23,19,30,10,43,20.1,0.16,2.8,75.84,24.6,987,,,,,,,,,,,,,,,,,,,,,,,,,,,,,,,,,
7/23/2020,2020,7,23,20,30,0,0,19.5,0.16,3.2,75.74,24,987,,,,,,,,,,,,,,,,,,,,,,,,,,,,,,,,,
7/23/2020,2020,7,23,21,30,0,0,19.1,0.16,3.3,76.59,23.4,988,,,,,,,,,,,,,,,,,,,,,,,,,,,,,,,,,
7/23/2020,2020,7,23,22,30,0,0,18.9,0.16,3.1,78.44,22.8,988,,,,,,,,,,,,,,,,,,,,,,,,,,,,,,,,,
7/23/2020,2020,7,23,23,30,0,0,18.7,0.16,2.8,81.27,22.1,988,,,,,,,,,,,,,,,,,,,,,,,,,,,,,,,,,
7/24/2020,2020,7,24,0,30,0,0,18.7,0.16,2.5,83.98,21.5,988,,,,,,,,,,,,,,,,,,,,,,,,,,,,,,,,,
7/24/2020,2020,7,24,1,30,0,0,18.6,0.16,2.3,86.44,21,988,,,,,,,,,,,,,,,,,,,,,,,,,,,,,,,,,
7/24/2020,2020,7,24,2,30,0,0,18.6,0.16,2.2,88.95,20.5,988,,,,,,,,,,,,,,,,,,,,,,,,,,,,,,,,,
7/24/2020,2020,7,24,3,30,0,0,18.6,0.16,2.1,91.02,20.1,988,,,,,,,,,,,,,,,,,,,,,,,,,,,,,,,,,
7/24/2020,2020,7,24,4,30,0,0,18.6,0.16,2.3,91.56,20,988,,,,,,,,,,,,,,,,,,,,,,,,,,,,,,,,,
7/24/2020,2020,7,24,5,30,26,194,18.7,0.16,2.6,87.68,20.8,988,,,,,,,,,,,,,,,,,,,,,,,,,,,,,,,,,
7/24/2020,2020,7,24,6,30,62,509,19,0.16,2.7,79.32,22.8,988,,,,,,,,,,,,,,,,,,,,,,,,,,,,,,,,,
7/24/2020,2020,7,24,7,30,83,672,19.8,0.16,3,71.02,25.4,988,,,,,,,,,,,,,,,,,,,,,,,,,,,,,,,,,
7/24/2020,2020,7,24,8,30,96,764,20.9,0.16,3,65.81,27.9,988,,,,,,,,,,,,,,,,,,,,,,,,,,,,,,,,,
7/24/2020,2020,7,24,9,30,105,820,22.3,0.16,2.9,63.61,29.9,988,,,,,,,,,,,,,,,,,,,,,,,,,,,,,,,,,
7/24/2020,2020,7,24,10,30,111,851,22.8,0.16,2.9,61.09,31.2,988,,,,,,,,,,,,,,,,,,,,,,,,,,,,,,,,,
7/24/2020,2020,7,24,11,30,115,866,23.1,0.16,3.2,60.25,31.7,987,,,,,,,,,,,,,,,,,,,,,,,,,,,,,,,,,
7/24/2020,2020,7,24,12,30,117,868,23.3,0.16,3.6,60.44,31.9,987,,,,,,,,,,,,,,,,,,,,,,,,,,,,,,,,,
7/24/2020,2020,7,24,13,30,116,858,23.5,0.16,3.8,61.61,31.8,987,,,,,,,,,,,,,,,,,,,,,,,,,,,,,,,,,
7/24/2020,2020,7,24,14,30,367,277,23.7,0.16,4,62.88,31.6,986,,,,,,,,,,,,,,,,,,,,,,,,,,,,,,,,,
7/24/2020,2020,7,24,15,30,290,340,23.8,0.16,4,64.04,31.4,986,,,,,,,,,,,,,,,,,,,,,,,,,,,,,,,,,
7/24/2020,2020,7,24,16,30,117,648,23.8,0.16,3.9,65.77,31,986,,,,,,,,,,,,,,,,,,,,,,,,,,,,,,,,,
7/24/2020,2020,7,24,17,30,73,640,23.9,0.16,3.8,67.32,30.7,985,,,,,,,,,,,,,,,,,,,,,,,,,,,,,,,,,
7/24/2020,2020,7,24,18,30,50,451,24.3,0.16,2.8,77.92,28.5,985,,,,,,,,,,,,,,,,,,,,,,,,,,,,,,,,,
7/24/2020,2020,7,24,19,30,11,74,24.4,0.16,2.5,84.46,27.2,986,,,,,,,,,,,,,,,,,,,,,,,,,,,,,,,,,
7/24/2020,2020,7,24,20,30,0,0,24.4,0.16,2.7,88.58,26.4,986,,,,,,,,,,,,,,,,,,,,,,,,,,,,,,,,,
7/24/2020,2020,7,24,21,30,0,0,24.2,0.16,2.9,92.24,25.6,986,,,,,,,,,,,,,,,,,,,,,,,,,,,,,,,,,
7/24/2020,2020,7,24,22,30,0,0,24,0.16,3,93.97,25,986,,,,,,,,,,,,,,,,,,,,,,,,,,,,,,,,,
7/24/2020,2020,7,24,23,30,0,0,23.6,0.16,3,94.46,24.5,986,,,,,,,,,,,,,,,,,,,,,,,,,,,,,,,,,
7/25/2020,2020,7,25,0,30,0,0,23.1,0.16,2.9,94.11,24.1,986,,,,,,,,,,,,,,,,,,,,,,,,,,,,,,,,,
7/25/2020,2020,7,25,1,30,0,0,22.7,0.16,2.9,93.86,23.7,986,,,,,,,,,,,,,,,,,,,,,,,,,,,,,,,,,
7/25/2020,2020,7,25,2,30,0,0,22.3,0.16,2.7,94.13,23.3,986,,,,,,,,,,,,,,,,,,,,,,,,,,,,,,,,,
7/25/2020,2020,7,25,3,30,0,0,22.1,0.16,2.6,95.75,22.8,986,,,,,,,,,,,,,,,,,,,,,,,,,,,,,,,,,
7/25/2020,2020,7,25,4,30,0,0,22,0.16,2.5,96.2,22.6,986,,,,,,,,,,,,,,,,,,,,,,,,,,,,,,,,,
7/25/2020,2020,7,25,5,30,21,2,22,0.16,2.7,92.18,23.3,986,,,,,,,,,,,,,,,,,,,,,,,,,,,,,,,,,
7/25/2020,2020,7,25,6,30,92,128,22.2,0.16,2.9,83.08,25.3,986,,,,,,,,,,,,,,,,,,,,,,,,,,,,,,,,,
7/25/2020,2020,7,25,7,30,174,118,22.8,0.16,3.3,73.9,27.9,985,,,,,,,,,,,,,,,,,,,,,,,,,,,,,,,,,
7/25/2020,2020,7,25,8,30,260,89,23.2,0.16,3.7,65.04,30.5,985,,,,,,,,,,,,,,,,,,,,,,,,,,,,,,,,,
7/25/2020,2020,7,25,9,30,326,300,22.9,0.16,3.9,57.83,32.3,985,,,,,,,,,,,,,,,,,,,,,,,,,,,,,,,,,
7/25/2020,2020,7,25,10,30,370,358,22.9,0.16,4,54.7,33.3,984,,,,,,,,,,,,,,,,,,,,,,,,,,,,,,,,,
7/25/2020,2020,7,25,11,30,200,725,23,0.16,4.2,53.18,33.9,984,,,,,,,,,,,,,,,,,,,,,,,,,,,,,,,,,
7/25/2020,2020,7,25,12,30,319,556,23.2,0.16,4.5,53.29,34,984,,,,,,,,,,,,,,,,,,,,,,,,,,,,,,,,,
7/25/2020,2020,7,25,13,30,143,812,23.3,0.16,4.7,54.11,33.9,983,,,,,,,,,,,,,,,,,,,,,,,,,,,,,,,,,
7/25/2020,2020,7,25,14,30,208,647,23.5,0.16,4.8,55.8,33.5,983,,,,,,,,,,,,,,,,,,,,,,,,,,,,,,,,,
7/25/2020,2020,7,25,15,30,188,585,23.6,0.16,4.7,58.12,32.9,983,,,,,,,,,,,,,,,,,,,,,,,,,,,,,,,,,
7/25/2020,2020,7,25,16,30,136,580,23.7,0.16,4.5,60.73,32.2,983,,,,,,,,,,,,,,,,,,,,,,,,,,,,,,,,,
7/25/2020,2020,7,25,17,30,114,431,23.8,0.16,4.3,62.95,31.7,983,,,,,,,,,,,,,,,,,,,,,,,,,,,,,,,,,
7/25/2020,2020,7,25,18,30,66,207,24,0.17,3.3,72.11,29.6,983,,,,,,,,,,,,,,,,,,,,,,,,,,,,,,,,,
7/25/2020,2020,7,25,19,30,6,0,24.3,0.17,2.9,79.53,28.2,984,,,,,,,,,,,,,,,,,,,,,,,,,,,,,,,,,
7/25/2020,2020,7,25,20,30,0,0,24.7,0.17,2.8,85.53,27.3,984,,,,,,,,,,,,,,,,,,,,,,,,,,,,,,,,,
7/25/2020,2020,7,25,21,30,0,0,24.9,0.17,2.8,91.09,26.5,985,,,,,,,,,,,,,,,,,,,,,,,,,,,,,,,,,
7/25/2020,2020,7,25,22,30,0,0,25,0.17,2.8,94.63,25.9,985,,,,,,,,,,,,,,,,,,,,,,,,,,,,,,,,,
7/25/2020,2020,7,25,23,30,0,0,24.8,0.17,2.8,96.7,25.4,985,,,,,,,,,,,,,,,,,,,,,,,,,,,,,,,,,
7/26/2020,2020,7,26,0,30,0,0,24.6,0.17,2.8,97.55,25,985,,,,,,,,,,,,,,,,,,,,,,,,,,,,,,,,,
7/26/2020,2020,7,26,1,30,0,0,24.3,0.17,2.8,96.98,24.8,984,,,,,,,,,,,,,,,,,,,,,,,,,,,,,,,,,
7/26/2020,2020,7,26,2,30,0,0,24,0.17,2.8,96.03,24.7,984,,,,,,,,,,,,,,,,,,,,,,,,,,,,,,,,,
7/26/2020,2020,7,26,3,30,0,0,23.8,0.17,2.7,96.42,24.4,984,,,,,,,,,,,,,,,,,,,,,,,,,,,,,,,,,
7/26/2020,2020,7,26,4,30,0,0,23.6,0.17,2.8,96.3,24.2,984,,,,,,,,,,,,,,,,,,,,,,,,,,,,,,,,,
7/26/2020,2020,7,26,5,30,24,111,23.4,0.17,3,92.53,24.7,984,,,,,,,,,,,,,,,,,,,,,,,,,,,,,,,,,
7/26/2020,2020,7,26,6,30,62,496,23.5,0.17,3.4,84.38,26.3,984,,,,,,,,,,,,,,,,,,,,,,,,,,,,,,,,,
7/26/2020,2020,7,26,7,30,83,664,23.6,0.17,3.9,74.95,28.5,984,,,,,,,,,,,,,,,,,,,,,,,,,,,,,,,,,
7/26/2020,2020,7,26,8,30,141,561,23.5,0.17,4.3,66.79,30.4,984,,,,,,,,,,,,,,,,,,,,,,,,,,,,,,,,,
7/26/2020,2020,7,26,9,30,319,86,23.4,0.17,4.1,62.19,31.5,984,,,,,,,,,,,,,,,,,,,,,,,,,,,,,,,,,
7/26/2020,2020,7,26,10,30,129,13,23.4,0.17,3.8,60.33,32.1,984,,,,,,,,,,,,,,,,,,,,,,,,,,,,,,,,,
7/26/2020,2020,7,26,11,30,60,0,23.6,0.17,3.5,61.04,32.1,984,,,,,,,,,,,,,,,,,,,,,,,,,,,,,,,,,
7/26/2020,2020,7,26,12,30,53,0,23.9,0.17,3.3,63.37,31.7,984,,,,,,,,,,,,,,,,,,,,,,,,,,,,,,,,,
7/26/2020,2020,7,26,13,30,128,2,24.1,0.17,3,67.35,30.9,983,,,,,,,,,,,,,,,,,,,,,,,,,,,,,,,,,
7/26/2020,2020,7,26,14,30,182,9,24.6,0.17,2.7,72.67,30,983,,,,,,,,,,,,,,,,,,,,,,,,,,,,,,,,,
7/26/2020,2020,7,26,15,30,226,14,25,0.17,2.5,78.82,29.1,983,,,,,,,,,,,,,,,,,,,,,,,,,,,,,,,,,
7/26/2020,2020,7,26,16,30,158,3,25.5,0.17,2.2,85.36,28.2,983,,,,,,,,,,,,,,,,,,,,,,,,,,,,,,,,,
7/26/2020,2020,7,26,17,30,94,0,25.8,0.17,2.1,89.28,27.7,983,,,,,,,,,,,,,,,,,,,,,,,,,,,,,,,,,
7/26/2020,2020,7,26,18,30,36,0,25.8,0.17,1.6,96.57,26.4,984,,,,,,,,,,,,,,,,,,,,,,,,,,,,,,,,,
7/26/2020,2020,7,26,19,30,3,0,25.5,0.17,1.5,98.89,25.7,984,,,,,,,,,,,,,,,,,,,,,,,,,,,,,,,,,
7/26/2020,2020,7,26,20,30,0,0,25.2,0.17,1.5,99.34,25.3,984,,,,,,,,,,,,,,,,,,,,,,,,,,,,,,,,,
7/26/2020,2020,7,26,21,30,0,0,24.9,0.17,1.4,99.92,24.9,984,,,,,,,,,,,,,,,,,,,,,,,,,,,,,,,,,
7/26/2020,2020,7,26,22,30,0,0,24.5,0.17,1.6,100,24.5,984,,,,,,,,,,,,,,,,,,,,,,,,,,,,,,,,,
7/26/2020,2020,7,26,23,30,0,0,24,0.17,2.4,99.95,24,985,,,,,,,,,,,,,,,,,,,,,,,,,,,,,,,,,
7/27/2020,2020,7,27,0,30,0,0,23.2,0.17,2.9,99.9,23.2,985,,,,,,,,,,,,,,,,,,,,,,,,,,,,,,,,,
7/27/2020,2020,7,27,1,30,0,0,22.2,0.17,2.8,99.13,22.3,985,,,,,,,,,,,,,,,,,,,,,,,,,,,,,,,,,
7/27/2020,2020,7,27,2,30,0,0,21.2,0.17,2.5,99.05,21.4,985,,,,,,,,,,,,,,,,,,,,,,,,,,,,,,,,,
7/27/2020,2020,7,27,3,30,0,0,20.4,0.17,2.4,97.74,20.8,985,,,,,,,,,,,,,,,,,,,,,,,,,,,,,,,,,
7/27/2020,2020,7,27,4,30,0,0,19.7,0.17,2.3,96.33,20.3,985,,,,,,,,,,,,,,,,,,,,,,,,,,,,,,,,,
7/27/2020,2020,7,27,5,30,15,0,19.2,0.17,2.4,93.12,20.3,986,,,,,,,,,,,,,,,,,,,,,,,,,,,,,,,,,
7/27/2020,2020,7,27,6,30,81,34,18.9,0.17,2.4,88.88,20.8,986,,,,,,,,,,,,,,,,,,,,,,,,,,,,,,,,,
7/27/2020,2020,7,27,7,30,110,11,19,0.17,2.4,82.01,22.2,986,,,,,,,,,,,,,,,,,,,,,,,,,,,,,,,,,
7/27/2020,2020,7,27,8,30,195,108,17.9,0.17,2.7,67.54,24.3,986,,,,,,,,,,,,,,,,,,,,,,,,,,,,,,,,,
7/27/2020,2020,7,27,9,30,212,597,16.5,0.17,2.9,54.63,26.4,986,,,,,,,,,,,,,,,,,,,,,,,,,,,,,,,,,
7/27/2020,2020,7,27,10,30,127,845,15.7,0.17,3,46.8,28.1,986,,,,,,,,,,,,,,,,,,,,,,,,,,,,,,,,,
7/27/2020,2020,7,27,11,30,100,921,15.2,0.17,2.9,42.73,29.2,986,,,,,,,,,,,,,,,,,,,,,,,,,,,,,,,,,
7/27/2020,2020,7,27,12,30,118,900,15,0.17,2.8,40.09,30,986,,,,,,,,,,,,,,,,,,,,,,,,,,,,,,,,,
7/27/2020,2020,7,27,13,30,97,924,14.8,0.17,2.5,38.63,30.5,985,,,,,,,,,,,,,,,,,,,,,,,,,,,,,,,,,
7/27/2020,2020,7,27,14,30,90,911,14.8,0.17,2.2,38.04,30.7,985,,,,,,,,,,,,,,,,,,,,,,,,,,,,,,,,,
7/27/2020,2020,7,27,15,30,82,880,14.8,0.17,1.8,38.46,30.5,985,,,,,,,,,,,,,,,,,,,,,,,,,,,,,,,,,
7/27/2020,2020,7,27,16,30,72,826,15,0.17,1.4,39.95,30.1,984,,,,,,,,,,,,,,,,,,,,,,,,,,,,,,,,,
7/27/2020,2020,7,27,17,30,60,729,15.3,0.17,1.2,41.1,29.9,984,,,,,,,,,,,,,,,,,,,,,,,,,,,,,,,,,
7/27/2020,2020,7,27,18,30,42,539,17.2,0.17,0.7,56.75,26.5,985,,,,,,,,,,,,,,,,,,,,,,,,,,,,,,,,,
7/27/2020,2020,7,27,19,30,9,88,16.9,0.17,0.6,63.18,24.3,985,,,,,,,,,,,,,,,,,,,,,,,,,,,,,,,,,
7/27/2020,2020,7,27,20,30,0,0,16.5,0.17,0.7,66.3,23.1,986,,,,,,,,,,,,,,,,,,,,,,,,,,,,,,,,,
7/27/2020,2020,7,27,21,30,0,0,16.4,0.17,0.7,68.71,22.4,986,,,,,,,,,,,,,,,,,,,,,,,,,,,,,,,,,
7/27/2020,2020,7,27,22,30,0,0,16.1,0.17,0.7,70.29,21.8,986,,,,,,,,,,,,,,,,,,,,,,,,,,,,,,,,,
7/27/2020,2020,7,27,23,30,0,0,15.9,0.17,0.7,71.26,21.3,986,,,,,,,,,,,,,,,,,,,,,,,,,,,,,,,,,
7/28/2020,2020,7,28,0,30,0,0,15.6,0.17,0.8,72.43,20.7,985,,,,,,,,,,,,,,,,,,,,,,,,,,,,,,,,,
7/28/2020,2020,7,28,1,30,0,0,15.3,0.17,0.9,74.99,19.9,985,,,,,,,,,,,,,,,,,,,,,,,,,,,,,,,,,
7/28/2020,2020,7,28,2,30,0,0,15,0.17,0.9,77.76,19,985,,,,,,,,,,,,,,,,,,,,,,,,,,,,,,,,,
7/28/2020,2020,7,28,3,30,0,0,14.7,0.17,1,79.79,18.3,985,,,,,,,,,,,,,,,,,,,,,,,,,,,,,,,,,
7/28/2020,2020,7,28,4,30,0,0,14.5,0.17,1.1,79.12,18.2,985,,,,,,,,,,,,,,,,,,,,,,,,,,,,,,,,,
7/28/2020,2020,7,28,5,30,22,253,14.9,0.17,1.9,73.57,19.8,985,,,,,,,,,,,,,,,,,,,,,,,,,,,,,,,,,
7/28/2020,2020,7,28,6,30,51,590,15.1,0.17,2.6,64.54,22.1,985,,,,,,,,,,,,,,,,,,,,,,,,,,,,,,,,,
7/28/2020,2020,7,28,7,30,68,746,15.8,0.17,3.2,57.31,24.8,985,,,,,,,,,,,,,,,,,,,,,,,,,,,,,,,,,
7/28/2020,2020,7,28,8,30,79,831,15.7,0.17,4.1,49.42,27.2,984,,,,,,,,,,,,,,,,,,,,,,,,,,,,,,,,,
7/28/2020,2020,7,28,9,30,86,878,15.7,0.17,4.7,45.7,28.6,984,,,,,,,,,,,,,,,,,,,,,,,,,,,,,,,,,
7/28/2020,2020,7,28,10,30,93,904,16.1,0.17,5,44.24,29.6,984,,,,,,,,,,,,,,,,,,,,,,,,,,,,,,,,,
7/28/2020,2020,7,28,11,30,95,918,16.4,0.17,5.2,43.56,30.2,983,,,,,,,,,,,,,,,,,,,,,,,,,,,,,,,,,
7/28/2020,2020,7,28,12,30,94,922,16.7,0.17,5.2,43.22,30.6,983,,,,,,,,,,,,,,,,,,,,,,,,,,,,,,,,,
7/28/2020,2020,7,28,13,30,94,912,16.9,0.17,5.2,42.97,30.9,982,,,,,,,,,,,,,,,,,,,,,,,,,,,,,,,,,
7/28/2020,2020,7,28,14,30,92,891,17,0.17,5,43.29,30.9,982,,,,,,,,,,,,,,,,,,,,,,,,,,,,,,,,,
7/28/2020,2020,7,28,15,30,85,856,17.1,0.17,4.6,44.7,30.5,982,,,,,,,,,,,,,,,,,,,,,,,,,,,,,,,,,
7/28/2020,2020,7,28,16,30,76,796,17.3,0.17,4.1,47.07,29.8,982,,,,,,,,,,,,,,,,,,,,,,,,,,,,,,,,,
7/28/2020,2020,7,28,17,30,64,693,17.7,0.17,3.7,49.67,29.3,981,,,,,,,,,,,,,,,,,,,,,,,,,,,,,,,,,
7/28/2020,2020,7,28,18,30,55,343,18.7,0.17,2.1,63.85,26.1,981,,,,,,,,,,,,,,,,,,,,,,,,,,,,,,,,,
7/28/2020,2020,7,28,19,30,5,0,18.8,0.17,1.8,71.21,24.3,982,,,,,,,,,,,,,,,,,,,,,,,,,,,,,,,,,
7/28/2020,2020,7,28,20,30,0,0,18.7,0.17,1.9,74.4,23.5,982,,,,,,,,,,,,,,,,,,,,,,,,,,,,,,,,,
7/28/2020,2020,7,28,21,30,0,0,18.6,0.17,2,75.91,23.1,982,,,,,,,,,,,,,,,,,,,,,,,,,,,,,,,,,
7/28/2020,2020,7,28,22,30,0,0,18.4,0.17,1.8,77.2,22.6,982,,,,,,,,,,,,,,,,,,,,,,,,,,,,,,,,,
7/28/2020,2020,7,28,23,30,0,0,18.2,0.17,1.6,78.31,22.2,983,,,,,,,,,,,,,,,,,,,,,,,,,,,,,,,,,
7/29/2020,2020,7,29,0,30,0,0,18.1,0.17,1.5,79.05,21.9,982,,,,,,,,,,,,,,,,,,,,,,,,,,,,,,,,,
7/29/2020,2020,7,29,1,30,0,0,18,0.17,1.4,80.11,21.6,982,,,,,,,,,,,,,,,,,,,,,,,,,,,,,,,,,
7/29/2020,2020,7,29,2,30,0,0,18,0.17,1.2,81.42,21.3,982,,,,,,,,,,,,,,,,,,,,,,,,,,,,,,,,,
7/29/2020,2020,7,29,3,30,0,0,18,0.17,1,83.61,20.9,982,,,,,,,,,,,,,,,,,,,,,,,,,,,,,,,,,
7/29/2020,2020,7,29,4,30,0,0,18.1,0.17,0.8,84.5,20.8,982,,,,,,,,,,,,,,,,,,,,,,,,,,,,,,,,,
7/29/2020,2020,7,29,5,30,23,188,18.5,0.17,1.1,81.21,21.9,982,,,,,,,,,,,,,,,,,,,,,,,,,,,,,,,,,
7/29/2020,2020,7,29,6,30,56,529,18.5,0.17,1.2,71.26,24,982,,,,,,,,,,,,,,,,,,,,,,,,,,,,,,,,,
7/29/2020,2020,7,29,7,30,93,613,19.1,0.17,0.9,63.54,26.6,982,,,,,,,,,,,,,,,,,,,,,,,,,,,,,,,,,
7/29/2020,2020,7,29,8,30,103,746,19.9,0.17,0.5,58.84,28.8,982,,,,,,,,,,,,,,,,,,,,,,,,,,,,,,,,,
7/29/2020,2020,7,29,9,30,203,599,20.3,0.17,0.6,56.9,29.8,982,,,,,,,,,,,,,,,,,,,,,,,,,,,,,,,,,
7/29/2020,2020,7,29,10,30,375,318,20.4,0.17,1.1,56.11,30.1,982,,,,,,,,,,,,,,,,,,,,,,,,,,,,,,,,,
7/29/2020,2020,7,29,11,30,438,230,20.5,0.17,1.4,56.39,30.1,981,,,,,,,,,,,,,,,,,,,,,,,,,,,,,,,,,
7/29/2020,2020,7,29,12,30,437,227,20.7,0.17,1.5,56.77,30.2,981,,,,,,,,,,,,,,,,,,,,,,,,,,,,,,,,,
7/29/2020,2020,7,29,13,30,411,215,20.9,0.17,1.6,56.94,30.4,980,,,,,,,,,,,,,,,,,,,,,,,,,,,,,,,,,
7/29/2020,2020,7,29,14,30,352,86,21.2,0.17,1.8,57.81,30.4,980,,,,,,,,,,,,,,,,,,,,,,,,,,,,,,,,,
7/29/2020,2020,7,29,15,30,155,2,21.4,0.17,1.8,59.65,30.1,980,,,,,,,,,,,,,,,,,,,,,,,,,,,,,,,,,
7/29/2020,2020,7,29,16,30,118,1,21.6,0.17,1.7,62.58,29.5,980,,,,,,,,,,,,,,,,,,,,,,,,,,,,,,,,,
7/29/2020,2020,7,29,17,30,107,24,22.1,0.17,1.6,66.35,29,980,,,,,,,,,,,,,,,,,,,,,,,,,,,,,,,,,
7/29/2020,2020,7,29,18,30,62,63,22.7,0.17,0.9,78.87,26.7,980,,,,,,,,,,,,,,,,,,,,,,,,,,,,,,,,,
7/29/2020,2020,7,29,19,30,4,0,22.9,0.17,0.7,87.08,25.2,981,,,,,,,,,,,,,,,,,,,,,,,,,,,,,,,,,
7/29/2020,2020,7,29,20,30,0,0,22.5,0.17,1,89.98,24.3,981,,,,,,,,,,,,,,,,,,,,,,,,,,,,,,,,,
7/29/2020,2020,7,29,21,30,0,0,22.2,0.17,1.5,92.56,23.5,981,,,,,,,,,,,,,,,,,,,,,,,,,,,,,,,,,
7/29/2020,2020,7,29,22,30,0,0,21.8,0.17,2,94.77,22.7,981,,,,,,,,,,,,,,,,,,,,,,,,,,,,,,,,,
7/29/2020,2020,7,29,23,30,0,0,21.4,0.17,2.5,96.47,22,981,,,,,,,,,,,,,,,,,,,,,,,,,,,,,,,,,
7/30/2020,2020,7,30,0,30,0,0,21,0.17,2.7,97.54,21.4,981,,,,,,,,,,,,,,,,,,,,,,,,,,,,,,,,,
7/30/2020,2020,7,30,1,30,0,0,20.6,0.17,2.8,98.01,20.9,981,,,,,,,,,,,,,,,,,,,,,,,,,,,,,,,,,
7/30/2020,2020,7,30,2,30,0,0,20.1,0.17,2.8,98.41,20.4,980,,,,,,,,,,,,,,,,,,,,,,,,,,,,,,,,,
7/30/2020,2020,7,30,3,30,0,0,19.7,0.17,2.9,98.36,20,980,,,,,,,,,,,,,,,,,,,,,,,,,,,,,,,,,
7/30/2020,2020,7,30,4,30,0,0,19.3,0.17,3,97.05,19.8,980,,,,,,,,,,,,,,,,,,,,,,,,,,,,,,,,,
7/30/2020,2020,7,30,5,30,19,73,19,0.17,3.4,92.68,20.2,980,,,,,,,,,,,,,,,,,,,,,,,,,,,,,,,,,
7/30/2020,2020,7,30,6,30,60,486,19.1,0.17,3.8,84.42,21.8,981,,,,,,,,,,,,,,,,,,,,,,,,,,,,,,,,,
7/30/2020,2020,7,30,7,30,130,440,19.4,0.17,4.3,75.43,24,981,,,,,,,,,,,,,,,,,,,,,,,,,,,,,,,,,
7/30/2020,2020,7,30,8,30,203,452,19.5,0.17,4.9,66.97,26.1,981,,,,,,,,,,,,,,,,,,,,,,,,,,,,,,,,,
7/30/2020,2020,7,30,9,30,303,369,19.5,0.17,5.2,61.7,27.5,981,,,,,,,,,,,,,,,,,,,,,,,,,,,,,,,,,
7/30/2020,2020,7,30,10,30,318,468,19.6,0.17,5.3,59.99,28.1,981,,,,,,,,,,,,,,,,,,,,,,,,,,,,,,,,,
7/30/2020,2020,7,30,11,30,385,399,19.7,0.17,5.3,59.28,28.4,981,,,,,,,,,,,,,,,,,,,,,,,,,,,,,,,,,
7/30/2020,2020,7,30,12,30,456,195,19.7,0.17,5.1,58.46,28.6,981,,,,,,,,,,,,,,,,,,,,,,,,,,,,,,,,,
7/30/2020,2020,7,30,13,30,391,349,19.5,0.17,4.9,58.29,28.5,982,,,,,,,,,,,,,,,,,,,,,,,,,,,,,,,,,
7/30/2020,2020,7,30,14,30,344,359,19.3,0.17,4.5,58.83,28.1,982,,,,,,,,,,,,,,,,,,,,,,,,,,,,,,,,,
7/30/2020,2020,7,30,15,30,247,456,19,0.17,4.1,60.65,27.3,982,,,,,,,,,,,,,,,,,,,,,,,,,,,,,,,,,
7/30/2020,2020,7,30,16,30,200,368,18.9,0.17,3.8,63.49,26.4,982,,,,,,,,,,,,,,,,,,,,,,,,,,,,,,,,,
7/30/2020,2020,7,30,17,30,140,201,19,0.17,3.6,65.27,26,982,,,,,,,,,,,,,,,,,,,,,,,,,,,,,,,,,
7/30/2020,2020,7,30,18,30,62,66,19.1,0.18,3.5,71.57,24.6,983,,,,,,,,,,,,,,,,,,,,,,,,,,,,,,,,,
7/30/2020,2020,7,30,19,30,4,0,19.2,0.18,3.7,74.92,23.9,983,,,,,,,,,,,,,,,,,,,,,,,,,,,,,,,,,
7/30/2020,2020,7,30,20,30,0,0,19.2,0.18,3.7,77.81,23.3,983,,,,,,,,,,,,,,,,,,,,,,,,,,,,,,,,,
7/30/2020,2020,7,30,21,30,0,0,19.3,0.18,3.6,81.1,22.7,983,,,,,,,,,,,,,,,,,,,,,,,,,,,,,,,,,
7/30/2020,2020,7,30,22,30,0,0,19.4,0.18,3.3,84.88,22.1,984,,,,,,,,,,,,,,,,,,,,,,,,,,,,,,,,,
7/30/2020,2020,7,30,23,30,0,0,19.5,0.18,2.9,88.1,21.6,984,,,,,,,,,,,,,,,,,,,,,,,,,,,,,,,,,
7/31/2020,2020,7,31,0,30,0,0,19.6,0.18,2.5,90.86,21.2,984,,,,,,,,,,,,,,,,,,,,,,,,,,,,,,,,,
7/31/2020,2020,7,31,1,30,0,0,19.7,0.18,2.2,93.28,20.8,984,,,,,,,,,,,,,,,,,,,,,,,,,,,,,,,,,
7/31/2020,2020,7,31,2,30,0,0,19.6,0.18,2,95.29,20.4,984,,,,,,,,,,,,,,,,,,,,,,,,,,,,,,,,,
7/31/2020,2020,7,31,3,30,0,0,19.5,0.18,1.9,96.43,20.1,984,,,,,,,,,,,,,,,,,,,,,,,,,,,,,,,,,
7/31/2020,2020,7,31,4,30,0,0,19.3,0.18,1.9,97.22,19.8,984,,,,,,,,,,,,,,,,,,,,,,,,,,,,,,,,,
7/31/2020,2020,7,31,5,30,17,16,19.1,0.18,2,95.4,19.9,984,,,,,,,,,,,,,,,,,,,,,,,,,,,,,,,,,
7/31/2020,2020,7,31,6,30,77,284,19.1,0.18,2.1,90.85,20.6,985,,,,,,,,,,,,,,,,,,,,,,,,,,,,,,,,,
7/31/2020,2020,7,31,7,30,139,390,18.7,0.18,2.1,81.1,22.1,985,,,,,,,,,,,,,,,,,,,,,,,,,,,,,,,,,
7/31/2020,2020,7,31,8,30,239,300,17.4,0.18,2.2,67.23,23.8,985,,,,,,,,,,,,,,,,,,,,,,,,,,,,,,,,,
7/31/2020,2020,7,31,9,30,277,435,16.2,0.18,2.4,57.36,25.2,985,,,,,,,,,,,,,,,,,,,,,,,,,,,,,,,,,
7/31/2020,2020,7,31,10,30,387,283,15.5,0.18,2.5,52.44,26,985,,,,,,,,,,,,,,,,,,,,,,,,,,,,,,,,,
7/31/2020,2020,7,31,11,30,432,266,15.2,0.18,2.5,49.87,26.5,985,,,,,,,,,,,,,,,,,,,,,,,,,,,,,,,,,
7/31/2020,2020,7,31,12,30,422,77,15,0.18,2.4,48.82,26.7,985,,,,,,,,,,,,,,,,,,,,,,,,,,,,,,,,,
7/31/2020,2020,7,31,13,30,420,233,15,0.18,2.3,47.8,27,984,,,,,,,,,,,,,,,,,,,,,,,,,,,,,,,,,
7/31/2020,2020,7,31,14,30,339,376,15,0.18,2.3,47.29,27.2,984,,,,,,,,,,,,,,,,,,,,,,,,,,,,,,,,,
7/31/2020,2020,7,31,15,30,192,584,15,0.18,2.2,47.58,27.1,984,,,,,,,,,,,,,,,,,,,,,,,,,,,,,,,,,
7/31/2020,2020,7,31,16,30,104,708,15,0.18,2.2,48.98,26.6,983,,,,,,,,,,,,,,,,,,,,,,,,,,,,,,,,,
7/31/2020,2020,7,31,17,30,84,580,15.3,0.18,2.1,50.81,26.3,983,,,,,,,,,,,,,,,,,,,,,,,,,,,,,,,,,
7/31/2020,2020,7,31,18,30,56,279,16.7,0.18,1.1,65.97,23.4,984,,,,,,,,,,,,,,,,,,,,,,,,,,,,,,,,,
7/31/2020,2020,7,31,19,30,5,37,16.6,0.18,0.9,72.9,21.7,984,,,,,,,,,,,,,,,,,,,,,,,,,,,,,,,,,
7/31/2020,2020,7,31,20,30,0,0,16.2,0.18,0.9,74.1,21,984,,,,,,,,,,,,,,,,,,,,,,,,,,,,,,,,,
7/31/2020,2020,7,31,21,30,0,0,16.1,0.18,0.7,73.95,20.9,984,,,,,,,,,,,,,,,,,,,,,,,,,,,,,,,,,
7/31/2020,2020,7,31,22,30,0,0,15.9,0.18,0.5,73.07,20.9,984,,,,,,,,,,,,,,,,,,,,,,,,,,,,,,,,,
7/31/2020,2020,7,31,23,30,0,0,15.7,0.18,0.4,74.17,20.5,984,,,,,,,,,,,,,,,,,,,,,,,,,,,,,,,,,
8/1/2020,2020,8,1,0,30,0,0,15.7,0.18,0.6,77.86,19.7,984,,,,,,,,,,,,,,,,,,,,,,,,,,,,,,,,,
8/1/2020,2020,8,1,1,30,0,0,15.7,0.18,0.8,81.6,18.9,983,,,,,,,,,,,,,,,,,,,,,,,,,,,,,,,,,
8/1/2020,2020,8,1,2,30,0,0,15.7,0.18,0.8,84.61,18.3,983,,,,,,,,,,,,,,,,,,,,,,,,,,,,,,,,,
8/1/2020,2020,8,1,3,30,0,0,15.7,0.18,0.9,87.48,17.8,984,,,,,,,,,,,,,,,,,,,,,,,,,,,,,,,,,
8/1/2020,2020,8,1,4,30,0,0,15.6,0.18,1.1,87.38,17.7,984,,,,,,,,,,,,,,,,,,,,,,,,,,,,,,,,,
8/1/2020,2020,8,1,5,30,19,186,15.6,0.18,1.7,82.53,18.6,984,,,,,,,,,,,,,,,,,,,,,,,,,,,,,,,,,
8/1/2020,2020,8,1,6,30,52,564,15.5,0.18,2.1,72.03,20.7,984,,,,,,,,,,,,,,,,,,,,,,,,,,,,,,,,,
8/1/2020,2020,8,1,7,30,69,740,15.5,0.18,1.9,61.02,23.4,984,,,,,,,,,,,,,,,,,,,,,,,,,,,,,,,,,
8/1/2020,2020,8,1,8,30,79,831,15.2,0.18,1.8,53.09,25.5,984,,,,,,,,,,,,,,,,,,,,,,,,,,,,,,,,,
8/1/2020,2020,8,1,9,30,87,883,15.1,0.18,1.7,48.46,26.9,983,,,,,,,,,,,,,,,,,,,,,,,,,,,,,,,,,
8/1/2020,2020,8,1,10,30,93,913,14.9,0.18,1.9,44.79,28,983,,,,,,,,,,,,,,,,,,,,,,,,,,,,,,,,,
8/1/2020,2020,8,1,11,30,340,477,14.6,0.18,2.1,41.83,28.9,983,,,,,,,,,,,,,,,,,,,,,,,,,,,,,,,,,
8/1/2020,2020,8,1,12,30,146,847,14.4,0.18,2.3,39.83,29.5,982,,,,,,,,,,,,,,,,,,,,,,,,,,,,,,,,,
8/1/2020,2020,8,1,13,30,176,770,14.4,0.18,2.4,39.27,29.7,982,,,,,,,,,,,,,,,,,,,,,,,,,,,,,,,,,
8/1/2020,2020,8,1,14,30,361,281,14.5,0.18,2.5,39.76,29.6,981,,,,,,,,,,,,,,,,,,,,,,,,,,,,,,,,,
8/1/2020,2020,8,1,15,30,251,67,14.6,0.18,2.5,41.18,29.1,981,,,,,,,,,,,,,,,,,,,,,,,,,,,,,,,,,
8/1/2020,2020,8,1,16,30,204,197,14.7,0.18,2.3,43.61,28.3,981,,,,,,,,,,,,,,,,,,,,,,,,,,,,,,,,,
8/1/2020,2020,8,1,17,30,127,162,15.2,0.18,2.2,46.26,27.8,981,,,,,,,,,,,,,,,,,,,,,,,,,,,,,,,,,
8/1/2020,2020,8,1,18,30,53,272,16.8,0.18,1.5,61.75,24.6,982,,,,,,,,,,,,,,,,,,,,,,,,,,,,,,,,,
8/1/2020,2020,8,1,19,30,4,14,16.9,0.18,1.3,69.54,22.8,982,,,,,,,,,,,,,,,,,,,,,,,,,,,,,,,,,
8/1/2020,2020,8,1,20,30,0,0,16.8,0.18,1.1,72.73,21.9,982,,,,,,,,,,,,,,,,,,,,,,,,,,,,,,,,,
8/1/2020,2020,8,1,21,30,0,0,16.6,0.18,0.8,75.68,21.1,982,,,,,,,,,,,,,,,,,,,,,,,,,,,,,,,,,
8/1/2020,2020,8,1,22,30,0,0,16.4,0.18,0.7,77.46,20.5,982,,,,,,,,,,,,,,,,,,,,,,,,,,,,,,,,,
8/1/2020,2020,8,1,23,30,0,0,16.3,0.18,0.7,79.09,20,982,,,,,,,,,,,,,,,,,,,,,,,,,,,,,,,,,
8/2/2020,2020,8,2,0,30,0,0,16.1,0.18,0.7,81.69,19.3,982,,,,,,,,,,,,,,,,,,,,,,,,,,,,,,,,,
8/2/2020,2020,8,2,1,30,0,0,16,0.18,0.9,84.08,18.7,982,,,,,,,,,,,,,,,,,,,,,,,,,,,,,,,,,
8/2/2020,2020,8,2,2,30,0,0,16,0.18,1.1,86.56,18.3,982,,,,,,,,,,,,,,,,,,,,,,,,,,,,,,,,,
8/2/2020,2020,8,2,3,30,0,0,16.3,0.18,1.2,89.87,18,982,,,,,,,,,,,,,,,,,,,,,,,,,,,,,,,,,
8/2/2020,2020,8,2,4,30,0,0,16.8,0.18,1.6,92.01,18.1,982,,,,,,,,,,,,,,,,,,,,,,,,,,,,,,,,,
8/2/2020,2020,8,2,5,30,13,21,17.3,0.18,2.4,88.85,19.2,982,,,,,,,,,,,,,,,,,,,,,,,,,,,,,,,,,
8/2/2020,2020,8,2,6,30,54,525,17.7,0.18,3,81.52,21,983,,,,,,,,,,,,,,,,,,,,,,,,,,,,,,,,,
8/2/2020,2020,8,2,7,30,109,42,17.9,0.18,3.3,73.16,23,983,,,,,,,,,,,,,,,,,,,,,,,,,,,,,,,,,
8/2/2020,2020,8,2,8,30,209,352,17.9,0.18,3.6,66.49,24.5,983,,,,,,,,,,,,,,,,,,,,,,,,,,,,,,,,,
8/2/2020,2020,8,2,9,30,213,568,17.5,0.18,4,61.1,25.6,984,,,,,,,,,,,,,,,,,,,,,,,,,,,,,,,,,
8/2/2020,2020,8,2,10,30,373,178,17,0.18,4.3,56.46,26.4,984,,,,,,,,,,,,,,,,,,,,,,,,,,,,,,,,,
8/2/2020,2020,8,2,11,30,378,260,16.4,0.18,4.3,52.2,27,983,,,,,,,,,,,,,,,,,,,,,,,,,,,,,,,,,
8/2/2020,2020,8,2,12,30,109,902,15.7,0.18,4.3,49.07,27.3,983,,,,,,,,,,,,,,,,,,,,,,,,,,,,,,,,,
8/2/2020,2020,8,2,13,30,104,901,15,0.18,4.3,47.02,27.3,983,,,,,,,,,,,,,,,,,,,,,,,,,,,,,,,,,
8/2/2020,2020,8,2,14,30,103,875,14.5,0.18,4.4,46.08,27.1,983,,,,,,,,,,,,,,,,,,,,,,,,,,,,,,,,,
8/2/2020,2020,8,2,15,30,98,834,13.9,0.18,4.4,46.28,26.4,984,,,,,,,,,,,,,,,,,,,,,,,,,,,,,,,,,
8/2/2020,2020,8,2,16,30,98,717,13.2,0.18,4.4,47.2,25.3,984,,,,,,,,,,,,,,,,,,,,,,,,,,,,,,,,,
8/2/2020,2020,8,2,17,30,66,680,12.8,0.18,4.2,47.59,24.7,984,,,,,,,,,,,,,,,,,,,,,,,,,,,,,,,,,
8/2/2020,2020,8,2,18,30,43,473,12.8,0.17,3.3,56.91,21.7,985,,,,,,,,,,,,,,,,,,,,,,,,,,,,,,,,,
8/2/2020,2020,8,2,19,30,5,39,13,0.17,2.8,64.31,19.9,986,,,,,,,,,,,,,,,,,,,,,,,,,,,,,,,,,
8/2/2020,2020,8,2,20,30,0,0,13.2,0.17,2.6,69.48,18.9,986,,,,,,,,,,,,,,,,,,,,,,,,,,,,,,,,,
8/2/2020,2020,8,2,21,30,0,0,13.6,0.17,2.3,75.43,18,987,,,,,,,,,,,,,,,,,,,,,,,,,,,,,,,,,
8/2/2020,2020,8,2,22,30,0,0,14,0.17,2.2,80.94,17.3,987,,,,,,,,,,,,,,,,,,,,,,,,,,,,,,,,,
8/2/2020,2020,8,2,23,30,0,0,14.3,0.17,2.3,86.55,16.6,987,,,,,,,,,,,,,,,,,,,,,,,,,,,,,,,,,
8/3/2020,2020,8,3,0,30,0,0,14.5,0.17,2.2,91.67,15.9,987,,,,,,,,,,,,,,,,,,,,,,,,,,,,,,,,,
8/3/2020,2020,8,3,1,30,0,0,14.6,0.17,2,95.97,15.2,988,,,,,,,,,,,,,,,,,,,,,,,,,,,,,,,,,
8/3/2020,2020,8,3,2,30,0,0,14.4,0.17,1.8,99.3,14.5,988,,,,,,,,,,,,,,,,,,,,,,,,,,,,,,,,,
8/3/2020,2020,8,3,3,30,0,0,13.8,0.17,1.7,100,13.8,988,,,,,,,,,,,,,,,,,,,,,,,,,,,,,,,,,
8/3/2020,2020,8,3,4,30,0,0,13.5,0.17,2,100,13.5,989,,,,,,,,,,,,,,,,,,,,,,,,,,,,,,,,,
8/3/2020,2020,8,3,5,30,19,196,13.1,0.17,2.7,92.08,14.4,989,,,,,,,,,,,,,,,,,,,,,,,,,,,,,,,,,
8/3/2020,2020,8,3,6,30,51,582,12.7,0.17,3.5,78.32,16.5,989,,,,,,,,,,,,,,,,,,,,,,,,,,,,,,,,,
8/3/2020,2020,8,3,7,30,69,751,11,0.17,4.1,60.8,18.7,989,,,,,,,,,,,,,,,,,,,,,,,,,,,,,,,,,
8/3/2020,2020,8,3,8,30,82,843,9.5,0.17,4.3,49.58,20.4,990,,,,,,,,,,,,,,,,,,,,,,,,,,,,,,,,,
8/3/2020,2020,8,3,9,30,91,894,8.6,0.17,4.5,42.94,21.8,990,,,,,,,,,,,,,,,,,,,,,,,,,,,,,,,,,
8/3/2020,2020,8,3,10,30,97,924,8.4,0.17,4.5,39.76,22.8,989,,,,,,,,,,,,,,,,,,,,,,,,,,,,,,,,,
8/3/2020,2020,8,3,11,30,103,935,8.5,0.17,4.4,38.09,23.6,989,,,,,,,,,,,,,,,,,,,,,,,,,,,,,,,,,
8/3/2020,2020,8,3,12,30,278,590,8.7,0.17,4.3,37.74,24,989,,,,,,,,,,,,,,,,,,,,,,,,,,,,,,,,,
8/3/2020,2020,8,3,13,30,268,579,8.9,0.17,4.2,37.72,24.2,989,,,,,,,,,,,,,,,,,,,,,,,,,,,,,,,,,
8/3/2020,2020,8,3,14,30,160,764,9,0.17,4.1,38.21,24.1,988,,,,,,,,,,,,,,,,,,,,,,,,,,,,,,,,,
8/3/2020,2020,8,3,15,30,107,825,9,0.17,4,39.52,23.6,988,,,,,,,,,,,,,,,,,,,,,,,,,,,,,,,,,
8/3/2020,2020,8,3,16,30,167,64,9,0.17,3.8,41.68,22.7,988,,,,,,,,,,,,,,,,,,,,,,,,,,,,,,,,,
8/3/2020,2020,8,3,17,30,120,214,9.1,0.17,3.6,43.15,22.2,988,,,,,,,,,,,,,,,,,,,,,,,,,,,,,,,,,
8/3/2020,2020,8,3,18,30,49,402,9.8,0.17,2.1,54.14,19.3,988,,,,,,,,,,,,,,,,,,,,,,,,,,,,,,,,,
8/3/2020,2020,8,3,19,30,5,30,10.8,0.17,1.3,65.62,17.3,988,,,,,,,,,,,,,,,,,,,,,,,,,,,,,,,,,
8/3/2020,2020,8,3,20,30,0,0,10.9,0.17,1.1,71.5,16.1,989,,,,,,,,,,,,,,,,,,,,,,,,,,,,,,,,,
8/3/2020,2020,8,3,21,30,0,0,11,0.17,1,75.73,15.3,989,,,,,,,,,,,,,,,,,,,,,,,,,,,,,,,,,
8/3/2020,2020,8,3,22,30,0,0,11.1,0.17,0.9,79.3,14.6,989,,,,,,,,,,,,,,,,,,,,,,,,,,,,,,,,,
8/3/2020,2020,8,3,23,30,0,0,11,0.17,0.9,82.17,14,989,,,,,,,,,,,,,,,,,,,,,,,,,,,,,,,,,
8/4/2020,2020,8,4,0,30,0,0,10.9,0.17,0.8,83.62,13.6,989,,,,,,,,,,,,,,,,,,,,,,,,,,,,,,,,,
8/4/2020,2020,8,4,1,30,0,0,10.7,0.17,0.8,84.72,13.2,989,,,,,,,,,,,,,,,,,,,,,,,,,,,,,,,,,
8/4/2020,2020,8,4,2,30,0,0,10.5,0.17,0.8,86.02,12.8,990,,,,,,,,,,,,,,,,,,,,,,,,,,,,,,,,,
8/4/2020,2020,8,4,3,30,0,0,10.4,0.17,0.9,88.86,12.2,990,,,,,,,,,,,,,,,,,,,,,,,,,,,,,,,,,
8/4/2020,2020,8,4,4,30,0,0,10.3,0.17,0.9,89.02,12.1,990,,,,,,,,,,,,,,,,,,,,,,,,,,,,,,,,,
8/4/2020,2020,8,4,5,30,17,175,10.5,0.17,1.3,81.4,13.6,990,,,,,,,,,,,,,,,,,,,,,,,,,,,,,,,,,
8/4/2020,2020,8,4,6,30,50,587,10.6,0.17,1.8,68.77,16.4,990,,,,,,,,,,,,,,,,,,,,,,,,,,,,,,,,,
8/4/2020,2020,8,4,7,30,68,758,9.9,0.17,1.8,55.03,19.2,990,,,,,,,,,,,,,,,,,,,,,,,,,,,,,,,,,
8/4/2020,2020,8,4,8,30,82,843,9,0.17,1.6,45.9,21.1,990,,,,,,,,,,,,,,,,,,,,,,,,,,,,,,,,,
8/4/2020,2020,8,4,9,30,93,888,9,0.17,1.3,42.37,22.4,990,,,,,,,,,,,,,,,,,,,,,,,,,,,,,,,,,
8/4/2020,2020,8,4,10,30,98,920,9.1,0.17,1.2,39.82,23.5,990,,,,,,,,,,,,,,,,,,,,,,,,,,,,,,,,,
8/4/2020,2020,8,4,11,30,202,725,9.1,0.17,1.2,37.73,24.5,990,,,,,,,,,,,,,,,,,,,,,,,,,,,,,,,,,
8/4/2020,2020,8,4,12,30,165,811,9.2,0.17,1.2,36.5,25.1,989,,,,,,,,,,,,,,,,,,,,,,,,,,,,,,,,,
8/4/2020,2020,8,4,13,30,271,580,9.2,0.17,1.3,35.8,25.4,989,,,,,,,,,,,,,,,,,,,,,,,,,,,,,,,,,
8/4/2020,2020,8,4,14,30,277,445,9.1,0.17,1.4,35.63,25.4,988,,,,,,,,,,,,,,,,,,,,,,,,,,,,,,,,,
8/4/2020,2020,8,4,15,30,141,720,9,0.17,1.5,36.31,25,988,,,,,,,,,,,,,,,,,,,,,,,,,,,,,,,,,
8/4/2020,2020,8,4,16,30,175,375,8.9,0.17,1.7,37.57,24.3,988,,,,,,,,,,,,,,,,,,,,,,,,,,,,,,,,,
8/4/2020,2020,8,4,17,30,87,547,8.9,0.17,1.7,38.7,23.8,987,,,,,,,,,,,,,,,,,,,,,,,,,,,,,,,,,
8/4/2020,2020,8,4,18,30,44,465,11.1,0.17,1.1,55.33,20.3,987,,,,,,,,,,,,,,,,,,,,,,,,,,,,,,,,,
8/4/2020,2020,8,4,19,30,2,18,11.5,0.17,0.9,64.44,18.3,988,,,,,,,,,,,,,,,,,,,,,,,,,,,,,,,,,
8/4/2020,2020,8,4,20,30,0,0,10.9,0.17,1,64.68,17.6,988,,,,,,,,,,,,,,,,,,,,,,,,,,,,,,,,,
8/4/2020,2020,8,4,21,30,0,0,10.6,0.17,1,65.69,17.1,988,,,,,,,,,,,,,,,,,,,,,,,,,,,,,,,,,
8/4/2020,2020,8,4,22,30,0,0,10.7,0.17,1,67.18,16.8,988,,,,,,,,,,,,,,,,,,,,,,,,,,,,,,,,,
8/4/2020,2020,8,4,23,30,0,0,10.8,0.17,0.9,69.13,16.5,988,,,,,,,,,,,,,,,,,,,,,,,,,,,,,,,,,
8/5/2020,2020,8,5,0,30,0,0,10.9,0.17,1,72.11,15.9,988,,,,,,,,,,,,,,,,,,,,,,,,,,,,,,,,,
8/5/2020,2020,8,5,1,30,0,0,10.8,0.17,1,74.99,15.2,988,,,,,,,,,,,,,,,,,,,,,,,,,,,,,,,,,
8/5/2020,2020,8,5,2,30,0,0,10.7,0.17,1,76.11,14.9,988,,,,,,,,,,,,,,,,,,,,,,,,,,,,,,,,,
8/5/2020,2020,8,5,3,30,0,0,10.8,0.17,0.9,77.6,14.7,988,,,,,,,,,,,,,,,,,,,,,,,,,,,,,,,,,
8/5/2020,2020,8,5,4,30,0,0,11,0.17,1,78.43,14.7,988,,,,,,,,,,,,,,,,,,,,,,,,,,,,,,,,,
8/5/2020,2020,8,5,5,30,11,0,11.2,0.17,1.6,74.79,15.7,989,,,,,,,,,,,,,,,,,,,,,,,,,,,,,,,,,
8/5/2020,2020,8,5,6,30,58,22,11.2,0.17,2,67.44,17.3,989,,,,,,,,,,,,,,,,,,,,,,,,,,,,,,,,,
8/5/2020,2020,8,5,7,30,100,4,11.4,0.17,2,61.6,18.9,989,,,,,,,,,,,,,,,,,,,,,,,,,,,,,,,,,
8/5/2020,2020,8,5,8,30,208,32,11.1,0.17,2.2,55.4,20.3,989,,,,,,,,,,,,,,,,,,,,,,,,,,,,,,,,,
8/5/2020,2020,8,5,9,30,221,514,11,0.17,2.4,50.46,21.7,989,,,,,,,,,,,,,,,,,,,,,,,,,,,,,,,,,
8/5/2020,2020,8,5,10,30,366,290,11.1,0.17,2.5,45.87,23.4,988,,,,,,,,,,,,,,,,,,,,,,,,,,,,,,,,,
8/5/2020,2020,8,5,11,30,307,504,11.3,0.17,2.6,42.67,24.9,987,,,,,,,,,,,,,,,,,,,,,,,,,,,,,,,,,
8/5/2020,2020,8,5,12,30,178,778,11.5,0.17,2.8,40.69,25.9,987,,,,,,,,,,,,,,,,,,,,,,,,,,,,,,,,,
8/5/2020,2020,8,5,13,30,386,99,11.8,0.17,2.9,40.82,26.1,986,,,,,,,,,,,,,,,,,,,,,,,,,,,,,,,,,
8/5/2020,2020,8,5,14,30,372,112,12,0.17,3,42.36,25.8,986,,,,,,,,,,,,,,,,,,,,,,,,,,,,,,,,,
8/5/2020,2020,8,5,15,30,216,461,12.3,0.17,3.1,44.48,25.3,986,,,,,,,,,,,,,,,,,,,,,,,,,,,,,,,,,
8/5/2020,2020,8,5,16,30,147,487,12.6,0.17,3.2,47.25,24.6,986,,,,,,,,,,,,,,,,,,,,,,,,,,,,,,,,,
8/5/2020,2020,8,5,17,30,81,588,13,0.17,3.2,49.44,24.2,986,,,,,,,,,,,,,,,,,,,,,,,,,,,,,,,,,
8/5/2020,2020,8,5,18,30,49,360,13.8,0.17,2.1,61.79,21.4,986,,,,,,,,,,,,,,,,,,,,,,,,,,,,,,,,,
8/5/2020,2020,8,5,19,30,1,2,14.3,0.17,1.9,71.36,19.6,986,,,,,,,,,,,,,,,,,,,,,,,,,,,,,,,,,
8/5/2020,2020,8,5,20,30,0,0,14.3,0.17,2.2,74.74,18.9,986,,,,,,,,,,,,,,,,,,,,,,,,,,,,,,,,,
8/5/2020,2020,8,5,21,30,0,0,14.4,0.17,2.4,77.93,18.3,987,,,,,,,,,,,,,,,,,,,,,,,,,,,,,,,,,
8/5/2020,2020,8,5,22,30,0,0,14.4,0.17,2.6,80.9,17.7,987,,,,,,,,,,,,,,,,,,,,,,,,,,,,,,,,,
8/5/2020,2020,8,5,23,30,0,0,14.3,0.17,2.6,83.18,17.2,987,,,,,,,,,,,,,,,,,,,,,,,,,,,,,,,,,
8/6/2020,2020,8,6,0,30,0,0,14.2,0.17,2.7,85.45,16.7,987,,,,,,,,,,,,,,,,,,,,,,,,,,,,,,,,,
8/6/2020,2020,8,6,1,30,0,0,14.2,0.17,2.8,86.82,16.4,987,,,,,,,,,,,,,,,,,,,,,,,,,,,,,,,,,
8/6/2020,2020,8,6,2,30,0,0,14.2,0.17,2.7,88.53,16.1,987,,,,,,,,,,,,,,,,,,,,,,,,,,,,,,,,,
8/6/2020,2020,8,6,3,30,0,0,14.3,0.17,2.7,88.86,16.1,987,,,,,,,,,,,,,,,,,,,,,,,,,,,,,,,,,
8/6/2020,2020,8,6,4,30,0,0,14.4,0.17,2.6,89.51,16.1,987,,,,,,,,,,,,,,,,,,,,,,,,,,,,,,,,,
8/6/2020,2020,8,6,5,30,8,0,14.5,0.17,2.6,88.07,16.5,987,,,,,,,,,,,,,,,,,,,,,,,,,,,,,,,,,
8/6/2020,2020,8,6,6,30,55,277,14.7,0.17,2.9,83.88,17.5,987,,,,,,,,,,,,,,,,,,,,,,,,,,,,,,,,,
8/6/2020,2020,8,6,7,30,111,185,15,0.17,3.5,76.27,19.3,987,,,,,,,,,,,,,,,,,,,,,,,,,,,,,,,,,
8/6/2020,2020,8,6,8,30,135,650,15,0.17,4.2,65.71,21.7,987,,,,,,,,,,,,,,,,,,,,,,,,,,,,,,,,,
8/6/2020,2020,8,6,9,30,208,548,15.1,0.17,4.6,58.57,23.7,987,,,,,,,,,,,,,,,,,,,,,,,,,,,,,,,,,
8/6/2020,2020,8,6,10,30,232,563,15.4,0.17,4.6,55.28,25,987,,,,,,,,,,,,,,,,,,,,,,,,,,,,,,,,,
8/6/2020,2020,8,6,11,30,141,7,15.8,0.17,4.5,53.84,25.9,986,,,,,,,,,,,,,,,,,,,,,,,,,,,,,,,,,
8/6/2020,2020,8,6,12,30,74,0,16.3,0.17,4.3,53.96,26.4,986,,,,,,,,,,,,,,,,,,,,,,,,,,,,,,,,,
8/6/2020,2020,8,6,13,30,124,3,17,0.17,4.1,54.83,26.8,985,,,,,,,,,,,,,,,,,,,,,,,,,,,,,,,,,
8/6/2020,2020,8,6,14,30,169,9,17.7,0.17,3.9,57.52,26.8,985,,,,,,,,,,,,,,,,,,,,,,,,,,,,,,,,,
8/6/2020,2020,8,6,15,30,254,268,18.3,0.17,3.7,60.7,26.5,984,,,,,,,,,,,,,,,,,,,,,,,,,,,,,,,,,
8/6/2020,2020,8,6,16,30,116,657,18.7,0.17,3.5,64.49,25.9,984,,,,,,,,,,,,,,,,,,,,,,,,,,,,,,,,,
8/6/2020,2020,8,6,17,30,92,527,19,0.17,3.4,67.79,25.4,984,,,,,,,,,,,,,,,,,,,,,,,,,,,,,,,,,
8/6/2020,2020,8,6,18,30,53,291,19.5,0.16,2.6,80.56,23,985,,,,,,,,,,,,,,,,,,,,,,,,,,,,,,,,,
8/6/2020,2020,8,6,19,30,1,5,19.4,0.16,2.8,87.18,21.6,985,,,,,,,,,,,,,,,,,,,,,,,,,,,,,,,,,
8/6/2020,2020,8,6,20,30,0,0,19.1,0.16,3.1,89.53,20.9,986,,,,,,,,,,,,,,,,,,,,,,,,,,,,,,,,,
8/6/2020,2020,8,6,21,30,0,0,18.7,0.16,3.1,91.25,20.2,986,,,,,,,,,,,,,,,,,,,,,,,,,,,,,,,,,
8/6/2020,2020,8,6,22,30,0,0,18.1,0.16,3.2,91.27,19.6,986,,,,,,,,,,,,,,,,,,,,,,,,,,,,,,,,,
8/6/2020,2020,8,6,23,30,0,0,17.5,0.16,3.2,91.04,19,986,,,,,,,,,,,,,,,,,,,,,,,,,,,,,,,,,
8/7/2020,2020,8,7,0,30,0,0,17,0.16,3.2,91.18,18.5,986,,,,,,,,,,,,,,,,,,,,,,,,,,,,,,,,,
8/7/2020,2020,8,7,1,30,0,0,16.8,0.16,3.2,91.43,18.2,986,,,,,,,,,,,,,,,,,,,,,,,,,,,,,,,,,
8/7/2020,2020,8,7,2,30,0,0,16.6,0.16,3.1,92.15,17.9,986,,,,,,,,,,,,,,,,,,,,,,,,,,,,,,,,,
8/7/2020,2020,8,7,3,30,0,0,16.5,0.16,3,93.12,17.6,986,,,,,,,,,,,,,,,,,,,,,,,,,,,,,,,,,
8/7/2020,2020,8,7,4,30,0,0,16.3,0.16,3,91.98,17.6,986,,,,,,,,,,,,,,,,,,,,,,,,,,,,,,,,,
8/7/2020,2020,8,7,5,30,15,82,16.1,0.16,3.2,87.68,18.2,986,,,,,,,,,,,,,,,,,,,,,,,,,,,,,,,,,
8/7/2020,2020,8,7,6,30,65,414,16.5,0.16,3.5,80.98,19.9,986,,,,,,,,,,,,,,,,,,,,,,,,,,,,,,,,,
8/7/2020,2020,8,7,7,30,99,586,17.4,0.16,3.8,72.91,22.5,986,,,,,,,,,,,,,,,,,,,,,,,,,,,,,,,,,
8/7/2020,2020,8,7,8,30,127,675,18.6,0.16,4.2,65.48,25.5,986,,,,,,,,,,,,,,,,,,,,,,,,,,,,,,,,,
8/7/2020,2020,8,7,9,30,151,724,19.7,0.16,4.5,61.4,27.8,986,,,,,,,,,,,,,,,,,,,,,,,,,,,,,,,,,
8/7/2020,2020,8,7,10,30,174,739,20.4,0.16,4.9,58.49,29.4,985,,,,,,,,,,,,,,,,,,,,,,,,,,,,,,,,,
8/7/2020,2020,8,7,11,30,266,605,20.9,0.16,5.1,57.59,30.2,985,,,,,,,,,,,,,,,,,,,,,,,,,,,,,,,,,
8/7/2020,2020,8,7,12,30,205,722,21.3,0.16,5.2,57.98,30.5,984,,,,,,,,,,,,,,,,,,,,,,,,,,,,,,,,,
8/7/2020,2020,8,7,13,30,376,304,21.6,0.16,5.2,60.31,30.1,984,,,,,,,,,,,,,,,,,,,,,,,,,,,,,,,,,
8/7/2020,2020,8,7,14,30,371,156,21.8,0.16,5,63.5,29.4,984,,,,,,,,,,,,,,,,,,,,,,,,,,,,,,,,,
8/7/2020,2020,8,7,15,30,280,256,22,0.16,4.7,66.67,28.8,983,,,,,,,,,,,,,,,,,,,,,,,,,,,,,,,,,
8/7/2020,2020,8,7,16,30,147,310,22.3,0.16,4.3,71,28,983,,,,,,,,,,,,,,,,,,,,,,,,,,,,,,,,,
8/7/2020,2020,8,7,17,30,99,481,22.6,0.16,4,74.09,27.6,983,,,,,,,,,,,,,,,,,,,,,,,,,,,,,,,,,
8/7/2020,2020,8,7,18,30,53,268,22.8,0.16,3.5,82.67,26,984,,,,,,,,,,,,,,,,,,,,,,,,,,,,,,,,,
8/7/2020,2020,8,7,19,30,1,4,22.8,0.16,3.4,87.26,25.1,984,,,,,,,,,,,,,,,,,,,,,,,,,,,,,,,,,
8/7/2020,2020,8,7,20,30,0,0,22.7,0.16,3.3,90.19,24.4,984,,,,,,,,,,,,,,,,,,,,,,,,,,,,,,,,,
8/7/2020,2020,8,7,21,30,0,0,22.3,0.16,3.4,92.05,23.7,984,,,,,,,,,,,,,,,,,,,,,,,,,,,,,,,,,
8/7/2020,2020,8,7,22,30,0,0,21.8,0.16,3.5,91.51,23.3,984,,,,,,,,,,,,,,,,,,,,,,,,,,,,,,,,,
8/7/2020,2020,8,7,23,30,0,0,21.4,0.16,3.8,90.13,23.1,984,,,,,,,,,,,,,,,,,,,,,,,,,,,,,,,,,
8/8/2020,2020,8,8,0,30,0,0,21.3,0.16,4.1,88.3,23.3,984,,,,,,,,,,,,,,,,,,,,,,,,,,,,,,,,,
8/8/2020,2020,8,8,1,30,0,0,21.2,0.16,4.3,87.66,23.4,984,,,,,,,,,,,,,,,,,,,,,,,,,,,,,,,,,
8/8/2020,2020,8,8,2,30,0,0,21.2,0.16,4.3,87.83,23.3,984,,,,,,,,,,,,,,,,,,,,,,,,,,,,,,,,,
8/8/2020,2020,8,8,3,30,0,0,21.1,0.16,4.1,88.71,23.1,985,,,,,,,,,,,,,,,,,,,,,,,,,,,,,,,,,
8/8/2020,2020,8,8,4,30,0,0,21.1,0.16,3.7,90.33,22.8,985,,,,,,,,,,,,,,,,,,,,,,,,,,,,,,,,,
8/8/2020,2020,8,8,5,30,13,50,21.2,0.16,3.6,88.95,23.1,985,,,,,,,,,,,,,,,,,,,,,,,,,,,,,,,,,
8/8/2020,2020,8,8,6,30,72,343,21.3,0.16,3.9,81.59,24.7,985,,,,,,,,,,,,,,,,,,,,,,,,,,,,,,,,,
8/8/2020,2020,8,8,7,30,108,525,21.7,0.16,4.4,73.49,26.8,984,,,,,,,,,,,,,,,,,,,,,,,,,,,,,,,,,
8/8/2020,2020,8,8,8,30,131,659,22,0.16,4.6,67.25,28.7,984,,,,,,,,,,,,,,,,,,,,,,,,,,,,,,,,,
8/8/2020,2020,8,8,9,30,152,717,22.3,0.16,4.7,63.42,30,984,,,,,,,,,,,,,,,,,,,,,,,,,,,,,,,,,
8/8/2020,2020,8,8,10,30,171,744,22.5,0.16,4.6,60.65,31,984,,,,,,,,,,,,,,,,,,,,,,,,,,,,,,,,,
8/8/2020,2020,8,8,11,30,165,784,22.5,0.16,4.5,58.06,31.8,984,,,,,,,,,,,,,,,,,,,,,,,,,,,,,,,,,
8/8/2020,2020,8,8,12,30,144,824,22.5,0.16,4.4,55.87,32.4,984,,,,,,,,,,,,,,,,,,,,,,,,,,,,,,,,,
8/8/2020,2020,8,8,13,30,131,829,22.4,0.16,4.2,54.91,32.6,983,,,,,,,,,,,,,,,,,,,,,,,,,,,,,,,,,
8/8/2020,2020,8,8,14,30,120,817,22.3,0.16,3.9,55.02,32.5,983,,,,,,,,,,,,,,,,,,,,,,,,,,,,,,,,,
8/8/2020,2020,8,8,15,30,108,780,22.2,0.16,3.7,56.4,32,983,,,,,,,,,,,,,,,,,,,,,,,,,,,,,,,,,
8/8/2020,2020,8,8,16,30,96,705,22.2,0.16,3.5,59.22,31.1,983,,,,,,,,,,,,,,,,,,,,,,,,,,,,,,,,,
8/8/2020,2020,8,8,17,30,78,575,22.3,0.16,3.4,61.14,30.6,983,,,,,,,,,,,,,,,,,,,,,,,,,,,,,,,,,
8/8/2020,2020,8,8,18,30,47,312,22.7,0.16,2.1,74.24,27.7,984,,,,,,,,,,,,,,,,,,,,,,,,,,,,,,,,,
8/8/2020,2020,8,8,19,30,0,0,23,0.16,1.9,82.57,26.2,984,,,,,,,,,,,,,,,,,,,,,,,,,,,,,,,,,
8/8/2020,2020,8,8,20,30,0,0,23.3,0.16,2.4,87.23,25.6,985,,,,,,,,,,,,,,,,,,,,,,,,,,,,,,,,,
8/8/2020,2020,8,8,21,30,0,0,23.7,0.16,2.7,91.83,25.1,985,,,,,,,,,,,,,,,,,,,,,,,,,,,,,,,,,
8/8/2020,2020,8,8,22,30,0,0,23.9,0.16,2.8,96.16,24.6,985,,,,,,,,,,,,,,,,,,,,,,,,,,,,,,,,,
8/8/2020,2020,8,8,23,30,0,0,24,0.16,2.6,98.41,24.3,984,,,,,,,,,,,,,,,,,,,,,,,,,,,,,,,,,
8/9/2020,2020,8,9,0,30,0,0,24,0.16,2.4,99.84,24,984,,,,,,,,,,,,,,,,,,,,,,,,,,,,,,,,,
8/9/2020,2020,8,9,1,30,0,0,23.9,0.16,2.5,99.8,23.9,984,,,,,,,,,,,,,,,,,,,,,,,,,,,,,,,,,
8/9/2020,2020,8,9,2,30,0,0,23.8,0.16,2.5,99.71,23.8,983,,,,,,,,,,,,,,,,,,,,,,,,,,,,,,,,,
8/9/2020,2020,8,9,3,30,0,0,23.7,0.16,2.3,99.88,23.7,983,,,,,,,,,,,,,,,,,,,,,,,,,,,,,,,,,
8/9/2020,2020,8,9,4,30,0,0,23.6,0.16,2.3,100,23.6,983,,,,,,,,,,,,,,,,,,,,,,,,,,,,,,,,,
8/9/2020,2020,8,9,5,30,10,18,23.6,0.16,2.8,97.72,24,983,,,,,,,,,,,,,,,,,,,,,,,,,,,,,,,,,
8/9/2020,2020,8,9,6,30,45,194,23.7,0.16,3.2,91.55,25.2,983,,,,,,,,,,,,,,,,,,,,,,,,,,,,,,,,,
8/9/2020,2020,8,9,7,30,36,37,23.9,0.16,3.5,81.14,27.4,983,,,,,,,,,,,,,,,,,,,,,,,,,,,,,,,,,
8/9/2020,2020,8,9,8,30,218,362,23.4,0.16,3.7,67.08,30.2,982,,,,,,,,,,,,,,,,,,,,,,,,,,,,,,,,,
8/9/2020,2020,8,9,9,30,298,315,22.1,0.16,4,54.99,32.3,982,,,,,,,,,,,,,,,,,,,,,,,,,,,,,,,,,
8/9/2020,2020,8,9,10,30,198,8,21.4,0.16,4.5,49.59,33.4,982,,,,,,,,,,,,,,,,,,,,,,,,,,,,,,,,,
8/9/2020,2020,8,9,11,30,421,115,21.1,0.16,5,47.35,33.9,981,,,,,,,,,,,,,,,,,,,,,,,,,,,,,,,,,
8/9/2020,2020,8,9,12,30,149,810,21,0.16,5.2,46.52,34.1,981,,,,,,,,,,,,,,,,,,,,,,,,,,,,,,,,,
8/9/2020,2020,8,9,13,30,108,869,21,0.16,5.2,46.87,33.9,981,,,,,,,,,,,,,,,,,,,,,,,,,,,,,,,,,
8/9/2020,2020,8,9,14,30,99,857,20.8,0.16,5,46.81,33.7,981,,,,,,,,,,,,,,,,,,,,,,,,,,,,,,,,,
8/9/2020,2020,8,9,15,30,89,825,20.5,0.16,4.7,47.36,33.2,980,,,,,,,,,,,,,,,,,,,,,,,,,,,,,,,,,
8/9/2020,2020,8,9,16,30,79,756,20.5,0.16,4.4,49.74,32.3,980,,,,,,,,,,,,,,,,,,,,,,,,,,,,,,,,,
8/9/2020,2020,8,9,17,30,64,633,20.9,0.16,4.1,52.77,31.7,980,,,,,,,,,,,,,,,,,,,,,,,,,,,,,,,,,
8/9/2020,2020,8,9,18,30,41,376,21.8,0.16,2.6,67.15,28.5,981,,,,,,,,,,,,,,,,,,,,,,,,,,,,,,,,,
8/9/2020,2020,8,9,19,30,0,0,22.6,0.16,2.1,77.49,26.9,981,,,,,,,,,,,,,,,,,,,,,,,,,,,,,,,,,
8/9/2020,2020,8,9,20,30,0,0,23.4,0.16,2.2,85.53,26,981,,,,,,,,,,,,,,,,,,,,,,,,,,,,,,,,,
8/9/2020,2020,8,9,21,30,0,0,24,0.16,2.2,92.6,25.3,982,,,,,,,,,,,,,,,,,,,,,,,,,,,,,,,,,
8/9/2020,2020,8,9,22,30,0,0,24.4,0.16,2.1,97.49,24.8,982,,,,,,,,,,,,,,,,,,,,,,,,,,,,,,,,,
8/9/2020,2020,8,9,23,30,0,0,24.4,0.16,1.9,100,24.4,981,,,,,,,,,,,,,,,,,,,,,,,,,,,,,,,,,
8/10/2020,2020,8,10,0,30,0,0,24.2,0.16,1.7,100,24.2,981,,,,,,,,,,,,,,,,,,,,,,,,,,,,,,,,,
8/10/2020,2020,8,10,1,30,0,0,24,0.16,1.8,100,24,981,,,,,,,,,,,,,,,,,,,,,,,,,,,,,,,,,
8/10/2020,2020,8,10,2,30,0,0,23.9,0.16,2,100,23.9,981,,,,,,,,,,,,,,,,,,,,,,,,,,,,,,,,,
8/10/2020,2020,8,10,3,30,0,0,23.8,0.16,2.1,100,23.8,980,,,,,,,,,,,,,,,,,,,,,,,,,,,,,,,,,
8/10/2020,2020,8,10,4,30,0,0,23.7,0.16,2.3,99.66,23.8,980,,,,,,,,,,,,,,,,,,,,,,,,,,,,,,,,,
8/10/2020,2020,8,10,5,30,12,65,23.6,0.16,2.6,95.08,24.4,981,,,,,,,,,,,,,,,,,,,,,,,,,,,,,,,,,
8/10/2020,2020,8,10,6,30,60,410,23.7,0.16,2.7,89.39,25.6,981,,,,,,,,,,,,,,,,,,,,,,,,,,,,,,,,,
8/10/2020,2020,8,10,7,30,89,600,24.2,0.16,2.8,85.46,26.8,981,,,,,,,,,,,,,,,,,,,,,,,,,,,,,,,,,
8/10/2020,2020,8,10,8,30,166,493,24.2,0.16,3.4,83.4,27.3,982,,,,,,,,,,,,,,,,,,,,,,,,,,,,,,,,,
8/10/2020,2020,8,10,9,30,175,17,23.9,0.16,3.8,82.68,27.1,982,,,,,,,,,,,,,,,,,,,,,,,,,,,,,,,,,
8/10/2020,2020,8,10,10,30,29,0,23.3,0.16,3.4,81.17,26.8,982,,,,,,,,,,,,,,,,,,,,,,,,,,,,,,,,,
8/10/2020,2020,8,10,11,30,36,0,22.9,0.16,2.5,79.56,26.7,982,,,,,,,,,,,,,,,,,,,,,,,,,,,,,,,,,
8/10/2020,2020,8,10,12,30,169,11,22.7,0.16,1.6,78.42,26.8,982,,,,,,,,,,,,,,,,,,,,,,,,,,,,,,,,,
8/10/2020,2020,8,10,13,30,357,102,22.8,0.16,1.1,77.71,27,982,,,,,,,,,,,,,,,,,,,,,,,,,,,,,,,,,
8/10/2020,2020,8,10,14,30,337,123,22.7,0.16,1.5,78.31,26.8,982,,,,,,,,,,,,,,,,,,,,,,,,,,,,,,,,,
8/10/2020,2020,8,10,15,30,278,278,22.5,0.16,2.2,80.07,26.2,982,,,,,,,,,,,,,,,,,,,,,,,,,,,,,,,,,
8/10/2020,2020,8,10,16,30,130,581,22,0.16,2.5,82.01,25.3,982,,,,,,,,,,,,,,,,,,,,,,,,,,,,,,,,,
8/10/2020,2020,8,10,17,30,89,508,21.4,0.16,2.5,81.57,24.8,982,,,,,,,,,,,,,,,,,,,,,,,,,,,,,,,,,
8/10/2020,2020,8,10,18,30,44,313,20.8,0.16,1.6,90.01,22.5,983,,,,,,,,,,,,,,,,,,,,,,,,,,,,,,,,,
8/10/2020,2020,8,10,19,30,0,0,19.6,0.16,1.2,91.31,21.1,984,,,,,,,,,,,,,,,,,,,,,,,,,,,,,,,,,
8/10/2020,2020,8,10,20,30,0,0,18.5,0.16,1.1,89.99,20.2,984,,,,,,,,,,,,,,,,,,,,,,,,,,,,,,,,,
8/10/2020,2020,8,10,21,30,0,0,17.6,0.16,1.1,89.54,19.4,984,,,,,,,,,,,,,,,,,,,,,,,,,,,,,,,,,
8/10/2020,2020,8,10,22,30,0,0,17,0.16,1.1,89.75,18.7,984,,,,,,,,,,,,,,,,,,,,,,,,,,,,,,,,,
8/10/2020,2020,8,10,23,30,0,0,16.5,0.16,1.1,90.27,18.1,984,,,,,,,,,,,,,,,,,,,,,,,,,,,,,,,,,
8/11/2020,2020,8,11,0,30,0,0,16.1,0.16,1.1,91.22,17.5,984,,,,,,,,,,,,,,,,,,,,,,,,,,,,,,,,,
8/11/2020,2020,8,11,1,30,0,0,15.7,0.16,1,92.94,16.8,985,,,,,,,,,,,,,,,,,,,,,,,,,,,,,,,,,
8/11/2020,2020,8,11,2,30,0,0,15.2,0.16,0.8,93.93,16.2,985,,,,,,,,,,,,,,,,,,,,,,,,,,,,,,,,,
8/11/2020,2020,8,11,3,30,0,0,14.8,0.16,0.7,93.39,15.9,985,,,,,,,,,,,,,,,,,,,,,,,,,,,,,,,,,
8/11/2020,2020,8,11,4,30,0,0,14.7,0.16,0.7,92.69,15.9,986,,,,,,,,,,,,,,,,,,,,,,,,,,,,,,,,,
8/11/2020,2020,8,11,5,30,12,108,14.8,0.16,1.2,88.59,16.7,986,,,,,,,,,,,,,,,,,,,,,,,,,,,,,,,,,
8/11/2020,2020,8,11,6,30,49,538,15,0.16,1.7,80.83,18.4,986,,,,,,,,,,,,,,,,,,,,,,,,,,,,,,,,,
8/11/2020,2020,8,11,7,30,66,729,15.9,0.16,2,71.42,21.3,986,,,,,,,,,,,,,,,,,,,,,,,,,,,,,,,,,
8/11/2020,2020,8,11,8,30,78,828,14.5,0.16,2.3,54.39,24.3,986,,,,,,,,,,,,,,,,,,,,,,,,,,,,,,,,,
8/11/2020,2020,8,11,9,30,83,884,13.4,0.16,2.3,44.94,26.3,986,,,,,,,,,,,,,,,,,,,,,,,,,,,,,,,,,
8/11/2020,2020,8,11,10,30,90,912,13.3,0.16,2.2,41.45,27.6,986,,,,,,,,,,,,,,,,,,,,,,,,,,,,,,,,,
8/11/2020,2020,8,11,11,30,92,928,13.5,0.16,2.2,39.61,28.6,985,,,,,,,,,,,,,,,,,,,,,,,,,,,,,,,,,
8/11/2020,2020,8,11,12,30,91,932,13.8,0.16,2.3,38.75,29.3,985,,,,,,,,,,,,,,,,,,,,,,,,,,,,,,,,,
8/11/2020,2020,8,11,13,30,89,921,14.1,0.16,2.4,38.59,29.7,985,,,,,,,,,,,,,,,,,,,,,,,,,,,,,,,,,
8/11/2020,2020,8,11,14,30,104,863,14.4,0.16,2.5,39.46,29.6,984,,,,,,,,,,,,,,,,,,,,,,,,,,,,,,,,,
8/11/2020,2020,8,11,15,30,86,848,14.5,0.16,2.5,40.84,29.2,984,,,,,,,,,,,,,,,,,,,,,,,,,,,,,,,,,
8/11/2020,2020,8,11,16,30,76,781,14.6,0.16,2.3,43.02,28.4,984,,,,,,,,,,,,,,,,,,,,,,,,,,,,,,,,,
8/11/2020,2020,8,11,17,30,61,662,15.3,0.16,2.2,46.5,27.8,984,,,,,,,,,,,,,,,,,,,,,,,,,,,,,,,,,
8/11/2020,2020,8,11,18,30,38,411,17,0.16,1.4,65.08,24,984,,,,,,,,,,,,,,,,,,,,,,,,,,,,,,,,,
8/11/2020,2020,8,11,19,30,0,0,16.2,0.16,1.5,68.94,22.2,985,,,,,,,,,,,,,,,,,,,,,,,,,,,,,,,,,
8/11/2020,2020,8,11,20,30,0,0,15.9,0.16,1.6,70.47,21.5,985,,,,,,,,,,,,,,,,,,,,,,,,,,,,,,,,,
8/11/2020,2020,8,11,21,30,0,0,15.9,0.16,1.6,74.14,20.7,985,,,,,,,,,,,,,,,,,,,,,,,,,,,,,,,,,
8/11/2020,2020,8,11,22,30,0,0,16.2,0.16,1.3,78.11,20.1,985,,,,,,,,,,,,,,,,,,,,,,,,,,,,,,,,,
8/11/2020,2020,8,11,23,30,0,0,16.5,0.16,1.1,82.78,19.5,985,,,,,,,,,,,,,,,,,,,,,,,,,,,,,,,,,
8/12/2020,2020,8,12,0,30,0,0,16.8,0.16,1,86.38,19.1,985,,,,,,,,,,,,,,,,,,,,,,,,,,,,,,,,,
8/12/2020,2020,8,12,1,30,0,0,16.9,0.16,0.9,88.8,18.8,986,,,,,,,,,,,,,,,,,,,,,,,,,,,,,,,,,
8/12/2020,2020,8,12,2,30,0,0,16.9,0.16,1.1,90.13,18.5,986,,,,,,,,,,,,,,,,,,,,,,,,,,,,,,,,,
8/12/2020,2020,8,12,3,30,0,0,16.6,0.16,1.4,89.47,18.4,986,,,,,,,,,,,,,,,,,,,,,,,,,,,,,,,,,
8/12/2020,2020,8,12,4,30,0,0,16.3,0.16,1.9,87.73,18.4,986,,,,,,,,,,,,,,,,,,,,,,,,,,,,,,,,,
8/12/2020,2020,8,12,5,30,11,60,16.1,0.16,2.5,82.17,19.2,987,,,,,,,,,,,,,,,,,,,,,,,,,,,,,,,,,
8/12/2020,2020,8,12,6,30,60,404,16.1,0.16,3,72.96,21.1,986,,,,,,,,,,,,,,,,,,,,,,,,,,,,,,,,,
8/12/2020,2020,8,12,7,30,93,593,16.7,0.16,3.4,64.26,23.9,986,,,,,,,,,,,,,,,,,,,,,,,,,,,,,,,,,
8/12/2020,2020,8,12,8,30,133,631,18.1,0.16,3.6,59.85,26.5,986,,,,,,,,,,,,,,,,,,,,,,,,,,,,,,,,,
8/12/2020,2020,8,12,9,30,209,539,19,0.16,3.4,57.03,28.3,986,,,,,,,,,,,,,,,,,,,,,,,,,,,,,,,,,
8/12/2020,2020,8,12,10,30,356,64,19.6,0.16,3.2,56.27,29.2,986,,,,,,,,,,,,,,,,,,,,,,,,,,,,,,,,,
8/12/2020,2020,8,12,11,30,421,206,20,0.16,3.1,56.65,29.5,985,,,,,,,,,,,,,,,,,,,,,,,,,,,,,,,,,
8/12/2020,2020,8,12,12,30,399,352,20.4,0.16,3.1,57.15,29.8,985,,,,,,,,,,,,,,,,,,,,,,,,,,,,,,,,,
8/12/2020,2020,8,12,13,30,399,300,20.8,0.16,3.1,58.29,29.9,985,,,,,,,,,,,,,,,,,,,,,,,,,,,,,,,,,
8/12/2020,2020,8,12,14,30,363,198,21.1,0.16,3,60.54,29.5,984,,,,,,,,,,,,,,,,,,,,,,,,,,,,,,,,,
8/12/2020,2020,8,12,15,30,250,403,21.5,0.16,2.6,63.95,29,984,,,,,,,,,,,,,,,,,,,,,,,,,,,,,,,,,
8/12/2020,2020,8,12,16,30,184,339,22,0.16,2.2,68.74,28.3,984,,,,,,,,,,,,,,,,,,,,,,,,,,,,,,,,,
8/12/2020,2020,8,12,17,30,97,56,22.4,0.16,2,72.14,27.9,984,,,,,,,,,,,,,,,,,,,,,,,,,,,,,,,,,
8/12/2020,2020,8,12,18,30,36,4,22.4,0.16,1.8,80.87,25.9,984,,,,,,,,,,,,,,,,,,,,,,,,,,,,,,,,,
8/12/2020,2020,8,12,19,30,0,0,22.2,0.16,2.2,82.75,25.3,984,,,,,,,,,,,,,,,,,,,,,,,,,,,,,,,,,
8/12/2020,2020,8,12,20,30,0,0,22.2,0.16,2.6,85.01,24.9,985,,,,,,,,,,,,,,,,,,,,,,,,,,,,,,,,,
8/12/2020,2020,8,12,21,30,0,0,22.2,0.16,2.8,87.29,24.5,985,,,,,,,,,,,,,,,,,,,,,,,,,,,,,,,,,
8/12/2020,2020,8,12,22,30,0,0,22.3,0.16,2.9,89.85,24.1,985,,,,,,,,,,,,,,,,,,,,,,,,,,,,,,,,,
8/12/2020,2020,8,12,23,30,0,0,22.4,0.16,2.9,92.49,23.7,985,,,,,,,,,,,,,,,,,,,,,,,,,,,,,,,,,
8/13/2020,2020,8,13,0,30,0,0,22.4,0.16,2.7,95.34,23.2,985,,,,,,,,,,,,,,,,,,,,,,,,,,,,,,,,,
8/13/2020,2020,8,13,1,30,0,0,22.3,0.16,2.2,97.83,22.7,985,,,,,,,,,,,,,,,,,,,,,,,,,,,,,,,,,
8/13/2020,2020,8,13,2,30,0,0,22.1,0.16,1.8,100,22.1,985,,,,,,,,,,,,,,,,,,,,,,,,,,,,,,,,,
8/13/2020,2020,8,13,3,30,0,0,21.6,0.16,1.5,100,21.6,985,,,,,,,,,,,,,,,,,,,,,,,,,,,,,,,,,
8/13/2020,2020,8,13,4,30,0,0,21.4,0.16,1.4,100,21.4,985,,,,,,,,,,,,,,,,,,,,,,,,,,,,,,,,,
8/13/2020,2020,8,13,5,30,4,0,21.9,0.16,1.9,98.66,22.1,985,,,,,,,,,,,,,,,,,,,,,,,,,,,,,,,,,
8/13/2020,2020,8,13,6,30,73,114,21.9,0.16,2.5,88.78,23.9,986,,,,,,,,,,,,,,,,,,,,,,,,,,,,,,,,,
8/13/2020,2020,8,13,7,30,94,585,21.9,0.16,2.7,77.08,26.2,985,,,,,,,,,,,,,,,,,,,,,,,,,,,,,,,,,
8/13/2020,2020,8,13,8,30,107,713,21.4,0.16,2.9,66.01,28.4,985,,,,,,,,,,,,,,,,,,,,,,,,,,,,,,,,,
8/13/2020,2020,8,13,9,30,114,790,21.3,0.16,3.1,59.56,30,986,,,,,,,,,,,,,,,,,,,,,,,,,,,,,,,,,
8/13/2020,2020,8,13,10,30,191,684,21.1,0.16,3.5,55.97,30.9,985,,,,,,,,,,,,,,,,,,,,,,,,,,,,,,,,,
8/13/2020,2020,8,13,11,30,409,203,20.9,0.16,3.7,54.2,31.3,985,,,,,,,,,,,,,,,,,,,,,,,,,,,,,,,,,
8/13/2020,2020,8,13,12,30,365,145,20.8,0.16,3.6,53.45,31.4,984,,,,,,,,,,,,,,,,,,,,,,,,,,,,,,,,,
8/13/2020,2020,8,13,13,30,390,272,20.7,0.16,3.3,53.69,31.2,984,,,,,,,,,,,,,,,,,,,,,,,,,,,,,,,,,
8/13/2020,2020,8,13,14,30,163,723,20.5,0.16,2.9,54.46,30.7,984,,,,,,,,,,,,,,,,,,,,,,,,,,,,,,,,,
8/13/2020,2020,8,13,15,30,122,745,20.4,0.16,2.6,55.75,30.2,984,,,,,,,,,,,,,,,,,,,,,,,,,,,,,,,,,
8/13/2020,2020,8,13,16,30,188,334,20.5,0.16,2.4,58.87,29.4,984,,,,,,,,,,,,,,,,,,,,,,,,,,,,,,,,,
8/13/2020,2020,8,13,17,30,85,499,20.9,0.16,2.2,62.1,28.9,984,,,,,,,,,,,,,,,,,,,,,,,,,,,,,,,,,
8/13/2020,2020,8,13,18,30,42,289,21.2,0.16,1.6,73.29,26.4,984,,,,,,,,,,,,,,,,,,,,,,,,,,,,,,,,,
8/13/2020,2020,8,13,19,30,0,0,20.9,0.16,1.6,76.94,25.2,984,,,,,,,,,,,,,,,,,,,,,,,,,,,,,,,,,
8/13/2020,2020,8,13,20,30,0,0,20.9,0.16,1.7,79.81,24.6,984,,,,,,,,,,,,,,,,,,,,,,,,,,,,,,,,,
8/13/2020,2020,8,13,21,30,0,0,21,0.16,1.6,83.51,24,985,,,,,,,,,,,,,,,,,,,,,,,,,,,,,,,,,
8/13/2020,2020,8,13,22,30,0,0,21.2,0.16,1.5,87.63,23.4,985,,,,,,,,,,,,,,,,,,,,,,,,,,,,,,,,,
8/13/2020,2020,8,13,23,30,0,0,21.4,0.16,1.4,91.53,22.9,985,,,,,,,,,,,,,,,,,,,,,,,,,,,,,,,,,
8/14/2020,2020,8,14,0,30,0,0,21.6,0.16,1.4,94.75,22.5,984,,,,,,,,,,,,,,,,,,,,,,,,,,,,,,,,,
8/14/2020,2020,8,14,1,30,0,0,21.7,0.16,1.3,97.66,22.1,984,,,,,,,,,,,,,,,,,,,,,,,,,,,,,,,,,
8/14/2020,2020,8,14,2,30,0,0,21.7,0.16,1.2,100,21.7,984,,,,,,,,,,,,,,,,,,,,,,,,,,,,,,,,,
8/14/2020,2020,8,14,3,30,0,0,21.2,0.16,1.1,100,21.2,984,,,,,,,,,,,,,,,,,,,,,,,,,,,,,,,,,
8/14/2020,2020,8,14,4,30,0,0,21,0.16,1.2,100,21,984,,,,,,,,,,,,,,,,,,,,,,,,,,,,,,,,,
8/14/2020,2020,8,14,5,30,9,50,21.6,0.16,1.8,98.51,21.8,984,,,,,,,,,,,,,,,,,,,,,,,,,,,,,,,,,
8/14/2020,2020,8,14,6,30,58,418,21.6,0.16,2.4,89.09,23.5,985,,,,,,,,,,,,,,,,,,,,,,,,,,,,,,,,,
8/14/2020,2020,8,14,7,30,87,615,21.7,0.16,2.8,80.05,25.4,985,,,,,,,,,,,,,,,,,,,,,,,,,,,,,,,,,
8/14/2020,2020,8,14,8,30,108,720,21.5,0.16,3,72.04,27,985,,,,,,,,,,,,,,,,,,,,,,,,,,,,,,,,,
8/14/2020,2020,8,14,9,30,121,781,21.3,0.16,3.1,66.44,28.1,985,,,,,,,,,,,,,,,,,,,,,,,,,,,,,,,,,
8/14/2020,2020,8,14,10,30,130,818,21,0.16,3.2,61.77,29.1,985,,,,,,,,,,,,,,,,,,,,,,,,,,,,,,,,,
8/14/2020,2020,8,14,11,30,142,826,20.9,0.16,3.3,58.91,29.8,984,,,,,,,,,,,,,,,,,,,,,,,,,,,,,,,,,
8/14/2020,2020,8,14,12,30,151,818,20.8,0.16,3.4,57.03,30.3,983,,,,,,,,,,,,,,,,,,,,,,,,,,,,,,,,,
8/14/2020,2020,8,14,13,30,146,812,20.7,0.16,3.4,56.05,30.5,983,,,,,,,,,,,,,,,,,,,,,,,,,,,,,,,,,
8/14/2020,2020,8,14,14,30,135,791,20.6,0.16,3.3,55.63,30.5,982,,,,,,,,,,,,,,,,,,,,,,,,,,,,,,,,,
8/14/2020,2020,8,14,15,30,158,637,20.6,0.16,3.1,56.98,30.1,982,,,,,,,,,,,,,,,,,,,,,,,,,,,,,,,,,
8/14/2020,2020,8,14,16,30,155,414,21,0.16,2.5,60.89,29.3,982,,,,,,,,,,,,,,,,,,,,,,,,,,,,,,,,,
8/14/2020,2020,8,14,17,30,104,262,21.8,0.16,2.1,66,28.8,982,,,,,,,,,,,,,,,,,,,,,,,,,,,,,,,,,
8/14/2020,2020,8,14,18,30,41,9,22.3,0.16,1.4,79.28,26.2,982,,,,,,,,,,,,,,,,,,,,,,,,,,,,,,,,,
8/14/2020,2020,8,14,19,30,0,0,22.2,0.16,1.6,83.18,25.3,983,,,,,,,,,,,,,,,,,,,,,,,,,,,,,,,,,
8/14/2020,2020,8,14,20,30,0,0,22.5,0.16,1.9,86.46,24.9,983,,,,,,,,,,,,,,,,,,,,,,,,,,,,,,,,,
8/14/2020,2020,8,14,21,30,0,0,22.7,0.16,2,90.06,24.4,983,,,,,,,,,,,,,,,,,,,,,,,,,,,,,,,,,
8/14/2020,2020,8,14,22,30,0,0,22.7,0.16,2,92.69,24,983,,,,,,,,,,,,,,,,,,,,,,,,,,,,,,,,,
8/14/2020,2020,8,14,23,30,0,0,22.7,0.16,1.9,95.23,23.5,983,,,,,,,,,,,,,,,,,,,,,,,,,,,,,,,,,
8/15/2020,2020,8,15,0,30,0,0,22.2,0.16,2.1,97.61,22.6,983,,,,,,,,,,,,,,,,,,,,,,,,,,,,,,,,,
8/15/2020,2020,8,15,1,30,0,0,21,0.16,2.7,98.8,21.2,984,,,,,,,,,,,,,,,,,,,,,,,,,,,,,,,,,
8/15/2020,2020,8,15,2,30,0,0,19.2,0.16,3.2,98.1,19.5,984,,,,,,,,,,,,,,,,,,,,,,,,,,,,,,,,,
8/15/2020,2020,8,15,3,30,0,0,17.4,0.16,3.3,95.73,18.1,984,,,,,,,,,,,,,,,,,,,,,,,,,,,,,,,,,
8/15/2020,2020,8,15,4,30,0,0,15.9,0.16,3.1,93.71,16.9,985,,,,,,,,,,,,,,,,,,,,,,,,,,,,,,,,,
8/15/2020,2020,8,15,5,30,9,77,14.8,0.16,3.2,90.1,16.4,985,,,,,,,,,,,,,,,,,,,,,,,,,,,,,,,,,
8/15/2020,2020,8,15,6,30,47,541,14.5,0.16,3.7,84.81,17.1,985,,,,,,,,,,,,,,,,,,,,,,,,,,,,,,,,,
8/15/2020,2020,8,15,7,30,64,755,14.1,0.16,4.2,71.95,19.3,985,,,,,,,,,,,,,,,,,,,,,,,,,,,,,,,,,
8/15/2020,2020,8,15,8,30,76,849,12.5,0.16,4.2,54,22.2,986,,,,,,,,,,,,,,,,,,,,,,,,,,,,,,,,,
8/15/2020,2020,8,15,9,30,85,902,11.2,0.16,4.1,42.42,24.8,987,,,,,,,,,,,,,,,,,,,,,,,,,,,,,,,,,
8/15/2020,2020,8,15,10,30,90,932,10.6,0.16,4.4,36.86,26.5,987,,,,,,,,,,,,,,,,,,,,,,,,,,,,,,,,,
8/15/2020,2020,8,15,11,30,92,950,10.2,0.16,4.6,33.66,27.6,987,,,,,,,,,,,,,,,,,,,,,,,,,,,,,,,,,
8/15/2020,2020,8,15,12,30,92,954,9.8,0.16,4.8,31.52,28.3,986,,,,,,,,,,,,,,,,,,,,,,,,,,,,,,,,,
8/15/2020,2020,8,15,13,30,90,943,9.7,0.16,4.8,30.76,28.6,986,,,,,,,,,,,,,,,,,,,,,,,,,,,,,,,,,
8/15/2020,2020,8,15,14,30,85,918,9.8,0.16,4.7,31.08,28.5,986,,,,,,,,,,,,,,,,,,,,,,,,,,,,,,,,,
8/15/2020,2020,8,15,15,30,80,873,9.8,0.16,4.3,32.02,28,986,,,,,,,,,,,,,,,,,,,,,,,,,,,,,,,,,
8/15/2020,2020,8,15,16,30,74,793,9.8,0.16,3.6,33.74,27.1,986,,,,,,,,,,,,,,,,,,,,,,,,,,,,,,,,,
8/15/2020,2020,8,15,17,30,87,444,10.4,0.16,3.1,36.71,26.4,986,,,,,,,,,,,,,,,,,,,,,,,,,,,,,,,,,
8/15/2020,2020,8,15,18,30,37,301,13.3,0.16,1.1,58.07,21.9,987,,,,,,,,,,,,,,,,,,,,,,,,,,,,,,,,,
8/15/2020,2020,8,15,19,30,0,0,13.1,0.16,1,64.25,20.1,987,,,,,,,,,,,,,,,,,,,,,,,,,,,,,,,,,
8/15/2020,2020,8,15,20,30,0,0,13.1,0.16,0.9,66.31,19.5,987,,,,,,,,,,,,,,,,,,,,,,,,,,,,,,,,,
8/15/2020,2020,8,15,21,30,0,0,12.9,0.16,0.9,67.32,19.1,987,,,,,,,,,,,,,,,,,,,,,,,,,,,,,,,,,
8/15/2020,2020,8,15,22,30,0,0,12.8,0.16,0.9,67.92,18.8,988,,,,,,,,,,,,,,,,,,,,,,,,,,,,,,,,,
8/15/2020,2020,8,15,23,30,0,0,12.6,0.16,0.8,68.85,18.4,988,,,,,,,,,,,,,,,,,,,,,,,,,,,,,,,,,
8/16/2020,2020,8,16,0,30,0,0,12.4,0.16,0.8,70.23,17.9,988,,,,,,,,,,,,,,,,,,,,,,,,,,,,,,,,,
8/16/2020,2020,8,16,1,30,0,0,12.2,0.16,0.9,71.89,17.3,988,,,,,,,,,,,,,,,,,,,,,,,,,,,,,,,,,
8/16/2020,2020,8,16,2,30,0,0,11.9,0.16,1.1,73.4,16.7,988,,,,,,,,,,,,,,,,,,,,,,,,,,,,,,,,,
8/16/2020,2020,8,16,3,30,0,0,11.7,0.16,1.3,74.72,16.2,988,,,,,,,,,,,,,,,,,,,,,,,,,,,,,,,,,
8/16/2020,2020,8,16,4,30,0,0,11.4,0.16,1.5,73.78,16.1,988,,,,,,,,,,,,,,,,,,,,,,,,,,,,,,,,,
8/16/2020,2020,8,16,5,30,7,49,11.2,0.16,2.3,66.92,17.4,988,,,,,,,,,,,,,,,,,,,,,,,,,,,,,,,,,
8/16/2020,2020,8,16,6,30,59,319,11.2,0.16,2.9,57.63,19.8,988,,,,,,,,,,,,,,,,,,,,,,,,,,,,,,,,,
8/16/2020,2020,8,16,7,30,104,322,11.7,0.16,3,49.13,22.9,988,,,,,,,,,,,,,,,,,,,,,,,,,,,,,,,,,
8/16/2020,2020,8,16,8,30,93,764,11.8,0.16,3.6,39.83,26.6,988,,,,,,,,,,,,,,,,,,,,,,,,,,,,,,,,,
8/16/2020,2020,8,16,9,30,104,826,10.7,0.16,3.9,31.69,29.2,988,,,,,,,,,,,,,,,,,,,,,,,,,,,,,,,,,
8/16/2020,2020,8,16,10,30,241,536,11,0.16,3.6,29.75,30.7,988,,,,,,,,,,,,,,,,,,,,,,,,,,,,,,,,,
8/16/2020,2020,8,16,11,30,114,880,11.6,0.16,3.3,29.15,31.7,987,,,,,,,,,,,,,,,,,,,,,,,,,,,,,,,,,
8/16/2020,2020,8,16,12,30,172,788,12,0.16,3.1,28.82,32.4,987,,,,,,,,,,,,,,,,,,,,,,,,,,,,,,,,,
8/16/2020,2020,8,16,13,30,137,834,12.3,0.16,3.1,28.72,32.8,986,,,,,,,,,,,,,,,,,,,,,,,,,,,,,,,,,
8/16/2020,2020,8,16,14,30,104,855,12.5,0.16,3.1,29.08,32.8,986,,,,,,,,,,,,,,,,,,,,,,,,,,,,,,,,,
8/16/2020,2020,8,16,15,30,94,817,12.5,0.16,3.1,29.87,32.4,986,,,,,,,,,,,,,,,,,,,,,,,,,,,,,,,,,
8/16/2020,2020,8,16,16,30,81,749,12.7,0.16,3,32.04,31.4,985,,,,,,,,,,,,,,,,,,,,,,,,,,,,,,,,,
8/16/2020,2020,8,16,17,30,64,615,13.5,0.16,2.8,34.95,30.7,985,,,,,,,,,,,,,,,,,,,,,,,,,,,,,,,,,
8/16/2020,2020,8,16,18,30,39,26,15,0.16,2.4,50.85,26,985,,,,,,,,,,,,,,,,,,,,,,,,,,,,,,,,,
8/16/2020,2020,8,16,19,30,0,0,14.3,0.16,2.9,54.77,24,986,,,,,,,,,,,,,,,,,,,,,,,,,,,,,,,,,
8/16/2020,2020,8,16,20,30,0,0,14.6,0.16,3.1,59.81,22.8,986,,,,,,,,,,,,,,,,,,,,,,,,,,,,,,,,,
8/16/2020,2020,8,16,21,30,0,0,14.9,0.16,3,65.05,21.8,986,,,,,,,,,,,,,,,,,,,,,,,,,,,,,,,,,
8/16/2020,2020,8,16,22,30,0,0,15.1,0.16,2.9,68.34,21.2,986,,,,,,,,,,,,,,,,,,,,,,,,,,,,,,,,,
8/16/2020,2020,8,16,23,30,0,0,15.2,0.16,2.9,70.5,20.8,986,,,,,,,,,,,,,,,,,,,,,,,,,,,,,,,,,
8/17/2020,2020,8,17,0,30,0,0,15.4,0.16,2.8,72.86,20.4,986,,,,,,,,,,,,,,,,,,,,,,,,,,,,,,,,,
8/17/2020,2020,8,17,1,30,0,0,15.6,0.16,2.7,76.88,19.8,986,,,,,,,,,,,,,,,,,,,,,,,,,,,,,,,,,
8/17/2020,2020,8,17,2,30,0,0,16,0.16,2.6,81.94,19.2,986,,,,,,,,,,,,,,,,,,,,,,,,,,,,,,,,,
8/17/2020,2020,8,17,3,30,0,0,16.5,0.16,2.6,87.42,18.6,986,,,,,,,,,,,,,,,,,,,,,,,,,,,,,,,,,
8/17/2020,2020,8,17,4,30,0,0,16.6,0.16,2.8,91.62,18,986,,,,,,,,,,,,,,,,,,,,,,,,,,,,,,,,,
8/17/2020,2020,8,17,5,30,8,73,16.4,0.16,3.4,88.68,18.3,987,,,,,,,,,,,,,,,,,,,,,,,,,,,,,,,,,
8/17/2020,2020,8,17,6,30,44,522,16.4,0.16,4,80.21,19.9,987,,,,,,,,,,,,,,,,,,,,,,,,,,,,,,,,,
8/17/2020,2020,8,17,7,30,62,720,16.6,0.16,4.8,68.33,22.7,987,,,,,,,,,,,,,,,,,,,,,,,,,,,,,,,,,
8/17/2020,2020,8,17,8,30,75,819,15.7,0.16,5.6,55.01,25.4,987,,,,,,,,,,,,,,,,,,,,,,,,,,,,,,,,,
8/17/2020,2020,8,17,9,30,83,876,14.9,0.16,5.6,47.3,27.1,987,,,,,,,,,,,,,,,,,,,,,,,,,,,,,,,,,
8/17/2020,2020,8,17,10,30,89,908,14.5,0.16,5.5,43.5,28.1,987,,,,,,,,,,,,,,,,,,,,,,,,,,,,,,,,,
8/17/2020,2020,8,17,11,30,97,917,14.2,0.16,5.4,41.48,28.6,987,,,,,,,,,,,,,,,,,,,,,,,,,,,,,,,,,
8/17/2020,2020,8,17,12,30,103,913,13.9,0.16,5.3,39.93,28.9,987,,,,,,,,,,,,,,,,,,,,,,,,,,,,,,,,,
8/17/2020,2020,8,17,13,30,230,546,13.6,0.16,5.3,39.53,28.7,987,,,,,,,,,,,,,,,,,,,,,,,,,,,,,,,,,
8/17/2020,2020,8,17,14,30,102,861,13.2,0.16,5.3,39.32,28.3,987,,,,,,,,,,,,,,,,,,,,,,,,,,,,,,,,,
8/17/2020,2020,8,17,15,30,84,852,12.6,0.16,5.1,39.55,27.6,987,,,,,,,,,,,,,,,,,,,,,,,,,,,,,,,,,
8/17/2020,2020,8,17,16,30,71,790,12.1,0.16,4.7,40.44,26.6,987,,,,,,,,,,,,,,,,,,,,,,,,,,,,,,,,,
8/17/2020,2020,8,17,17,30,56,666,11.7,0.16,4.5,40.92,26,987,,,,,,,,,,,,,,,,,,,,,,,,,,,,,,,,,
8/17/2020,2020,8,17,18,30,32,408,12.2,0.16,2.3,52.64,22.3,987,,,,,,,,,,,,,,,,,,,,,,,,,,,,,,,,,
8/17/2020,2020,8,17,19,30,0,0,13,0.16,1.6,63.15,20.2,988,,,,,,,,,,,,,,,,,,,,,,,,,,,,,,,,,
8/17/2020,2020,8,17,20,30,0,0,13.3,0.16,1.4,68.51,19.2,988,,,,,,,,,,,,,,,,,,,,,,,,,,,,,,,,,
8/17/2020,2020,8,17,21,30,0,0,13.5,0.16,1.2,73.82,18.3,988,,,,,,,,,,,,,,,,,,,,,,,,,,,,,,,,,
8/17/2020,2020,8,17,22,30,0,0,13.7,0.16,1.1,78.62,17.5,988,,,,,,,,,,,,,,,,,,,,,,,,,,,,,,,,,
8/17/2020,2020,8,17,23,30,0,0,13.8,0.16,1,82.62,16.8,988,,,,,,,,,,,,,,,,,,,,,,,,,,,,,,,,,
8/18/2020,2020,8,18,0,30,0,0,13.8,0.16,1.1,85.61,16.2,988,,,,,,,,,,,,,,,,,,,,,,,,,,,,,,,,,
8/18/2020,2020,8,18,1,30,0,0,13.7,0.16,1.2,88.79,15.5,988,,,,,,,,,,,,,,,,,,,,,,,,,,,,,,,,,
8/18/2020,2020,8,18,2,30,0,0,13.5,0.16,1.2,91.16,14.9,988,,,,,,,,,,,,,,,,,,,,,,,,,,,,,,,,,
8/18/2020,2020,8,18,3,30,0,0,13.2,0.16,1.2,91.4,14.6,988,,,,,,,,,,,,,,,,,,,,,,,,,,,,,,,,,
8/18/2020,2020,8,18,4,30,0,0,12.9,0.16,1.2,90.99,14.4,988,,,,,,,,,,,,,,,,,,,,,,,,,,,,,,,,,
8/18/2020,2020,8,18,5,30,8,78,12.7,0.16,1.6,85.54,15.1,989,,,,,,,,,,,,,,,,,,,,,,,,,,,,,,,,,
8/18/2020,2020,8,18,6,30,44,536,12.4,0.16,1.9,74.57,17,989,,,,,,,,,,,,,,,,,,,,,,,,,,,,,,,,,
8/18/2020,2020,8,18,7,30,63,732,12.5,0.16,2.1,61.25,20.2,989,,,,,,,,,,,,,,,,,,,,,,,,,,,,,,,,,
8/18/2020,2020,8,18,8,30,82,806,10.7,0.16,2.8,45.14,23.2,989,,,,,,,,,,,,,,,,,,,,,,,,,,,,,,,,,
8/18/2020,2020,8,18,9,30,83,885,10.3,0.16,3,39.95,24.8,989,,,,,,,,,,,,,,,,,,,,,,,,,,,,,,,,,
8/18/2020,2020,8,18,10,30,221,637,10.3,0.16,2.9,37.27,26,989,,,,,,,,,,,,,,,,,,,,,,,,,,,,,,,,,
8/18/2020,2020,8,18,11,30,326,478,10.4,0.16,3,35.2,27.1,989,,,,,,,,,,,,,,,,,,,,,,,,,,,,,,,,,
8/18/2020,2020,8,18,12,30,365,411,10.5,0.16,3.1,33.93,27.8,988,,,,,,,,,,,,,,,,,,,,,,,,,,,,,,,,,
8/18/2020,2020,8,18,13,30,152,809,10.6,0.16,3.2,33.35,28.2,988,,,,,,,,,,,,,,,,,,,,,,,,,,,,,,,,,
8/18/2020,2020,8,18,14,30,77,919,10.6,0.16,3.2,33.72,28.1,987,,,,,,,,,,,,,,,,,,,,,,,,,,,,,,,,,
8/18/2020,2020,8,18,15,30,71,884,10.7,0.16,3.2,34.56,27.7,986,,,,,,,,,,,,,,,,,,,,,,,,,,,,,,,,,
8/18/2020,2020,8,18,16,30,62,820,10.6,0.16,3.1,36.49,26.7,986,,,,,,,,,,,,,,,,,,,,,,,,,,,,,,,,,
8/18/2020,2020,8,18,17,30,50,699,10.8,0.16,2.9,38.39,26.1,986,,,,,,,,,,,,,,,,,,,,,,,,,,,,,,,,,
8/18/2020,2020,8,18,18,30,29,433,12.6,0.16,1.5,56.65,21.6,987,,,,,,,,,,,,,,,,,,,,,,,,,,,,,,,,,
8/18/2020,2020,8,18,19,30,0,0,12.7,0.16,1.3,64.41,19.6,987,,,,,,,,,,,,,,,,,,,,,,,,,,,,,,,,,
8/18/2020,2020,8,18,20,30,0,0,12.6,0.16,1.3,68.19,18.6,987,,,,,,,,,,,,,,,,,,,,,,,,,,,,,,,,,
8/18/2020,2020,8,18,21,30,0,0,12.6,0.16,1.2,71.69,17.8,988,,,,,,,,,,,,,,,,,,,,,,,,,,,,,,,,,
8/18/2020,2020,8,18,22,30,0,0,12.6,0.16,1.1,74.64,17.1,988,,,,,,,,,,,,,,,,,,,,,,,,,,,,,,,,,
8/18/2020,2020,8,18,23,30,0,0,12.4,0.16,1,76.37,16.6,988,,,,,,,,,,,,,,,,,,,,,,,,,,,,,,,,,
8/19/2020,2020,8,19,0,30,0,0,12.2,0.16,1,77.75,16.1,988,,,,,,,,,,,,,,,,,,,,,,,,,,,,,,,,,
8/19/2020,2020,8,19,1,30,0,0,12,0.16,0.9,78.55,15.7,988,,,,,,,,,,,,,,,,,,,,,,,,,,,,,,,,,
8/19/2020,2020,8,19,2,30,0,0,11.7,0.16,0.9,77.79,15.6,988,,,,,,,,,,,,,,,,,,,,,,,,,,,,,,,,,
8/19/2020,2020,8,19,3,30,0,0,11.5,0.16,0.9,78.3,15.3,988,,,,,,,,,,,,,,,,,,,,,,,,,,,,,,,,,
8/19/2020,2020,8,19,4,30,0,0,11.4,0.16,0.8,79.32,15,988,,,,,,,,,,,,,,,,,,,,,,,,,,,,,,,,,
8/19/2020,2020,8,19,5,30,6,66,11.5,0.16,0.9,75.47,15.8,988,,,,,,,,,,,,,,,,,,,,,,,,,,,,,,,,,
8/19/2020,2020,8,19,6,30,41,565,12.1,0.16,1.1,68.36,18,989,,,,,,,,,,,,,,,,,,,,,,,,,,,,,,,,,
8/19/2020,2020,8,19,7,30,59,756,12.2,0.16,1.6,56.35,21.2,989,,,,,,,,,,,,,,,,,,,,,,,,,,,,,,,,,
8/19/2020,2020,8,19,8,30,70,850,11.5,0.16,2.1,44.75,24.3,988,,,,,,,,,,,,,,,,,,,,,,,,,,,,,,,,,
8/19/2020,2020,8,19,9,30,78,903,10.9,0.16,2.3,38.63,26.1,988,,,,,,,,,,,,,,,,,,,,,,,,,,,,,,,,,
8/19/2020,2020,8,19,10,30,84,931,10.8,0.16,2.5,35.03,27.6,988,,,,,,,,,,,,,,,,,,,,,,,,,,,,,,,,,
8/19/2020,2020,8,19,11,30,91,937,10.8,0.16,2.5,32.8,28.8,987,,,,,,,,,,,,,,,,,,,,,,,,,,,,,,,,,
8/19/2020,2020,8,19,12,30,98,929,11,0.16,2.4,31.44,29.7,987,,,,,,,,,,,,,,,,,,,,,,,,,,,,,,,,,
8/19/2020,2020,8,19,13,30,98,915,11.1,0.16,2.3,30.79,30.2,986,,,,,,,,,,,,,,,,,,,,,,,,,,,,,,,,,
8/19/2020,2020,8,19,14,30,96,886,11.2,0.16,2.3,30.8,30.3,985,,,,,,,,,,,,,,,,,,,,,,,,,,,,,,,,,
8/19/2020,2020,8,19,15,30,91,839,11.2,0.16,2.4,31.53,29.9,985,,,,,,,,,,,,,,,,,,,,,,,,,,,,,,,,,
8/19/2020,2020,8,19,16,30,86,735,11.2,0.16,2.4,33.34,28.9,984,,,,,,,,,,,,,,,,,,,,,,,,,,,,,,,,,
8/19/2020,2020,8,19,17,30,68,568,11.9,0.16,2.3,36.19,28.3,984,,,,,,,,,,,,,,,,,,,,,,,,,,,,,,,,,
8/19/2020,2020,8,19,18,30,34,289,14.4,0.16,1.4,57.08,23.4,984,,,,,,,,,,,,,,,,,,,,,,,,,,,,,,,,,
8/19/2020,2020,8,19,19,30,0,0,13.8,0.16,1.8,61.67,21.5,984,,,,,,,,,,,,,,,,,,,,,,,,,,,,,,,,,
8/19/2020,2020,8,19,20,30,0,0,13.9,0.16,2.3,64.63,20.8,985,,,,,,,,,,,,,,,,,,,,,,,,,,,,,,,,,
8/19/2020,2020,8,19,21,30,0,0,14.1,0.16,2.5,69.42,19.9,985,,,,,,,,,,,,,,,,,,,,,,,,,,,,,,,,,
8/19/2020,2020,8,19,22,30,0,0,14.3,0.16,2.4,73.69,19.1,985,,,,,,,,,,,,,,,,,,,,,,,,,,,,,,,,,
8/19/2020,2020,8,19,23,30,0,0,14.3,0.16,2.4,76.92,18.4,985,,,,,,,,,,,,,,,,,,,,,,,,,,,,,,,,,
8/20/2020,2020,8,20,0,30,0,0,14.1,0.16,2.3,79.61,17.7,985,,,,,,,,,,,,,,,,,,,,,,,,,,,,,,,,,
8/20/2020,2020,8,20,1,30,0,0,13.9,0.16,2.3,81.9,17,986,,,,,,,,,,,,,,,,,,,,,,,,,,,,,,,,,
8/20/2020,2020,8,20,2,30,0,0,13.5,0.16,2.2,83.58,16.3,986,,,,,,,,,,,,,,,,,,,,,,,,,,,,,,,,,
8/20/2020,2020,8,20,3,30,0,0,13.1,0.16,2.1,84.33,15.7,985,,,,,,,,,,,,,,,,,,,,,,,,,,,,,,,,,
8/20/2020,2020,8,20,4,30,0,0,12.6,0.16,2,84.7,15.2,985,,,,,,,,,,,,,,,,,,,,,,,,,,,,,,,,,
8/20/2020,2020,8,20,5,30,5,45,12.3,0.16,2.4,79.22,15.9,985,,,,,,,,,,,,,,,,,,,,,,,,,,,,,,,,,
8/20/2020,2020,8,20,6,30,46,496,12.1,0.16,2.7,67.98,18.1,986,,,,,,,,,,,,,,,,,,,,,,,,,,,,,,,,,
8/20/2020,2020,8,20,7,30,68,702,12.2,0.16,3,55.58,21.5,985,,,,,,,,,,,,,,,,,,,,,,,,,,,,,,,,,
8/20/2020,2020,8,20,8,30,80,811,11.6,0.16,3.5,43,25,985,,,,,,,,,,,,,,,,,,,,,,,,,,,,,,,,,
8/20/2020,2020,8,20,9,30,88,876,11.6,0.16,3.5,38.01,27.1,984,,,,,,,,,,,,,,,,,,,,,,,,,,,,,,,,,
8/20/2020,2020,8,20,10,30,119,856,11.5,0.16,3.5,34.75,28.6,983,,,,,,,,,,,,,,,,,,,,,,,,,,,,,,,,,
8/20/2020,2020,8,20,11,30,106,908,11.2,0.16,3.5,31.8,29.8,983,,,,,,,,,,,,,,,,,,,,,,,,,,,,,,,,,
8/20/2020,2020,8,20,12,30,304,574,10.9,0.16,3.5,29.65,30.6,982,,,,,,,,,,,,,,,,,,,,,,,,,,,,,,,,,
8/20/2020,2020,8,20,13,30,106,903,10.5,0.16,3.6,28.47,30.9,981,,,,,,,,,,,,,,,,,,,,,,,,,,,,,,,,,
8/20/2020,2020,8,20,14,30,108,864,10.3,0.16,3.6,28.18,30.8,981,,,,,,,,,,,,,,,,,,,,,,,,,,,,,,,,,
8/20/2020,2020,8,20,15,30,93,834,10.2,0.16,3.6,28.73,30.3,980,,,,,,,,,,,,,,,,,,,,,,,,,,,,,,,,,
8/20/2020,2020,8,20,16,30,127,551,10.1,0.16,3.5,30.72,29.1,980,,,,,,,,,,,,,,,,,,,,,,,,,,,,,,,,,
8/20/2020,2020,8,20,17,30,73,511,10.8,0.16,3.4,33.79,28.2,980,,,,,,,,,,,,,,,,,,,,,,,,,,,,,,,,,
8/20/2020,2020,8,20,18,30,33,292,12,0.16,2.5,47.33,23.9,980,,,,,,,,,,,,,,,,,,,,,,,,,,,,,,,,,
8/20/2020,2020,8,20,19,30,0,0,12.6,0.16,2.2,55.9,21.8,981,,,,,,,,,,,,,,,,,,,,,,,,,,,,,,,,,
8/20/2020,2020,8,20,20,30,0,0,13.4,0.16,2,63.63,20.5,982,,,,,,,,,,,,,,,,,,,,,,,,,,,,,,,,,
8/20/2020,2020,8,20,21,30,0,0,13.7,0.16,2.3,68.53,19.7,982,,,,,,,,,,,,,,,,,,,,,,,,,,,,,,,,,
8/20/2020,2020,8,20,22,30,0,0,13.9,0.16,2.8,71.27,19.2,982,,,,,,,,,,,,,,,,,,,,,,,,,,,,,,,,,
8/20/2020,2020,8,20,23,30,0,0,13.8,0.16,2.6,74.75,18.4,981,,,,,,,,,,,,,,,,,,,,,,,,,,,,,,,,,
8/21/2020,2020,8,21,0,30,0,0,13.9,0.16,2,79.02,17.6,982,,,,,,,,,,,,,,,,,,,,,,,,,,,,,,,,,
8/21/2020,2020,8,21,1,30,0,0,13.9,0.16,2.3,80.48,17.3,982,,,,,,,,,,,,,,,,,,,,,,,,,,,,,,,,,
8/21/2020,2020,8,21,2,30,0,0,13.8,0.16,2.6,80.37,17.2,982,,,,,,,,,,,,,,,,,,,,,,,,,,,,,,,,,
8/21/2020,2020,8,21,3,30,0,0,13.8,0.16,2.3,81.99,16.9,982,,,,,,,,,,,,,,,,,,,,,,,,,,,,,,,,,
8/21/2020,2020,8,21,4,30,0,0,13.9,0.16,2,84.76,16.5,982,,,,,,,,,,,,,,,,,,,,,,,,,,,,,,,,,
8/21/2020,2020,8,21,5,30,5,40,14,0.16,2.1,83.76,16.8,983,,,,,,,,,,,,,,,,,,,,,,,,,,,,,,,,,
8/21/2020,2020,8,21,6,30,47,473,14.1,0.16,2.3,79.09,17.8,983,,,,,,,,,,,,,,,,,,,,,,,,,,,,,,,,,
8/21/2020,2020,8,21,7,30,68,681,14.2,0.16,2.3,71.23,19.6,983,,,,,,,,,,,,,,,,,,,,,,,,,,,,,,,,,
8/21/2020,2020,8,21,8,30,82,786,14.6,0.16,2.6,60.88,22.5,982,,,,,,,,,,,,,,,,,,,,,,,,,,,,,,,,,
8/21/2020,2020,8,21,9,30,91,847,14.9,0.16,2.9,50.23,26.1,982,,,,,,,,,,,,,,,,,,,,,,,,,,,,,,,,,
8/21/2020,2020,8,21,10,30,97,882,15.1,0.16,2.9,42.71,29,982,,,,,,,,,,,,,,,,,,,,,,,,,,,,,,,,,
8/21/2020,2020,8,21,11,30,103,895,15,0.16,2.9,38.32,30.8,981,,,,,,,,,,,,,,,,,,,,,,,,,,,,,,,,,
8/21/2020,2020,8,21,12,30,110,890,14.7,0.16,3,35.16,32,981,,,,,,,,,,,,,,,,,,,,,,,,,,,,,,,,,
8/21/2020,2020,8,21,13,30,107,882,14.2,0.16,3.1,32.77,32.7,980,,,,,,,,,,,,,,,,,,,,,,,,,,,,,,,,,
8/21/2020,2020,8,21,14,30,102,857,13.7,0.16,3.2,31.6,32.8,980,,,,,,,,,,,,,,,,,,,,,,,,,,,,,,,,,
8/21/2020,2020,8,21,15,30,94,810,13.4,0.16,3.3,31.6,32.4,980,,,,,,,,,,,,,,,,,,,,,,,,,,,,,,,,,
8/21/2020,2020,8,21,16,30,83,729,13.3,0.16,3.1,33.59,31.2,980,,,,,,,,,,,,,,,,,,,,,,,,,,,,,,,,,
8/21/2020,2020,8,21,17,30,64,582,14,0.16,2.9,36.84,30.4,980,,,,,,,,,,,,,,,,,,,,,,,,,,,,,,,,,
8/21/2020,2020,8,21,18,30,31,279,15.6,0.16,1.8,54.44,25.5,981,,,,,,,,,,,,,,,,,,,,,,,,,,,,,,,,,
8/21/2020,2020,8,21,19,30,0,0,15.4,0.16,2.1,59.36,23.8,981,,,,,,,,,,,,,,,,,,,,,,,,,,,,,,,,,
8/21/2020,2020,8,21,20,30,0,0,15.5,0.16,2.3,62.57,23,981,,,,,,,,,,,,,,,,,,,,,,,,,,,,,,,,,
8/21/2020,2020,8,21,21,30,0,0,15.6,0.16,2.4,66.11,22.2,982,,,,,,,,,,,,,,,,,,,,,,,,,,,,,,,,,
8/21/2020,2020,8,21,22,30,0,0,15.6,0.16,2.5,69.53,21.4,982,,,,,,,,,,,,,,,,,,,,,,,,,,,,,,,,,
8/21/2020,2020,8,21,23,30,0,0,15.6,0.16,2.5,72.92,20.6,982,,,,,,,,,,,,,,,,,,,,,,,,,,,,,,,,,
8/22/2020,2020,8,22,0,30,0,0,15.5,0.16,2.4,76.24,19.8,982,,,,,,,,,,,,,,,,,,,,,,,,,,,,,,,,,
8/22/2020,2020,8,22,1,30,0,0,15.4,0.16,1.9,79.88,19,982,,,,,,,,,,,,,,,,,,,,,,,,,,,,,,,,,
8/22/2020,2020,8,22,2,30,0,0,15.6,0.16,1.4,82.99,18.5,982,,,,,,,,,,,,,,,,,,,,,,,,,,,,,,,,,
8/22/2020,2020,8,22,3,30,0,0,15.7,0.16,1.5,84.77,18.3,982,,,,,,,,,,,,,,,,,,,,,,,,,,,,,,,,,
8/22/2020,2020,8,22,4,30,0,0,15.7,0.16,1.9,85.06,18.3,982,,,,,,,,,,,,,,,,,,,,,,,,,,,,,,,,,
8/22/2020,2020,8,22,5,30,2,0,15.7,0.16,2.4,83.87,18.5,981,,,,,,,,,,,,,,,,,,,,,,,,,,,,,,,,,
8/22/2020,2020,8,22,6,30,61,51,15.8,0.16,2.5,79.88,19.4,981,,,,,,,,,,,,,,,,,,,,,,,,,,,,,,,,,
8/22/2020,2020,8,22,7,30,134,244,16.3,0.16,2.5,69.91,22,982,,,,,,,,,,,,,,,,,,,,,,,,,,,,,,,,,
8/22/2020,2020,8,22,8,30,221,260,16.8,0.16,2.7,56.74,26.1,982,,,,,,,,,,,,,,,,,,,,,,,,,,,,,,,,,
8/22/2020,2020,8,22,9,30,288,75,17.1,0.16,3.1,47.68,29.3,982,,,,,,,,,,,,,,,,,,,,,,,,,,,,,,,,,
8/22/2020,2020,8,22,10,30,244,607,16.8,0.16,3.4,43.31,30.7,981,,,,,,,,,,,,,,,,,,,,,,,,,,,,,,,,,
8/22/2020,2020,8,22,11,30,403,264,16.6,0.16,3.7,41.01,31.4,981,,,,,,,,,,,,,,,,,,,,,,,,,,,,,,,,,
8/22/2020,2020,8,22,12,30,351,61,16.5,0.16,4,39.38,32,980,,,,,,,,,,,,,,,,,,,,,,,,,,,,,,,,,
8/22/2020,2020,8,22,13,30,363,296,16.4,0.16,4.1,38.16,32.5,980,,,,,,,,,,,,,,,,,,,,,,,,,,,,,,,,,
8/22/2020,2020,8,22,14,30,315,330,16.3,0.16,4.1,37.67,32.6,980,,,,,,,,,,,,,,,,,,,,,,,,,,,,,,,,,
8/22/2020,2020,8,22,15,30,207,440,16.2,0.16,4,37.78,32.4,979,,,,,,,,,,,,,,,,,,,,,,,,,,,,,,,,,
8/22/2020,2020,8,22,16,30,136,422,16.2,0.16,3.7,39.91,31.5,979,,,,,,,,,,,,,,,,,,,,,,,,,,,,,,,,,
8/22/2020,2020,8,22,17,30,83,441,16.8,0.16,3.4,43.14,30.8,979,,,,,,,,,,,,,,,,,,,,,,,,,,,,,,,,,
8/22/2020,2020,8,22,18,30,32,186,17.8,0.16,2.8,57.5,26.9,980,,,,,,,,,,,,,,,,,,,,,,,,,,,,,,,,,
8/22/2020,2020,8,22,19,30,0,0,18,0.16,3.1,63.19,25.5,980,,,,,,,,,,,,,,,,,,,,,,,,,,,,,,,,,
8/22/2020,2020,8,22,20,30,0,0,18.3,0.16,3.2,67.52,24.7,981,,,,,,,,,,,,,,,,,,,,,,,,,,,,,,,,,
8/22/2020,2020,8,22,21,30,0,0,18.5,0.16,3.1,71.68,23.9,981,,,,,,,,,,,,,,,,,,,,,,,,,,,,,,,,,
8/22/2020,2020,8,22,22,30,0,0,18.5,0.16,2.9,75.48,23.1,981,,,,,,,,,,,,,,,,,,,,,,,,,,,,,,,,,
8/22/2020,2020,8,22,23,30,0,0,18.5,0.16,2.7,78.77,22.4,981,,,,,,,,,,,,,,,,,,,,,,,,,,,,,,,,,
8/23/2020,2020,8,23,0,30,0,0,18.5,0.16,2.6,82.54,21.6,981,,,,,,,,,,,,,,,,,,,,,,,,,,,,,,,,,
8/23/2020,2020,8,23,1,30,0,0,18.5,0.16,2.4,85.68,21,981,,,,,,,,,,,,,,,,,,,,,,,,,,,,,,,,,
8/23/2020,2020,8,23,2,30,0,0,18.5,0.16,2.3,88.98,20.4,981,,,,,,,,,,,,,,,,,,,,,,,,,,,,,,,,,
8/23/2020,2020,8,23,3,30,0,0,18.6,0.16,2.1,91.54,20,982,,,,,,,,,,,,,,,,,,,,,,,,,,,,,,,,,
8/23/2020,2020,8,23,4,30,0,0,18.7,0.16,1.9,94.27,19.6,982,,,,,,,,,,,,,,,,,,,,,,,,,,,,,,,,,
8/23/2020,2020,8,23,5,30,5,29,18.8,0.16,2.2,90.4,20.4,983,,,,,,,,,,,,,,,,,,,,,,,,,,,,,,,,,
8/23/2020,2020,8,23,6,30,47,437,19.1,0.16,2.5,81.24,22.5,983,,,,,,,,,,,,,,,,,,,,,,,,,,,,,,,,,
8/23/2020,2020,8,23,7,30,72,654,19.6,0.16,2.5,68.93,25.7,983,,,,,,,,,,,,,,,,,,,,,,,,,,,,,,,,,
8/23/2020,2020,8,23,8,30,88,761,18.8,0.16,2.7,53.59,29.2,983,,,,,,,,,,,,,,,,,,,,,,,,,,,,,,,,,
8/23/2020,2020,8,23,9,30,100,821,17.6,0.16,2.6,42.89,31.7,983,,,,,,,,,,,,,,,,,,,,,,,,,,,,,,,,,
8/23/2020,2020,8,23,10,30,110,853,16.7,0.16,2.3,36.59,33.6,983,,,,,,,,,,,,,,,,,,,,,,,,,,,,,,,,,
8/23/2020,2020,8,23,11,30,116,870,16.4,0.16,2.1,33.15,35,983,,,,,,,,,,,,,,,,,,,,,,,,,,,,,,,,,
8/23/2020,2020,8,23,12,30,119,870,16.4,0.16,1.9,31.76,35.8,983,,,,,,,,,,,,,,,,,,,,,,,,,,,,,,,,,
8/23/2020,2020,8,23,13,30,120,853,16.3,0.16,1.7,30.86,36.2,982,,,,,,,,,,,,,,,,,,,,,,,,,,,,,,,,,
8/23/2020,2020,8,23,14,30,118,819,16,0.16,1.6,30.14,36.3,982,,,,,,,,,,,,,,,,,,,,,,,,,,,,,,,,,
8/23/2020,2020,8,23,15,30,111,763,15.7,0.16,1.3,30.17,35.9,982,,,,,,,,,,,,,,,,,,,,,,,,,,,,,,,,,
8/23/2020,2020,8,23,16,30,95,672,15.6,0.16,0.9,31.41,35.1,982,,,,,,,,,,,,,,,,,,,,,,,,,,,,,,,,,
8/23/2020,2020,8,23,17,30,71,515,16.5,0.16,0.7,34.01,34.6,982,,,,,,,,,,,,,,,,,,,,,,,,,,,,,,,,,
8/23/2020,2020,8,23,18,30,30,215,18.9,0.16,0.8,50.01,30.5,982,,,,,,,,,,,,,,,,,,,,,,,,,,,,,,,,,
8/23/2020,2020,8,23,19,30,0,0,18.3,0.16,1.2,55.17,28.1,983,,,,,,,,,,,,,,,,,,,,,,,,,,,,,,,,,
8/23/2020,2020,8,23,20,30,0,0,18.4,0.16,1.5,60.64,26.6,983,,,,,,,,,,,,,,,,,,,,,,,,,,,,,,,,,
8/23/2020,2020,8,23,21,30,0,0,18.6,0.16,1.9,64.4,25.8,984,,,,,,,,,,,,,,,,,,,,,,,,,,,,,,,,,
8/23/2020,2020,8,23,22,30,0,0,19,0.16,2.3,68.34,25.2,984,,,,,,,,,,,,,,,,,,,,,,,,,,,,,,,,,
8/23/2020,2020,8,23,23,30,0,0,19.2,0.16,2.5,72.05,24.6,984,,,,,,,,,,,,,,,,,,,,,,,,,,,,,,,,,
8/24/2020,2020,8,24,0,30,0,0,19.4,0.16,2.4,75.44,24,984,,,,,,,,,,,,,,,,,,,,,,,,,,,,,,,,,
8/24/2020,2020,8,24,1,30,0,0,19.4,0.16,2.2,77.95,23.5,984,,,,,,,,,,,,,,,,,,,,,,,,,,,,,,,,,
8/24/2020,2020,8,24,2,30,0,0,19.4,0.16,2.2,79.95,23,984,,,,,,,,,,,,,,,,,,,,,,,,,,,,,,,,,
8/24/2020,2020,8,24,3,30,0,0,19.2,0.16,2.3,80.77,22.7,984,,,,,,,,,,,,,,,,,,,,,,,,,,,,,,,,,
8/24/2020,2020,8,24,4,30,0,0,19.1,0.16,2.3,81.46,22.4,985,,,,,,,,,,,,,,,,,,,,,,,,,,,,,,,,,
8/24/2020,2020,8,24,5,30,1,5,18.8,0.16,2.7,77.48,23,985,,,,,,,,,,,,,,,,,,,,,,,,,,,,,,,,,
8/24/2020,2020,8,24,6,30,61,216,18.7,0.16,3,69.22,24.7,985,,,,,,,,,,,,,,,,,,,,,,,,,,,,,,,,,
8/24/2020,2020,8,24,7,30,125,406,18.7,0.16,2.9,58.68,27.5,985,,,,,,,,,,,,,,,,,,,,,,,,,,,,,,,,,
8/24/2020,2020,8,24,8,30,166,534,18.8,0.16,3.1,47.42,31.3,985,,,,,,,,,,,,,,,,,,,,,,,,,,,,,,,,,
8/24/2020,2020,8,24,9,30,203,586,17.3,0.16,3.3,36.55,34.3,985,,,,,,,,,,,,,,,,,,,,,,,,,,,,,,,,,
8/24/2020,2020,8,24,10,30,208,668,16.7,0.16,3.3,32.34,35.8,985,,,,,,,,,,,,,,,,,,,,,,,,,,,,,,,,,
8/24/2020,2020,8,24,11,30,203,715,16.1,0.16,3.6,29.39,36.8,985,,,,,,,,,,,,,,,,,,,,,,,,,,,,,,,,,
8/24/2020,2020,8,24,12,30,191,748,15.4,0.16,3.8,27.25,37.4,984,,,,,,,,,,,,,,,,,,,,,,,,,,,,,,,,,
8/24/2020,2020,8,24,13,30,188,734,14.8,0.16,3.9,26.07,37.5,984,,,,,,,,,,,,,,,,,,,,,,,,,,,,,,,,,
8/24/2020,2020,8,24,14,30,176,703,14.3,0.16,3.9,25.85,37.1,983,,,,,,,,,,,,,,,,,,,,,,,,,,,,,,,,,
8/24/2020,2020,8,24,15,30,155,651,14.2,0.16,3.8,26.79,36.3,983,,,,,,,,,,,,,,,,,,,,,,,,,,,,,,,,,
8/24/2020,2020,8,24,16,30,126,563,14.5,0.16,3.3,29.74,34.8,983,,,,,,,,,,,,,,,,,,,,,,,,,,,,,,,,,
8/24/2020,2020,8,24,17,30,87,410,15.9,0.16,2.9,34.39,33.8,983,,,,,,,,,,,,,,,,,,,,,,,,,,,,,,,,,
8/24/2020,2020,8,24,18,30,29,147,17.4,0.16,2,50.08,28.8,983,,,,,,,,,,,,,,,,,,,,,,,,,,,,,,,,,
8/24/2020,2020,8,24,19,30,0,0,17.5,0.16,2.3,54.98,27.3,984,,,,,,,,,,,,,,,,,,,,,,,,,,,,,,,,,
8/24/2020,2020,8,24,20,30,0,0,17.9,0.16,2.5,59.15,26.5,984,,,,,,,,,,,,,,,,,,,,,,,,,,,,,,,,,
8/24/2020,2020,8,24,21,30,0,0,18.2,0.16,2.5,63.37,25.7,984,,,,,,,,,,,,,,,,,,,,,,,,,,,,,,,,,
8/24/2020,2020,8,24,22,30,0,0,18.4,0.16,2.6,66.99,24.9,984,,,,,,,,,,,,,,,,,,,,,,,,,,,,,,,,,
8/24/2020,2020,8,24,23,30,0,0,18.4,0.16,2.6,69.99,24.2,985,,,,,,,,,,,,,,,,,,,,,,,,,,,,,,,,,
8/25/2020,2020,8,25,0,30,0,0,18.3,0.16,2.6,72.39,23.6,985,,,,,,,,,,,,,,,,,,,,,,,,,,,,,,,,,
8/25/2020,2020,8,25,1,30,0,0,18.3,0.16,2.6,74.88,23,985,,,,,,,,,,,,,,,,,,,,,,,,,,,,,,,,,
8/25/2020,2020,8,25,2,30,0,0,18.3,0.16,2.4,78.06,22.3,985,,,,,,,,,,,,,,,,,,,,,,,,,,,,,,,,,
8/25/2020,2020,8,25,3,30,0,0,18.3,0.16,2.2,81.65,21.6,985,,,,,,,,,,,,,,,,,,,,,,,,,,,,,,,,,
8/25/2020,2020,8,25,4,30,0,0,18.4,0.16,2.1,84.43,21.1,985,,,,,,,,,,,,,,,,,,,,,,,,,,,,,,,,,
8/25/2020,2020,8,25,5,30,2,9,18.4,0.16,2.6,82.51,21.5,985,,,,,,,,,,,,,,,,,,,,,,,,,,,,,,,,,
8/25/2020,2020,8,25,6,30,55,328,18.5,0.16,3,73.82,23.4,985,,,,,,,,,,,,,,,,,,,,,,,,,,,,,,,,,
8/25/2020,2020,8,25,7,30,94,557,18.6,0.16,3,61.65,26.6,985,,,,,,,,,,,,,,,,,,,,,,,,,,,,,,,,,
8/25/2020,2020,8,25,8,30,117,685,18.5,0.16,3.6,47.98,30.8,985,,,,,,,,,,,,,,,,,,,,,,,,,,,,,,,,,
8/25/2020,2020,8,25,9,30,134,756,16.3,0.16,4.1,35.16,33.8,985,,,,,,,,,,,,,,,,,,,,,,,,,,,,,,,,,
8/25/2020,2020,8,25,10,30,145,797,15.7,0.16,4.1,31.35,35.2,985,,,,,,,,,,,,,,,,,,,,,,,,,,,,,,,,,
8/25/2020,2020,8,25,11,30,165,790,15.4,0.16,4.1,29.27,36.1,984,,,,,,,,,,,,,,,,,,,,,,,,,,,,,,,,,
8/25/2020,2020,8,25,12,30,187,759,15.1,0.16,4.1,27.84,36.7,984,,,,,,,,,,,,,,,,,,,,,,,,,,,,,,,,,
8/25/2020,2020,8,25,13,30,184,743,14.9,0.16,4,27.04,36.9,983,,,,,,,,,,,,,,,,,,,,,,,,,,,,,,,,,
8/25/2020,2020,8,25,14,30,172,712,14.7,0.16,4,27.15,36.6,983,,,,,,,,,,,,,,,,,,,,,,,,,,,,,,,,,
8/25/2020,2020,8,25,15,30,153,658,14.6,0.16,3.9,28.23,35.8,982,,,,,,,,,,,,,,,,,,,,,,,,,,,,,,,,,
8/25/2020,2020,8,25,16,30,126,567,14.8,0.16,3.5,31.11,34.3,982,,,,,,,,,,,,,,,,,,,,,,,,,,,,,,,,,
8/25/2020,2020,8,25,17,30,86,407,15.9,0.16,3.2,35.36,33.3,982,,,,,,,,,,,,,,,,,,,,,,,,,,,,,,,,,
8/25/2020,2020,8,25,18,30,27,137,17.3,0.16,2.4,50.5,28.6,983,,,,,,,,,,,,,,,,,,,,,,,,,,,,,,,,,
8/25/2020,2020,8,25,19,30,0,0,17.5,0.16,2.8,55.56,27.2,983,,,,,,,,,,,,,,,,,,,,,,,,,,,,,,,,,
8/25/2020,2020,8,25,20,30,0,0,17.9,0.16,2.9,60.09,26.3,983,,,,,,,,,,,,,,,,,,,,,,,,,,,,,,,,,
8/25/2020,2020,8,25,21,30,0,0,18.2,0.16,2.9,63.98,25.5,983,,,,,,,,,,,,,,,,,,,,,,,,,,,,,,,,,
8/25/2020,2020,8,25,22,30,0,0,18.2,0.16,2.9,66.88,24.8,983,,,,,,,,,,,,,,,,,,,,,,,,,,,,,,,,,
8/25/2020,2020,8,25,23,30,0,0,18.2,0.16,2.9,69.05,24.2,983,,,,,,,,,,,,,,,,,,,,,,,,,,,,,,,,,
8/26/2020,2020,8,26,0,30,0,0,18.1,0.16,2.9,71.07,23.6,983,,,,,,,,,,,,,,,,,,,,,,,,,,,,,,,,,
8/26/2020,2020,8,26,1,30,0,0,17.9,0.16,3.1,72.16,23.2,983,,,,,,,,,,,,,,,,,,,,,,,,,,,,,,,,,
8/26/2020,2020,8,26,2,30,0,0,17.7,0.16,3.2,72.91,22.8,983,,,,,,,,,,,,,,,,,,,,,,,,,,,,,,,,,
8/26/2020,2020,8,26,3,30,0,0,17.6,0.16,3.2,74.92,22.3,983,,,,,,,,,,,,,,,,,,,,,,,,,,,,,,,,,
8/26/2020,2020,8,26,4,30,0,0,17.7,0.16,3.1,77.77,21.8,983,,,,,,,,,,,,,,,,,,,,,,,,,,,,,,,,,
8/26/2020,2020,8,26,5,30,1,9,17.9,0.16,3.4,77.17,22.1,983,,,,,,,,,,,,,,,,,,,,,,,,,,,,,,,,,
8/26/2020,2020,8,26,6,30,52,335,18.1,0.16,3.6,71.02,23.7,983,,,,,,,,,,,,,,,,,,,,,,,,,,,,,,,,,
8/26/2020,2020,8,26,7,30,89,568,18.4,0.16,3.7,59.85,26.9,982,,,,,,,,,,,,,,,,,,,,,,,,,,,,,,,,,
8/26/2020,2020,8,26,8,30,112,696,18.4,0.16,4.3,47.63,30.8,982,,,,,,,,,,,,,,,,,,,,,,,,,,,,,,,,,
8/26/2020,2020,8,26,9,30,125,770,17.2,0.16,4.9,37.73,33.6,982,,,,,,,,,,,,,,,,,,,,,,,,,,,,,,,,,
8/26/2020,2020,8,26,10,30,135,812,16.6,0.16,5.2,33.39,35.1,981,,,,,,,,,,,,,,,,,,,,,,,,,,,,,,,,,
8/26/2020,2020,8,26,11,30,139,834,16.3,0.16,5.4,31.31,35.9,981,,,,,,,,,,,,,,,,,,,,,,,,,,,,,,,,,
8/26/2020,2020,8,26,12,30,138,842,16,0.16,5.5,29.86,36.4,980,,,,,,,,,,,,,,,,,,,,,,,,,,,,,,,,,
8/26/2020,2020,8,26,13,30,167,756,15.7,0.16,5.5,29.21,36.5,980,,,,,,,,,,,,,,,,,,,,,,,,,,,,,,,,,
8/26/2020,2020,8,26,14,30,129,793,15.6,0.16,5.4,29.55,36.1,979,,,,,,,,,,,,,,,,,,,,,,,,,,,,,,,,,
8/26/2020,2020,8,26,15,30,161,595,15.5,0.16,5.3,30.63,35.4,979,,,,,,,,,,,,,,,,,,,,,,,,,,,,,,,,,
8/26/2020,2020,8,26,16,30,110,585,15.7,0.16,4.9,33.33,34.1,979,,,,,,,,,,,,,,,,,,,,,,,,,,,,,,,,,
8/26/2020,2020,8,26,17,30,69,513,16.3,0.16,4.6,36.25,33.3,979,,,,,,,,,,,,,,,,,,,,,,,,,,,,,,,,,
8/26/2020,2020,8,26,18,30,26,190,17.4,0.16,3.1,47.81,29.6,979,,,,,,,,,,,,,,,,,,,,,,,,,,,,,,,,,
8/26/2020,2020,8,26,19,30,0,0,18.2,0.16,3,55.12,28.1,979,,,,,,,,,,,,,,,,,,,,,,,,,,,,,,,,,
8/26/2020,2020,8,26,20,30,0,0,19,0.16,3.2,60.72,27.2,980,,,,,,,,,,,,,,,,,,,,,,,,,,,,,,,,,
8/26/2020,2020,8,26,21,30,0,0,19.6,0.16,3.2,66.35,26.4,980,,,,,,,,,,,,,,,,,,,,,,,,,,,,,,,,,
8/26/2020,2020,8,26,22,30,0,0,20.2,0.16,3.1,72.08,25.6,980,,,,,,,,,,,,,,,,,,,,,,,,,,,,,,,,,
8/26/2020,2020,8,26,23,30,0,0,20.6,0.16,3,77.08,24.9,980,,,,,,,,,,,,,,,,,,,,,,,,,,,,,,,,,
8/27/2020,2020,8,27,0,30,0,0,20.8,0.16,3,81.06,24.3,980,,,,,,,,,,,,,,,,,,,,,,,,,,,,,,,,,
8/27/2020,2020,8,27,1,30,0,0,20.9,0.16,3.1,83.72,23.8,979,,,,,,,,,,,,,,,,,,,,,,,,,,,,,,,,,
8/27/2020,2020,8,27,2,30,0,0,20.8,0.16,3.1,86.03,23.3,979,,,,,,,,,,,,,,,,,,,,,,,,,,,,,,,,,
8/27/2020,2020,8,27,3,30,0,0,20.8,0.16,3.1,88.09,22.9,980,,,,,,,,,,,,,,,,,,,,,,,,,,,,,,,,,
8/27/2020,2020,8,27,4,30,0,0,20.9,0.16,3,89.36,22.7,980,,,,,,,,,,,,,,,,,,,,,,,,,,,,,,,,,
8/27/2020,2020,8,27,5,30,1,6,20.9,0.16,3,88.07,23,980,,,,,,,,,,,,,,,,,,,,,,,,,,,,,,,,,
8/27/2020,2020,8,27,6,30,55,291,21,0.16,3.2,80.91,24.5,980,,,,,,,,,,,,,,,,,,,,,,,,,,,,,,,,,
8/27/2020,2020,8,27,7,30,95,524,21.1,0.16,3.3,68.77,27.3,980,,,,,,,,,,,,,,,,,,,,,,,,,,,,,,,,,
8/27/2020,2020,8,27,8,30,115,668,20.8,0.16,3.3,56.1,30.5,980,,,,,,,,,,,,,,,,,,,,,,,,,,,,,,,,,
8/27/2020,2020,8,27,9,30,123,756,19.6,0.16,3.2,44.92,33.1,980,,,,,,,,,,,,,,,,,,,,,,,,,,,,,,,,,
8/27/2020,2020,8,27,10,30,162,732,18.6,0.16,3.2,38.59,34.8,979,,,,,,,,,,,,,,,,,,,,,,,,,,,,,,,,,
8/27/2020,2020,8,27,11,30,296,429,17.9,0.16,3.3,34.9,35.8,979,,,,,,,,,,,,,,,,,,,,,,,,,,,,,,,,,
8/27/2020,2020,8,27,12,30,228,649,17.3,0.16,3.3,32.29,36.5,978,,,,,,,,,,,,,,,,,,,,,,,,,,,,,,,,,
8/27/2020,2020,8,27,13,30,308,446,16.9,0.16,3.2,30.92,36.8,978,,,,,,,,,,,,,,,,,,,,,,,,,,,,,,,,,
8/27/2020,2020,8,27,14,30,129,777,16.6,0.16,3.1,30.52,36.7,977,,,,,,,,,,,,,,,,,,,,,,,,,,,,,,,,,
8/27/2020,2020,8,27,15,30,116,726,16.5,0.16,3,31.4,36.1,977,,,,,,,,,,,,,,,,,,,,,,,,,,,,,,,,,
8/27/2020,2020,8,27,16,30,121,525,16.7,0.16,2.8,33.69,35,977,,,,,,,,,,,,,,,,,,,,,,,,,,,,,,,,,
8/27/2020,2020,8,27,17,30,71,469,17.3,0.16,2.7,36.71,34.2,977,,,,,,,,,,,,,,,,,,,,,,,,,,,,,,,,,
8/27/2020,2020,8,27,18,30,25,158,19.2,0.17,1.8,52.28,30,978,,,,,,,,,,,,,,,,,,,,,,,,,,,,,,,,,
8/27/2020,2020,8,27,19,30,0,0,19.2,0.17,2.1,56.96,28.6,978,,,,,,,,,,,,,,,,,,,,,,,,,,,,,,,,,
8/27/2020,2020,8,27,20,30,0,0,19.6,0.17,2.3,61.19,27.8,978,,,,,,,,,,,,,,,,,,,,,,,,,,,,,,,,,
8/27/2020,2020,8,27,21,30,0,0,20.2,0.17,2.4,66.97,26.9,978,,,,,,,,,,,,,,,,,,,,,,,,,,,,,,,,,
8/27/2020,2020,8,27,22,30,0,0,20.9,0.17,2.5,72.9,26.1,978,,,,,,,,,,,,,,,,,,,,,,,,,,,,,,,,,
8/27/2020,2020,8,27,23,30,0,0,21.5,0.17,2.6,79.29,25.3,978,,,,,,,,,,,,,,,,,,,,,,,,,,,,,,,,,
8/28/2020,2020,8,28,0,30,0,0,21.9,0.17,2.4,85.45,24.5,978,,,,,,,,,,,,,,,,,,,,,,,,,,,,,,,,,
8/28/2020,2020,8,28,1,30,0,0,22.1,0.17,2.3,89.91,23.9,978,,,,,,,,,,,,,,,,,,,,,,,,,,,,,,,,,
8/28/2020,2020,8,28,2,30,0,0,22.2,0.17,2.2,93.79,23.3,978,,,,,,,,,,,,,,,,,,,,,,,,,,,,,,,,,
8/28/2020,2020,8,28,3,30,0,0,22.2,0.17,2.1,95.96,22.9,977,,,,,,,,,,,,,,,,,,,,,,,,,,,,,,,,,
8/28/2020,2020,8,28,4,30,0,0,22.2,0.17,1.8,97.97,22.5,978,,,,,,,,,,,,,,,,,,,,,,,,,,,,,,,,,
8/28/2020,2020,8,28,5,30,1,8,22.1,0.17,2,95.56,22.8,978,,,,,,,,,,,,,,,,,,,,,,,,,,,,,,,,,
8/28/2020,2020,8,28,6,30,49,351,22,0.17,2.5,86.18,24.5,978,,,,,,,,,,,,,,,,,,,,,,,,,,,,,,,,,
8/28/2020,2020,8,28,7,30,83,578,22.2,0.17,2.8,75.18,27,978,,,,,,,,,,,,,,,,,,,,,,,,,,,,,,,,,
8/28/2020,2020,8,28,8,30,105,696,21.6,0.17,2.9,61.61,29.8,978,,,,,,,,,,,,,,,,,,,,,,,,,,,,,,,,,
8/28/2020,2020,8,28,9,30,119,767,20.4,0.17,2.7,50.26,32,977,,,,,,,,,,,,,,,,,,,,,,,,,,,,,,,,,
8/28/2020,2020,8,28,10,30,130,805,19.2,0.17,2.8,42.29,33.8,977,,,,,,,,,,,,,,,,,,,,,,,,,,,,,,,,,
8/28/2020,2020,8,28,11,30,321,229,18.4,0.17,3,37.26,35.2,976,,,,,,,,,,,,,,,,,,,,,,,,,,,,,,,,,
8/28/2020,2020,8,28,12,30,131,834,17.9,0.17,3.2,34.04,36.2,975,,,,,,,,,,,,,,,,,,,,,,,,,,,,,,,,,
8/28/2020,2020,8,28,13,30,127,824,17.3,0.17,3.6,31.68,36.9,974,,,,,,,,,,,,,,,,,,,,,,,,,,,,,,,,,
8/28/2020,2020,8,28,14,30,150,642,16.9,0.17,4.1,30.56,37,974,,,,,,,,,,,,,,,,,,,,,,,,,,,,,,,,,
8/28/2020,2020,8,28,15,30,221,204,16.6,0.17,4.6,31.37,36.2,974,,,,,,,,,,,,,,,,,,,,,,,,,,,,,,,,,
8/28/2020,2020,8,28,16,30,115,566,16.8,0.17,4.9,35.32,34.3,974,,,,,,,,,,,,,,,,,,,,,,,,,,,,,,,,,
8/28/2020,2020,8,28,17,30,82,247,17.5,0.17,5,39.56,33.1,975,,,,,,,,,,,,,,,,,,,,,,,,,,,,,,,,,
8/28/2020,2020,8,28,18,30,23,134,17.9,0.17,4.3,52.55,28.6,977,,,,,,,,,,,,,,,,,,,,,,,,,,,,,,,,,
8/28/2020,2020,8,28,19,30,0,0,18.1,0.17,3.1,60.21,26.4,978,,,,,,,,,,,,,,,,,,,,,,,,,,,,,,,,,
8/28/2020,2020,8,28,20,30,0,0,18.2,0.17,2.4,66.15,25,979,,,,,,,,,,,,,,,,,,,,,,,,,,,,,,,,,
8/28/2020,2020,8,28,21,30,0,0,18.2,0.17,2.2,69.77,24.1,979,,,,,,,,,,,,,,,,,,,,,,,,,,,,,,,,,
8/28/2020,2020,8,28,22,30,0,0,18.1,0.17,2.5,71.53,23.5,979,,,,,,,,,,,,,,,,,,,,,,,,,,,,,,,,,
8/28/2020,2020,8,28,23,30,0,0,17.8,0.17,3.3,73.18,22.9,980,,,,,,,,,,,,,,,,,,,,,,,,,,,,,,,,,
8/29/2020,2020,8,29,0,30,0,0,17.3,0.17,4,74.32,22.1,980,,,,,,,,,,,,,,,,,,,,,,,,,,,,,,,,,
8/29/2020,2020,8,29,1,30,0,0,16,0.17,3.9,73.33,21,981,,,,,,,,,,,,,,,,,,,,,,,,,,,,,,,,,
8/29/2020,2020,8,29,2,30,0,0,14.4,0.17,3.5,70.95,19.8,981,,,,,,,,,,,,,,,,,,,,,,,,,,,,,,,,,
8/29/2020,2020,8,29,3,30,0,0,13.1,0.17,3,70.9,18.5,982,,,,,,,,,,,,,,,,,,,,,,,,,,,,,,,,,
8/29/2020,2020,8,29,4,30,0,0,12.6,0.17,2.5,73.19,17.4,982,,,,,,,,,,,,,,,,,,,,,,,,,,,,,,,,,
8/29/2020,2020,8,29,5,30,0,0,12.2,0.17,2.6,72.57,17.2,983,,,,,,,,,,,,,,,,,,,,,,,,,,,,,,,,,
8/29/2020,2020,8,29,6,30,53,124,11.9,0.17,2.8,66.48,18.3,984,,,,,,,,,,,,,,,,,,,,,,,,,,,,,,,,,
8/29/2020,2020,8,29,7,30,102,4,11.1,0.17,2.9,56.01,20.1,984,,,,,,,,,,,,,,,,,,,,,,,,,,,,,,,,,
8/29/2020,2020,8,29,8,30,159,431,10.1,0.17,3,47.11,21.9,985,,,,,,,,,,,,,,,,,,,,,,,,,,,,,,,,,
8/29/2020,2020,8,29,9,30,244,433,9.2,0.17,3.2,40.56,23.4,984,,,,,,,,,,,,,,,,,,,,,,,,,,,,,,,,,
8/29/2020,2020,8,29,10,30,315,394,8.3,0.17,3.3,34.86,24.9,984,,,,,,,,,,,,,,,,,,,,,,,,,,,,,,,,,
8/29/2020,2020,8,29,11,30,326,458,7.5,0.17,3.2,30.14,26.4,983,,,,,,,,,,,,,,,,,,,,,,,,,,,,,,,,,
8/29/2020,2020,8,29,12,30,310,516,6.8,0.17,3,26.66,27.7,983,,,,,,,,,,,,,,,,,,,,,,,,,,,,,,,,,
8/29/2020,2020,8,29,13,30,254,601,6.3,0.17,2.7,24.5,28.5,982,,,,,,,,,,,,,,,,,,,,,,,,,,,,,,,,,
8/29/2020,2020,8,29,14,30,76,941,5.8,0.17,2.6,23.5,28.7,982,,,,,,,,,,,,,,,,,,,,,,,,,,,,,,,,,
8/29/2020,2020,8,29,15,30,69,896,5.4,0.17,2.4,23.27,28.4,981,,,,,,,,,,,,,,,,,,,,,,,,,,,,,,,,,
8/29/2020,2020,8,29,16,30,62,817,5.2,0.17,2.1,24.21,27.4,981,,,,,,,,,,,,,,,,,,,,,,,,,,,,,,,,,
8/29/2020,2020,8,29,17,30,47,665,6.2,0.17,1.8,27,26.7,981,,,,,,,,,,,,,,,,,,,,,,,,,,,,,,,,,
8/29/2020,2020,8,29,18,30,22,265,10.5,0.19,1.1,49.46,21.5,982,,,,,,,,,,,,,,,,,,,,,,,,,,,,,,,,,
8/29/2020,2020,8,29,19,30,0,0,9.7,0.19,1.4,52.39,19.7,982,,,,,,,,,,,,,,,,,,,,,,,,,,,,,,,,,
8/29/2020,2020,8,29,20,30,0,0,9.7,0.19,1.5,55.79,18.7,982,,,,,,,,,,,,,,,,,,,,,,,,,,,,,,,,,
8/29/2020,2020,8,29,21,30,0,0,10,0.19,1.6,59.84,17.9,982,,,,,,,,,,,,,,,,,,,,,,,,,,,,,,,,,
8/29/2020,2020,8,29,22,30,0,0,10.1,0.19,1.5,62.63,17.3,982,,,,,,,,,,,,,,,,,,,,,,,,,,,,,,,,,
8/29/2020,2020,8,29,23,30,0,0,10.2,0.19,1.4,64.2,17,982,,,,,,,,,,,,,,,,,,,,,,,,,,,,,,,,,
8/30/2020,2020,8,30,0,30,0,0,10.3,0.19,1.2,65.99,16.7,982,,,,,,,,,,,,,,,,,,,,,,,,,,,,,,,,,
8/30/2020,2020,8,30,1,30,0,0,10.5,0.19,1,68.39,16.3,982,,,,,,,,,,,,,,,,,,,,,,,,,,,,,,,,,
8/30/2020,2020,8,30,2,30,0,0,10.4,0.19,1,70.06,15.9,982,,,,,,,,,,,,,,,,,,,,,,,,,,,,,,,,,
8/30/2020,2020,8,30,3,30,0,0,10.5,0.19,1.2,71.32,15.7,982,,,,,,,,,,,,,,,,,,,,,,,,,,,,,,,,,
8/30/2020,2020,8,30,4,30,0,0,10.6,0.19,1.5,73.22,15.4,982,,,,,,,,,,,,,,,,,,,,,,,,,,,,,,,,,
8/30/2020,2020,8,30,5,30,0,0,10.7,0.19,2,71.84,15.8,982,,,,,,,,,,,,,,,,,,,,,,,,,,,,,,,,,
8/30/2020,2020,8,30,6,30,47,402,10.8,0.19,2.3,66.58,17.1,982,,,,,,,,,,,,,,,,,,,,,,,,,,,,,,,,,
8/30/2020,2020,8,30,7,30,81,634,11,0.19,2.4,58.35,19.4,981,,,,,,,,,,,,,,,,,,,,,,,,,,,,,,,,,
8/30/2020,2020,8,30,8,30,123,657,10.7,0.19,2.7,48.53,22,981,,,,,,,,,,,,,,,,,,,,,,,,,,,,,,,,,
8/30/2020,2020,8,30,9,30,283,295,9.3,0.19,2.7,39.69,23.8,980,,,,,,,,,,,,,,,,,,,,,,,,,,,,,,,,,
8/30/2020,2020,8,30,10,30,362,208,8.9,0.19,2.4,36.16,24.9,980,,,,,,,,,,,,,,,,,,,,,,,,,,,,,,,,,
8/30/2020,2020,8,30,11,30,401,138,8.6,0.19,2.3,33.7,25.8,980,,,,,,,,,,,,,,,,,,,,,,,,,,,,,,,,,
8/30/2020,2020,8,30,12,30,373,179,8.4,0.19,2.4,31.66,26.6,979,,,,,,,,,,,,,,,,,,,,,,,,,,,,,,,,,
8/30/2020,2020,8,30,13,30,255,563,8.2,0.19,2.7,29.71,27.4,978,,,,,,,,,,,,,,,,,,,,,,,,,,,,,,,,,
8/30/2020,2020,8,30,14,30,318,223,7.9,0.19,3,28.49,27.8,977,,,,,,,,,,,,,,,,,,,,,,,,,,,,,,,,,
8/30/2020,2020,8,30,15,30,187,509,7.6,0.19,3.3,28.05,27.7,976,,,,,,,,,,,,,,,,,,,,,,,,,,,,,,,,,
8/30/2020,2020,8,30,16,30,114,570,7.5,0.19,3.2,29.2,26.9,976,,,,,,,,,,,,,,,,,,,,,,,,,,,,,,,,,
8/30/2020,2020,8,30,17,30,78,288,8.2,0.19,3,31.89,26.3,976,,,,,,,,,,,,,,,,,,,,,,,,,,,,,,,,,
8/30/2020,2020,8,30,18,30,20,63,10.1,0.19,2.3,45.38,22.5,977,,,,,,,,,,,,,,,,,,,,,,,,,,,,,,,,,
8/30/2020,2020,8,30,19,30,0,0,9.8,0.19,2.9,47.54,21.4,977,,,,,,,,,,,,,,,,,,,,,,,,,,,,,,,,,
8/30/2020,2020,8,30,20,30,0,0,9.9,0.19,3.1,51.15,20.3,977,,,,,,,,,,,,,,,,,,,,,,,,,,,,,,,,,
8/30/2020,2020,8,30,21,30,0,0,10.2,0.19,3.1,55.64,19.3,977,,,,,,,,,,,,,,,,,,,,,,,,,,,,,,,,,
8/30/2020,2020,8,30,22,30,0,0,10.5,0.19,3.1,59.3,18.6,977,,,,,,,,,,,,,,,,,,,,,,,,,,,,,,,,,
8/30/2020,2020,8,30,23,30,0,0,10.8,0.19,2.9,62.35,18.1,976,,,,,,,,,,,,,,,,,,,,,,,,,,,,,,,,,
8/31/2020,2020,8,31,0,30,0,0,11.1,0.19,2.7,65.38,17.7,976,,,,,,,,,,,,,,,,,,,,,,,,,,,,,,,,,
8/31/2020,2020,8,31,1,30,0,0,11.5,0.19,2.4,68.49,17.4,976,,,,,,,,,,,,,,,,,,,,,,,,,,,,,,,,,
8/31/2020,2020,8,31,2,30,0,0,11.8,0.19,2.3,71.11,17.1,976,,,,,,,,,,,,,,,,,,,,,,,,,,,,,,,,,
8/31/2020,2020,8,31,3,30,0,0,12,0.19,2.4,72.62,17,977,,,,,,,,,,,,,,,,,,,,,,,,,,,,,,,,,
8/31/2020,2020,8,31,4,30,0,0,12.5,0.19,2.6,74.67,17,977,,,,,,,,,,,,,,,,,,,,,,,,,,,,,,,,,
8/31/2020,2020,8,31,5,30,0,0,13.3,0.19,2.8,77.22,17.3,978,,,,,,,,,,,,,,,,,,,,,,,,,,,,,,,,,
8/31/2020,2020,8,31,6,30,20,0,14.3,0.19,3.1,80.62,17.7,978,,,,,,,,,,,,,,,,,,,,,,,,,,,,,,,,,
8/31/2020,2020,8,31,7,30,16,0,15,0.19,3.7,80.93,18.3,979,,,,,,,,,,,,,,,,,,,,,,,,,,,,,,,,,
8/31/2020,2020,8,31,8,30,204,253,14.5,0.19,4.3,71.8,19.7,979,,,,,,,,,,,,,,,,,,,,,,,,,,,,,,,,,
8/31/2020,2020,8,31,9,30,74,4,12.6,0.19,4.3,56.86,21.5,979,,,,,,,,,,,,,,,,,,,,,,,,,,,,,,,,,
8/31/2020,2020,8,31,10,30,287,30,10.7,0.19,3.9,44.96,23.3,979,,,,,,,,,,,,,,,,,,,,,,,,,,,,,,,,,
8/31/2020,2020,8,31,11,30,388,251,9.6,0.19,3.5,37.96,24.9,979,,,,,,,,,,,,,,,,,,,,,,,,,,,,,,,,,
8/31/2020,2020,8,31,12,30,133,861,8.7,0.19,3.1,33.06,26.2,979,,,,,,,,,,,,,,,,,,,,,,,,,,,,,,,,,
8/31/2020,2020,8,31,13,30,123,863,7.9,0.19,2.9,30,26.9,979,,,,,,,,,,,,,,,,,,,,,,,,,,,,,,,,,
8/31/2020,2020,8,31,14,30,111,845,7.1,0.19,2.8,28.19,27.1,979,,,,,,,,,,,,,,,,,,,,,,,,,,,,,,,,,
8/31/2020,2020,8,31,15,30,96,803,6.4,0.19,2.8,27.36,26.8,979,,,,,,,,,,,,,,,,,,,,,,,,,,,,,,,,,
8/31/2020,2020,8,31,16,30,79,722,6.1,0.19,2.5,28.42,25.8,979,,,,,,,,,,,,,,,,,,,,,,,,,,,,,,,,,
8/31/2020,2020,8,31,17,30,57,559,7.6,0.19,2.3,33,25,979,,,,,,,,,,,,,,,,,,,,,,,,,,,,,,,,,
8/31/2020,2020,8,31,18,30,19,182,9.4,0.19,1.6,48.96,20.5,980,,,,,,,,,,,,,,,,,,,,,,,,,,,,,,,,,
8/31/2020,2020,8,31,19,30,0,0,9,0.19,1.9,52.5,18.9,981,,,,,,,,,,,,,,,,,,,,,,,,,,,,,,,,,
8/31/2020,2020,8,31,20,30,0,0,9,0.19,2,55.92,17.9,981,,,,,,,,,,,,,,,,,,,,,,,,,,,,,,,,,
8/31/2020,2020,8,31,21,30,0,0,9.1,0.19,2.1,59.46,17.1,982,,,,,,,,,,,,,,,,,,,,,,,,,,,,,,,,,
8/31/2020,2020,8,31,22,30,0,0,9.1,0.19,2.4,61.56,16.5,982,,,,,,,,,,,,,,,,,,,,,,,,,,,,,,,,,
8/31/2020,2020,8,31,23,30,0,0,8.9,0.19,2.6,62.35,16.1,982,,,,,,,,,,,,,,,,,,,,,,,,,,,,,,,,,
9/1/2020,2020,9,1,0,30,0,0,8.7,0.19,2.8,63.08,15.7,982,,,,,,,,,,,,,,,,,,,,,,,,,,,,,,,,,
9/1/2020,2020,9,1,1,30,0,0,8.5,0.19,3,64.03,15.3,982,,,,,,,,,,,,,,,,,,,,,,,,,,,,,,,,,
9/1/2020,2020,9,1,2,30,0,0,8.5,0.19,3,65.31,15,982,,,,,,,,,,,,,,,,,,,,,,,,,,,,,,,,,
9/1/2020,2020,9,1,3,30,0,0,8.7,0.19,3,66.6,14.9,982,,,,,,,,,,,,,,,,,,,,,,,,,,,,,,,,,
9/1/2020,2020,9,1,4,30,0,0,9.3,0.19,2.8,69.5,14.8,982,,,,,,,,,,,,,,,,,,,,,,,,,,,,,,,,,
9/1/2020,2020,9,1,5,30,0,0,10.1,0.19,2.8,72.51,15,982,,,,,,,,,,,,,,,,,,,,,,,,,,,,,,,,,
9/1/2020,2020,9,1,6,30,35,24,11.1,0.19,3,73.96,15.7,982,,,,,,,,,,,,,,,,,,,,,,,,,,,,,,,,,
9/1/2020,2020,9,1,7,30,105,67,12.1,0.19,3.7,72.58,17.1,982,,,,,,,,,,,,,,,,,,,,,,,,,,,,,,,,,
9/1/2020,2020,9,1,8,30,144,86,12.9,0.19,4.4,68.23,18.9,981,,,,,,,,,,,,,,,,,,,,,,,,,,,,,,,,,
9/1/2020,2020,9,1,9,30,40,0,13.4,0.19,4.1,63.65,20.5,981,,,,,,,,,,,,,,,,,,,,,,,,,,,,,,,,,
9/1/2020,2020,9,1,10,30,46,0,13.9,0.19,3.3,60.49,21.9,980,,,,,,,,,,,,,,,,,,,,,,,,,,,,,,,,,
9/1/2020,2020,9,1,11,30,295,420,14.9,0.19,2.8,57.77,23.7,979,,,,,,,,,,,,,,,,,,,,,,,,,,,,,,,,,
9/1/2020,2020,9,1,12,30,239,14,16,0.19,2.6,54.96,25.7,978,,,,,,,,,,,,,,,,,,,,,,,,,,,,,,,,,
9/1/2020,2020,9,1,13,30,349,132,16.9,0.19,2.7,53.34,27.2,977,,,,,,,,,,,,,,,,,,,,,,,,,,,,,,,,,
9/1/2020,2020,9,1,14,30,218,19,17.6,0.19,2.8,54.14,27.7,976,,,,,,,,,,,,,,,,,,,,,,,,,,,,,,,,,
9/1/2020,2020,9,1,15,30,108,0,18.2,0.19,2.9,58.76,27,976,,,,,,,,,,,,,,,,,,,,,,,,,,,,,,,,,
9/1/2020,2020,9,1,16,30,92,388,18.9,0.19,2.6,66.37,25.6,976,,,,,,,,,,,,,,,,,,,,,,,,,,,,,,,,,
9/1/2020,2020,9,1,17,30,78,360,19.4,0.19,2.5,72.49,24.7,976,,,,,,,,,,,,,,,,,,,,,,,,,,,,,,,,,
9/1/2020,2020,9,1,18,30,17,57,19.7,0.18,1.6,87.92,21.8,977,,,,,,,,,,,,,,,,,,,,,,,,,,,,,,,,,
9/1/2020,2020,9,1,19,30,0,0,19.4,0.18,1.4,93.51,20.5,978,,,,,,,,,,,,,,,,,,,,,,,,,,,,,,,,,
9/1/2020,2020,9,1,20,30,0,0,19.1,0.18,1.1,97.26,19.5,978,,,,,,,,,,,,,,,,,,,,,,,,,,,,,,,,,
9/1/2020,2020,9,1,21,30,0,0,18.4,0.18,0.8,100,18.4,979,,,,,,,,,,,,,,,,,,,,,,,,,,,,,,,,,
9/1/2020,2020,9,1,22,30,0,0,17.5,0.18,0.9,100,17.5,979,,,,,,,,,,,,,,,,,,,,,,,,,,,,,,,,,
9/1/2020,2020,9,1,23,30,0,0,17.1,0.18,1.3,100,17.1,979,,,,,,,,,,,,,,,,,,,,,,,,,,,,,,,,,
9/2/2020,2020,9,2,0,30,0,0,16.9,0.18,1.9,100,16.9,979,,,,,,,,,,,,,,,,,,,,,,,,,,,,,,,,,
9/2/2020,2020,9,2,1,30,0,0,16.8,0.18,2.3,100,16.8,979,,,,,,,,,,,,,,,,,,,,,,,,,,,,,,,,,
9/2/2020,2020,9,2,2,30,0,0,16.3,0.18,2.4,100,16.3,979,,,,,,,,,,,,,,,,,,,,,,,,,,,,,,,,,
9/2/2020,2020,9,2,3,30,0,0,15.7,0.18,2.3,100,15.7,979,,,,,,,,,,,,,,,,,,,,,,,,,,,,,,,,,
9/2/2020,2020,9,2,4,30,0,0,15.1,0.18,2.1,100,15.1,979,,,,,,,,,,,,,,,,,,,,,,,,,,,,,,,,,
9/2/2020,2020,9,2,5,30,0,0,14.5,0.18,2.3,96.23,15.1,979,,,,,,,,,,,,,,,,,,,,,,,,,,,,,,,,,
9/2/2020,2020,9,2,6,30,37,474,14.4,0.18,2.7,88.39,16.3,980,,,,,,,,,,,,,,,,,,,,,,,,,,,,,,,,,
9/2/2020,2020,9,2,7,30,58,713,14.9,0.18,2.6,80.08,18.4,981,,,,,,,,,,,,,,,,,,,,,,,,,,,,,,,,,
9/2/2020,2020,9,2,8,30,72,824,16.1,0.18,2.3,66.96,22.5,981,,,,,,,,,,,,,,,,,,,,,,,,,,,,,,,,,
9/2/2020,2020,9,2,9,30,80,886,14.2,0.18,2.5,43.96,27.6,982,,,,,,,,,,,,,,,,,,,,,,,,,,,,,,,,,
9/2/2020,2020,9,2,10,30,85,920,8.9,0.18,2.8,25.63,30.8,982,,,,,,,,,,,,,,,,,,,,,,,,,,,,,,,,,
9/2/2020,2020,9,2,11,30,89,936,8.3,0.18,3,22.99,32,981,,,,,,,,,,,,,,,,,,,,,,,,,,,,,,,,,
9/2/2020,2020,9,2,12,30,89,939,7.9,0.18,3,21.51,32.7,980,,,,,,,,,,,,,,,,,,,,,,,,,,,,,,,,,
9/2/2020,2020,9,2,13,30,87,928,7.5,0.18,2.7,20.54,33,980,,,,,,,,,,,,,,,,,,,,,,,,,,,,,,,,,
9/2/2020,2020,9,2,14,30,83,903,7.1,0.18,2.2,20.35,32.8,979,,,,,,,,,,,,,,,,,,,,,,,,,,,,,,,,,
9/2/2020,2020,9,2,15,30,76,856,7,0.18,1.6,20.76,32.3,979,,,,,,,,,,,,,,,,,,,,,,,,,,,,,,,,,
9/2/2020,2020,9,2,16,30,65,772,7,0.18,1,22.35,31,979,,,,,,,,,,,,,,,,,,,,,,,,,,,,,,,,,
9/2/2020,2020,9,2,17,30,47,605,10.5,0.18,0.8,29.68,30.2,978,,,,,,,,,,,,,,,,,,,,,,,,,,,,,,,,,
9/2/2020,2020,9,2,18,30,16,176,12.1,0.17,1.2,45.3,24.7,978,,,,,,,,,,,,,,,,,,,,,,,,,,,,,,,,,
9/2/2020,2020,9,2,19,30,0,0,11.2,0.17,1.7,48.41,22.6,979,,,,,,,,,,,,,,,,,,,,,,,,,,,,,,,,,
9/2/2020,2020,9,2,20,30,0,0,10.8,0.17,2.5,49.28,21.9,979,,,,,,,,,,,,,,,,,,,,,,,,,,,,,,,,,
9/2/2020,2020,9,2,21,30,0,0,10.9,0.17,3.1,51.38,21.3,979,,,,,,,,,,,,,,,,,,,,,,,,,,,,,,,,,
9/2/2020,2020,9,2,22,30,0,0,11.3,0.17,3.3,55.16,20.6,979,,,,,,,,,,,,,,,,,,,,,,,,,,,,,,,,,
9/2/2020,2020,9,2,23,30,0,0,11.8,0.17,3.4,58.7,20.1,978,,,,,,,,,,,,,,,,,,,,,,,,,,,,,,,,,
9/3/2020,2020,9,3,0,30,0,0,12.2,0.17,3.8,61.59,19.8,977,,,,,,,,,,,,,,,,,,,,,,,,,,,,,,,,,
9/3/2020,2020,9,3,1,30,0,0,12.8,0.17,4.1,65.61,19.4,977,,,,,,,,,,,,,,,,,,,,,,,,,,,,,,,,,
9/3/2020,2020,9,3,2,30,0,0,13.6,0.17,4,70.9,19,976,,,,,,,,,,,,,,,,,,,,,,,,,,,,,,,,,
9/3/2020,2020,9,3,3,30,0,0,14.5,0.17,3.8,76.68,18.7,976,,,,,,,,,,,,,,,,,,,,,,,,,,,,,,,,,
9/3/2020,2020,9,3,4,30,0,0,15.3,0.17,3.8,81.59,18.5,976,,,,,,,,,,,,,,,,,,,,,,,,,,,,,,,,,
9/3/2020,2020,9,3,5,30,0,0,15.8,0.17,4,83.42,18.7,977,,,,,,,,,,,,,,,,,,,,,,,,,,,,,,,,,
9/3/2020,2020,9,3,6,30,38,399,16.2,0.17,4.4,77.57,20.2,978,,,,,,,,,,,,,,,,,,,,,,,,,,,,,,,,,
9/3/2020,2020,9,3,7,30,64,652,14.7,0.17,5.4,62.13,22.3,979,,,,,,,,,,,,,,,,,,,,,,,,,,,,,,,,,
9/3/2020,2020,9,3,8,30,77,788,10.9,0.17,6.2,44.86,23.6,980,,,,,,,,,,,,,,,,,,,,,,,,,,,,,,,,,
9/3/2020,2020,9,3,9,30,81,876,8,0.17,6.2,35.37,24.3,982,,,,,,,,,,,,,,,,,,,,,,,,,,,,,,,,,
9/3/2020,2020,9,3,10,30,81,931,6.1,0.17,5.9,29.58,25.1,982,,,,,,,,,,,,,,,,,,,,,,,,,,,,,,,,,
9/3/2020,2020,9,3,11,30,80,958,5.1,0.17,5.7,26.21,26,983,,,,,,,,,,,,,,,,,,,,,,,,,,,,,,,,,
9/3/2020,2020,9,3,12,30,81,964,4.6,0.17,5.5,24.2,26.7,983,,,,,,,,,,,,,,,,,,,,,,,,,,,,,,,,,
9/3/2020,2020,9,3,13,30,77,959,4.2,0.17,5.4,23.15,27,983,,,,,,,,,,,,,,,,,,,,,,,,,,,,,,,,,
9/3/2020,2020,9,3,14,30,76,931,3.8,0.17,5.3,22.55,27,983,,,,,,,,,,,,,,,,,,,,,,,,,,,,,,,,,
9/3/2020,2020,9,3,15,30,72,880,3.3,0.17,5,22.33,26.6,983,,,,,,,,,,,,,,,,,,,,,,,,,,,,,,,,,
9/3/2020,2020,9,3,16,30,60,802,2.8,0.17,4.4,22.87,25.5,983,,,,,,,,,,,,,,,,,,,,,,,,,,,,,,,,,
9/3/2020,2020,9,3,17,30,44,639,2.7,0.17,3.9,23.81,24.8,983,,,,,,,,,,,,,,,,,,,,,,,,,,,,,,,,,
9/3/2020,2020,9,3,18,30,16,199,5.2,0.17,1.7,39.03,19.5,984,,,,,,,,,,,,,,,,,,,,,,,,,,,,,,,,,
9/3/2020,2020,9,3,19,30,0,0,5.8,0.17,1.5,45.61,17.7,985,,,,,,,,,,,,,,,,,,,,,,,,,,,,,,,,,
9/3/2020,2020,9,3,20,30,0,0,6,0.17,1.4,49.42,16.6,986,,,,,,,,,,,,,,,,,,,,,,,,,,,,,,,,,
9/3/2020,2020,9,3,21,30,0,0,6,0.17,1.3,52.94,15.6,986,,,,,,,,,,,,,,,,,,,,,,,,,,,,,,,,,
9/3/2020,2020,9,3,22,30,0,0,6,0.17,1.2,56.01,14.7,987,,,,,,,,,,,,,,,,,,,,,,,,,,,,,,,,,
9/3/2020,2020,9,3,23,30,0,0,6,0.17,1.1,58.82,13.9,987,,,,,,,,,,,,,,,,,,,,,,,,,,,,,,,,,
9/4/2020,2020,9,4,0,30,0,0,5.9,0.17,1,60.02,13.5,988,,,,,,,,,,,,,,,,,,,,,,,,,,,,,,,,,
9/4/2020,2020,9,4,1,30,0,0,5.6,0.17,1,60.58,13.1,988,,,,,,,,,,,,,,,,,,,,,,,,,,,,,,,,,
9/4/2020,2020,9,4,2,30,0,0,5.3,0.17,1,60.78,12.7,988,,,,,,,,,,,,,,,,,,,,,,,,,,,,,,,,,
9/4/2020,2020,9,4,3,30,0,0,5,0.17,1,61.53,12.2,988,,,,,,,,,,,,,,,,,,,,,,,,,,,,,,,,,
9/4/2020,2020,9,4,4,30,0,0,4.8,0.17,1.1,62.37,11.8,989,,,,,,,,,,,,,,,,,,,,,,,,,,,,,,,,,
9/4/2020,2020,9,4,5,30,0,0,4.7,0.17,1.2,58.59,12.6,989,,,,,,,,,,,,,,,,,,,,,,,,,,,,,,,,,
9/4/2020,2020,9,4,6,30,41,335,5.4,0.17,1.8,51.49,15.3,989,,,,,,,,,,,,,,,,,,,,,,,,,,,,,,,,,
9/4/2020,2020,9,4,7,30,57,720,4.3,0.17,2.2,38,18.9,990,,,,,,,,,,,,,,,,,,,,,,,,,,,,,,,,,
9/4/2020,2020,9,4,8,30,73,819,4.5,0.17,2.2,29.8,23.1,990,,,,,,,,,,,,,,,,,,,,,,,,,,,,,,,,,
9/4/2020,2020,9,4,9,30,151,646,2.9,0.17,2.4,22.18,26.2,990,,,,,,,,,,,,,,,,,,,,,,,,,,,,,,,,,
9/4/2020,2020,9,4,10,30,100,885,3,0.17,2.7,20.42,27.7,990,,,,,,,,,,,,,,,,,,,,,,,,,,,,,,,,,
9/4/2020,2020,9,4,11,30,105,899,3.4,0.17,3.1,19.54,28.9,990,,,,,,,,,,,,,,,,,,,,,,,,,,,,,,,,,
9/4/2020,2020,9,4,12,30,103,908,3.7,0.17,3.4,19.01,29.8,989,,,,,,,,,,,,,,,,,,,,,,,,,,,,,,,,,
9/4/2020,2020,9,4,13,30,97,903,3.9,0.17,3.7,18.87,30.2,989,,,,,,,,,,,,,,,,,,,,,,,,,,,,,,,,,
9/4/2020,2020,9,4,14,30,88,881,4,0.17,3.9,18.82,30.3,988,,,,,,,,,,,,,,,,,,,,,,,,,,,,,,,,,
9/4/2020,2020,9,4,15,30,79,836,3.9,0.17,3.8,19.32,29.8,988,,,,,,,,,,,,,,,,,,,,,,,,,,,,,,,,,
9/4/2020,2020,9,4,16,30,67,750,4,0.17,3.2,20.86,28.5,988,,,,,,,,,,,,,,,,,,,,,,,,,,,,,,,,,
9/4/2020,2020,9,4,17,30,48,575,5.9,0.17,2.6,25.32,27.5,988,,,,,,,,,,,,,,,,,,,,,,,,,,,,,,,,,
9/4/2020,2020,9,4,18,30,13,133,8.2,0.17,2,41.29,22,988,,,,,,,,,,,,,,,,,,,,,,,,,,,,,,,,,
9/4/2020,2020,9,4,19,30,0,0,7.7,0.17,2.7,42.1,21.1,989,,,,,,,,,,,,,,,,,,,,,,,,,,,,,,,,,
9/4/2020,2020,9,4,20,30,0,0,8,0.17,3.4,44.18,20.6,989,,,,,,,,,,,,,,,,,,,,,,,,,,,,,,,,,
9/4/2020,2020,9,4,21,30,0,0,8.7,0.17,3.6,48.76,19.8,990,,,,,,,,,,,,,,,,,,,,,,,,,,,,,,,,,
9/4/2020,2020,9,4,22,30,0,0,9.3,0.17,3.7,53.08,19.1,990,,,,,,,,,,,,,,,,,,,,,,,,,,,,,,,,,
9/4/2020,2020,9,4,23,30,0,0,9.7,0.17,3.7,57.34,18.3,990,,,,,,,,,,,,,,,,,,,,,,,,,,,,,,,,,
9/5/2020,2020,9,5,0,30,0,0,10,0.17,3.5,61,17.6,991,,,,,,,,,,,,,,,,,,,,,,,,,,,,,,,,,
9/5/2020,2020,9,5,1,30,0,0,10.1,0.17,3,64.28,16.9,991,,,,,,,,,,,,,,,,,,,,,,,,,,,,,,,,,
9/5/2020,2020,9,5,2,30,0,0,10.1,0.17,2.3,67.8,16,991,,,,,,,,,,,,,,,,,,,,,,,,,,,,,,,,,
9/5/2020,2020,9,5,3,30,0,0,9.8,0.17,1.7,69.85,15.3,991,,,,,,,,,,,,,,,,,,,,,,,,,,,,,,,,,
9/5/2020,2020,9,5,4,30,0,0,9.6,0.17,1.4,71.65,14.7,992,,,,,,,,,,,,,,,,,,,,,,,,,,,,,,,,,
9/5/2020,2020,9,5,5,30,0,0,9.4,0.17,1.3,67.94,15.3,992,,,,,,,,,,,,,,,,,,,,,,,,,,,,,,,,,
9/5/2020,2020,9,5,6,30,36,426,9.7,0.17,1.4,60.27,17.5,992,,,,,,,,,,,,,,,,,,,,,,,,,,,,,,,,,
9/5/2020,2020,9,5,7,30,62,673,9.4,0.17,1.1,47.86,20.9,992,,,,,,,,,,,,,,,,,,,,,,,,,,,,,,,,,
9/5/2020,2020,9,5,8,30,84,769,9,0.17,0.6,36.35,25,993,,,,,,,,,,,,,,,,,,,,,,,,,,,,,,,,,
9/5/2020,2020,9,5,9,30,107,807,8,0.17,0.6,27.84,28.3,993,,,,,,,,,,,,,,,,,,,,,,,,,,,,,,,,,
9/5/2020,2020,9,5,10,30,127,824,8.2,0.17,0.8,25.51,30.1,992,,,,,,,,,,,,,,,,,,,,,,,,,,,,,,,,,
9/5/2020,2020,9,5,11,30,141,824,8.7,0.17,0.9,24.33,31.5,992,,,,,,,,,,,,,,,,,,,,,,,,,,,,,,,,,
9/5/2020,2020,9,5,12,30,136,834,9.1,0.17,1.2,23.81,32.4,991,,,,,,,,,,,,,,,,,,,,,,,,,,,,,,,,,
9/5/2020,2020,9,5,13,30,117,845,9.6,0.17,1.5,23.6,33.1,990,,,,,,,,,,,,,,,,,,,,,,,,,,,,,,,,,
9/5/2020,2020,9,5,14,30,104,826,10,0.17,1.8,24.03,33.3,989,,,,,,,,,,,,,,,,,,,,,,,,,,,,,,,,,
9/5/2020,2020,9,5,15,30,96,763,10.5,0.17,2.1,25.22,33,989,,,,,,,,,,,,,,,,,,,,,,,,,,,,,,,,,
9/5/2020,2020,9,5,16,30,77,680,11,0.17,2,27.9,31.8,988,,,,,,,,,,,,,,,,,,,,,,,,,,,,,,,,,
9/5/2020,2020,9,5,17,30,54,488,13.7,0.17,1.8,35.18,30.8,988,,,,,,,,,,,,,,,,,,,,,,,,,,,,,,,,,
9/5/2020,2020,9,5,18,30,11,82,15,0.17,1.8,51.14,25.9,988,,,,,,,,,,,,,,,,,,,,,,,,,,,,,,,,,
9/5/2020,2020,9,5,19,30,0,0,14.8,0.17,2.6,52.51,25.2,988,,,,,,,,,,,,,,,,,,,,,,,,,,,,,,,,,
9/5/2020,2020,9,5,20,30,0,0,15.5,0.17,3.1,56.7,24.7,988,,,,,,,,,,,,,,,,,,,,,,,,,,,,,,,,,
9/5/2020,2020,9,5,21,30,0,0,16.5,0.17,3.3,61.99,24.2,987,,,,,,,,,,,,,,,,,,,,,,,,,,,,,,,,,
9/5/2020,2020,9,5,22,30,0,0,17.3,0.17,3.6,67.5,23.7,986,,,,,,,,,,,,,,,,,,,,,,,,,,,,,,,,,
9/5/2020,2020,9,5,23,30,0,0,18.2,0.17,3.8,73.43,23.2,986,,,,,,,,,,,,,,,,,,,,,,,,,,,,,,,,,
9/6/2020,2020,9,6,0,30,0,0,19,0.17,3.8,79.18,22.8,985,,,,,,,,,,,,,,,,,,,,,,,,,,,,,,,,,
9/6/2020,2020,9,6,1,30,0,0,19.8,0.17,3.9,84.36,22.6,984,,,,,,,,,,,,,,,,,,,,,,,,,,,,,,,,,
9/6/2020,2020,9,6,2,30,0,0,20.4,0.17,3.9,88.7,22.4,983,,,,,,,,,,,,,,,,,,,,,,,,,,,,,,,,,
9/6/2020,2020,9,6,3,30,0,0,20.7,0.17,3.8,91.23,22.2,982,,,,,,,,,,,,,,,,,,,,,,,,,,,,,,,,,
9/6/2020,2020,9,6,4,30,0,0,20.7,0.17,3.9,91.78,22.1,982,,,,,,,,,,,,,,,,,,,,,,,,,,,,,,,,,
9/6/2020,2020,9,6,5,30,0,0,20.7,0.17,4.5,92.34,22,981,,,,,,,,,,,,,,,,,,,,,,,,,,,,,,,,,
9/6/2020,2020,9,6,6,30,41,23,20.9,0.17,5.2,89.52,22.7,981,,,,,,,,,,,,,,,,,,,,,,,,,,,,,,,,,
9/6/2020,2020,9,6,7,30,116,260,21.3,0.17,6.1,81.18,24.7,980,,,,,,,,,,,,,,,,,,,,,,,,,,,,,,,,,
9/6/2020,2020,9,6,8,30,177,382,21,0.17,7,67.88,27.5,979,,,,,,,,,,,,,,,,,,,,,,,,,,,,,,,,,
9/6/2020,2020,9,6,9,30,214,481,20.2,0.17,7.7,55.83,30,978,,,,,,,,,,,,,,,,,,,,,,,,,,,,,,,,,
9/6/2020,2020,9,6,10,30,171,695,19.5,0.17,8.1,48.02,31.9,977,,,,,,,,,,,,,,,,,,,,,,,,,,,,,,,,,
9/6/2020,2020,9,6,11,30,172,734,19,0.17,8.4,43.16,33.2,977,,,,,,,,,,,,,,,,,,,,,,,,,,,,,,,,,
9/6/2020,2020,9,6,12,30,318,457,18.5,0.17,8.3,39.67,34.2,976,,,,,,,,,,,,,,,,,,,,,,,,,,,,,,,,,
9/6/2020,2020,9,6,13,30,170,732,18.1,0.17,8,37.77,34.6,976,,,,,,,,,,,,,,,,,,,,,,,,,,,,,,,,,
9/6/2020,2020,9,6,14,30,267,328,17.6,0.17,7.3,36.44,34.7,976,,,,,,,,,,,,,,,,,,,,,,,,,,,,,,,,,
9/6/2020,2020,9,6,15,30,204,164,17.1,0.17,6.2,35.6,34.5,975,,,,,,,,,,,,,,,,,,,,,,,,,,,,,,,,,
9/6/2020,2020,9,6,16,30,148,282,16.6,0.17,4.3,36.79,33.3,976,,,,,,,,,,,,,,,,,,,,,,,,,,,,,,,,,
9/6/2020,2020,9,6,17,30,76,144,16.7,0.17,3.2,39.01,32.4,976,,,,,,,,,,,,,,,,,,,,,,,,,,,,,,,,,
9/6/2020,2020,9,6,18,30,7,7,17.3,0.17,1.3,53.54,27.6,977,,,,,,,,,,,,,,,,,,,,,,,,,,,,,,,,,
9/6/2020,2020,9,6,19,30,0,0,17.1,0.17,1.5,57.55,26.1,978,,,,,,,,,,,,,,,,,,,,,,,,,,,,,,,,,
9/6/2020,2020,9,6,20,30,0,0,16.5,0.17,2.4,59.73,24.9,979,,,,,,,,,,,,,,,,,,,,,,,,,,,,,,,,,
9/6/2020,2020,9,6,21,30,0,0,15.7,0.17,3.2,61.83,23.4,979,,,,,,,,,,,,,,,,,,,,,,,,,,,,,,,,,
9/6/2020,2020,9,6,22,30,0,0,14.3,0.17,3.4,62.19,21.9,980,,,,,,,,,,,,,,,,,,,,,,,,,,,,,,,,,
9/6/2020,2020,9,6,23,30,0,0,13.1,0.17,3.3,62,20.6,980,,,,,,,,,,,,,,,,,,,,,,,,,,,,,,,,,
9/7/2020,2020,9,7,0,30,0,0,12.2,0.17,2.8,63.3,19.4,981,,,,,,,,,,,,,,,,,,,,,,,,,,,,,,,,,
9/7/2020,2020,9,7,1,30,0,0,11.8,0.17,2.3,65.3,18.4,981,,,,,,,,,,,,,,,,,,,,,,,,,,,,,,,,,
9/7/2020,2020,9,7,2,30,0,0,11.4,0.17,1.8,67.52,17.5,981,,,,,,,,,,,,,,,,,,,,,,,,,,,,,,,,,
9/7/2020,2020,9,7,3,30,0,0,11.1,0.17,1.5,69.86,16.6,981,,,,,,,,,,,,,,,,,,,,,,,,,,,,,,,,,
9/7/2020,2020,9,7,4,30,0,0,10.7,0.17,1.3,71.59,15.8,982,,,,,,,,,,,,,,,,,,,,,,,,,,,,,,,,,
9/7/2020,2020,9,7,5,30,0,0,10.3,0.17,1.6,69.59,15.8,982,,,,,,,,,,,,,,,,,,,,,,,,,,,,,,,,,
9/7/2020,2020,9,7,6,30,44,206,9.9,0.17,2.6,62.41,17.1,982,,,,,,,,,,,,,,,,,,,,,,,,,,,,,,,,,
9/7/2020,2020,9,7,7,30,93,466,8.2,0.17,3.5,49.69,18.9,982,,,,,,,,,,,,,,,,,,,,,,,,,,,,,,,,,
9/7/2020,2020,9,7,8,30,118,651,6.5,0.17,3.8,39.8,20.7,982,,,,,,,,,,,,,,,,,,,,,,,,,,,,,,,,,
9/7/2020,2020,9,7,9,30,129,759,5.6,0.17,3.9,33.88,22.3,982,,,,,,,,,,,,,,,,,,,,,,,,,,,,,,,,,
9/7/2020,2020,9,7,10,30,202,654,4.9,0.17,3.8,29.39,23.8,981,,,,,,,,,,,,,,,,,,,,,,,,,,,,,,,,,
9/7/2020,2020,9,7,11,30,319,434,4.4,0.17,3.5,26.63,24.9,980,,,,,,,,,,,,,,,,,,,,,,,,,,,,,,,,,
9/7/2020,2020,9,7,12,30,307,481,4.3,0.17,3.2,25.15,25.7,980,,,,,,,,,,,,,,,,,,,,,,,,,,,,,,,,,
9/7/2020,2020,9,7,13,30,293,460,4.4,0.17,3.2,24.75,26.1,979,,,,,,,,,,,,,,,,,,,,,,,,,,,,,,,,,
9/7/2020,2020,9,7,14,30,307,213,4.7,0.17,3.6,25.66,25.8,979,,,,,,,,,,,,,,,,,,,,,,,,,,,,,,,,,
9/7/2020,2020,9,7,15,30,174,14,5.1,0.17,4.3,28.05,24.8,979,,,,,,,,,,,,,,,,,,,,,,,,,,,,,,,,,
9/7/2020,2020,9,7,16,30,68,0,5.7,0.17,5.1,33,22.8,980,,,,,,,,,,,,,,,,,,,,,,,,,,,,,,,,,
9/7/2020,2020,9,7,17,30,56,5,6.6,0.17,5.5,37.83,21.6,980,,,,,,,,,,,,,,,,,,,,,,,,,,,,,,,,,
9/7/2020,2020,9,7,18,30,5,0,7.7,0.17,5.9,52.02,17.7,981,,,,,,,,,,,,,,,,,,,,,,,,,,,,,,,,,
9/7/2020,2020,9,7,19,30,0,0,8.6,0.17,5.9,62.41,15.8,982,,,,,,,,,,,,,,,,,,,,,,,,,,,,,,,,,
9/7/2020,2020,9,7,20,30,0,0,9.2,0.17,6.1,71.22,14.3,983,,,,,,,,,,,,,,,,,,,,,,,,,,,,,,,,,
9/7/2020,2020,9,7,21,30,0,0,9.5,0.17,6.2,79.26,13,984,,,,,,,,,,,,,,,,,,,,,,,,,,,,,,,,,
9/7/2020,2020,9,7,22,30,0,0,9.6,0.17,6,85.56,11.9,984,,,,,,,,,,,,,,,,,,,,,,,,,,,,,,,,,
9/7/2020,2020,9,7,23,30,0,0,9.5,0.17,5.8,89.23,11.2,985,,,,,,,,,,,,,,,,,,,,,,,,,,,,,,,,,
9/8/2020,2020,9,8,0,30,0,0,9.3,0.17,5.8,90.95,10.7,986,,,,,,,,,,,,,,,,,,,,,,,,,,,,,,,,,
9/8/2020,2020,9,8,1,30,0,0,8.9,0.17,5.9,91.93,10.2,986,,,,,,,,,,,,,,,,,,,,,,,,,,,,,,,,,
9/8/2020,2020,9,8,2,30,0,0,8.6,0.17,5.7,91.93,9.8,986,,,,,,,,,,,,,,,,,,,,,,,,,,,,,,,,,
9/8/2020,2020,9,8,3,30,0,0,8.3,0.17,5.4,91.69,9.6,986,,,,,,,,,,,,,,,,,,,,,,,,,,,,,,,,,
9/8/2020,2020,9,8,4,30,0,0,8.2,0.17,5.2,91.9,9.5,986,,,,,,,,,,,,,,,,,,,,,,,,,,,,,,,,,
9/8/2020,2020,9,8,5,30,0,0,8.1,0.17,5.1,91.7,9.4,987,,,,,,,,,,,,,,,,,,,,,,,,,,,,,,,,,
9/8/2020,2020,9,8,6,30,31,45,8,0.17,5.4,89.75,9.6,988,,,,,,,,,,,,,,,,,,,,,,,,,,,,,,,,,
9/8/2020,2020,9,8,7,30,55,6,7.9,0.17,5.8,86.88,10,988,,,,,,,,,,,,,,,,,,,,,,,,,,,,,,,,,
9/8/2020,2020,9,8,8,30,72,0,7.8,0.17,6.2,82.72,10.6,989,,,,,,,,,,,,,,,,,,,,,,,,,,,,,,,,,
9/8/2020,2020,9,8,9,30,110,0,7.6,0.17,6.7,77.67,11.4,989,,,,,,,,,,,,,,,,,,,,,,,,,,,,,,,,,
9/8/2020,2020,9,8,10,30,74,0,7.5,0.17,6.6,72.92,12.2,989,,,,,,,,,,,,,,,,,,,,,,,,,,,,,,,,,
9/8/2020,2020,9,8,11,30,189,7,7.3,0.17,6.1,69.72,12.7,989,,,,,,,,,,,,,,,,,,,,,,,,,,,,,,,,,
9/8/2020,2020,9,8,12,30,99,2,7.4,0.17,5.7,69.2,12.9,990,,,,,,,,,,,,,,,,,,,,,,,,,,,,,,,,,
9/8/2020,2020,9,8,13,30,79,0,7.6,0.17,5.7,70.63,12.8,990,,,,,,,,,,,,,,,,,,,,,,,,,,,,,,,,,
9/8/2020,2020,9,8,14,30,110,1,7.8,0.17,5.9,73.26,12.5,989,,,,,,,,,,,,,,,,,,,,,,,,,,,,,,,,,
9/8/2020,2020,9,8,15,30,112,8,8.1,0.17,5.7,76.51,12.1,990,,,,,,,,,,,,,,,,,,,,,,,,,,,,,,,,,
9/8/2020,2020,9,8,16,30,42,2,8.3,0.17,5.3,81.61,11.3,990,,,,,,,,,,,,,,,,,,,,,,,,,,,,,,,,,
9/8/2020,2020,9,8,17,30,22,0,8.5,0.17,5.1,84.38,11,991,,,,,,,,,,,,,,,,,,,,,,,,,,,,,,,,,
9/8/2020,2020,9,8,18,30,1,0,8.4,0.17,5.1,90.41,9.9,992,,,,,,,,,,,,,,,,,,,,,,,,,,,,,,,,,
9/8/2020,2020,9,8,19,30,0,0,8.1,0.17,5.2,92.07,9.3,993,,,,,,,,,,,,,,,,,,,,,,,,,,,,,,,,,
9/8/2020,2020,9,8,20,30,0,0,7.6,0.17,5.3,92.83,8.7,993,,,,,,,,,,,,,,,,,,,,,,,,,,,,,,,,,
9/8/2020,2020,9,8,21,30,0,0,7.2,0.17,5.1,93.1,8.2,993,,,,,,,,,,,,,,,,,,,,,,,,,,,,,,,,,
9/8/2020,2020,9,8,22,30,0,0,6.8,0.17,4.9,94.27,7.7,993,,,,,,,,,,,,,,,,,,,,,,,,,,,,,,,,,
9/8/2020,2020,9,8,23,30,0,0,6.6,0.17,4.8,94.62,7.4,992,,,,,,,,,,,,,,,,,,,,,,,,,,,,,,,,,
9/9/2020,2020,9,9,0,30,0,0,6.4,0.17,4.6,94.74,7.2,992,,,,,,,,,,,,,,,,,,,,,,,,,,,,,,,,,
9/9/2020,2020,9,9,1,30,0,0,6.3,0.17,4.1,95.16,7,992,,,,,,,,,,,,,,,,,,,,,,,,,,,,,,,,,
9/9/2020,2020,9,9,2,30,0,0,6.2,0.17,3.7,94.31,7.1,992,,,,,,,,,,,,,,,,,,,,,,,,,,,,,,,,,
9/9/2020,2020,9,9,3,30,0,0,6.4,0.17,3.7,93.81,7.3,992,,,,,,,,,,,,,,,,,,,,,,,,,,,,,,,,,
9/9/2020,2020,9,9,4,30,0,0,6.6,0.17,4,93.77,7.5,992,,,,,,,,,,,,,,,,,,,,,,,,,,,,,,,,,
9/9/2020,2020,9,9,5,30,0,0,6.7,0.17,4.3,93.77,7.6,993,,,,,,,,,,,,,,,,,,,,,,,,,,,,,,,,,
9/9/2020,2020,9,9,6,30,11,7,6.7,0.17,4.3,91.68,8,993,,,,,,,,,,,,,,,,,,,,,,,,,,,,,,,,,
9/9/2020,2020,9,9,7,30,30,0,6.9,0.17,4.3,88.62,8.7,994,,,,,,,,,,,,,,,,,,,,,,,,,,,,,,,,,
9/9/2020,2020,9,9,8,30,52,0,7.3,0.17,4.4,85.52,9.6,994,,,,,,,,,,,,,,,,,,,,,,,,,,,,,,,,,
9/9/2020,2020,9,9,9,30,75,0,7.8,0.17,4.5,84.42,10.3,995,,,,,,,,,,,,,,,,,,,,,,,,,,,,,,,,,
9/9/2020,2020,9,9,10,30,92,0,8.1,0.17,4.3,83.73,10.7,995,,,,,,,,,,,,,,,,,,,,,,,,,,,,,,,,,
9/9/2020,2020,9,9,11,30,204,8,8.3,0.17,4.2,82.26,11.2,995,,,,,,,,,,,,,,,,,,,,,,,,,,,,,,,,,
9/9/2020,2020,9,9,12,30,99,0,8.5,0.17,4.2,81.23,11.6,995,,,,,,,,,,,,,,,,,,,,,,,,,,,,,,,,,
9/9/2020,2020,9,9,13,30,79,0,8.6,0.17,4.2,80.99,11.8,995,,,,,,,,,,,,,,,,,,,,,,,,,,,,,,,,,
9/9/2020,2020,9,9,14,30,83,0,8.7,0.17,4.2,81.41,11.8,995,,,,,,,,,,,,,,,,,,,,,,,,,,,,,,,,,
9/9/2020,2020,9,9,15,30,110,2,8.8,0.17,4.1,82.31,11.7,995,,,,,,,,,,,,,,,,,,,,,,,,,,,,,,,,,
9/9/2020,2020,9,9,16,30,104,24,8.9,0.17,3.9,84.54,11.4,995,,,,,,,,,,,,,,,,,,,,,,,,,,,,,,,,,
9/9/2020,2020,9,9,17,30,15,0,8.9,0.17,3.8,86.01,11.2,995,,,,,,,,,,,,,,,,,,,,,,,,,,,,,,,,,
9/9/2020,2020,9,9,18,30,1,0,8.9,0.17,3.4,90.67,10.4,996,,,,,,,,,,,,,,,,,,,,,,,,,,,,,,,,,
9/9/2020,2020,9,9,19,30,0,0,8.8,0.17,3.4,92.28,10,996,,,,,,,,,,,,,,,,,,,,,,,,,,,,,,,,,
9/9/2020,2020,9,9,20,30,0,0,8.7,0.17,3.5,93.18,9.7,997,,,,,,,,,,,,,,,,,,,,,,,,,,,,,,,,,
9/9/2020,2020,9,9,21,30,0,0,8.5,0.17,3.6,93.83,9.4,997,,,,,,,,,,,,,,,,,,,,,,,,,,,,,,,,,
9/9/2020,2020,9,9,22,30,0,0,8.2,0.17,3.6,93.57,9.2,997,,,,,,,,,,,,,,,,,,,,,,,,,,,,,,,,,
9/9/2020,2020,9,9,23,30,0,0,8,0.17,3.5,93.17,9,997,,,,,,,,,,,,,,,,,,,,,,,,,,,,,,,,,
9/10/2020,2020,9,10,0,30,0,0,7.8,0.17,3.4,93.15,8.8,996,,,,,,,,,,,,,,,,,,,,,,,,,,,,,,,,,
9/10/2020,2020,9,10,1,30,0,0,7.7,0.17,3.4,93.32,8.7,996,,,,,,,,,,,,,,,,,,,,,,,,,,,,,,,,,
9/10/2020,2020,9,10,2,30,0,0,7.7,0.17,3.5,94.03,8.6,996,,,,,,,,,,,,,,,,,,,,,,,,,,,,,,,,,
9/10/2020,2020,9,10,3,30,0,0,7.7,0.17,3.5,94.87,8.5,996,,,,,,,,,,,,,,,,,,,,,,,,,,,,,,,,,
9/10/2020,2020,9,10,4,30,0,0,7.8,0.17,3.4,95.06,8.5,996,,,,,,,,,,,,,,,,,,,,,,,,,,,,,,,,,
9/10/2020,2020,9,10,5,30,0,0,7.8,0.17,3.3,95.06,8.5,996,,,,,,,,,,,,,,,,,,,,,,,,,,,,,,,,,
9/10/2020,2020,9,10,6,30,9,0,7.8,0.17,3.2,94.05,8.7,997,,,,,,,,,,,,,,,,,,,,,,,,,,,,,,,,,
9/10/2020,2020,9,10,7,30,45,7,8,0.17,3.3,92.6,9.1,997,,,,,,,,,,,,,,,,,,,,,,,,,,,,,,,,,
9/10/2020,2020,9,10,8,30,10,0,8.2,0.17,3.7,90.98,9.6,997,,,,,,,,,,,,,,,,,,,,,,,,,,,,,,,,,
9/10/2020,2020,9,10,9,30,71,0,8.6,0.17,4,88.26,10.5,997,,,,,,,,,,,,,,,,,,,,,,,,,,,,,,,,,
9/10/2020,2020,9,10,10,30,125,1,9.3,0.17,4.1,85.77,11.6,997,,,,,,,,,,,,,,,,,,,,,,,,,,,,,,,,,
9/10/2020,2020,9,10,11,30,156,3,9.8,0.17,3.9,83.58,12.5,996,,,,,,,,,,,,,,,,,,,,,,,,,,,,,,,,,
9/10/2020,2020,9,10,12,30,165,4,10.2,0.17,3.7,82.35,13.1,996,,,,,,,,,,,,,,,,,,,,,,,,,,,,,,,,,
9/10/2020,2020,9,10,13,30,146,1,10.4,0.17,3.5,81.92,13.4,995,,,,,,,,,,,,,,,,,,,,,,,,,,,,,,,,,
9/10/2020,2020,9,10,14,30,106,0,10.5,0.17,3.5,82.87,13.4,995,,,,,,,,,,,,,,,,,,,,,,,,,,,,,,,,,
9/10/2020,2020,9,10,15,30,86,0,10.6,0.17,3.5,83.89,13.3,995,,,,,,,,,,,,,,,,,,,,,,,,,,,,,,,,,
9/10/2020,2020,9,10,16,30,75,328,10.7,0.17,3.5,86.36,12.9,995,,,,,,,,,,,,,,,,,,,,,,,,,,,,,,,,,
9/10/2020,2020,9,10,17,30,69,283,10.7,0.17,3.4,87.92,12.7,995,,,,,,,,,,,,,,,,,,,,,,,,,,,,,,,,,
9/10/2020,2020,9,10,18,30,4,12,10.7,0.17,3.1,93.58,11.7,995,,,,,,,,,,,,,,,,,,,,,,,,,,,,,,,,,
9/10/2020,2020,9,10,19,30,0,0,10.6,0.17,3.1,95.33,11.3,995,,,,,,,,,,,,,,,,,,,,,,,,,,,,,,,,,
9/10/2020,2020,9,10,20,30,0,0,10.5,0.17,3,95.88,11.1,995,,,,,,,,,,,,,,,,,,,,,,,,,,,,,,,,,
9/10/2020,2020,9,10,21,30,0,0,10.3,0.17,2.9,97,10.8,995,,,,,,,,,,,,,,,,,,,,,,,,,,,,,,,,,
9/10/2020,2020,9,10,22,30,0,0,10.2,0.17,2.9,96.87,10.7,995,,,,,,,,,,,,,,,,,,,,,,,,,,,,,,,,,
9/10/2020,2020,9,10,23,30,0,0,10.1,0.17,2.8,97.02,10.6,994,,,,,,,,,,,,,,,,,,,,,,,,,,,,,,,,,
9/11/2020,2020,9,11,0,30,0,0,10.2,0.17,2.5,97.06,10.6,994,,,,,,,,,,,,,,,,,,,,,,,,,,,,,,,,,
9/11/2020,2020,9,11,1,30,0,0,10.2,0.17,2.4,96.71,10.7,994,,,,,,,,,,,,,,,,,,,,,,,,,,,,,,,,,
9/11/2020,2020,9,11,2,30,0,0,10.3,0.17,2.3,96.46,10.8,993,,,,,,,,,,,,,,,,,,,,,,,,,,,,,,,,,
9/11/2020,2020,9,11,3,30,0,0,10.4,0.17,2.3,96.48,10.9,993,,,,,,,,,,,,,,,,,,,,,,,,,,,,,,,,,
9/11/2020,2020,9,11,4,30,0,0,10.5,0.17,2.3,96.26,11.1,993,,,,,,,,,,,,,,,,,,,,,,,,,,,,,,,,,
9/11/2020,2020,9,11,5,30,0,0,10.7,0.17,2.3,96.08,11.3,993,,,,,,,,,,,,,,,,,,,,,,,,,,,,,,,,,
9/11/2020,2020,9,11,6,30,9,0,10.9,0.17,2.3,95.28,11.6,992,,,,,,,,,,,,,,,,,,,,,,,,,,,,,,,,,
9/11/2020,2020,9,11,7,30,12,0,11.2,0.17,2.3,94.78,12,992,,,,,,,,,,,,,,,,,,,,,,,,,,,,,,,,,
9/11/2020,2020,9,11,8,30,17,0,11.7,0.17,2.4,93.38,12.7,992,,,,,,,,,,,,,,,,,,,,,,,,,,,,,,,,,
9/11/2020,2020,9,11,9,30,18,0,12.3,0.17,2.7,92.56,13.5,991,,,,,,,,,,,,,,,,,,,,,,,,,,,,,,,,,
9/11/2020,2020,9,11,10,30,53,0,13.1,0.17,2.8,90.78,14.6,990,,,,,,,,,,,,,,,,,,,,,,,,,,,,,,,,,
9/11/2020,2020,9,11,11,30,115,1,13.9,0.17,2.8,90.17,15.5,990,,,,,,,,,,,,,,,,,,,,,,,,,,,,,,,,,
9/11/2020,2020,9,11,12,30,86,1,14.6,0.17,2.6,89.99,16.2,989,,,,,,,,,,,,,,,,,,,,,,,,,,,,,,,,,
9/11/2020,2020,9,11,13,30,93,2,15.1,0.17,2.2,89.86,16.8,988,,,,,,,,,,,,,,,,,,,,,,,,,,,,,,,,,
9/11/2020,2020,9,11,14,30,107,1,15.6,0.17,1.8,90.75,17.1,987,,,,,,,,,,,,,,,,,,,,,,,,,,,,,,,,,
9/11/2020,2020,9,11,15,30,83,0,15.9,0.17,1.5,92.33,17.2,987,,,,,,,,,,,,,,,,,,,,,,,,,,,,,,,,,
9/11/2020,2020,9,11,16,30,50,0,16.2,0.17,1.2,94.64,17.1,986,,,,,,,,,,,,,,,,,,,,,,,,,,,,,,,,,
9/11/2020,2020,9,11,17,30,19,0,16.4,0.17,1,96.33,17,986,,,,,,,,,,,,,,,,,,,,,,,,,,,,,,,,,
9/11/2020,2020,9,11,18,30,1,0,15.6,0.17,0.6,100,15.6,986,,,,,,,,,,,,,,,,,,,,,,,,,,,,,,,,,
9/11/2020,2020,9,11,19,30,0,0,15.3,0.17,0.7,100,15.3,986,,,,,,,,,,,,,,,,,,,,,,,,,,,,,,,,,
9/11/2020,2020,9,11,20,30,0,0,15.1,0.17,0.7,100,15.1,986,,,,,,,,,,,,,,,,,,,,,,,,,,,,,,,,,
9/11/2020,2020,9,11,21,30,0,0,14.9,0.17,0.8,100,14.9,986,,,,,,,,,,,,,,,,,,,,,,,,,,,,,,,,,
9/11/2020,2020,9,11,22,30,0,0,14.6,0.17,0.9,100,14.6,985,,,,,,,,,,,,,,,,,,,,,,,,,,,,,,,,,
9/11/2020,2020,9,11,23,30,0,0,14.4,0.17,0.9,100,14.4,984,,,,,,,,,,,,,,,,,,,,,,,,,,,,,,,,,
9/12/2020,2020,9,12,0,30,0,0,14.3,0.17,1.1,99.73,14.3,984,,,,,,,,,,,,,,,,,,,,,,,,,,,,,,,,,
9/12/2020,2020,9,12,1,30,0,0,14.2,0.17,1.3,99.13,14.3,983,,,,,,,,,,,,,,,,,,,,,,,,,,,,,,,,,
9/12/2020,2020,9,12,2,30,0,0,14.1,0.17,1.3,99.3,14.2,983,,,,,,,,,,,,,,,,,,,,,,,,,,,,,,,,,
9/12/2020,2020,9,12,3,30,0,0,13.8,0.17,1.2,100,13.8,983,,,,,,,,,,,,,,,,,,,,,,,,,,,,,,,,,
9/12/2020,2020,9,12,4,30,0,0,13,0.17,1.1,100,13,983,,,,,,,,,,,,,,,,,,,,,,,,,,,,,,,,,
9/12/2020,2020,9,12,5,30,0,0,12.4,0.17,1.3,99.26,12.5,983,,,,,,,,,,,,,,,,,,,,,,,,,,,,,,,,,
9/12/2020,2020,9,12,6,30,41,228,12.3,0.17,1.8,94.88,13.1,983,,,,,,,,,,,,,,,,,,,,,,,,,,,,,,,,,
9/12/2020,2020,9,12,7,30,57,0,13.1,0.17,2,91.05,14.5,983,,,,,,,,,,,,,,,,,,,,,,,,,,,,,,,,,
9/12/2020,2020,9,12,8,30,127,440,13.6,0.17,1.7,84.11,16.3,983,,,,,,,,,,,,,,,,,,,,,,,,,,,,,,,,,
9/12/2020,2020,9,12,9,30,155,4,13.8,0.17,1.7,75.57,18.2,983,,,,,,,,,,,,,,,,,,,,,,,,,,,,,,,,,
9/12/2020,2020,9,12,10,30,229,16,13.6,0.17,2.1,66.42,20.1,983,,,,,,,,,,,,,,,,,,,,,,,,,,,,,,,,,
9/12/2020,2020,9,12,11,30,250,16,13.7,0.17,2.7,61.25,21.5,982,,,,,,,,,,,,,,,,,,,,,,,,,,,,,,,,,
9/12/2020,2020,9,12,12,30,289,29,14.1,0.17,3.3,59.86,22.3,981,,,,,,,,,,,,,,,,,,,,,,,,,,,,,,,,,
9/12/2020,2020,9,12,13,30,315,260,14.5,0.17,3.6,60.45,22.5,981,,,,,,,,,,,,,,,,,,,,,,,,,,,,,,,,,
9/12/2020,2020,9,12,14,30,174,7,14.6,0.17,3.5,62.97,22,980,,,,,,,,,,,,,,,,,,,,,,,,,,,,,,,,,
9/12/2020,2020,9,12,15,30,139,22,14.9,0.17,2.8,67.12,21.2,980,,,,,,,,,,,,,,,,,,,,,,,,,,,,,,,,,
9/12/2020,2020,9,12,16,30,79,398,15.4,0.17,2.1,73.35,20.3,981,,,,,,,,,,,,,,,,,,,,,,,,,,,,,,,,,
9/12/2020,2020,9,12,17,30,58,351,15.7,0.17,1.7,77.38,19.8,981,,,,,,,,,,,,,,,,,,,,,,,,,,,,,,,,,
9/12/2020,2020,9,12,18,30,2,12,14.7,0.16,1.7,86.86,16.9,982,,,,,,,,,,,,,,,,,,,,,,,,,,,,,,,,,
9/12/2020,2020,9,12,19,30,0,0,13.6,0.16,1.9,88.43,15.5,983,,,,,,,,,,,,,,,,,,,,,,,,,,,,,,,,,
9/12/2020,2020,9,12,20,30,0,0,13.1,0.16,1.9,92.4,14.3,984,,,,,,,,,,,,,,,,,,,,,,,,,,,,,,,,,
9/12/2020,2020,9,12,21,30,0,0,13,0.16,1.7,97.26,13.4,984,,,,,,,,,,,,,,,,,,,,,,,,,,,,,,,,,
9/12/2020,2020,9,12,22,30,0,0,12.7,0.16,1.5,100,12.7,985,,,,,,,,,,,,,,,,,,,,,,,,,,,,,,,,,
9/12/2020,2020,9,12,23,30,0,0,12.1,0.16,1.4,100,12.1,985,,,,,,,,,,,,,,,,,,,,,,,,,,,,,,,,,
9/13/2020,2020,9,13,0,30,0,0,11.6,0.16,1.3,100,11.6,985,,,,,,,,,,,,,,,,,,,,,,,,,,,,,,,,,
9/13/2020,2020,9,13,1,30,0,0,11.2,0.16,1.4,100,11.2,986,,,,,,,,,,,,,,,,,,,,,,,,,,,,,,,,,
9/13/2020,2020,9,13,2,30,0,0,10.9,0.16,1.4,100,10.9,986,,,,,,,,,,,,,,,,,,,,,,,,,,,,,,,,,
9/13/2020,2020,9,13,3,30,0,0,10.4,0.16,1.3,100,10.4,986,,,,,,,,,,,,,,,,,,,,,,,,,,,,,,,,,
9/13/2020,2020,9,13,4,30,0,0,9.9,0.16,1.3,100,9.9,987,,,,,,,,,,,,,,,,,,,,,,,,,,,,,,,,,
9/13/2020,2020,9,13,5,30,0,0,10.1,0.16,1.5,100,10.1,987,,,,,,,,,,,,,,,,,,,,,,,,,,,,,,,,,
9/13/2020,2020,9,13,6,30,35,355,10.6,0.16,2,93.08,11.7,988,,,,,,,,,,,,,,,,,,,,,,,,,,,,,,,,,
9/13/2020,2020,9,13,7,30,63,655,11.3,0.16,2.1,82.48,14.2,988,,,,,,,,,,,,,,,,,,,,,,,,,,,,,,,,,
9/13/2020,2020,9,13,8,30,76,795,12,0.16,1.8,71.42,17.2,989,,,,,,,,,,,,,,,,,,,,,,,,,,,,,,,,,
9/13/2020,2020,9,13,9,30,85,864,11.9,0.16,1.6,61.59,19.5,989,,,,,,,,,,,,,,,,,,,,,,,,,,,,,,,,,
9/13/2020,2020,9,13,10,30,91,899,12.4,0.16,1.3,57.6,21.1,989,,,,,,,,,,,,,,,,,,,,,,,,,,,,,,,,,
9/13/2020,2020,9,13,11,30,96,911,13.1,0.16,1,55.18,22.5,989,,,,,,,,,,,,,,,,,,,,,,,,,,,,,,,,,
9/13/2020,2020,9,13,12,30,99,906,13.6,0.16,0.9,53.37,23.6,989,,,,,,,,,,,,,,,,,,,,,,,,,,,,,,,,,
9/13/2020,2020,9,13,13,30,100,885,14,0.16,0.7,52.46,24.3,989,,,,,,,,,,,,,,,,,,,,,,,,,,,,,,,,,
9/13/2020,2020,9,13,14,30,96,849,14.1,0.16,0.4,51.72,24.7,989,,,,,,,,,,,,,,,,,,,,,,,,,,,,,,,,,
9/13/2020,2020,9,13,15,30,87,786,14,0.16,0.3,51.83,24.6,989,,,,,,,,,,,,,,,,,,,,,,,,,,,,,,,,,
9/13/2020,2020,9,13,16,30,73,676,14,0.16,0.4,53.77,23.9,989,,,,,,,,,,,,,,,,,,,,,,,,,,,,,,,,,
9/13/2020,2020,9,13,17,30,46,455,15.8,0.16,0.6,63.09,23.2,989,,,,,,,,,,,,,,,,,,,,,,,,,,,,,,,,,
9/13/2020,2020,9,13,18,30,2,18,14.3,0.15,1,73.19,19.2,990,,,,,,,,,,,,,,,,,,,,,,,,,,,,,,,,,
9/13/2020,2020,9,13,19,30,0,0,13.6,0.15,1.1,76.81,17.7,991,,,,,,,,,,,,,,,,,,,,,,,,,,,,,,,,,
9/13/2020,2020,9,13,20,30,0,0,13.3,0.15,1.2,80.38,16.7,992,,,,,,,,,,,,,,,,,,,,,,,,,,,,,,,,,
9/13/2020,2020,9,13,21,30,0,0,13,0.15,1.2,82.42,16,992,,,,,,,,,,,,,,,,,,,,,,,,,,,,,,,,,
9/13/2020,2020,9,13,22,30,0,0,12.7,0.15,1.2,83.59,15.5,992,,,,,,,,,,,,,,,,,,,,,,,,,,,,,,,,,
9/13/2020,2020,9,13,23,30,0,0,12.5,0.15,1.1,85.24,15,993,,,,,,,,,,,,,,,,,,,,,,,,,,,,,,,,,
9/14/2020,2020,9,14,0,30,0,0,12.4,0.15,1.1,86.49,14.6,993,,,,,,,,,,,,,,,,,,,,,,,,,,,,,,,,,
9/14/2020,2020,9,14,1,30,0,0,12.3,0.15,1.1,88.21,14.2,993,,,,,,,,,,,,,,,,,,,,,,,,,,,,,,,,,
9/14/2020,2020,9,14,2,30,0,0,12.2,0.15,1,89.19,14,994,,,,,,,,,,,,,,,,,,,,,,,,,,,,,,,,,
9/14/2020,2020,9,14,3,30,0,0,12.2,0.15,0.9,89.74,13.9,994,,,,,,,,,,,,,,,,,,,,,,,,,,,,,,,,,
9/14/2020,2020,9,14,4,30,0,0,12.3,0.15,0.8,91.22,13.7,995,,,,,,,,,,,,,,,,,,,,,,,,,,,,,,,,,
9/14/2020,2020,9,14,5,30,0,0,12.3,0.15,0.7,92.12,13.6,995,,,,,,,,,,,,,,,,,,,,,,,,,,,,,,,,,
9/14/2020,2020,9,14,6,30,36,279,12.5,0.15,1.1,86.29,14.8,996,,,,,,,,,,,,,,,,,,,,,,,,,,,,,,,,,
9/14/2020,2020,9,14,7,30,76,558,13.2,0.15,1.6,77.27,17.2,996,,,,,,,,,,,,,,,,,,,,,,,,,,,,,,,,,
9/14/2020,2020,9,14,8,30,103,690,13.9,0.15,2.2,67.06,20.2,996,,,,,,,,,,,,,,,,,,,,,,,,,,,,,,,,,
9/14/2020,2020,9,14,9,30,123,757,14.4,0.15,2.8,59.3,22.8,996,,,,,,,,,,,,,,,,,,,,,,,,,,,,,,,,,
9/14/2020,2020,9,14,10,30,134,798,15.1,0.15,3,56.01,24.4,996,,,,,,,,,,,,,,,,,,,,,,,,,,,,,,,,,
9/14/2020,2020,9,14,11,30,171,760,15.4,0.15,3,54.03,25.4,995,,,,,,,,,,,,,,,,,,,,,,,,,,,,,,,,,
9/14/2020,2020,9,14,12,30,215,685,15.6,0.15,3,52.61,26,995,,,,,,,,,,,,,,,,,,,,,,,,,,,,,,,,,
9/14/2020,2020,9,14,13,30,208,667,15.6,0.15,2.9,51.78,26.3,994,,,,,,,,,,,,,,,,,,,,,,,,,,,,,,,,,
9/14/2020,2020,9,14,14,30,192,628,15.6,0.15,2.7,51.83,26.3,993,,,,,,,,,,,,,,,,,,,,,,,,,,,,,,,,,
9/14/2020,2020,9,14,15,30,164,556,15.6,0.15,2.4,53.63,25.7,993,,,,,,,,,,,,,,,,,,,,,,,,,,,,,,,,,
9/14/2020,2020,9,14,16,30,121,438,16.1,0.15,1.7,61.15,24.1,993,,,,,,,,,,,,,,,,,,,,,,,,,,,,,,,,,
9/14/2020,2020,9,14,17,30,60,238,17.7,0.15,1.2,72.5,22.9,993,,,,,,,,,,,,,,,,,,,,,,,,,,,,,,,,,
9/14/2020,2020,9,14,18,30,1,5,16.1,0.15,1.4,82.68,19.1,993,,,,,,,,,,,,,,,,,,,,,,,,,,,,,,,,,
9/14/2020,2020,9,14,19,30,0,0,15.7,0.15,1.5,84.57,18.3,993,,,,,,,,,,,,,,,,,,,,,,,,,,,,,,,,,
9/14/2020,2020,9,14,20,30,0,0,15.6,0.15,1.7,87.38,17.7,993,,,,,,,,,,,,,,,,,,,,,,,,,,,,,,,,,
9/14/2020,2020,9,14,21,30,0,0,15.5,0.15,1.9,90.33,17.1,993,,,,,,,,,,,,,,,,,,,,,,,,,,,,,,,,,
9/14/2020,2020,9,14,22,30,0,0,15.4,0.15,1.9,93.32,16.5,993,,,,,,,,,,,,,,,,,,,,,,,,,,,,,,,,,
9/14/2020,2020,9,14,23,30,0,0,15.3,0.15,2,96.43,15.9,993,,,,,,,,,,,,,,,,,,,,,,,,,,,,,,,,,
9/15/2020,2020,9,15,0,30,0,0,15.2,0.15,2,100,15.2,993,,,,,,,,,,,,,,,,,,,,,,,,,,,,,,,,,
9/15/2020,2020,9,15,1,30,0,0,14.6,0.15,1.9,100,14.6,993,,,,,,,,,,,,,,,,,,,,,,,,,,,,,,,,,
9/15/2020,2020,9,15,2,30,0,0,13.9,0.15,1.7,100,13.9,993,,,,,,,,,,,,,,,,,,,,,,,,,,,,,,,,,
9/15/2020,2020,9,15,3,30,0,0,13.3,0.15,1.6,100,13.3,993,,,,,,,,,,,,,,,,,,,,,,,,,,,,,,,,,
9/15/2020,2020,9,15,4,30,0,0,13,0.15,1.6,100,13,992,,,,,,,,,,,,,,,,,,,,,,,,,,,,,,,,,
9/15/2020,2020,9,15,5,30,0,0,13.3,0.15,1.8,100,13.3,992,,,,,,,,,,,,,,,,,,,,,,,,,,,,,,,,,
9/15/2020,2020,9,15,6,30,37,159,14.6,0.15,2.5,97.44,15,992,,,,,,,,,,,,,,,,,,,,,,,,,,,,,,,,,
9/15/2020,2020,9,15,7,30,103,405,14.8,0.15,2.9,83.91,17.5,991,,,,,,,,,,,,,,,,,,,,,,,,,,,,,,,,,
9/15/2020,2020,9,15,8,30,143,562,15.4,0.15,3.4,71.93,20.6,991,,,,,,,,,,,,,,,,,,,,,,,,,,,,,,,,,
9/15/2020,2020,9,15,9,30,167,658,15.2,0.15,4.1,59.72,23.5,991,,,,,,,,,,,,,,,,,,,,,,,,,,,,,,,,,
9/15/2020,2020,9,15,10,30,180,714,15.1,0.15,4.2,53.31,25.3,990,,,,,,,,,,,,,,,,,,,,,,,,,,,,,,,,,
9/15/2020,2020,9,15,11,30,164,782,15.3,0.15,4.2,50.22,26.5,990,,,,,,,,,,,,,,,,,,,,,,,,,,,,,,,,,
9/15/2020,2020,9,15,12,30,141,830,15.4,0.15,4.3,47.96,27.4,989,,,,,,,,,,,,,,,,,,,,,,,,,,,,,,,,,
9/15/2020,2020,9,15,13,30,149,792,15.4,0.15,4.3,46.71,27.8,988,,,,,,,,,,,,,,,,,,,,,,,,,,,,,,,,,
9/15/2020,2020,9,15,14,30,141,749,15.2,0.15,4.3,46.85,27.6,987,,,,,,,,,,,,,,,,,,,,,,,,,,,,,,,,,
9/15/2020,2020,9,15,15,30,122,688,15.1,0.15,4,48.53,26.9,986,,,,,,,,,,,,,,,,,,,,,,,,,,,,,,,,,
9/15/2020,2020,9,15,16,30,100,547,15.5,0.15,3.1,54.76,25.2,986,,,,,,,,,,,,,,,,,,,,,,,,,,,,,,,,,
9/15/2020,2020,9,15,17,30,56,307,16.4,0.15,2.4,62.68,23.9,986,,,,,,,,,,,,,,,,,,,,,,,,,,,,,,,,,
9/15/2020,2020,9,15,18,30,0,0,15.8,0.15,2,76.48,20.1,986,,,,,,,,,,,,,,,,,,,,,,,,,,,,,,,,,
9/15/2020,2020,9,15,19,30,0,0,15.6,0.15,2.3,79.9,19.2,986,,,,,,,,,,,,,,,,,,,,,,,,,,,,,,,,,
9/15/2020,2020,9,15,20,30,0,0,15.6,0.15,2.6,82.85,18.6,986,,,,,,,,,,,,,,,,,,,,,,,,,,,,,,,,,
9/15/2020,2020,9,15,21,30,0,0,15.6,0.15,2.8,86.41,17.9,986,,,,,,,,,,,,,,,,,,,,,,,,,,,,,,,,,
9/15/2020,2020,9,15,22,30,0,0,15.6,0.15,2.8,89.57,17.3,986,,,,,,,,,,,,,,,,,,,,,,,,,,,,,,,,,
9/15/2020,2020,9,15,23,30,0,0,15.5,0.15,2.8,92.56,16.7,986,,,,,,,,,,,,,,,,,,,,,,,,,,,,,,,,,
9/16/2020,2020,9,16,0,30,0,0,15.4,0.15,2.7,95.48,16.1,986,,,,,,,,,,,,,,,,,,,,,,,,,,,,,,,,,
9/16/2020,2020,9,16,1,30,0,0,15.3,0.15,2.7,97.2,15.7,986,,,,,,,,,,,,,,,,,,,,,,,,,,,,,,,,,
9/16/2020,2020,9,16,2,30,0,0,15.1,0.15,2.6,98.93,15.3,986,,,,,,,,,,,,,,,,,,,,,,,,,,,,,,,,,
9/16/2020,2020,9,16,3,30,0,0,14.8,0.15,2.5,100,14.8,986,,,,,,,,,,,,,,,,,,,,,,,,,,,,,,,,,
9/16/2020,2020,9,16,4,30,0,0,14.4,0.15,2.4,100,14.4,986,,,,,,,,,,,,,,,,,,,,,,,,,,,,,,,,,
9/16/2020,2020,9,16,5,30,0,0,14.5,0.15,2.5,100,14.5,986,,,,,,,,,,,,,,,,,,,,,,,,,,,,,,,,,
9/16/2020,2020,9,16,6,30,37,179,14.7,0.15,2.8,93.39,15.8,986,,,,,,,,,,,,,,,,,,,,,,,,,,,,,,,,,
9/16/2020,2020,9,16,7,30,97,425,15,0.15,2.8,81.21,18.3,986,,,,,,,,,,,,,,,,,,,,,,,,,,,,,,,,,
9/16/2020,2020,9,16,8,30,145,542,15.8,0.15,2.8,70.82,21.3,986,,,,,,,,,,,,,,,,,,,,,,,,,,,,,,,,,
9/16/2020,2020,9,16,9,30,188,594,16.4,0.15,3.1,62.78,23.9,986,,,,,,,,,,,,,,,,,,,,,,,,,,,,,,,,,
9/16/2020,2020,9,16,10,30,221,616,16.2,0.15,3.2,56.3,25.5,986,,,,,,,,,,,,,,,,,,,,,,,,,,,,,,,,,
9/16/2020,2020,9,16,11,30,233,637,16,0.15,3.3,52.89,26.4,986,,,,,,,,,,,,,,,,,,,,,,,,,,,,,,,,,
9/16/2020,2020,9,16,12,30,236,637,15.9,0.15,3.6,51.33,26.8,987,,,,,,,,,,,,,,,,,,,,,,,,,,,,,,,,,
9/16/2020,2020,9,16,13,30,249,574,15.5,0.15,4,50.69,26.6,987,,,,,,,,,,,,,,,,,,,,,,,,,,,,,,,,,
9/16/2020,2020,9,16,14,30,274,230,14.9,0.15,4.2,50.91,25.8,987,,,,,,,,,,,,,,,,,,,,,,,,,,,,,,,,,
9/16/2020,2020,9,16,15,30,206,412,14,0.15,4.1,51.59,24.6,987,,,,,,,,,,,,,,,,,,,,,,,,,,,,,,,,,
9/16/2020,2020,9,16,16,30,142,301,13.2,0.15,3.3,55.06,22.7,987,,,,,,,,,,,,,,,,,,,,,,,,,,,,,,,,,
9/16/2020,2020,9,16,17,30,55,144,13.1,0.15,2.8,58.54,21.6,988,,,,,,,,,,,,,,,,,,,,,,,,,,,,,,,,,
9/16/2020,2020,9,16,18,30,0,0,12.8,0.15,2.1,70.87,18.2,989,,,,,,,,,,,,,,,,,,,,,,,,,,,,,,,,,
9/16/2020,2020,9,16,19,30,0,0,12.5,0.15,2.1,73.91,17.2,989,,,,,,,,,,,,,,,,,,,,,,,,,,,,,,,,,
9/16/2020,2020,9,16,20,30,0,0,12.3,0.15,2.3,77.91,16.2,990,,,,,,,,,,,,,,,,,,,,,,,,,,,,,,,,,
9/16/2020,2020,9,16,21,30,0,0,12.1,0.15,2.4,81.72,15.2,990,,,,,,,,,,,,,,,,,,,,,,,,,,,,,,,,,
9/16/2020,2020,9,16,22,30,0,0,11.8,0.15,2.4,85.83,14.1,990,,,,,,,,,,,,,,,,,,,,,,,,,,,,,,,,,
9/16/2020,2020,9,16,23,30,0,0,11.4,0.15,2.4,89.9,13,990,,,,,,,,,,,,,,,,,,,,,,,,,,,,,,,,,
9/17/2020,2020,9,17,0,30,0,0,10.9,0.15,2.4,92.6,12.1,990,,,,,,,,,,,,,,,,,,,,,,,,,,,,,,,,,
9/17/2020,2020,9,17,1,30,0,0,10.4,0.15,2.5,95.04,11.2,990,,,,,,,,,,,,,,,,,,,,,,,,,,,,,,,,,
9/17/2020,2020,9,17,2,30,0,0,9.9,0.15,2.5,95.8,10.5,990,,,,,,,,,,,,,,,,,,,,,,,,,,,,,,,,,
9/17/2020,2020,9,17,3,30,0,0,9.2,0.15,2.3,95.67,9.9,990,,,,,,,,,,,,,,,,,,,,,,,,,,,,,,,,,
9/17/2020,2020,9,17,4,30,0,0,8.7,0.15,2.2,94.55,9.5,991,,,,,,,,,,,,,,,,,,,,,,,,,,,,,,,,,
9/17/2020,2020,9,17,5,30,0,0,8.1,0.15,2.4,91.43,9.4,991,,,,,,,,,,,,,,,,,,,,,,,,,,,,,,,,,
9/17/2020,2020,9,17,6,30,35,181,7.5,0.15,2.6,82.48,10.4,991,,,,,,,,,,,,,,,,,,,,,,,,,,,,,,,,,
9/17/2020,2020,9,17,7,30,104,381,7.4,0.15,2.6,69.69,12.8,992,,,,,,,,,,,,,,,,,,,,,,,,,,,,,,,,,
9/17/2020,2020,9,17,8,30,167,474,7.8,0.15,2.7,58.19,16,992,,,,,,,,,,,,,,,,,,,,,,,,,,,,,,,,,
9/17/2020,2020,9,17,9,30,211,538,7.9,0.15,2.9,49.66,18.6,992,,,,,,,,,,,,,,,,,,,,,,,,,,,,,,,,,
9/17/2020,2020,9,17,10,30,239,581,7.9,0.15,2.6,45.23,20.1,992,,,,,,,,,,,,,,,,,,,,,,,,,,,,,,,,,
9/17/2020,2020,9,17,11,30,243,625,8,0.15,2.5,42.88,21.1,991,,,,,,,,,,,,,,,,,,,,,,,,,,,,,,,,,
9/17/2020,2020,9,17,12,30,233,652,8.1,0.15,2.5,41.52,21.7,991,,,,,,,,,,,,,,,,,,,,,,,,,,,,,,,,,
9/17/2020,2020,9,17,13,30,232,617,7.9,0.15,2.6,40.36,22,990,,,,,,,,,,,,,,,,,,,,,,,,,,,,,,,,,
9/17/2020,2020,9,17,14,30,237,514,7.7,0.15,2.6,40.54,21.7,990,,,,,,,,,,,,,,,,,,,,,,,,,,,,,,,,,
9/17/2020,2020,9,17,15,30,219,366,7.4,0.15,2.4,41.43,21,990,,,,,,,,,,,,,,,,,,,,,,,,,,,,,,,,,
9/17/2020,2020,9,17,16,30,145,252,7.6,0.15,1.8,46.67,19.3,990,,,,,,,,,,,,,,,,,,,,,,,,,,,,,,,,,
9/17/2020,2020,9,17,17,30,49,107,9.5,0.15,1.4,57.19,18.1,990,,,,,,,,,,,,,,,,,,,,,,,,,,,,,,,,,
9/17/2020,2020,9,17,18,30,0,0,8.3,0.16,2.1,63.87,15.1,990,,,,,,,,,,,,,,,,,,,,,,,,,,,,,,,,,
9/17/2020,2020,9,17,19,30,0,0,7.3,0.16,2.7,62.79,14.3,991,,,,,,,,,,,,,,,,,,,,,,,,,,,,,,,,,
9/17/2020,2020,9,17,20,30,0,0,6.7,0.16,2.9,64.63,13.2,992,,,,,,,,,,,,,,,,,,,,,,,,,,,,,,,,,
9/17/2020,2020,9,17,21,30,0,0,6.2,0.16,2.9,66.68,12.2,992,,,,,,,,,,,,,,,,,,,,,,,,,,,,,,,,,
9/17/2020,2020,9,17,22,30,0,0,5.8,0.16,2.8,69.19,11.2,993,,,,,,,,,,,,,,,,,,,,,,,,,,,,,,,,,
9/17/2020,2020,9,17,23,30,0,0,5.3,0.16,2.7,70.83,10.4,993,,,,,,,,,,,,,,,,,,,,,,,,,,,,,,,,,
9/18/2020,2020,9,18,0,30,0,0,4.9,0.16,2.6,71.23,9.9,993,,,,,,,,,,,,,,,,,,,,,,,,,,,,,,,,,
9/18/2020,2020,9,18,1,30,0,0,4.6,0.16,2.5,72.23,9.3,994,,,,,,,,,,,,,,,,,,,,,,,,,,,,,,,,,
9/18/2020,2020,9,18,2,30,0,0,4.2,0.16,2.3,74.08,8.6,994,,,,,,,,,,,,,,,,,,,,,,,,,,,,,,,,,
9/18/2020,2020,9,18,3,30,0,0,4.1,0.16,2.1,76.88,7.9,994,,,,,,,,,,,,,,,,,,,,,,,,,,,,,,,,,
9/18/2020,2020,9,18,4,30,0,0,4,0.16,2.1,78.89,7.4,995,,,,,,,,,,,,,,,,,,,,,,,,,,,,,,,,,
9/18/2020,2020,9,18,5,30,0,0,3.8,0.16,2.3,78.96,7.2,995,,,,,,,,,,,,,,,,,,,,,,,,,,,,,,,,,
9/18/2020,2020,9,18,6,30,36,172,3.7,0.16,2.6,74.15,8,996,,,,,,,,,,,,,,,,,,,,,,,,,,,,,,,,,
9/18/2020,2020,9,18,7,30,94,459,3.9,0.16,2.8,63.93,10.4,997,,,,,,,,,,,,,,,,,,,,,,,,,,,,,,,,,
9/18/2020,2020,9,18,8,30,124,632,5.2,0.16,2.9,56.36,13.7,997,,,,,,,,,,,,,,,,,,,,,,,,,,,,,,,,,
9/18/2020,2020,9,18,9,30,139,734,6.2,0.16,2.9,50.61,16.5,997,,,,,,,,,,,,,,,,,,,,,,,,,,,,,,,,,
9/18/2020,2020,9,18,10,30,146,793,6.3,0.16,2.7,45.47,18.3,997,,,,,,,,,,,,,,,,,,,,,,,,,,,,,,,,,
9/18/2020,2020,9,18,11,30,138,837,6.7,0.16,2.5,43.11,19.6,996,,,,,,,,,,,,,,,,,,,,,,,,,,,,,,,,,
9/18/2020,2020,9,18,12,30,124,867,7.3,0.16,2.3,42.7,20.4,995,,,,,,,,,,,,,,,,,,,,,,,,,,,,,,,,,
9/18/2020,2020,9,18,13,30,122,848,7.8,0.16,2.1,42.86,20.9,994,,,,,,,,,,,,,,,,,,,,,,,,,,,,,,,,,
9/18/2020,2020,9,18,14,30,115,809,8.1,0.16,2,43.86,20.9,993,,,,,,,,,,,,,,,,,,,,,,,,,,,,,,,,,
9/18/2020,2020,9,18,15,30,103,737,8.3,0.16,1.9,45.48,20.5,993,,,,,,,,,,,,,,,,,,,,,,,,,,,,,,,,,
9/18/2020,2020,9,18,16,30,82,607,8.4,0.16,1.5,49.38,19.3,993,,,,,,,,,,,,,,,,,,,,,,,,,,,,,,,,,
9/18/2020,2020,9,18,17,30,47,353,10.3,0.16,1.2,59.16,18.4,993,,,,,,,,,,,,,,,,,,,,,,,,,,,,,,,,,
9/18/2020,2020,9,18,18,30,0,0,10,0.15,1.3,75.12,14.4,993,,,,,,,,,,,,,,,,,,,,,,,,,,,,,,,,,
9/18/2020,2020,9,18,19,30,0,0,9.7,0.15,1.7,77.19,13.6,994,,,,,,,,,,,,,,,,,,,,,,,,,,,,,,,,,
9/18/2020,2020,9,18,20,30,0,0,9.7,0.15,2.1,79.86,13.1,995,,,,,,,,,,,,,,,,,,,,,,,,,,,,,,,,,
9/18/2020,2020,9,18,21,30,0,0,9.7,0.15,2.3,83.7,12.4,995,,,,,,,,,,,,,,,,,,,,,,,,,,,,,,,,,
9/18/2020,2020,9,18,22,30,0,0,9.7,0.15,2.4,87.42,11.7,995,,,,,,,,,,,,,,,,,,,,,,,,,,,,,,,,,
9/18/2020,2020,9,18,23,30,0,0,9.6,0.15,2.4,90.27,11.1,995,,,,,,,,,,,,,,,,,,,,,,,,,,,,,,,,,
9/19/2020,2020,9,19,0,30,0,0,9.4,0.15,2.4,92.99,10.5,995,,,,,,,,,,,,,,,,,,,,,,,,,,,,,,,,,
9/19/2020,2020,9,19,1,30,0,0,9.2,0.15,2.4,94.95,10,995,,,,,,,,,,,,,,,,,,,,,,,,,,,,,,,,,
9/19/2020,2020,9,19,2,30,0,0,9,0.15,2.4,96.44,9.5,994,,,,,,,,,,,,,,,,,,,,,,,,,,,,,,,,,
9/19/2020,2020,9,19,3,30,0,0,8.6,0.15,2.3,96.99,9.1,994,,,,,,,,,,,,,,,,,,,,,,,,,,,,,,,,,
9/19/2020,2020,9,19,4,30,0,0,8.3,0.15,2.2,97.38,8.7,995,,,,,,,,,,,,,,,,,,,,,,,,,,,,,,,,,
9/19/2020,2020,9,19,5,30,0,0,7.9,0.15,2.5,95.25,8.6,995,,,,,,,,,,,,,,,,,,,,,,,,,,,,,,,,,
9/19/2020,2020,9,19,6,30,32,119,7.4,0.15,3,87.24,9.4,995,,,,,,,,,,,,,,,,,,,,,,,,,,,,,,,,,
9/19/2020,2020,9,19,7,30,109,330,6.8,0.15,3.6,72.32,11.6,995,,,,,,,,,,,,,,,,,,,,,,,,,,,,,,,,,
9/19/2020,2020,9,19,8,30,172,445,5.1,0.15,4.3,53.54,14.4,995,,,,,,,,,,,,,,,,,,,,,,,,,,,,,,,,,
9/19/2020,2020,9,19,9,30,220,513,5.1,0.15,4.6,45.79,16.9,995,,,,,,,,,,,,,,,,,,,,,,,,,,,,,,,,,
9/19/2020,2020,9,19,10,30,245,567,6.4,0.15,4.7,44.67,18.7,994,,,,,,,,,,,,,,,,,,,,,,,,,,,,,,,,,
9/19/2020,2020,9,19,11,30,250,607,7.3,0.15,4.8,43.72,20,994,,,,,,,,,,,,,,,,,,,,,,,,,,,,,,,,,
9/19/2020,2020,9,19,12,30,246,623,7.7,0.15,4.7,42.9,20.8,993,,,,,,,,,,,,,,,,,,,,,,,,,,,,,,,,,
9/19/2020,2020,9,19,13,30,238,598,7.8,0.15,4.6,41.85,21.3,992,,,,,,,,,,,,,,,,,,,,,,,,,,,,,,,,,
9/19/2020,2020,9,19,14,30,226,530,7.7,0.15,4.5,41.74,21.2,991,,,,,,,,,,,,,,,,,,,,,,,,,,,,,,,,,
9/19/2020,2020,9,19,15,30,195,429,7.5,0.15,4.2,42.68,20.6,991,,,,,,,,,,,,,,,,,,,,,,,,,,,,,,,,,
9/19/2020,2020,9,19,16,30,134,309,7.4,0.15,3.5,46.36,19.2,991,,,,,,,,,,,,,,,,,,,,,,,,,,,,,,,,,
9/19/2020,2020,9,19,17,30,50,134,8.1,0.15,2.9,51.8,18.2,991,,,,,,,,,,,,,,,,,,,,,,,,,,,,,,,,,
9/19/2020,2020,9,19,18,30,0,0,8.2,0.15,2.5,63.33,15.1,991,,,,,,,,,,,,,,,,,,,,,,,,,,,,,,,,,
9/19/2020,2020,9,19,19,30,0,0,7.8,0.15,2.7,65.5,14.2,991,,,,,,,,,,,,,,,,,,,,,,,,,,,,,,,,,
9/19/2020,2020,9,19,20,30,0,0,7.6,0.15,2.7,67.58,13.5,992,,,,,,,,,,,,,,,,,,,,,,,,,,,,,,,,,
9/19/2020,2020,9,19,21,30,0,0,7.4,0.15,2.8,70.15,12.7,992,,,,,,,,,,,,,,,,,,,,,,,,,,,,,,,,,
9/19/2020,2020,9,19,22,30,0,0,7.1,0.15,2.9,71.72,12.1,992,,,,,,,,,,,,,,,,,,,,,,,,,,,,,,,,,
9/19/2020,2020,9,19,23,30,0,0,6.9,0.15,3,72.38,11.7,992,,,,,,,,,,,,,,,,,,,,,,,,,,,,,,,,,
9/20/2020,2020,9,20,0,30,0,0,6.7,0.15,3.1,72.78,11.4,992,,,,,,,,,,,,,,,,,,,,,,,,,,,,,,,,,
9/20/2020,2020,9,20,1,30,0,0,6.6,0.15,3.1,72.64,11.3,993,,,,,,,,,,,,,,,,,,,,,,,,,,,,,,,,,
9/20/2020,2020,9,20,2,30,0,0,6.5,0.15,3.1,73.17,11.1,993,,,,,,,,,,,,,,,,,,,,,,,,,,,,,,,,,
9/20/2020,2020,9,20,3,30,0,0,6.5,0.15,3.1,74.54,10.8,993,,,,,,,,,,,,,,,,,,,,,,,,,,,,,,,,,
9/20/2020,2020,9,20,4,30,0,0,6.5,0.15,3,76.61,10.4,993,,,,,,,,,,,,,,,,,,,,,,,,,,,,,,,,,
9/20/2020,2020,9,20,5,30,0,0,6.4,0.15,3.2,78.51,10,993,,,,,,,,,,,,,,,,,,,,,,,,,,,,,,,,,
9/20/2020,2020,9,20,6,30,24,78,6.4,0.15,3.6,76.1,10.4,993,,,,,,,,,,,,,,,,,,,,,,,,,,,,,,,,,
9/20/2020,2020,9,20,7,30,113,253,6.4,0.15,3.9,68.66,12,994,,,,,,,,,,,,,,,,,,,,,,,,,,,,,,,,,
9/20/2020,2020,9,20,8,30,187,380,6.7,0.15,4.5,57.9,14.9,994,,,,,,,,,,,,,,,,,,,,,,,,,,,,,,,,,
9/20/2020,2020,9,20,9,30,237,456,6.5,0.15,5.2,46.99,18,994,,,,,,,,,,,,,,,,,,,,,,,,,,,,,,,,,
9/20/2020,2020,9,20,10,30,273,511,6.7,0.15,5.5,41.18,20.3,993,,,,,,,,,,,,,,,,,,,,,,,,,,,,,,,,,
9/20/2020,2020,9,20,11,30,273,568,6.8,0.15,5.8,37.62,21.9,993,,,,,,,,,,,,,,,,,,,,,,,,,,,,,,,,,
9/20/2020,2020,9,20,12,30,251,618,6.8,0.15,6,35.52,22.9,992,,,,,,,,,,,,,,,,,,,,,,,,,,,,,,,,,
9/20/2020,2020,9,20,13,30,239,599,6.9,0.15,6,34.54,23.4,991,,,,,,,,,,,,,,,,,,,,,,,,,,,,,,,,,
9/20/2020,2020,9,20,14,30,226,538,7,0.15,5.8,35.19,23.2,991,,,,,,,,,,,,,,,,,,,,,,,,,,,,,,,,,
9/20/2020,2020,9,20,15,30,194,437,7,0.15,5.1,36.89,22.5,991,,,,,,,,,,,,,,,,,,,,,,,,,,,,,,,,,
9/20/2020,2020,9,20,16,30,133,303,7.4,0.15,4,42.44,20.6,991,,,,,,,,,,,,,,,,,,,,,,,,,,,,,,,,,
9/20/2020,2020,9,20,17,30,46,125,8.2,0.15,3.3,48.64,19.3,991,,,,,,,,,,,,,,,,,,,,,,,,,,,,,,,,,
9/20/2020,2020,9,20,18,30,0,0,8.4,0.16,2.6,61.54,15.8,992,,,,,,,,,,,,,,,,,,,,,,,,,,,,,,,,,
9/20/2020,2020,9,20,19,30,0,0,8.3,0.16,2.8,64.85,14.9,992,,,,,,,,,,,,,,,,,,,,,,,,,,,,,,,,,
9/20/2020,2020,9,20,20,30,0,0,8.4,0.16,2.8,68.5,14.1,992,,,,,,,,,,,,,,,,,,,,,,,,,,,,,,,,,
9/20/2020,2020,9,20,21,30,0,0,8.4,0.16,2.9,72.16,13.3,992,,,,,,,,,,,,,,,,,,,,,,,,,,,,,,,,,
9/20/2020,2020,9,20,22,30,0,0,8.3,0.16,2.8,75.28,12.6,993,,,,,,,,,,,,,,,,,,,,,,,,,,,,,,,,,
9/20/2020,2020,9,20,23,30,0,0,8.2,0.16,2.8,78.22,11.9,993,,,,,,,,,,,,,,,,,,,,,,,,,,,,,,,,,
9/21/2020,2020,9,21,0,30,0,0,8.1,0.16,2.7,80.02,11.4,993,,,,,,,,,,,,,,,,,,,,,,,,,,,,,,,,,
9/21/2020,2020,9,21,1,30,0,0,7.9,0.16,2.6,81.15,11,993,,,,,,,,,,,,,,,,,,,,,,,,,,,,,,,,,
9/21/2020,2020,9,21,2,30,0,0,7.7,0.16,2.6,81.68,10.7,993,,,,,,,,,,,,,,,,,,,,,,,,,,,,,,,,,
9/21/2020,2020,9,21,3,30,0,0,7.5,0.16,2.6,81.88,10.5,993,,,,,,,,,,,,,,,,,,,,,,,,,,,,,,,,,
9/21/2020,2020,9,21,4,30,0,0,7.5,0.16,2.6,83.19,10.2,993,,,,,,,,,,,,,,,,,,,,,,,,,,,,,,,,,
9/21/2020,2020,9,21,5,30,0,0,7.5,0.16,2.7,84,10.1,993,,,,,,,,,,,,,,,,,,,,,,,,,,,,,,,,,
9/21/2020,2020,9,21,6,30,26,86,7.8,0.16,3.2,80.38,11,993,,,,,,,,,,,,,,,,,,,,,,,,,,,,,,,,,
9/21/2020,2020,9,21,7,30,108,288,8.3,0.16,3.3,73.31,13,993,,,,,,,,,,,,,,,,,,,,,,,,,,,,,,,,,
9/21/2020,2020,9,21,8,30,165,457,9.4,0.16,3.5,63.75,16.3,993,,,,,,,,,,,,,,,,,,,,,,,,,,,,,,,,,
9/21/2020,2020,9,21,9,30,191,576,11.3,0.16,3.9,56.98,20.1,993,,,,,,,,,,,,,,,,,,,,,,,,,,,,,,,,,
9/21/2020,2020,9,21,10,30,205,645,13.1,0.16,4.2,53.39,23.1,992,,,,,,,,,,,,,,,,,,,,,,,,,,,,,,,,,
9/21/2020,2020,9,21,11,30,220,656,13.9,0.16,4.3,50.4,24.9,992,,,,,,,,,,,,,,,,,,,,,,,,,,,,,,,,,
9/21/2020,2020,9,21,12,30,235,630,14,0.16,4.4,47.93,25.9,991,,,,,,,,,,,,,,,,,,,,,,,,,,,,,,,,,
9/21/2020,2020,9,21,13,30,225,609,13.9,0.16,4.5,46.21,26.4,990,,,,,,,,,,,,,,,,,,,,,,,,,,,,,,,,,
9/21/2020,2020,9,21,14,30,209,556,13.7,0.16,4.3,45.98,26.2,989,,,,,,,,,,,,,,,,,,,,,,,,,,,,,,,,,
9/21/2020,2020,9,21,15,30,173,474,13.4,0.16,3.8,47.29,25.4,989,,,,,,,,,,,,,,,,,,,,,,,,,,,,,,,,,
9/21/2020,2020,9,21,16,30,118,360,13.6,0.16,2.8,54.34,23.3,989,,,,,,,,,,,,,,,,,,,,,,,,,,,,,,,,,
9/21/2020,2020,9,21,17,30,45,160,14.1,0.16,2.1,61.72,21.8,989,,,,,,,,,,,,,,,,,,,,,,,,,,,,,,,,,
9/21/2020,2020,9,21,18,30,0,0,13.1,0.16,2.4,71.03,18.4,989,,,,,,,,,,,,,,,,,,,,,,,,,,,,,,,,,
9/21/2020,2020,9,21,19,30,0,0,12.4,0.16,2.6,72.25,17.4,990,,,,,,,,,,,,,,,,,,,,,,,,,,,,,,,,,
9/21/2020,2020,9,21,20,30,0,0,11.9,0.16,2.6,74.88,16.4,990,,,,,,,,,,,,,,,,,,,,,,,,,,,,,,,,,
9/21/2020,2020,9,21,21,30,0,0,11.7,0.16,2.4,77.6,15.6,991,,,,,,,,,,,,,,,,,,,,,,,,,,,,,,,,,
9/21/2020,2020,9,21,22,30,0,0,11.5,0.16,2.2,80.58,14.8,991,,,,,,,,,,,,,,,,,,,,,,,,,,,,,,,,,
9/21/2020,2020,9,21,23,30,0,0,11.3,0.16,2.1,83.21,14.1,991,,,,,,,,,,,,,,,,,,,,,,,,,,,,,,,,,
9/22/2020,2020,9,22,0,30,0,0,11.1,0.16,1.9,85.41,13.5,990,,,,,,,,,,,,,,,,,,,,,,,,,,,,,,,,,
9/22/2020,2020,9,22,1,30,0,0,10.9,0.16,1.8,87.31,13,990,,,,,,,,,,,,,,,,,,,,,,,,,,,,,,,,,
9/22/2020,2020,9,22,2,30,0,0,10.8,0.16,1.7,89.52,12.5,990,,,,,,,,,,,,,,,,,,,,,,,,,,,,,,,,,
9/22/2020,2020,9,22,3,30,0,0,10.8,0.16,1.6,91.52,12.1,990,,,,,,,,,,,,,,,,,,,,,,,,,,,,,,,,,
9/22/2020,2020,9,22,4,30,0,0,10.7,0.16,1.6,93.25,11.8,990,,,,,,,,,,,,,,,,,,,,,,,,,,,,,,,,,
9/22/2020,2020,9,22,5,30,0,0,10.7,0.16,1.7,93.18,11.8,990,,,,,,,,,,,,,,,,,,,,,,,,,,,,,,,,,
9/22/2020,2020,9,22,6,30,28,112,10.7,0.16,2.2,86.21,13,990,,,,,,,,,,,,,,,,,,,,,,,,,,,,,,,,,
9/22/2020,2020,9,22,7,30,98,367,10.9,0.16,2.5,75.15,15.3,990,,,,,,,,,,,,,,,,,,,,,,,,,,,,,,,,,
9/22/2020,2020,9,22,8,30,141,542,11.5,0.16,2.2,64,18.4,990,,,,,,,,,,,,,,,,,,,,,,,,,,,,,,,,,
9/22/2020,2020,9,22,9,30,160,653,12.5,0.16,2.4,53.6,22.4,990,,,,,,,,,,,,,,,,,,,,,,,,,,,,,,,,,
9/22/2020,2020,9,22,10,30,170,719,12.2,0.16,2.8,44.01,25.3,989,,,,,,,,,,,,,,,,,,,,,,,,,,,,,,,,,
9/22/2020,2020,9,22,11,30,168,761,12.2,0.16,3.1,41.31,26.4,989,,,,,,,,,,,,,,,,,,,,,,,,,,,,,,,,,
9/22/2020,2020,9,22,12,30,161,780,12.1,0.16,3.4,39.31,27.1,988,,,,,,,,,,,,,,,,,,,,,,,,,,,,,,,,,
9/22/2020,2020,9,22,13,30,151,771,11.9,0.16,3.5,38.38,27.3,987,,,,,,,,,,,,,,,,,,,,,,,,,,,,,,,,,
9/22/2020,2020,9,22,14,30,137,734,11.8,0.16,3.4,38.65,27.1,987,,,,,,,,,,,,,,,,,,,,,,,,,,,,,,,,,
9/22/2020,2020,9,22,15,30,118,660,11.9,0.16,3,40.73,26.3,986,,,,,,,,,,,,,,,,,,,,,,,,,,,,,,,,,
9/22/2020,2020,9,22,16,30,88,530,12.8,0.16,2,49.19,24.1,986,,,,,,,,,,,,,,,,,,,,,,,,,,,,,,,,,
9/22/2020,2020,9,22,17,30,40,236,14.9,0.16,1.4,61.85,22.6,986,,,,,,,,,,,,,,,,,,,,,,,,,,,,,,,,,
9/22/2020,2020,9,22,18,30,0,0,13.9,0.16,1.4,73.7,18.7,986,,,,,,,,,,,,,,,,,,,,,,,,,,,,,,,,,
9/22/2020,2020,9,22,19,30,0,0,14,0.16,1.6,78.11,17.9,987,,,,,,,,,,,,,,,,,,,,,,,,,,,,,,,,,
9/22/2020,2020,9,22,20,30,0,0,14.4,0.16,1.8,83.71,17.2,987,,,,,,,,,,,,,,,,,,,,,,,,,,,,,,,,,
9/22/2020,2020,9,22,21,30,0,0,14.8,0.16,1.8,89,16.6,987,,,,,,,,,,,,,,,,,,,,,,,,,,,,,,,,,
9/22/2020,2020,9,22,22,30,0,0,15,0.16,1.8,95.18,15.8,987,,,,,,,,,,,,,,,,,,,,,,,,,,,,,,,,,
9/22/2020,2020,9,22,23,30,0,0,15.1,0.16,1.7,100,15.1,987,,,,,,,,,,,,,,,,,,,,,,,,,,,,,,,,,
9/23/2020,2020,9,23,0,30,0,0,14.4,0.16,1.5,100,14.4,986,,,,,,,,,,,,,,,,,,,,,,,,,,,,,,,,,
9/23/2020,2020,9,23,1,30,0,0,13.8,0.16,1.4,100,13.8,986,,,,,,,,,,,,,,,,,,,,,,,,,,,,,,,,,
9/23/2020,2020,9,23,2,30,0,0,13.4,0.16,1.3,100,13.4,986,,,,,,,,,,,,,,,,,,,,,,,,,,,,,,,,,
9/23/2020,2020,9,23,3,30,0,0,13.1,0.16,1.2,100,13.1,986,,,,,,,,,,,,,,,,,,,,,,,,,,,,,,,,,
9/23/2020,2020,9,23,4,30,0,0,12.8,0.16,1.1,100,12.8,986,,,,,,,,,,,,,,,,,,,,,,,,,,,,,,,,,
9/23/2020,2020,9,23,5,30,0,0,12.9,0.16,1.1,100,12.9,986,,,,,,,,,,,,,,,,,,,,,,,,,,,,,,,,,
9/23/2020,2020,9,23,6,30,28,80,14.6,0.16,1.5,100,14.6,986,,,,,,,,,,,,,,,,,,,,,,,,,,,,,,,,,
9/23/2020,2020,9,23,7,30,83,363,15,0.16,1.9,86.79,17.2,986,,,,,,,,,,,,,,,,,,,,,,,,,,,,,,,,,
9/23/2020,2020,9,23,8,30,154,380,15.4,0.16,2.1,73.03,20.4,986,,,,,,,,,,,,,,,,,,,,,,,,,,,,,,,,,
9/23/2020,2020,9,23,9,30,210,438,15.4,0.16,2.6,61.22,23.3,986,,,,,,,,,,,,,,,,,,,,,,,,,,,,,,,,,
9/23/2020,2020,9,23,10,30,271,410,15.2,0.16,3,55.22,24.8,986,,,,,,,,,,,,,,,,,,,,,,,,,,,,,,,,,
9/23/2020,2020,9,23,11,30,331,307,15.3,0.16,3.2,52.57,25.7,985,,,,,,,,,,,,,,,,,,,,,,,,,,,,,,,,,
9/23/2020,2020,9,23,12,30,307,396,15.4,0.16,3.2,51,26.3,985,,,,,,,,,,,,,,,,,,,,,,,,,,,,,,,,,
9/23/2020,2020,9,23,13,30,292,355,15.3,0.16,3.2,49.74,26.7,984,,,,,,,,,,,,,,,,,,,,,,,,,,,,,,,,,
9/23/2020,2020,9,23,14,30,219,423,15.3,0.16,3.2,49.86,26.6,983,,,,,,,,,,,,,,,,,,,,,,,,,,,,,,,,,
9/23/2020,2020,9,23,15,30,146,490,15.2,0.16,3.3,51.24,26,982,,,,,,,,,,,,,,,,,,,,,,,,,,,,,,,,,
9/23/2020,2020,9,23,16,30,113,188,15.2,0.16,2.8,56.53,24.4,982,,,,,,,,,,,,,,,,,,,,,,,,,,,,,,,,,
9/23/2020,2020,9,23,17,30,42,242,16,0.16,2.4,63.83,23.2,982,,,,,,,,,,,,,,,,,,,,,,,,,,,,,,,,,
9/23/2020,2020,9,23,18,30,0,0,15.9,0.16,2.4,76.9,20.1,982,,,,,,,,,,,,,,,,,,,,,,,,,,,,,,,,,
9/23/2020,2020,9,23,19,30,0,0,16.2,0.16,2.6,81.87,19.4,982,,,,,,,,,,,,,,,,,,,,,,,,,,,,,,,,,
9/23/2020,2020,9,23,20,30,0,0,16.5,0.16,2.5,87.86,18.6,983,,,,,,,,,,,,,,,,,,,,,,,,,,,,,,,,,
9/23/2020,2020,9,23,21,30,0,0,16.7,0.16,2.5,92.16,18,983,,,,,,,,,,,,,,,,,,,,,,,,,,,,,,,,,
9/23/2020,2020,9,23,22,30,0,0,16.7,0.16,2.6,95.06,17.5,983,,,,,,,,,,,,,,,,,,,,,,,,,,,,,,,,,
9/23/2020,2020,9,23,23,30,0,0,16.5,0.16,2.6,97.59,16.9,982,,,,,,,,,,,,,,,,,,,,,,,,,,,,,,,,,
9/24/2020,2020,9,24,0,30,0,0,16.2,0.16,2.7,99.21,16.3,982,,,,,,,,,,,,,,,,,,,,,,,,,,,,,,,,,
9/24/2020,2020,9,24,1,30,0,0,15.6,0.16,3,98.36,15.9,981,,,,,,,,,,,,,,,,,,,,,,,,,,,,,,,,,
9/24/2020,2020,9,24,2,30,0,0,15,0.16,3.2,96.74,15.5,981,,,,,,,,,,,,,,,,,,,,,,,,,,,,,,,,,
9/24/2020,2020,9,24,3,30,0,0,14.3,0.16,3.2,96.41,14.9,980,,,,,,,,,,,,,,,,,,,,,,,,,,,,,,,,,
9/24/2020,2020,9,24,4,30,0,0,13.8,0.16,3,96.5,14.4,980,,,,,,,,,,,,,,,,,,,,,,,,,,,,,,,,,
9/24/2020,2020,9,24,5,30,0,0,13.5,0.16,2.9,96.1,14.1,980,,,,,,,,,,,,,,,,,,,,,,,,,,,,,,,,,
9/24/2020,2020,9,24,6,30,26,97,13.2,0.16,3,90.97,14.7,981,,,,,,,,,,,,,,,,,,,,,,,,,,,,,,,,,
9/24/2020,2020,9,24,7,30,87,376,13.2,0.16,3.2,79.39,16.8,981,,,,,,,,,,,,,,,,,,,,,,,,,,,,,,,,,
9/24/2020,2020,9,24,8,30,117,591,13.6,0.16,3.9,66.17,20.1,981,,,,,,,,,,,,,,,,,,,,,,,,,,,,,,,,,
9/24/2020,2020,9,24,9,30,136,687,14.5,0.16,4.7,58.25,23.2,981,,,,,,,,,,,,,,,,,,,,,,,,,,,,,,,,,
9/24/2020,2020,9,24,10,30,228,490,15.3,0.16,4.9,53.99,25.3,980,,,,,,,,,,,,,,,,,,,,,,,,,,,,,,,,,
9/24/2020,2020,9,24,11,30,305,64,15.6,0.16,4.8,50.48,26.7,979,,,,,,,,,,,,,,,,,,,,,,,,,,,,,,,,,
9/24/2020,2020,9,24,12,30,256,500,15.7,0.16,4.6,48.62,27.5,979,,,,,,,,,,,,,,,,,,,,,,,,,,,,,,,,,
9/24/2020,2020,9,24,13,30,202,612,15.8,0.16,4.3,47.45,28,978,,,,,,,,,,,,,,,,,,,,,,,,,,,,,,,,,
9/24/2020,2020,9,24,14,30,160,646,15.9,0.16,3.9,47.64,28,978,,,,,,,,,,,,,,,,,,,,,,,,,,,,,,,,,
9/24/2020,2020,9,24,15,30,132,578,15.9,0.16,3.5,48.97,27.6,978,,,,,,,,,,,,,,,,,,,,,,,,,,,,,,,,,
9/24/2020,2020,9,24,16,30,96,424,16.3,0.16,2.8,54.66,26.1,978,,,,,,,,,,,,,,,,,,,,,,,,,,,,,,,,,
9/24/2020,2020,9,24,17,30,40,188,17,0.16,2.3,61.41,24.9,978,,,,,,,,,,,,,,,,,,,,,,,,,,,,,,,,,
9/24/2020,2020,9,24,18,30,0,0,16.2,0.16,2.9,70.35,21.8,978,,,,,,,,,,,,,,,,,,,,,,,,,,,,,,,,,
9/24/2020,2020,9,24,19,30,0,0,15.8,0.16,3.4,73.5,20.7,979,,,,,,,,,,,,,,,,,,,,,,,,,,,,,,,,,
9/24/2020,2020,9,24,20,30,0,0,15.5,0.16,3.5,76.57,19.7,979,,,,,,,,,,,,,,,,,,,,,,,,,,,,,,,,,
9/24/2020,2020,9,24,21,30,0,0,15.1,0.16,3.3,79.03,18.8,979,,,,,,,,,,,,,,,,,,,,,,,,,,,,,,,,,
9/24/2020,2020,9,24,22,30,0,0,14.8,0.16,3.1,81.79,18,980,,,,,,,,,,,,,,,,,,,,,,,,,,,,,,,,,
9/24/2020,2020,9,24,23,30,0,0,14.6,0.16,3,83.82,17.4,980,,,,,,,,,,,,,,,,,,,,,,,,,,,,,,,,,
9/25/2020,2020,9,25,0,30,0,0,14.5,0.16,3.1,85.61,16.9,980,,,,,,,,,,,,,,,,,,,,,,,,,,,,,,,,,
9/25/2020,2020,9,25,1,30,0,0,14.3,0.16,3.1,87.6,16.4,980,,,,,,,,,,,,,,,,,,,,,,,,,,,,,,,,,
9/25/2020,2020,9,25,2,30,0,0,14.2,0.16,3.1,90.27,15.8,980,,,,,,,,,,,,,,,,,,,,,,,,,,,,,,,,,
9/25/2020,2020,9,25,3,30,0,0,14.1,0.16,3,92.27,15.3,979,,,,,,,,,,,,,,,,,,,,,,,,,,,,,,,,,
9/25/2020,2020,9,25,4,30,0,0,13.9,0.16,3,94.15,14.8,979,,,,,,,,,,,,,,,,,,,,,,,,,,,,,,,,,
9/25/2020,2020,9,25,5,30,0,0,13.6,0.16,3.1,94.25,14.5,979,,,,,,,,,,,,,,,,,,,,,,,,,,,,,,,,,
9/25/2020,2020,9,25,6,30,26,203,13.3,0.16,3.3,88.96,15.1,980,,,,,,,,,,,,,,,,,,,,,,,,,,,,,,,,,
9/25/2020,2020,9,25,7,30,66,533,13.3,0.16,3.4,77.24,17.3,980,,,,,,,,,,,,,,,,,,,,,,,,,,,,,,,,,
9/25/2020,2020,9,25,8,30,92,682,13.8,0.16,3.8,64.85,20.7,980,,,,,,,,,,,,,,,,,,,,,,,,,,,,,,,,,
9/25/2020,2020,9,25,9,30,110,755,15,0.16,4.6,56.33,24.2,979,,,,,,,,,,,,,,,,,,,,,,,,,,,,,,,,,
9/25/2020,2020,9,25,10,30,124,793,16,0.16,5.3,51.49,26.8,979,,,,,,,,,,,,,,,,,,,,,,,,,,,,,,,,,
9/25/2020,2020,9,25,11,30,128,817,16.5,0.16,5.8,47.8,28.7,978,,,,,,,,,,,,,,,,,,,,,,,,,,,,,,,,,
9/25/2020,2020,9,25,12,30,132,812,16.8,0.16,6,45.25,29.9,977,,,,,,,,,,,,,,,,,,,,,,,,,,,,,,,,,
9/25/2020,2020,9,25,13,30,147,750,16.9,0.16,6,44.34,30.4,976,,,,,,,,,,,,,,,,,,,,,,,,,,,,,,,,,
9/25/2020,2020,9,25,14,30,217,434,17.1,0.16,5.6,45.24,30.3,976,,,,,,,,,,,,,,,,,,,,,,,,,,,,,,,,,
9/25/2020,2020,9,25,15,30,141,531,17.5,0.16,4.8,48.11,29.6,976,,,,,,,,,,,,,,,,,,,,,,,,,,,,,,,,,
9/25/2020,2020,9,25,16,30,101,387,18,0.16,3.9,54.43,28,976,,,,,,,,,,,,,,,,,,,,,,,,,,,,,,,,,
9/25/2020,2020,9,25,17,30,36,117,18.3,0.16,3.5,59.47,26.9,976,,,,,,,,,,,,,,,,,,,,,,,,,,,,,,,,,
9/25/2020,2020,9,25,18,30,0,0,18.3,0.16,3.7,70.42,24,976,,,,,,,,,,,,,,,,,,,,,,,,,,,,,,,,,
9/25/2020,2020,9,25,19,30,0,0,18.4,0.16,3.8,76.12,22.8,977,,,,,,,,,,,,,,,,,,,,,,,,,,,,,,,,,
9/25/2020,2020,9,25,20,30,0,0,18.4,0.16,3.8,80.84,21.8,977,,,,,,,,,,,,,,,,,,,,,,,,,,,,,,,,,
9/25/2020,2020,9,25,21,30,0,0,18.2,0.16,3.7,84.67,20.9,977,,,,,,,,,,,,,,,,,,,,,,,,,,,,,,,,,
9/25/2020,2020,9,25,22,30,0,0,18,0.16,3.6,87.7,20.1,976,,,,,,,,,,,,,,,,,,,,,,,,,,,,,,,,,
9/25/2020,2020,9,25,23,30,0,0,17.8,0.16,3.4,90.62,19.4,976,,,,,,,,,,,,,,,,,,,,,,,,,,,,,,,,,
9/26/2020,2020,9,26,0,30,0,0,17.7,0.16,3.2,92.72,18.9,976,,,,,,,,,,,,,,,,,,,,,,,,,,,,,,,,,
9/26/2020,2020,9,26,1,30,0,0,17.5,0.16,3.2,94.08,18.5,976,,,,,,,,,,,,,,,,,,,,,,,,,,,,,,,,,
9/26/2020,2020,9,26,2,30,0,0,17.3,0.16,3,95.34,18.1,976,,,,,,,,,,,,,,,,,,,,,,,,,,,,,,,,,
9/26/2020,2020,9,26,3,30,0,0,17.2,0.16,2.7,97.36,17.6,975,,,,,,,,,,,,,,,,,,,,,,,,,,,,,,,,,
9/26/2020,2020,9,26,4,30,0,0,17.1,0.16,2.6,98.55,17.3,975,,,,,,,,,,,,,,,,,,,,,,,,,,,,,,,,,
9/26/2020,2020,9,26,5,30,0,0,17,0.16,2.8,99.12,17.1,975,,,,,,,,,,,,,,,,,,,,,,,,,,,,,,,,,
9/26/2020,2020,9,26,6,30,19,28,16.8,0.16,3.5,93.98,17.8,975,,,,,,,,,,,,,,,,,,,,,,,,,,,,,,,,,
9/26/2020,2020,9,26,7,30,72,47,16.9,0.16,4.4,84.02,19.7,975,,,,,,,,,,,,,,,,,,,,,,,,,,,,,,,,,
9/26/2020,2020,9,26,8,30,168,198,17.4,0.16,5.1,74.62,22.1,974,,,,,,,,,,,,,,,,,,,,,,,,,,,,,,,,,
9/26/2020,2020,9,26,9,30,247,111,17.6,0.16,5.7,66,24.4,973,,,,,,,,,,,,,,,,,,,,,,,,,,,,,,,,,
9/26/2020,2020,9,26,10,30,281,52,17.4,0.16,6.3,57.52,26.5,972,,,,,,,,,,,,,,,,,,,,,,,,,,,,,,,,,
9/26/2020,2020,9,26,11,30,319,63,16.8,0.16,7,49.55,28.4,971,,,,,,,,,,,,,,,,,,,,,,,,,,,,,,,,,
9/26/2020,2020,9,26,12,30,326,315,16.1,0.16,7.5,43.66,29.8,971,,,,,,,,,,,,,,,,,,,,,,,,,,,,,,,,,
9/26/2020,2020,9,26,13,30,216,559,15.6,0.16,7.6,40,30.7,970,,,,,,,,,,,,,,,,,,,,,,,,,,,,,,,,,
9/26/2020,2020,9,26,14,30,228,393,15.2,0.16,7.3,38.34,31,970,,,,,,,,,,,,,,,,,,,,,,,,,,,,,,,,,
9/26/2020,2020,9,26,15,30,174,64,14.9,0.16,6.6,38.57,30.6,970,,,,,,,,,,,,,,,,,,,,,,,,,,,,,,,,,
9/26/2020,2020,9,26,16,30,102,173,14.8,0.16,5.8,41.04,29.4,970,,,,,,,,,,,,,,,,,,,,,,,,,,,,,,,,,
9/26/2020,2020,9,26,17,30,34,39,14.7,0.16,5.5,42.62,28.6,970,,,,,,,,,,,,,,,,,,,,,,,,,,,,,,,,,
9/26/2020,2020,9,26,18,30,0,0,14.6,0.16,4.1,49.88,25.9,971,,,,,,,,,,,,,,,,,,,,,,,,,,,,,,,,,
9/26/2020,2020,9,26,19,30,0,0,14.9,0.16,3.1,56.34,24.1,972,,,,,,,,,,,,,,,,,,,,,,,,,,,,,,,,,
9/26/2020,2020,9,26,20,30,0,0,14.8,0.16,2.2,61.99,22.4,973,,,,,,,,,,,,,,,,,,,,,,,,,,,,,,,,,
9/26/2020,2020,9,26,21,30,0,0,14.3,0.16,1.8,64.37,21.3,974,,,,,,,,,,,,,,,,,,,,,,,,,,,,,,,,,
9/26/2020,2020,9,26,22,30,0,0,13.5,0.16,1.9,64.37,20.4,974,,,,,,,,,,,,,,,,,,,,,,,,,,,,,,,,,
9/26/2020,2020,9,26,23,30,0,0,12.4,0.16,2.1,64.51,19.3,975,,,,,,,,,,,,,,,,,,,,,,,,,,,,,,,,,
9/27/2020,2020,9,27,0,30,0,0,11.5,0.16,2.5,64.72,18.3,975,,,,,,,,,,,,,,,,,,,,,,,,,,,,,,,,,
9/27/2020,2020,9,27,1,30,0,0,11,0.16,2.8,65.56,17.5,976,,,,,,,,,,,,,,,,,,,,,,,,,,,,,,,,,
9/27/2020,2020,9,27,2,30,0,0,10.8,0.16,2.3,67.65,16.8,976,,,,,,,,,,,,,,,,,,,,,,,,,,,,,,,,,
9/27/2020,2020,9,27,3,30,0,0,11,0.16,1.6,71.36,16.2,976,,,,,,,,,,,,,,,,,,,,,,,,,,,,,,,,,
9/27/2020,2020,9,27,4,30,0,0,11.1,0.16,1.7,71.86,16.2,977,,,,,,,,,,,,,,,,,,,,,,,,,,,,,,,,,
9/27/2020,2020,9,27,5,30,0,0,10.6,0.16,2.6,69.07,16.3,977,,,,,,,,,,,,,,,,,,,,,,,,,,,,,,,,,
9/27/2020,2020,9,27,6,30,10,3,10.1,0.16,3.8,66.55,16.3,978,,,,,,,,,,,,,,,,,,,,,,,,,,,,,,,,,
9/27/2020,2020,9,27,7,30,30,0,10.4,0.16,4.6,69.85,15.9,979,,,,,,,,,,,,,,,,,,,,,,,,,,,,,,,,,
9/27/2020,2020,9,27,8,30,16,0,11,0.16,4,76.16,15.2,981,,,,,,,,,,,,,,,,,,,,,,,,,,,,,,,,,
9/27/2020,2020,9,27,9,30,14,0,10.6,0.16,2.8,73.69,15.3,981,,,,,,,,,,,,,,,,,,,,,,,,,,,,,,,,,
9/27/2020,2020,9,27,10,30,21,0,10,0.16,2.6,66.8,16.2,981,,,,,,,,,,,,,,,,,,,,,,,,,,,,,,,,,
9/27/2020,2020,9,27,11,30,43,0,9.5,0.16,3.3,61.05,17.1,981,,,,,,,,,,,,,,,,,,,,,,,,,,,,,,,,,
9/27/2020,2020,9,27,12,30,55,0,9,0.16,3.7,58.37,17.2,981,,,,,,,,,,,,,,,,,,,,,,,,,,,,,,,,,
9/27/2020,2020,9,27,13,30,45,0,8.2,0.16,3.4,57.26,16.7,981,,,,,,,,,,,,,,,,,,,,,,,,,,,,,,,,,
9/27/2020,2020,9,27,14,30,49,0,8.3,0.16,3.1,60.07,16,980,,,,,,,,,,,,,,,,,,,,,,,,,,,,,,,,,
9/27/2020,2020,9,27,15,30,46,0,8.7,0.16,3.6,65.01,15.2,980,,,,,,,,,,,,,,,,,,,,,,,,,,,,,,,,,
9/27/2020,2020,9,27,16,30,58,7,9.1,0.16,3.9,71.48,14.2,980,,,,,,,,,,,,,,,,,,,,,,,,,,,,,,,,,
9/27/2020,2020,9,27,17,30,28,15,9.4,0.16,3.9,74.76,13.8,980,,,,,,,,,,,,,,,,,,,,,,,,,,,,,,,,,
9/27/2020,2020,9,27,18,30,0,0,9.5,0.16,3.9,80.17,12.8,980,,,,,,,,,,,,,,,,,,,,,,,,,,,,,,,,,
9/27/2020,2020,9,27,19,30,0,0,9.4,0.16,3.8,81.07,12.6,980,,,,,,,,,,,,,,,,,,,,,,,,,,,,,,,,,
9/27/2020,2020,9,27,20,30,0,0,9.2,0.16,3.5,80.22,12.5,980,,,,,,,,,,,,,,,,,,,,,,,,,,,,,,,,,
9/27/2020,2020,9,27,21,30,0,0,8.6,0.16,3.4,76.55,12.6,980,,,,,,,,,,,,,,,,,,,,,,,,,,,,,,,,,
9/27/2020,2020,9,27,22,30,0,0,7.6,0.16,3.5,72.13,12.5,980,,,,,,,,,,,,,,,,,,,,,,,,,,,,,,,,,
9/27/2020,2020,9,27,23,30,0,0,6.7,0.16,3.4,71.73,11.6,980,,,,,,,,,,,,,,,,,,,,,,,,,,,,,,,,,
9/28/2020,2020,9,28,0,30,0,0,6.6,0.16,2.9,76.7,10.5,980,,,,,,,,,,,,,,,,,,,,,,,,,,,,,,,,,
9/28/2020,2020,9,28,1,30,0,0,6.9,0.16,2.8,82.69,9.7,981,,,,,,,,,,,,,,,,,,,,,,,,,,,,,,,,,
9/28/2020,2020,9,28,2,30,0,0,7.3,0.16,2.8,87.54,9.3,981,,,,,,,,,,,,,,,,,,,,,,,,,,,,,,,,,
9/28/2020,2020,9,28,3,30,0,0,7.6,0.16,3,90.64,9.1,981,,,,,,,,,,,,,,,,,,,,,,,,,,,,,,,,,
9/28/2020,2020,9,28,4,30,0,0,7.9,0.16,3.2,91.94,9.1,981,,,,,,,,,,,,,,,,,,,,,,,,,,,,,,,,,
9/28/2020,2020,9,28,5,30,0,0,8.1,0.16,3.5,91.94,9.3,981,,,,,,,,,,,,,,,,,,,,,,,,,,,,,,,,,
9/28/2020,2020,9,28,6,30,20,116,8.3,0.16,3.7,88.89,10,981,,,,,,,,,,,,,,,,,,,,,,,,,,,,,,,,,
9/28/2020,2020,9,28,7,30,79,238,8.5,0.16,4.1,82.61,11.4,982,,,,,,,,,,,,,,,,,,,,,,,,,,,,,,,,,
9/28/2020,2020,9,28,8,30,165,138,8.4,0.16,4.7,71.51,13.4,982,,,,,,,,,,,,,,,,,,,,,,,,,,,,,,,,,
9/28/2020,2020,9,28,9,30,212,243,7.5,0.16,5.1,59.95,15.2,982,,,,,,,,,,,,,,,,,,,,,,,,,,,,,,,,,
9/28/2020,2020,9,28,10,30,224,32,6.8,0.16,5.4,53.29,16.3,982,,,,,,,,,,,,,,,,,,,,,,,,,,,,,,,,,
9/28/2020,2020,9,28,11,30,251,90,6.2,0.16,5.6,48.76,17.1,982,,,,,,,,,,,,,,,,,,,,,,,,,,,,,,,,,
9/28/2020,2020,9,28,12,30,224,347,5.8,0.16,5.9,45.69,17.7,982,,,,,,,,,,,,,,,,,,,,,,,,,,,,,,,,,
9/28/2020,2020,9,28,13,30,187,26,5.7,0.16,6,44.57,17.9,982,,,,,,,,,,,,,,,,,,,,,,,,,,,,,,,,,
9/28/2020,2020,9,28,14,30,245,212,5.7,0.16,6,45.84,17.5,982,,,,,,,,,,,,,,,,,,,,,,,,,,,,,,,,,
9/28/2020,2020,9,28,15,30,94,4,5.9,0.16,5.9,49.71,16.4,982,,,,,,,,,,,,,,,,,,,,,,,,,,,,,,,,,
9/28/2020,2020,9,28,16,30,59,1,6.2,0.16,5.1,55.47,15,983,,,,,,,,,,,,,,,,,,,,,,,,,,,,,,,,,
9/28/2020,2020,9,28,17,30,23,11,6.3,0.16,4.5,59.01,14.2,983,,,,,,,,,,,,,,,,,,,,,,,,,,,,,,,,,
9/28/2020,2020,9,28,18,30,0,0,6.5,0.16,2,71.8,11.4,984,,,,,,,,,,,,,,,,,,,,,,,,,,,,,,,,,
9/28/2020,2020,9,28,19,30,0,0,6.4,0.16,1.7,76.5,10.4,984,,,,,,,,,,,,,,,,,,,,,,,,,,,,,,,,,
9/28/2020,2020,9,28,20,30,0,0,6.1,0.16,1.9,76.1,10.1,984,,,,,,,,,,,,,,,,,,,,,,,,,,,,,,,,,
9/28/2020,2020,9,28,21,30,0,0,5.8,0.16,2.2,76.42,9.7,984,,,,,,,,,,,,,,,,,,,,,,,,,,,,,,,,,
9/28/2020,2020,9,28,22,30,0,0,5.5,0.16,2.4,76.5,9.4,984,,,,,,,,,,,,,,,,,,,,,,,,,,,,,,,,,
9/28/2020,2020,9,28,23,30,0,0,5.3,0.16,2.8,76.18,9.3,984,,,,,,,,,,,,,,,,,,,,,,,,,,,,,,,,,
9/29/2020,2020,9,29,0,30,0,0,5.3,0.16,2.8,77.15,9.1,984,,,,,,,,,,,,,,,,,,,,,,,,,,,,,,,,,
9/29/2020,2020,9,29,1,30,0,0,5.3,0.16,2.4,80.48,8.5,984,,,,,,,,,,,,,,,,,,,,,,,,,,,,,,,,,
9/29/2020,2020,9,29,2,30,0,0,5.2,0.16,2.3,84.16,7.7,984,,,,,,,,,,,,,,,,,,,,,,,,,,,,,,,,,
9/29/2020,2020,9,29,3,30,0,0,4.9,0.16,2.3,85.91,7.1,984,,,,,,,,,,,,,,,,,,,,,,,,,,,,,,,,,
9/29/2020,2020,9,29,4,30,0,0,4.5,0.16,2.5,87.15,6.5,984,,,,,,,,,,,,,,,,,,,,,,,,,,,,,,,,,
9/29/2020,2020,9,29,5,30,0,0,4.1,0.16,2.6,87.18,6.1,984,,,,,,,,,,,,,,,,,,,,,,,,,,,,,,,,,
9/29/2020,2020,9,29,6,30,22,184,3.8,0.16,3,81.99,6.7,984,,,,,,,,,,,,,,,,,,,,,,,,,,,,,,,,,
9/29/2020,2020,9,29,7,30,90,168,3.9,0.16,3.2,71.11,8.8,984,,,,,,,,,,,,,,,,,,,,,,,,,,,,,,,,,
9/29/2020,2020,9,29,8,30,143,393,4.2,0.16,3.6,57.53,12.4,983,,,,,,,,,,,,,,,,,,,,,,,,,,,,,,,,,
9/29/2020,2020,9,29,9,30,76,862,3.9,0.16,4.2,44.61,15.9,983,,,,,,,,,,,,,,,,,,,,,,,,,,,,,,,,,
9/29/2020,2020,9,29,10,30,194,525,3.8,0.16,4.4,39.49,17.8,982,,,,,,,,,,,,,,,,,,,,,,,,,,,,,,,,,
9/29/2020,2020,9,29,11,30,245,427,4,0.16,4.6,36.51,19.2,981,,,,,,,,,,,,,,,,,,,,,,,,,,,,,,,,,
9/29/2020,2020,9,29,12,30,240,516,4,0.16,4.7,34.26,20.3,980,,,,,,,,,,,,,,,,,,,,,,,,,,,,,,,,,
9/29/2020,2020,9,29,13,30,156,7,4.2,0.16,4.6,33.1,21.1,979,,,,,,,,,,,,,,,,,,,,,,,,,,,,,,,,,
9/29/2020,2020,9,29,14,30,121,1,4.6,0.16,4.4,32.99,21.6,978,,,,,,,,,,,,,,,,,,,,,,,,,,,,,,,,,
9/29/2020,2020,9,29,15,30,133,77,4.9,0.16,4,34.05,21.4,977,,,,,,,,,,,,,,,,,,,,,,,,,,,,,,,,,
9/29/2020,2020,9,29,16,30,79,182,5.6,0.16,3.1,39.28,19.9,976,,,,,,,,,,,,,,,,,,,,,,,,,,,,,,,,,
9/29/2020,2020,9,29,17,30,28,150,6.4,0.16,2.7,44.68,18.7,976,,,,,,,,,,,,,,,,,,,,,,,,,,,,,,,,,
9/29/2020,2020,9,29,18,30,0,0,5.5,0.16,3,48.4,16.4,975,,,,,,,,,,,,,,,,,,,,,,,,,,,,,,,,,
9/29/2020,2020,9,29,19,30,0,0,5.2,0.16,2.9,49.48,15.8,975,,,,,,,,,,,,,,,,,,,,,,,,,,,,,,,,,
9/29/2020,2020,9,29,20,30,0,0,5.8,0.16,2.5,54.93,14.8,976,,,,,,,,,,,,,,,,,,,,,,,,,,,,,,,,,
9/29/2020,2020,9,29,21,30,0,0,6.6,0.16,2,62.66,13.6,976,,,,,,,,,,,,,,,,,,,,,,,,,,,,,,,,,
9/29/2020,2020,9,29,22,30,0,0,7,0.16,1.8,67.95,12.8,975,,,,,,,,,,,,,,,,,,,,,,,,,,,,,,,,,
9/29/2020,2020,9,29,23,30,0,0,7,0.16,1.7,70.57,12.2,975,,,,,,,,,,,,,,,,,,,,,,,,,,,,,,,,,
9/30/2020,2020,9,30,0,30,0,0,6.7,0.16,1.8,70.64,11.9,975,,,,,,,,,,,,,,,,,,,,,,,,,,,,,,,,,
9/30/2020,2020,9,30,1,30,0,0,6.5,0.16,2.2,68.95,12,975,,,,,,,,,,,,,,,,,,,,,,,,,,,,,,,,,
9/30/2020,2020,9,30,2,30,0,0,6.4,0.16,3,65.36,12.7,974,,,,,,,,,,,,,,,,,,,,,,,,,,,,,,,,,
9/30/2020,2020,9,30,3,30,0,0,6.5,0.16,3.6,63.17,13.4,975,,,,,,,,,,,,,,,,,,,,,,,,,,,,,,,,,
9/30/2020,2020,9,30,4,30,0,0,7,0.16,3.5,64.31,13.6,975,,,,,,,,,,,,,,,,,,,,,,,,,,,,,,,,,
9/30/2020,2020,9,30,5,30,0,0,7.4,0.16,3.3,67.67,13.3,976,,,,,,,,,,,,,,,,,,,,,,,,,,,,,,,,,
9/30/2020,2020,9,30,6,30,19,167,7.3,0.16,3.9,64.65,13.8,976,,,,,,,,,,,,,,,,,,,,,,,,,,,,,,,,,
9/30/2020,2020,9,30,7,30,46,683,6.8,0.16,5.2,56.76,15.3,977,,,,,,,,,,,,,,,,,,,,,,,,,,,,,,,,,
9/30/2020,2020,9,30,8,30,87,691,5.1,0.16,6.7,45.81,16.9,979,,,,,,,,,,,,,,,,,,,,,,,,,,,,,,,,,
9/30/2020,2020,9,30,9,30,69,910,2.4,0.16,7.6,35.17,18,980,,,,,,,,,,,,,,,,,,,,,,,,,,,,,,,,,
9/30/2020,2020,9,30,10,30,73,948,1.8,0.16,7.7,31.96,18.9,980,,,,,,,,,,,,,,,,,,,,,,,,,,,,,,,,,
9/30/2020,2020,9,30,11,30,78,955,2.3,0.16,7.6,31.94,19.5,981,,,,,,,,,,,,,,,,,,,,,,,,,,,,,,,,,
9/30/2020,2020,9,30,12,30,83,942,3.3,0.16,7.3,33.51,19.8,981,,,,,,,,,,,,,,,,,,,,,,,,,,,,,,,,,
9/30/2020,2020,9,30,13,30,96,883,3.9,0.16,7,34.92,19.8,982,,,,,,,,,,,,,,,,,,,,,,,,,,,,,,,,,
9/30/2020,2020,9,30,14,30,83,866,3.3,0.16,6.5,33.52,19.8,982,,,,,,,,,,,,,,,,,,,,,,,,,,,,,,,,,
9/30/2020,2020,9,30,15,30,71,793,2.1,0.16,5.8,31.65,19.4,983,,,,,,,,,,,,,,,,,,,,,,,,,,,,,,,,,
9/30/2020,2020,9,30,16,30,54,659,1.7,0.16,4.6,33.33,18.1,983,,,,,,,,,,,,,,,,,,,,,,,,,,,,,,,,,
9/30/2020,2020,9,30,17,30,26,303,2.4,0.16,3.7,37.27,17.1,983,,,,,,,,,,,,,,,,,,,,,,,,,,,,,,,,,
9/30/2020,2020,9,30,18,30,0,0,3.2,0.16,2.5,49.91,13.4,984,,,,,,,,,,,,,,,,,,,,,,,,,,,,,,,,,
9/30/2020,2020,9,30,19,30,0,0,2.9,0.16,2.9,50.95,12.8,985,,,,,,,,,,,,,,,,,,,,,,,,,,,,,,,,,
9/30/2020,2020,9,30,20,30,0,0,2.6,0.16,3.1,51.06,12.4,985,,,,,,,,,,,,,,,,,,,,,,,,,,,,,,,,,
9/30/2020,2020,9,30,21,30,0,0,2.5,0.16,2.9,53.35,11.7,985,,,,,,,,,,,,,,,,,,,,,,,,,,,,,,,,,
9/30/2020,2020,9,30,22,30,0,0,2.8,0.16,2.7,56.06,11.2,985,,,,,,,,,,,,,,,,,,,,,,,,,,,,,,,,,
9/30/2020,2020,9,30,23,30,0,0,2.9,0.16,2.9,58.02,10.8,985,,,,,,,,,,,,,,,,,,,,,,,,,,,,,,,,,
10/1/2020,2020,10,1,0,30,0,0,2.7,0.16,3.2,58.63,10.5,985,,,,,,,,,,,,,,,,,,,,,,,,,,,,,,,,,
10/1/2020,2020,10,1,1,30,0,0,2.5,0.16,3.4,59.32,10.1,986,,,,,,,,,,,,,,,,,,,,,,,,,,,,,,,,,
10/1/2020,2020,10,1,2,30,0,0,2.3,0.16,3.7,59.17,9.9,986,,,,,,,,,,,,,,,,,,,,,,,,,,,,,,,,,
10/1/2020,2020,10,1,3,30,0,0,2.2,0.16,3.7,59.64,9.7,987,,,,,,,,,,,,,,,,,,,,,,,,,,,,,,,,,
10/1/2020,2020,10,1,4,30,0,0,2.4,0.16,3.4,61.84,9.3,987,,,,,,,,,,,,,,,,,,,,,,,,,,,,,,,,,
10/1/2020,2020,10,1,5,30,0,0,2.6,0.16,3.5,64.63,8.9,988,,,,,,,,,,,,,,,,,,,,,,,,,,,,,,,,,
10/1/2020,2020,10,1,6,30,18,133,2.8,0.16,4.1,63.83,9.3,989,,,,,,,,,,,,,,,,,,,,,,,,,,,,,,,,,
10/1/2020,2020,10,1,7,30,39,705,3.1,0.16,5.4,59.57,10.6,990,,,,,,,,,,,,,,,,,,,,,,,,,,,,,,,,,
10/1/2020,2020,10,1,8,30,74,709,3.2,0.16,6,55.45,11.8,990,,,,,,,,,,,,,,,,,,,,,,,,,,,,,,,,,
10/1/2020,2020,10,1,9,30,194,50,3.4,0.16,5.9,52.33,12.9,991,,,,,,,,,,,,,,,,,,,,,,,,,,,,,,,,,
10/1/2020,2020,10,1,10,30,175,6,3.6,0.16,5.8,49.74,13.9,991,,,,,,,,,,,,,,,,,,,,,,,,,,,,,,,,,
10/1/2020,2020,10,1,11,30,151,2,3.5,0.16,5.6,47.01,14.7,991,,,,,,,,,,,,,,,,,,,,,,,,,,,,,,,,,
10/1/2020,2020,10,1,12,30,284,72,3.2,0.16,5.5,44.17,15.3,991,,,,,,,,,,,,,,,,,,,,,,,,,,,,,,,,,
10/1/2020,2020,10,1,13,30,291,119,2.6,0.16,5.4,41.6,15.6,991,,,,,,,,,,,,,,,,,,,,,,,,,,,,,,,,,
10/1/2020,2020,10,1,14,30,221,208,1.9,0.16,5.2,39.76,15.5,991,,,,,,,,,,,,,,,,,,,,,,,,,,,,,,,,,
10/1/2020,2020,10,1,15,30,159,168,1.3,0.16,4.9,39.54,15,991,,,,,,,,,,,,,,,,,,,,,,,,,,,,,,,,,
10/1/2020,2020,10,1,16,30,70,13,1.2,0.16,4,42.48,13.7,991,,,,,,,,,,,,,,,,,,,,,,,,,,,,,,,,,
10/1/2020,2020,10,1,17,30,16,1,1.6,0.16,3.3,46.2,12.9,991,,,,,,,,,,,,,,,,,,,,,,,,,,,,,,,,,
10/1/2020,2020,10,1,18,30,0,0,2.6,0.16,1.7,63.14,9.3,992,,,,,,,,,,,,,,,,,,,,,,,,,,,,,,,,,
10/1/2020,2020,10,1,19,30,0,0,2.7,0.16,1.6,66.92,8.5,992,,,,,,,,,,,,,,,,,,,,,,,,,,,,,,,,,
10/1/2020,2020,10,1,20,30,0,0,2.6,0.16,1.6,69.87,7.8,993,,,,,,,,,,,,,,,,,,,,,,,,,,,,,,,,,
10/1/2020,2020,10,1,21,30,0,0,2.5,0.16,1.5,72.7,7.1,993,,,,,,,,,,,,,,,,,,,,,,,,,,,,,,,,,
10/1/2020,2020,10,1,22,30,0,0,2.4,0.16,1.5,75.36,6.4,993,,,,,,,,,,,,,,,,,,,,,,,,,,,,,,,,,
10/1/2020,2020,10,1,23,30,0,0,2.1,0.16,1.4,77.66,5.7,993,,,,,,,,,,,,,,,,,,,,,,,,,,,,,,,,,
10/2/2020,2020,10,2,0,30,0,0,1.7,0.16,1.4,80.03,4.9,992,,,,,,,,,,,,,,,,,,,,,,,,,,,,,,,,,
10/2/2020,2020,10,2,1,30,0,0,1.4,0.16,1.4,81.22,4.3,992,,,,,,,,,,,,,,,,,,,,,,,,,,,,,,,,,
10/2/2020,2020,10,2,2,30,0,0,1,0.16,1.4,82.62,3.7,992,,,,,,,,,,,,,,,,,,,,,,,,,,,,,,,,,
10/2/2020,2020,10,2,3,30,0,0,0.7,0.16,1.3,84.53,3.1,992,,,,,,,,,,,,,,,,,,,,,,,,,,,,,,,,,
10/2/2020,2020,10,2,4,30,0,0,0.5,0.16,1.2,86.95,2.5,992,,,,,,,,,,,,,,,,,,,,,,,,,,,,,,,,,
10/2/2020,2020,10,2,5,30,0,0,0.4,0.16,1.2,87.88,2.2,992,,,,,,,,,,,,,,,,,,,,,,,,,,,,,,,,,
10/2/2020,2020,10,2,6,30,14,16,0.3,0.16,1.7,82.03,3.1,993,,,,,,,,,,,,,,,,,,,,,,,,,,,,,,,,,
10/2/2020,2020,10,2,7,30,56,551,0.3,0.16,1.8,68.96,5.6,993,,,,,,,,,,,,,,,,,,,,,,,,,,,,,,,,,
10/2/2020,2020,10,2,8,30,69,792,0.3,0.16,1.7,54.62,9,992,,,,,,,,,,,,,,,,,,,,,,,,,,,,,,,,,
10/2/2020,2020,10,2,9,30,110,756,-0.3,0.16,1.9,43.75,11.6,992,,,,,,,,,,,,,,,,,,,,,,,,,,,,,,,,,
10/2/2020,2020,10,2,10,30,145,724,-0.2,0.16,1.7,40.49,12.9,992,,,,,,,,,,,,,,,,,,,,,,,,,,,,,,,,,
10/2/2020,2020,10,2,11,30,200,618,0,0.16,1.5,38.41,13.9,991,,,,,,,,,,,,,,,,,,,,,,,,,,,,,,,,,
10/2/2020,2020,10,2,12,30,86,933,0.1,0.16,1.3,36.69,14.8,990,,,,,,,,,,,,,,,,,,,,,,,,,,,,,,,,,
10/2/2020,2020,10,2,13,30,83,913,0.2,0.16,1.2,35.89,15.2,989,,,,,,,,,,,,,,,,,,,,,,,,,,,,,,,,,
10/2/2020,2020,10,2,14,30,206,278,0.1,0.16,1,35.94,15.1,989,,,,,,,,,,,,,,,,,,,,,,,,,,,,,,,,,
10/2/2020,2020,10,2,15,30,152,320,-0.2,0.16,0.6,36.55,14.5,988,,,,,,,,,,,,,,,,,,,,,,,,,,,,,,,,,
10/2/2020,2020,10,2,16,30,72,409,-0.1,0.16,0.3,39.39,13.5,988,,,,,,,,,,,,,,,,,,,,,,,,,,,,,,,,,
10/2/2020,2020,10,2,17,30,23,23,2.3,0.16,0.3,48.32,13,988,,,,,,,,,,,,,,,,,,,,,,,,,,,,,,,,,
10/2/2020,2020,10,2,18,30,0,0,2.2,0.16,0.9,56.48,10.5,988,,,,,,,,,,,,,,,,,,,,,,,,,,,,,,,,,
10/2/2020,2020,10,2,19,30,0,0,2.1,0.16,0.9,59.93,9.5,989,,,,,,,,,,,,,,,,,,,,,,,,,,,,,,,,,
10/2/2020,2020,10,2,20,30,0,0,2.5,0.16,0.8,62.35,9.3,989,,,,,,,,,,,,,,,,,,,,,,,,,,,,,,,,,
10/2/2020,2020,10,2,21,30,0,0,3.1,0.16,0.7,65.84,9.2,989,,,,,,,,,,,,,,,,,,,,,,,,,,,,,,,,,
10/2/2020,2020,10,2,22,30,0,0,3.7,0.16,0.7,70.94,8.7,989,,,,,,,,,,,,,,,,,,,,,,,,,,,,,,,,,
10/2/2020,2020,10,2,23,30,0,0,4.3,0.16,0.8,75.88,8.3,989,,,,,,,,,,,,,,,,,,,,,,,,,,,,,,,,,
10/3/2020,2020,10,3,0,30,0,0,4.8,0.16,1,80.56,7.9,989,,,,,,,,,,,,,,,,,,,,,,,,,,,,,,,,,
10/3/2020,2020,10,3,1,30,0,0,5,0.16,1.1,84.77,7.4,989,,,,,,,,,,,,,,,,,,,,,,,,,,,,,,,,,
10/3/2020,2020,10,3,2,30,0,0,5.2,0.16,1,87.91,7.1,989,,,,,,,,,,,,,,,,,,,,,,,,,,,,,,,,,
10/3/2020,2020,10,3,3,30,0,0,5.6,0.16,0.9,90.58,7,989,,,,,,,,,,,,,,,,,,,,,,,,,,,,,,,,,
10/3/2020,2020,10,3,4,30,0,0,5.9,0.16,0.8,92.43,7,989,,,,,,,,,,,,,,,,,,,,,,,,,,,,,,,,,
10/3/2020,2020,10,3,5,30,0,0,6,0.16,0.9,93.07,7,989,,,,,,,,,,,,,,,,,,,,,,,,,,,,,,,,,
10/3/2020,2020,10,3,6,30,6,0,6,0.16,1.4,91.64,7.3,989,,,,,,,,,,,,,,,,,,,,,,,,,,,,,,,,,
10/3/2020,2020,10,3,7,30,57,4,6.4,0.16,2.1,88.92,8.1,989,,,,,,,,,,,,,,,,,,,,,,,,,,,,,,,,,
10/3/2020,2020,10,3,8,30,43,0,6.7,0.16,2.3,85.22,9,989,,,,,,,,,,,,,,,,,,,,,,,,,,,,,,,,,
10/3/2020,2020,10,3,9,30,16,0,6.9,0.16,2.3,81.36,9.9,989,,,,,,,,,,,,,,,,,,,,,,,,,,,,,,,,,
10/3/2020,2020,10,3,10,30,106,1,6.8,0.16,2.2,77.25,10.6,989,,,,,,,,,,,,,,,,,,,,,,,,,,,,,,,,,
10/3/2020,2020,10,3,11,30,124,0,6.6,0.16,2.2,73.74,11.1,989,,,,,,,,,,,,,,,,,,,,,,,,,,,,,,,,,
10/3/2020,2020,10,3,12,30,105,0,6.3,0.16,2.4,71.37,11.3,988,,,,,,,,,,,,,,,,,,,,,,,,,,,,,,,,,
10/3/2020,2020,10,3,13,30,97,0,6,0.16,2.7,70.01,11.3,988,,,,,,,,,,,,,,,,,,,,,,,,,,,,,,,,,
10/3/2020,2020,10,3,14,30,73,0,5.7,0.16,2.9,68.56,11.3,988,,,,,,,,,,,,,,,,,,,,,,,,,,,,,,,,,
10/3/2020,2020,10,3,15,30,154,276,5.4,0.16,2.9,67.51,11.2,988,,,,,,,,,,,,,,,,,,,,,,,,,,,,,,,,,
10/3/2020,2020,10,3,16,30,65,553,5,0.16,2.3,68.45,10.6,989,,,,,,,,,,,,,,,,,,,,,,,,,,,,,,,,,
10/3/2020,2020,10,3,17,30,24,184,5.1,0.16,1.9,71.19,10.1,989,,,,,,,,,,,,,,,,,,,,,,,,,,,,,,,,,
10/3/2020,2020,10,3,18,30,0,0,4.8,0.16,1.2,83.79,7.4,990,,,,,,,,,,,,,,,,,,,,,,,,,,,,,,,,,
10/3/2020,2020,10,3,19,30,0,0,4.4,0.16,1.2,86.46,6.5,991,,,,,,,,,,,,,,,,,,,,,,,,,,,,,,,,,
10/3/2020,2020,10,3,20,30,0,0,4.1,0.16,1.2,86.94,6.1,991,,,,,,,,,,,,,,,,,,,,,,,,,,,,,,,,,
10/3/2020,2020,10,3,21,30,0,0,3.9,0.16,1.2,85.32,6.2,992,,,,,,,,,,,,,,,,,,,,,,,,,,,,,,,,,
10/3/2020,2020,10,3,22,30,0,0,3.8,0.16,1,86.82,5.8,992,,,,,,,,,,,,,,,,,,,,,,,,,,,,,,,,,
10/3/2020,2020,10,3,23,30,0,0,3.3,0.16,0.9,88.76,5,992,,,,,,,,,,,,,,,,,,,,,,,,,,,,,,,,,
10/4/2020,2020,10,4,0,30,0,0,2.7,0.16,0.9,88.35,4.5,992,,,,,,,,,,,,,,,,,,,,,,,,,,,,,,,,,
10/4/2020,2020,10,4,1,30,0,0,2.3,0.16,0.9,87.27,4.2,993,,,,,,,,,,,,,,,,,,,,,,,,,,,,,,,,,
10/4/2020,2020,10,4,2,30,0,0,1.9,0.16,0.9,86.75,3.9,993,,,,,,,,,,,,,,,,,,,,,,,,,,,,,,,,,
10/4/2020,2020,10,4,3,30,0,0,1.6,0.16,0.8,86.85,3.6,993,,,,,,,,,,,,,,,,,,,,,,,,,,,,,,,,,
10/4/2020,2020,10,4,4,30,0,0,1.4,0.16,0.8,87.77,3.2,994,,,,,,,,,,,,,,,,,,,,,,,,,,,,,,,,,
10/4/2020,2020,10,4,5,30,0,0,1.2,0.16,0.7,87.98,3,994,,,,,,,,,,,,,,,,,,,,,,,,,,,,,,,,,
10/4/2020,2020,10,4,6,30,18,219,1.2,0.16,0.9,83.64,3.7,995,,,,,,,,,,,,,,,,,,,,,,,,,,,,,,,,,
10/4/2020,2020,10,4,7,30,47,665,1.6,0.16,1,75.07,5.7,995,,,,,,,,,,,,,,,,,,,,,,,,,,,,,,,,,
10/4/2020,2020,10,4,8,30,61,825,2.1,0.16,1.1,63.06,8.7,996,,,,,,,,,,,,,,,,,,,,,,,,,,,,,,,,,
10/4/2020,2020,10,4,9,30,69,903,1.3,0.16,1.1,49.81,11.4,996,,,,,,,,,,,,,,,,,,,,,,,,,,,,,,,,,
10/4/2020,2020,10,4,10,30,73,944,0.7,0.16,0.8,42.98,13,996,,,,,,,,,,,,,,,,,,,,,,,,,,,,,,,,,
10/4/2020,2020,10,4,11,30,76,961,0.4,0.16,0.6,39.03,14.2,995,,,,,,,,,,,,,,,,,,,,,,,,,,,,,,,,,
10/4/2020,2020,10,4,12,30,77,960,0.3,0.16,0.6,36.78,15,994,,,,,,,,,,,,,,,,,,,,,,,,,,,,,,,,,
10/4/2020,2020,10,4,13,30,74,946,0.2,0.16,0.9,35.38,15.5,993,,,,,,,,,,,,,,,,,,,,,,,,,,,,,,,,,
10/4/2020,2020,10,4,14,30,69,905,0.1,0.16,1.3,34.89,15.6,993,,,,,,,,,,,,,,,,,,,,,,,,,,,,,,,,,
10/4/2020,2020,10,4,15,30,60,830,0,0.16,1.6,35.54,15.2,992,,,,,,,,,,,,,,,,,,,,,,,,,,,,,,,,,
10/4/2020,2020,10,4,16,30,47,683,0.2,0.16,1.3,40.43,13.4,992,,,,,,,,,,,,,,,,,,,,,,,,,,,,,,,,,
10/4/2020,2020,10,4,17,30,21,285,3.6,0.16,1,56.64,11.9,992,,,,,,,,,,,,,,,,,,,,,,,,,,,,,,,,,
10/4/2020,2020,10,4,18,30,0,0,2.3,0.16,1.6,64.76,8.6,992,,,,,,,,,,,,,,,,,,,,,,,,,,,,,,,,,
10/4/2020,2020,10,4,19,30,0,0,1.7,0.16,2.2,63.23,8.3,992,,,,,,,,,,,,,,,,,,,,,,,,,,,,,,,,,
10/4/2020,2020,10,4,20,30,0,0,1.3,0.16,2.8,62.83,8,992,,,,,,,,,,,,,,,,,,,,,,,,,,,,,,,,,
10/4/2020,2020,10,4,21,30,0,0,1.2,0.16,3.2,63.57,7.7,992,,,,,,,,,,,,,,,,,,,,,,,,,,,,,,,,,
10/4/2020,2020,10,4,22,30,0,0,1.3,0.16,3.5,65.02,7.4,991,,,,,,,,,,,,,,,,,,,,,,,,,,,,,,,,,
10/4/2020,2020,10,4,23,30,0,0,1.3,0.16,3.6,67.29,7,991,,,,,,,,,,,,,,,,,,,,,,,,,,,,,,,,,
10/5/2020,2020,10,5,0,30,0,0,1.5,0.16,3.6,70.31,6.5,991,,,,,,,,,,,,,,,,,,,,,,,,,,,,,,,,,
10/5/2020,2020,10,5,1,30,0,0,1.5,0.16,3.8,72.52,6.1,990,,,,,,,,,,,,,,,,,,,,,,,,,,,,,,,,,
10/5/2020,2020,10,5,2,30,0,0,1.6,0.16,4,74.29,5.8,990,,,,,,,,,,,,,,,,,,,,,,,,,,,,,,,,,
10/5/2020,2020,10,5,3,30,0,0,1.6,0.16,4.1,75.38,5.6,990,,,,,,,,,,,,,,,,,,,,,,,,,,,,,,,,,
10/5/2020,2020,10,5,4,30,0,0,1.5,0.16,4.2,75.87,5.4,989,,,,,,,,,,,,,,,,,,,,,,,,,,,,,,,,,
10/5/2020,2020,10,5,5,30,0,0,1.3,0.16,4.4,75.17,5.3,989,,,,,,,,,,,,,,,,,,,,,,,,,,,,,,,,,
10/5/2020,2020,10,5,6,30,17,165,1,0.16,4.8,70.68,5.9,988,,,,,,,,,,,,,,,,,,,,,,,,,,,,,,,,,
10/5/2020,2020,10,5,7,30,53,577,0.9,0.16,5.5,59.94,8.2,987,,,,,,,,,,,,,,,,,,,,,,,,,,,,,,,,,
10/5/2020,2020,10,5,8,30,73,739,0.9,0.16,6.6,47.49,11.7,987,,,,,,,,,,,,,,,,,,,,,,,,,,,,,,,,,
10/5/2020,2020,10,5,9,30,90,811,1,0.16,7.4,38.45,15,986,,,,,,,,,,,,,,,,,,,,,,,,,,,,,,,,,
10/5/2020,2020,10,5,10,30,112,826,1.8,0.16,7.4,34.56,17.6,985,,,,,,,,,,,,,,,,,,,,,,,,,,,,,,,,,
10/5/2020,2020,10,5,11,30,126,823,2.7,0.16,7.4,32.29,19.7,984,,,,,,,,,,,,,,,,,,,,,,,,,,,,,,,,,
10/5/2020,2020,10,5,12,30,127,821,3.5,0.16,7.3,31.17,21.2,982,,,,,,,,,,,,,,,,,,,,,,,,,,,,,,,,,
10/5/2020,2020,10,5,13,30,122,800,4.2,0.16,7.1,30.81,22.2,981,,,,,,,,,,,,,,,,,,,,,,,,,,,,,,,,,
10/5/2020,2020,10,5,14,30,116,741,4.8,0.16,6.6,31.57,22.5,981,,,,,,,,,,,,,,,,,,,,,,,,,,,,,,,,,
10/5/2020,2020,10,5,15,30,102,638,5.3,0.16,5.7,33.81,22,981,,,,,,,,,,,,,,,,,,,,,,,,,,,,,,,,,
10/5/2020,2020,10,5,16,30,68,483,6.1,0.16,4.7,39.56,20.3,981,,,,,,,,,,,,,,,,,,,,,,,,,,,,,,,,,
10/5/2020,2020,10,5,17,30,20,131,6.7,0.16,4.2,44.36,19.1,981,,,,,,,,,,,,,,,,,,,,,,,,,,,,,,,,,
10/5/2020,2020,10,5,18,30,0,0,6.9,0.17,4.1,53.18,16.5,981,,,,,,,,,,,,,,,,,,,,,,,,,,,,,,,,,
10/5/2020,2020,10,5,19,30,0,0,7.3,0.17,4,58.14,15.5,982,,,,,,,,,,,,,,,,,,,,,,,,,,,,,,,,,
10/5/2020,2020,10,5,20,30,0,0,7.7,0.17,3.7,63.67,14.5,982,,,,,,,,,,,,,,,,,,,,,,,,,,,,,,,,,
10/5/2020,2020,10,5,21,30,0,0,8.1,0.17,3.3,68.89,13.7,982,,,,,,,,,,,,,,,,,,,,,,,,,,,,,,,,,
10/5/2020,2020,10,5,22,30,0,0,8.4,0.17,2.7,74.36,12.9,982,,,,,,,,,,,,,,,,,,,,,,,,,,,,,,,,,
10/5/2020,2020,10,5,23,30,0,0,8.7,0.17,2,78.68,12.3,982,,,,,,,,,,,,,,,,,,,,,,,,,,,,,,,,,
10/6/2020,2020,10,6,0,30,0,0,8.8,0.17,1.7,81.76,11.8,982,,,,,,,,,,,,,,,,,,,,,,,,,,,,,,,,,
10/6/2020,2020,10,6,1,30,0,0,8.8,0.17,1.6,84.18,11.4,982,,,,,,,,,,,,,,,,,,,,,,,,,,,,,,,,,
10/6/2020,2020,10,6,2,30,0,0,9,0.17,1.6,87.3,11,982,,,,,,,,,,,,,,,,,,,,,,,,,,,,,,,,,
10/6/2020,2020,10,6,3,30,0,0,9.2,0.17,1.7,91.75,10.5,983,,,,,,,,,,,,,,,,,,,,,,,,,,,,,,,,,
10/6/2020,2020,10,6,4,30,0,0,9.4,0.17,1.7,96.63,9.9,983,,,,,,,,,,,,,,,,,,,,,,,,,,,,,,,,,
10/6/2020,2020,10,6,5,30,0,0,9.3,0.17,1.5,99.88,9.3,983,,,,,,,,,,,,,,,,,,,,,,,,,,,,,,,,,
10/6/2020,2020,10,6,6,30,16,171,8.9,0.17,1.8,90.49,10.4,983,,,,,,,,,,,,,,,,,,,,,,,,,,,,,,,,,
10/6/2020,2020,10,6,7,30,48,620,8.7,0.17,2.3,74.93,13,984,,,,,,,,,,,,,,,,,,,,,,,,,,,,,,,,,
10/6/2020,2020,10,6,8,30,61,792,8.6,0.17,2.2,61.34,16,984,,,,,,,,,,,,,,,,,,,,,,,,,,,,,,,,,
10/6/2020,2020,10,6,9,30,68,876,9,0.17,2.6,48.09,20.4,984,,,,,,,,,,,,,,,,,,,,,,,,,,,,,,,,,
10/6/2020,2020,10,6,10,30,70,919,6.3,0.17,3.4,32.2,23.9,984,,,,,,,,,,,,,,,,,,,,,,,,,,,,,,,,,
10/6/2020,2020,10,6,11,30,73,936,4.9,0.17,3.8,26.58,25.5,983,,,,,,,,,,,,,,,,,,,,,,,,,,,,,,,,,
10/6/2020,2020,10,6,12,30,75,935,4.6,0.17,4,24.66,26.4,982,,,,,,,,,,,,,,,,,,,,,,,,,,,,,,,,,
10/6/2020,2020,10,6,13,30,73,917,4.6,0.17,4.2,24.07,26.8,981,,,,,,,,,,,,,,,,,,,,,,,,,,,,,,,,,
10/6/2020,2020,10,6,14,30,69,873,4.6,0.17,4.3,24.31,26.7,980,,,,,,,,,,,,,,,,,,,,,,,,,,,,,,,,,
10/6/2020,2020,10,6,15,30,62,791,5.1,0.17,3.8,26.7,25.7,980,,,,,,,,,,,,,,,,,,,,,,,,,,,,,,,,,
10/6/2020,2020,10,6,16,30,48,624,7,0.17,3,35.37,23.1,980,,,,,,,,,,,,,,,,,,,,,,,,,,,,,,,,,
10/6/2020,2020,10,6,17,30,18,193,7.7,0.17,2.7,41.65,21.3,980,,,,,,,,,,,,,,,,,,,,,,,,,,,,,,,,,
10/6/2020,2020,10,6,18,30,0,0,7.1,0.17,3.8,44.61,19.5,980,,,,,,,,,,,,,,,,,,,,,,,,,,,,,,,,,
10/6/2020,2020,10,6,19,30,0,0,7.1,0.17,4.5,45.52,19.2,979,,,,,,,,,,,,,,,,,,,,,,,,,,,,,,,,,
10/6/2020,2020,10,6,20,30,0,0,7.5,0.17,4.8,48.39,18.6,979,,,,,,,,,,,,,,,,,,,,,,,,,,,,,,,,,
10/6/2020,2020,10,6,21,30,0,0,8,0.17,4.9,51.85,18,979,,,,,,,,,,,,,,,,,,,,,,,,,,,,,,,,,
10/6/2020,2020,10,6,22,30,0,0,8.4,0.17,4.7,56.03,17.3,979,,,,,,,,,,,,,,,,,,,,,,,,,,,,,,,,,
10/6/2020,2020,10,6,23,30,0,0,8.9,0.17,4.3,60.76,16.5,979,,,,,,,,,,,,,,,,,,,,,,,,,,,,,,,,,
10/7/2020,2020,10,7,0,30,0,0,9.3,0.17,3.9,65.76,15.7,980,,,,,,,,,,,,,,,,,,,,,,,,,,,,,,,,,
10/7/2020,2020,10,7,1,30,0,0,9.6,0.17,3.5,71.01,14.8,980,,,,,,,,,,,,,,,,,,,,,,,,,,,,,,,,,
10/7/2020,2020,10,7,2,30,0,0,9.9,0.17,2.8,77.6,13.7,980,,,,,,,,,,,,,,,,,,,,,,,,,,,,,,,,,
10/7/2020,2020,10,7,3,30,0,0,10.1,0.17,2,84.09,12.7,981,,,,,,,,,,,,,,,,,,,,,,,,,,,,,,,,,
10/7/2020,2020,10,7,4,30,0,0,10.1,0.17,1.4,89.33,11.8,981,,,,,,,,,,,,,,,,,,,,,,,,,,,,,,,,,
10/7/2020,2020,10,7,5,30,0,0,10,0.17,1.1,90.84,11.4,982,,,,,,,,,,,,,,,,,,,,,,,,,,,,,,,,,
10/7/2020,2020,10,7,6,30,14,155,9.8,0.17,1.3,82.49,12.7,983,,,,,,,,,,,,,,,,,,,,,,,,,,,,,,,,,
10/7/2020,2020,10,7,7,30,45,615,10.1,0.17,1.8,69.7,15.6,984,,,,,,,,,,,,,,,,,,,,,,,,,,,,,,,,,
10/7/2020,2020,10,7,8,30,61,776,10.1,0.17,2.2,56.83,18.8,985,,,,,,,,,,,,,,,,,,,,,,,,,,,,,,,,,
10/7/2020,2020,10,7,9,30,71,853,9.4,0.17,2.7,43.8,22.3,985,,,,,,,,,,,,,,,,,,,,,,,,,,,,,,,,,
10/7/2020,2020,10,7,10,30,77,896,6.5,0.17,3.1,30.87,24.8,985,,,,,,,,,,,,,,,,,,,,,,,,,,,,,,,,,
10/7/2020,2020,10,7,11,30,79,917,6.5,0.17,3,28.54,26.2,985,,,,,,,,,,,,,,,,,,,,,,,,,,,,,,,,,
10/7/2020,2020,10,7,12,30,78,919,6.9,0.17,3,27.98,27,984,,,,,,,,,,,,,,,,,,,,,,,,,,,,,,,,,
10/7/2020,2020,10,7,13,30,76,899,7.3,0.17,2.9,28.22,27.3,984,,,,,,,,,,,,,,,,,,,,,,,,,,,,,,,,,
10/7/2020,2020,10,7,14,30,70,859,7.5,0.17,2.7,28.91,27.1,984,,,,,,,,,,,,,,,,,,,,,,,,,,,,,,,,,
10/7/2020,2020,10,7,15,30,61,784,7.5,0.17,2.2,30.85,26,984,,,,,,,,,,,,,,,,,,,,,,,,,,,,,,,,,
10/7/2020,2020,10,7,16,30,46,628,9.5,0.17,1.5,42.12,23.1,985,,,,,,,,,,,,,,,,,,,,,,,,,,,,,,,,,
10/7/2020,2020,10,7,17,30,16,199,10.9,0.17,1.2,52.93,20.9,985,,,,,,,,,,,,,,,,,,,,,,,,,,,,,,,,,
10/7/2020,2020,10,7,18,30,0,0,8.6,0.16,1.7,56.28,17.4,986,,,,,,,,,,,,,,,,,,,,,,,,,,,,,,,,,
10/7/2020,2020,10,7,19,30,0,0,7.5,0.16,1.9,56.38,16.2,987,,,,,,,,,,,,,,,,,,,,,,,,,,,,,,,,,
10/7/2020,2020,10,7,20,30,0,0,6.7,0.16,1.9,57.36,15.1,987,,,,,,,,,,,,,,,,,,,,,,,,,,,,,,,,,
10/7/2020,2020,10,7,21,30,0,0,6.2,0.16,1.8,59.54,14,988,,,,,,,,,,,,,,,,,,,,,,,,,,,,,,,,,
10/7/2020,2020,10,7,22,30,0,0,5.9,0.16,1.7,61.67,13.1,988,,,,,,,,,,,,,,,,,,,,,,,,,,,,,,,,,
10/7/2020,2020,10,7,23,30,0,0,5.7,0.16,1.7,64.71,12.2,989,,,,,,,,,,,,,,,,,,,,,,,,,,,,,,,,,
10/8/2020,2020,10,8,0,30,0,0,5.7,0.16,1.6,67.91,11.4,989,,,,,,,,,,,,,,,,,,,,,,,,,,,,,,,,,
10/8/2020,2020,10,8,1,30,0,0,5.6,0.16,1.6,70.9,10.7,989,,,,,,,,,,,,,,,,,,,,,,,,,,,,,,,,,
10/8/2020,2020,10,8,2,30,0,0,5.5,0.16,1.6,73.1,10.1,989,,,,,,,,,,,,,,,,,,,,,,,,,,,,,,,,,
10/8/2020,2020,10,8,3,30,0,0,5.3,0.16,1.7,74.57,9.6,989,,,,,,,,,,,,,,,,,,,,,,,,,,,,,,,,,
10/8/2020,2020,10,8,4,30,0,0,5.1,0.16,1.8,75.59,9.2,990,,,,,,,,,,,,,,,,,,,,,,,,,,,,,,,,,
10/8/2020,2020,10,8,5,30,0,0,4.9,0.16,1.9,75.98,8.9,990,,,,,,,,,,,,,,,,,,,,,,,,,,,,,,,,,
10/8/2020,2020,10,8,6,30,14,148,4.7,0.16,2.5,70.66,9.8,990,,,,,,,,,,,,,,,,,,,,,,,,,,,,,,,,,
10/8/2020,2020,10,8,7,30,47,604,4.7,0.16,3,61.02,12,990,,,,,,,,,,,,,,,,,,,,,,,,,,,,,,,,,
10/8/2020,2020,10,8,8,30,64,768,5.2,0.16,3,51.43,15.2,990,,,,,,,,,,,,,,,,,,,,,,,,,,,,,,,,,
10/8/2020,2020,10,8,9,30,77,842,5.9,0.16,3.8,42.43,18.9,990,,,,,,,,,,,,,,,,,,,,,,,,,,,,,,,,,
10/8/2020,2020,10,8,10,30,89,873,4.3,0.16,4.5,31.95,21.7,990,,,,,,,,,,,,,,,,,,,,,,,,,,,,,,,,,
10/8/2020,2020,10,8,11,30,109,853,4.2,0.16,4.4,29.12,23.2,989,,,,,,,,,,,,,,,,,,,,,,,,,,,,,,,,,
10/8/2020,2020,10,8,12,30,129,808,4.6,0.16,4.4,28.08,24.2,988,,,,,,,,,,,,,,,,,,,,,,,,,,,,,,,,,
10/8/2020,2020,10,8,13,30,131,765,5.1,0.16,4.4,28.43,24.6,987,,,,,,,,,,,,,,,,,,,,,,,,,,,,,,,,,
10/8/2020,2020,10,8,14,30,121,703,5.8,0.16,4.4,30.01,24.5,986,,,,,,,,,,,,,,,,,,,,,,,,,,,,,,,,,
10/8/2020,2020,10,8,15,30,101,604,6.7,0.16,3.9,33.62,23.6,985,,,,,,,,,,,,,,,,,,,,,,,,,,,,,,,,,
10/8/2020,2020,10,8,16,30,70,413,8.3,0.16,2.9,43.37,21.2,985,,,,,,,,,,,,,,,,,,,,,,,,,,,,,,,,,
10/8/2020,2020,10,8,17,30,15,75,9.5,0.16,2.3,52.01,19.6,985,,,,,,,,,,,,,,,,,,,,,,,,,,,,,,,,,
10/8/2020,2020,10,8,18,30,0,0,9.1,0.16,3.3,56.71,17.8,985,,,,,,,,,,,,,,,,,,,,,,,,,,,,,,,,,
10/8/2020,2020,10,8,19,30,0,0,9,0.16,3.7,58.07,17.3,984,,,,,,,,,,,,,,,,,,,,,,,,,,,,,,,,,
10/8/2020,2020,10,8,20,30,0,0,9.1,0.16,4,61.37,16.6,984,,,,,,,,,,,,,,,,,,,,,,,,,,,,,,,,,
10/8/2020,2020,10,8,21,30,0,0,9.4,0.16,4.1,64.32,16.1,984,,,,,,,,,,,,,,,,,,,,,,,,,,,,,,,,,
10/8/2020,2020,10,8,22,30,0,0,9.8,0.16,3.9,68.2,15.6,983,,,,,,,,,,,,,,,,,,,,,,,,,,,,,,,,,
10/8/2020,2020,10,8,23,30,0,0,10.3,0.16,3.8,71.98,15.3,983,,,,,,,,,,,,,,,,,,,,,,,,,,,,,,,,,
10/9/2020,2020,10,9,0,30,0,0,11,0.16,3.7,76.34,15.1,982,,,,,,,,,,,,,,,,,,,,,,,,,,,,,,,,,
10/9/2020,2020,10,9,1,30,0,0,11.8,0.16,3.6,82.86,14.7,982,,,,,,,,,,,,,,,,,,,,,,,,,,,,,,,,,
10/9/2020,2020,10,9,2,30,0,0,12.7,0.16,3.5,88.68,14.5,981,,,,,,,,,,,,,,,,,,,,,,,,,,,,,,,,,
10/9/2020,2020,10,9,3,30,0,0,13.4,0.16,3.4,94.64,14.2,981,,,,,,,,,,,,,,,,,,,,,,,,,,,,,,,,,
10/9/2020,2020,10,9,4,30,0,0,13.8,0.16,3.4,98.18,14.1,980,,,,,,,,,,,,,,,,,,,,,,,,,,,,,,,,,
10/9/2020,2020,10,9,5,30,0,0,14,0.16,3.6,100,14,980,,,,,,,,,,,,,,,,,,,,,,,,,,,,,,,,,
10/9/2020,2020,10,9,6,30,11,56,14.2,0.16,4,96.58,14.7,979,,,,,,,,,,,,,,,,,,,,,,,,,,,,,,,,,
10/9/2020,2020,10,9,7,30,68,393,14.2,0.16,4.5,85.95,16.6,979,,,,,,,,,,,,,,,,,,,,,,,,,,,,,,,,,
10/9/2020,2020,10,9,8,30,102,590,14.5,0.16,5.2,72.12,19.7,979,,,,,,,,,,,,,,,,,,,,,,,,,,,,,,,,,
10/9/2020,2020,10,9,9,30,122,685,14.8,0.16,6.2,59.32,23.2,979,,,,,,,,,,,,,,,,,,,,,,,,,,,,,,,,,
10/9/2020,2020,10,9,10,30,136,741,14.7,0.16,6.8,49.73,26,978,,,,,,,,,,,,,,,,,,,,,,,,,,,,,,,,,
10/9/2020,2020,10,9,11,30,146,752,14.7,0.16,7,44.92,27.7,978,,,,,,,,,,,,,,,,,,,,,,,,,,,,,,,,,
10/9/2020,2020,10,9,12,30,153,740,14.5,0.16,7,42.03,28.7,977,,,,,,,,,,,,,,,,,,,,,,,,,,,,,,,,,
10/9/2020,2020,10,9,13,30,150,706,14.3,0.16,6.8,40.5,29.1,976,,,,,,,,,,,,,,,,,,,,,,,,,,,,,,,,,
10/9/2020,2020,10,9,14,30,140,638,14.2,0.16,6.4,40.7,28.9,976,,,,,,,,,,,,,,,,,,,,,,,,,,,,,,,,,
10/9/2020,2020,10,9,15,30,118,517,14.2,0.16,5.6,42.95,28,976,,,,,,,,,,,,,,,,,,,,,,,,,,,,,,,,,
10/9/2020,2020,10,9,16,30,77,320,14.5,0.16,4.5,48.73,26.1,976,,,,,,,,,,,,,,,,,,,,,,,,,,,,,,,,,
10/9/2020,2020,10,9,17,30,11,41,14.8,0.16,4,53.32,24.9,976,,,,,,,,,,,,,,,,,,,,,,,,,,,,,,,,,
10/9/2020,2020,10,9,18,30,0,0,14.9,0.16,4.1,62.21,22.5,977,,,,,,,,,,,,,,,,,,,,,,,,,,,,,,,,,
10/9/2020,2020,10,9,19,30,0,0,15.1,0.16,4.1,66.84,21.5,977,,,,,,,,,,,,,,,,,,,,,,,,,,,,,,,,,
10/9/2020,2020,10,9,20,30,0,0,15.2,0.16,3.7,72.63,20.3,977,,,,,,,,,,,,,,,,,,,,,,,,,,,,,,,,,
10/9/2020,2020,10,9,21,30,0,0,15.5,0.16,3.6,78.07,19.4,978,,,,,,,,,,,,,,,,,,,,,,,,,,,,,,,,,
10/9/2020,2020,10,9,22,30,0,0,15.5,0.16,4,80.37,19,978,,,,,,,,,,,,,,,,,,,,,,,,,,,,,,,,,
10/9/2020,2020,10,9,23,30,0,0,15.4,0.16,4.2,80.77,18.8,978,,,,,,,,,,,,,,,,,,,,,,,,,,,,,,,,,
10/10/2020,2020,10,10,0,30,0,0,15.3,0.16,3.9,82.55,18.3,978,,,,,,,,,,,,,,,,,,,,,,,,,,,,,,,,,
10/10/2020,2020,10,10,1,30,0,0,15.2,0.16,3.2,86.69,17.4,979,,,,,,,,,,,,,,,,,,,,,,,,,,,,,,,,,
10/10/2020,2020,10,10,2,30,0,0,14.9,0.16,2.4,92.23,16.2,979,,,,,,,,,,,,,,,,,,,,,,,,,,,,,,,,,
10/10/2020,2020,10,10,3,30,0,0,14.6,0.16,1.5,97.98,14.9,979,,,,,,,,,,,,,,,,,,,,,,,,,,,,,,,,,
10/10/2020,2020,10,10,4,30,0,0,13.9,0.16,1.1,100,13.9,980,,,,,,,,,,,,,,,,,,,,,,,,,,,,,,,,,
10/10/2020,2020,10,10,5,30,0,0,13.2,0.16,1.1,100,13.2,980,,,,,,,,,,,,,,,,,,,,,,,,,,,,,,,,,
10/10/2020,2020,10,10,6,30,11,63,12.5,0.16,1.7,93.73,13.5,981,,,,,,,,,,,,,,,,,,,,,,,,,,,,,,,,,
10/10/2020,2020,10,10,7,30,62,436,11.7,0.16,2.6,80.36,15.1,982,,,,,,,,,,,,,,,,,,,,,,,,,,,,,,,,,
10/10/2020,2020,10,10,8,30,88,646,10.9,0.16,3.2,64.93,17.6,982,,,,,,,,,,,,,,,,,,,,,,,,,,,,,,,,,
10/10/2020,2020,10,10,9,30,100,762,9.5,0.16,3.7,50.36,20.1,983,,,,,,,,,,,,,,,,,,,,,,,,,,,,,,,,,
10/10/2020,2020,10,10,10,30,104,831,7.9,0.16,4,39.87,22.2,983,,,,,,,,,,,,,,,,,,,,,,,,,,,,,,,,,
10/10/2020,2020,10,10,11,30,105,861,6.9,0.16,4.2,33.8,23.8,983,,,,,,,,,,,,,,,,,,,,,,,,,,,,,,,,,
10/10/2020,2020,10,10,12,30,103,866,6.5,0.16,4.1,31.15,24.7,982,,,,,,,,,,,,,,,,,,,,,,,,,,,,,,,,,
10/10/2020,2020,10,10,13,30,96,854,6.4,0.16,4,30.37,25,982,,,,,,,,,,,,,,,,,,,,,,,,,,,,,,,,,
10/10/2020,2020,10,10,14,30,88,807,6.3,0.16,3.7,30.62,24.8,981,,,,,,,,,,,,,,,,,,,,,,,,,,,,,,,,,
10/10/2020,2020,10,10,15,30,76,710,6.4,0.16,3.2,32.58,23.8,981,,,,,,,,,,,,,,,,,,,,,,,,,,,,,,,,,
10/10/2020,2020,10,10,16,30,53,527,7.5,0.16,2.2,41.57,21.1,981,,,,,,,,,,,,,,,,,,,,,,,,,,,,,,,,,
10/10/2020,2020,10,10,17,30,13,104,9,0.16,1.7,51.81,19.1,981,,,,,,,,,,,,,,,,,,,,,,,,,,,,,,,,,
10/10/2020,2020,10,10,18,30,0,0,8.2,0.15,2.2,57.42,16.6,982,,,,,,,,,,,,,,,,,,,,,,,,,,,,,,,,,
10/10/2020,2020,10,10,19,30,0,0,8,0.15,2.5,59.7,15.8,982,,,,,,,,,,,,,,,,,,,,,,,,,,,,,,,,,
10/10/2020,2020,10,10,20,30,0,0,8.1,0.15,2.7,63.56,15,982,,,,,,,,,,,,,,,,,,,,,,,,,,,,,,,,,
10/10/2020,2020,10,10,21,30,0,0,8.5,0.15,2.8,67.93,14.3,982,,,,,,,,,,,,,,,,,,,,,,,,,,,,,,,,,
10/10/2020,2020,10,10,22,30,0,0,8.9,0.15,2.8,73.02,13.6,982,,,,,,,,,,,,,,,,,,,,,,,,,,,,,,,,,
10/10/2020,2020,10,10,23,30,0,0,9.2,0.15,2.7,77.38,13.1,981,,,,,,,,,,,,,,,,,,,,,,,,,,,,,,,,,
10/11/2020,2020,10,11,0,30,0,0,9.6,0.15,2.5,82.15,12.6,981,,,,,,,,,,,,,,,,,,,,,,,,,,,,,,,,,
10/11/2020,2020,10,11,1,30,0,0,10.1,0.15,2.3,87.3,12.1,981,,,,,,,,,,,,,,,,,,,,,,,,,,,,,,,,,
10/11/2020,2020,10,11,2,30,0,0,10.4,0.15,2.2,91.22,11.8,981,,,,,,,,,,,,,,,,,,,,,,,,,,,,,,,,,
10/11/2020,2020,10,11,3,30,0,0,10.7,0.15,2.1,94.61,11.5,981,,,,,,,,,,,,,,,,,,,,,,,,,,,,,,,,,
10/11/2020,2020,10,11,4,30,0,0,10.8,0.15,2.3,96.57,11.3,981,,,,,,,,,,,,,,,,,,,,,,,,,,,,,,,,,
10/11/2020,2020,10,11,5,30,0,0,10.8,0.15,2.6,96.23,11.4,980,,,,,,,,,,,,,,,,,,,,,,,,,,,,,,,,,
10/11/2020,2020,10,11,6,30,9,58,11,0.15,3.2,92.36,12.2,980,,,,,,,,,,,,,,,,,,,,,,,,,,,,,,,,,
10/11/2020,2020,10,11,7,30,57,454,12,0.15,3.7,85.99,14.3,980,,,,,,,,,,,,,,,,,,,,,,,,,,,,,,,,,
10/11/2020,2020,10,11,8,30,82,652,13.8,0.15,4.1,78.05,17.7,980,,,,,,,,,,,,,,,,,,,,,,,,,,,,,,,,,
10/11/2020,2020,10,11,9,30,96,753,15.7,0.15,5,68.3,21.8,979,,,,,,,,,,,,,,,,,,,,,,,,,,,,,,,,,
10/11/2020,2020,10,11,10,30,102,809,16.5,0.15,6,59.17,25,978,,,,,,,,,,,,,,,,,,,,,,,,,,,,,,,,,
10/11/2020,2020,10,11,11,30,102,843,16.5,0.15,6.5,52.83,26.9,977,,,,,,,,,,,,,,,,,,,,,,,,,,,,,,,,,
10/11/2020,2020,10,11,12,30,96,857,16.3,0.15,6.8,49.96,27.7,976,,,,,,,,,,,,,,,,,,,,,,,,,,,,,,,,,
10/11/2020,2020,10,11,13,30,91,841,16.2,0.15,6.9,48.58,28,974,,,,,,,,,,,,,,,,,,,,,,,,,,,,,,,,,
10/11/2020,2020,10,11,14,30,83,796,16.2,0.15,7,49.14,27.8,973,,,,,,,,,,,,,,,,,,,,,,,,,,,,,,,,,
10/11/2020,2020,10,11,15,30,71,706,16.3,0.15,6.8,52.03,27,973,,,,,,,,,,,,,,,,,,,,,,,,,,,,,,,,,
10/11/2020,2020,10,11,16,30,50,524,16.5,0.15,6.1,57.3,25.6,972,,,,,,,,,,,,,,,,,,,,,,,,,,,,,,,,,
10/11/2020,2020,10,11,17,30,11,100,16.8,0.15,5.6,61.69,24.6,972,,,,,,,,,,,,,,,,,,,,,,,,,,,,,,,,,
10/11/2020,2020,10,11,18,30,0,0,16.9,0.15,5.1,70.64,22.5,973,,,,,,,,,,,,,,,,,,,,,,,,,,,,,,,,,
10/11/2020,2020,10,11,19,30,0,0,17,0.15,5.2,74.51,21.7,973,,,,,,,,,,,,,,,,,,,,,,,,,,,,,,,,,
10/11/2020,2020,10,11,20,30,0,0,16.9,0.15,5.7,76.41,21.2,973,,,,,,,,,,,,,,,,,,,,,,,,,,,,,,,,,
10/11/2020,2020,10,11,21,30,0,0,16.5,0.15,6.1,76.06,20.9,972,,,,,,,,,,,,,,,,,,,,,,,,,,,,,,,,,
10/11/2020,2020,10,11,22,30,0,0,15.9,0.15,5.8,74.3,20.6,971,,,,,,,,,,,,,,,,,,,,,,,,,,,,,,,,,
10/11/2020,2020,10,11,23,30,0,0,15.4,0.15,4.9,75.49,19.9,971,,,,,,,,,,,,,,,,,,,,,,,,,,,,,,,,,
10/12/2020,2020,10,12,0,30,0,0,15.4,0.15,5.3,85.03,18,972,,,,,,,,,,,,,,,,,,,,,,,,,,,,,,,,,
10/12/2020,2020,10,12,1,30,0,0,13.7,0.15,6.6,90.43,15.3,974,,,,,,,,,,,,,,,,,,,,,,,,,,,,,,,,,
10/12/2020,2020,10,12,2,30,0,0,10.2,0.15,6.9,82.76,13.1,975,,,,,,,,,,,,,,,,,,,,,,,,,,,,,,,,,
10/12/2020,2020,10,12,3,30,0,0,8.2,0.15,6.7,76.85,12.1,976,,,,,,,,,,,,,,,,,,,,,,,,,,,,,,,,,
10/12/2020,2020,10,12,4,30,0,0,7.8,0.15,6.1,77.27,11.6,977,,,,,,,,,,,,,,,,,,,,,,,,,,,,,,,,,
10/12/2020,2020,10,12,5,30,0,0,7.6,0.15,5.2,80.24,10.9,978,,,,,,,,,,,,,,,,,,,,,,,,,,,,,,,,,
10/12/2020,2020,10,12,6,30,4,0,7.4,0.15,4.8,80.41,10.6,978,,,,,,,,,,,,,,,,,,,,,,,,,,,,,,,,,
10/12/2020,2020,10,12,7,30,49,540,7,0.15,5.2,72.67,11.7,979,,,,,,,,,,,,,,,,,,,,,,,,,,,,,,,,,
10/12/2020,2020,10,12,8,30,52,838,5.3,0.15,6,56.26,13.9,980,,,,,,,,,,,,,,,,,,,,,,,,,,,,,,,,,
10/12/2020,2020,10,12,9,30,59,926,2,0.15,6.4,38.97,16,981,,,,,,,,,,,,,,,,,,,,,,,,,,,,,,,,,
10/12/2020,2020,10,12,10,30,60,972,-0.7,0.15,6.3,28.99,17.5,982,,,,,,,,,,,,,,,,,,,,,,,,,,,,,,,,,
10/12/2020,2020,10,12,11,30,62,990,-2.2,0.15,5.8,24.14,18.7,982,,,,,,,,,,,,,,,,,,,,,,,,,,,,,,,,,
10/12/2020,2020,10,12,12,30,63,986,-2.7,0.15,5.3,22.13,19.5,982,,,,,,,,,,,,,,,,,,,,,,,,,,,,,,,,,
10/12/2020,2020,10,12,13,30,62,963,-2.7,0.15,4.9,21.52,20,982,,,,,,,,,,,,,,,,,,,,,,,,,,,,,,,,,
10/12/2020,2020,10,12,14,30,60,915,-2.6,0.15,4.5,21.83,19.9,982,,,,,,,,,,,,,,,,,,,,,,,,,,,,,,,,,
10/12/2020,2020,10,12,15,30,54,825,-2.4,0.15,3.7,23.09,19.2,982,,,,,,,,,,,,,,,,,,,,,,,,,,,,,,,,,
10/12/2020,2020,10,12,16,30,41,650,-1.3,0.15,2.2,29.57,16.6,982,,,,,,,,,,,,,,,,,,,,,,,,,,,,,,,,,
10/12/2020,2020,10,12,17,30,11,126,3,0.15,1.3,45.51,14.6,983,,,,,,,,,,,,,,,,,,,,,,,,,,,,,,,,,
10/12/2020,2020,10,12,18,30,0,0,2.6,0.15,1.3,52.53,12,983,,,,,,,,,,,,,,,,,,,,,,,,,,,,,,,,,
10/12/2020,2020,10,12,19,30,0,0,2.2,0.15,1.5,53.69,11.3,983,,,,,,,,,,,,,,,,,,,,,,,,,,,,,,,,,
10/12/2020,2020,10,12,20,30,0,0,1.8,0.15,1.8,52.95,11,983,,,,,,,,,,,,,,,,,,,,,,,,,,,,,,,,,
10/12/2020,2020,10,12,21,30,0,0,1.2,0.15,2.5,50.86,11,983,,,,,,,,,,,,,,,,,,,,,,,,,,,,,,,,,
10/12/2020,2020,10,12,22,30,0,0,0.8,0.15,3.2,49.36,11,983,,,,,,,,,,,,,,,,,,,,,,,,,,,,,,,,,
10/12/2020,2020,10,12,23,30,0,0,0.7,0.15,3.7,50.48,10.6,983,,,,,,,,,,,,,,,,,,,,,,,,,,,,,,,,,
10/13/2020,2020,10,13,0,30,0,0,1,0.15,3.9,53.15,10.1,983,,,,,,,,,,,,,,,,,,,,,,,,,,,,,,,,,
10/13/2020,2020,10,13,1,30,0,0,1.4,0.15,3.9,57.19,9.4,983,,,,,,,,,,,,,,,,,,,,,,,,,,,,,,,,,
10/13/2020,2020,10,13,2,30,0,0,1.7,0.15,4,59.81,9.1,983,,,,,,,,,,,,,,,,,,,,,,,,,,,,,,,,,
10/13/2020,2020,10,13,3,30,0,0,2.1,0.15,3.9,62.31,8.9,983,,,,,,,,,,,,,,,,,,,,,,,,,,,,,,,,,
10/13/2020,2020,10,13,4,30,0,0,2.5,0.15,3.5,65.37,8.6,983,,,,,,,,,,,,,,,,,,,,,,,,,,,,,,,,,
10/13/2020,2020,10,13,5,30,0,0,2.8,0.15,3,68.82,8.2,984,,,,,,,,,,,,,,,,,,,,,,,,,,,,,,,,,
10/13/2020,2020,10,13,6,30,10,101,3,0.15,3.1,68.02,8.6,984,,,,,,,,,,,,,,,,,,,,,,,,,,,,,,,,,
10/13/2020,2020,10,13,7,30,51,499,3.2,0.15,3.3,59.19,10.9,985,,,,,,,,,,,,,,,,,,,,,,,,,,,,,,,,,
10/13/2020,2020,10,13,8,30,56,795,3.6,0.15,3.7,48.61,14.3,986,,,,,,,,,,,,,,,,,,,,,,,,,,,,,,,,,
10/13/2020,2020,10,13,9,30,64,885,3.2,0.15,4.6,38.6,17.4,987,,,,,,,,,,,,,,,,,,,,,,,,,,,,,,,,,
10/13/2020,2020,10,13,10,30,69,927,1.6,0.15,5,30.98,19.1,987,,,,,,,,,,,,,,,,,,,,,,,,,,,,,,,,,
10/13/2020,2020,10,13,11,30,73,943,0.3,0.15,5.2,26.18,20.3,987,,,,,,,,,,,,,,,,,,,,,,,,,,,,,,,,,
10/13/2020,2020,10,13,12,30,73,942,-0.2,0.15,5.3,24.37,20.9,987,,,,,,,,,,,,,,,,,,,,,,,,,,,,,,,,,
10/13/2020,2020,10,13,13,30,70,929,-0.3,0.15,5.3,24.02,21,987,,,,,,,,,,,,,,,,,,,,,,,,,,,,,,,,,
10/13/2020,2020,10,13,14,30,65,886,-0.5,0.15,4.9,24.39,20.6,987,,,,,,,,,,,,,,,,,,,,,,,,,,,,,,,,,
10/13/2020,2020,10,13,15,30,65,747,-0.7,0.15,3.8,25.71,19.5,986,,,,,,,,,,,,,,,,,,,,,,,,,,,,,,,,,
10/13/2020,2020,10,13,16,30,44,606,0,0.15,2.1,32.24,16.7,986,,,,,,,,,,,,,,,,,,,,,,,,,,,,,,,,,
10/13/2020,2020,10,13,17,30,9,76,3.7,0.15,1.1,48.1,14.6,986,,,,,,,,,,,,,,,,,,,,,,,,,,,,,,,,,
10/13/2020,2020,10,13,18,30,0,0,3,0.15,0.9,47.95,13.8,987,,,,,,,,,,,,,,,,,,,,,,,,,,,,,,,,,
10/13/2020,2020,10,13,19,30,0,0,1.9,0.15,0.5,42.87,14.4,986,,,,,,,,,,,,,,,,,,,,,,,,,,,,,,,,,
10/13/2020,2020,10,13,20,30,0,0,0.8,0.15,0.4,40.35,14.1,986,,,,,,,,,,,,,,,,,,,,,,,,,,,,,,,,,
10/13/2020,2020,10,13,21,30,0,0,1.4,0.15,0.9,46.25,12.7,986,,,,,,,,,,,,,,,,,,,,,,,,,,,,,,,,,
10/13/2020,2020,10,13,22,30,0,0,3.1,0.15,1.2,57.47,11.2,985,,,,,,,,,,,,,,,,,,,,,,,,,,,,,,,,,
10/13/2020,2020,10,13,23,30,0,0,2.4,0.15,1.9,57.53,10.4,984,,,,,,,,,,,,,,,,,,,,,,,,,,,,,,,,,
10/14/2020,2020,10,14,0,30,0,0,1.4,0.15,3,53.54,10.4,983,,,,,,,,,,,,,,,,,,,,,,,,,,,,,,,,,
10/14/2020,2020,10,14,1,30,0,0,1.1,0.15,3.8,53.39,10.2,982,,,,,,,,,,,,,,,,,,,,,,,,,,,,,,,,,
10/14/2020,2020,10,14,2,30,0,0,1.7,0.15,4.1,57.29,9.7,980,,,,,,,,,,,,,,,,,,,,,,,,,,,,,,,,,
10/14/2020,2020,10,14,3,30,0,0,2.2,0.15,4.3,60.5,9.5,979,,,,,,,,,,,,,,,,,,,,,,,,,,,,,,,,,
10/14/2020,2020,10,14,4,30,0,0,2.7,0.15,4.7,62.09,9.6,978,,,,,,,,,,,,,,,,,,,,,,,,,,,,,,,,,
10/14/2020,2020,10,14,5,30,0,0,3.2,0.15,4.9,63.82,9.7,976,,,,,,,,,,,,,,,,,,,,,,,,,,,,,,,,,
10/14/2020,2020,10,14,6,30,5,0,3.9,0.15,5,65.95,10,975,,,,,,,,,,,,,,,,,,,,,,,,,,,,,,,,,
10/14/2020,2020,10,14,7,30,57,5,4.9,0.15,5.2,64.67,11.3,974,,,,,,,,,,,,,,,,,,,,,,,,,,,,,,,,,
10/14/2020,2020,10,14,8,30,99,509,5.9,0.15,5.9,56.45,14.5,973,,,,,,,,,,,,,,,,,,,,,,,,,,,,,,,,,
10/14/2020,2020,10,14,9,30,184,245,6.6,0.15,6.9,46.12,18.4,972,,,,,,,,,,,,,,,,,,,,,,,,,,,,,,,,,
10/14/2020,2020,10,14,10,30,82,858,6.4,0.15,6.9,38.97,20.9,972,,,,,,,,,,,,,,,,,,,,,,,,,,,,,,,,,
10/14/2020,2020,10,14,11,30,280,294,6.3,0.15,6.1,35.75,22.2,971,,,,,,,,,,,,,,,,,,,,,,,,,,,,,,,,,
10/14/2020,2020,10,14,12,30,285,268,6.8,0.15,5.8,34.93,23.1,971,,,,,,,,,,,,,,,,,,,,,,,,,,,,,,,,,
10/14/2020,2020,10,14,13,30,255,103,6.7,0.15,6.2,33.57,23.7,971,,,,,,,,,,,,,,,,,,,,,,,,,,,,,,,,,
10/14/2020,2020,10,14,14,30,199,67,5.9,0.15,6.9,32.38,23.4,972,,,,,,,,,,,,,,,,,,,,,,,,,,,,,,,,,
10/14/2020,2020,10,14,15,30,56,773,4.2,0.15,6.9,31.47,21.9,973,,,,,,,,,,,,,,,,,,,,,,,,,,,,,,,,,
10/14/2020,2020,10,14,16,30,63,253,1.5,0.15,5.9,29.61,19.8,974,,,,,,,,,,,,,,,,,,,,,,,,,,,,,,,,,
10/14/2020,2020,10,14,17,30,4,0,0.2,0.15,5.3,28.98,18.6,974,,,,,,,,,,,,,,,,,,,,,,,,,,,,,,,,,
10/14/2020,2020,10,14,18,30,0,0,0.6,0.15,5.1,34.43,16.3,976,,,,,,,,,,,,,,,,,,,,,,,,,,,,,,,,,
10/14/2020,2020,10,14,19,30,0,0,1.3,0.15,5.2,38.21,15.5,978,,,,,,,,,,,,,,,,,,,,,,,,,,,,,,,,,
10/14/2020,2020,10,14,20,30,0,0,1.7,0.15,5.7,42.99,14.1,979,,,,,,,,,,,,,,,,,,,,,,,,,,,,,,,,,
10/14/2020,2020,10,14,21,30,0,0,1.6,0.15,5.9,47.88,12.3,981,,,,,,,,,,,,,,,,,,,,,,,,,,,,,,,,,
10/14/2020,2020,10,14,22,30,0,0,1.4,0.15,5.5,52.95,10.6,981,,,,,,,,,,,,,,,,,,,,,,,,,,,,,,,,,
10/14/2020,2020,10,14,23,30,0,0,1.4,0.15,5,57.85,9.3,982,,,,,,,,,,,,,,,,,,,,,,,,,,,,,,,,,
10/15/2020,2020,10,15,0,30,0,0,1.4,0.15,4.3,62.36,8.2,983,,,,,,,,,,,,,,,,,,,,,,,,,,,,,,,,,
10/15/2020,2020,10,15,1,30,0,0,1.4,0.15,3.7,66.34,7.3,983,,,,,,,,,,,,,,,,,,,,,,,,,,,,,,,,,
10/15/2020,2020,10,15,2,30,0,0,1.5,0.15,3.4,70.26,6.5,983,,,,,,,,,,,,,,,,,,,,,,,,,,,,,,,,,
10/15/2020,2020,10,15,3,30,0,0,1.4,0.15,3.3,73.61,5.8,984,,,,,,,,,,,,,,,,,,,,,,,,,,,,,,,,,
10/15/2020,2020,10,15,4,30,0,0,1.3,0.15,3.3,75.98,5.2,985,,,,,,,,,,,,,,,,,,,,,,,,,,,,,,,,,
10/15/2020,2020,10,15,5,30,0,0,0.9,0.15,3.3,78.45,4.3,986,,,,,,,,,,,,,,,,,,,,,,,,,,,,,,,,,
10/15/2020,2020,10,15,6,30,9,119,0.1,0.15,3.7,75.51,4,987,,,,,,,,,,,,,,,,,,,,,,,,,,,,,,,,,
10/15/2020,2020,10,15,7,30,38,666,-1.4,0.15,4.8,63.62,4.9,988,,,,,,,,,,,,,,,,,,,,,,,,,,,,,,,,,
10/15/2020,2020,10,15,8,30,51,847,-5.9,0.15,5.5,40.51,6.6,989,,,,,,,,,,,,,,,,,,,,,,,,,,,,,,,,,
10/15/2020,2020,10,15,9,30,58,929,-8.8,0.15,5.5,28.61,8.4,989,,,,,,,,,,,,,,,,,,,,,,,,,,,,,,,,,
10/15/2020,2020,10,15,10,30,63,970,-9.9,0.15,5.3,23.44,10.1,989,,,,,,,,,,,,,,,,,,,,,,,,,,,,,,,,,
10/15/2020,2020,10,15,11,30,68,978,-10,0.15,5.1,20.97,11.6,989,,,,,,,,,,,,,,,,,,,,,,,,,,,,,,,,,
10/15/2020,2020,10,15,12,30,71,970,-9.8,0.15,5,19.94,12.7,989,,,,,,,,,,,,,,,,,,,,,,,,,,,,,,,,,
10/15/2020,2020,10,15,13,30,69,951,-9.4,0.15,5,19.97,13.1,989,,,,,,,,,,,,,,,,,,,,,,,,,,,,,,,,,
10/15/2020,2020,10,15,14,30,63,905,-8.9,0.15,5,21.04,12.9,989,,,,,,,,,,,,,,,,,,,,,,,,,,,,,,,,,
10/15/2020,2020,10,15,15,30,54,828,-8.3,0.15,4.6,23.14,12.2,989,,,,,,,,,,,,,,,,,,,,,,,,,,,,,,,,,
10/15/2020,2020,10,15,16,30,38,649,-7.6,0.15,3.3,27.82,10.2,990,,,,,,,,,,,,,,,,,,,,,,,,,,,,,,,,,
10/15/2020,2020,10,15,17,30,7,85,-5.3,0.15,2.2,36.71,8.7,990,,,,,,,,,,,,,,,,,,,,,,,,,,,,,,,,,
10/15/2020,2020,10,15,18,30,0,0,-4.1,0.16,1.5,49.43,5.7,991,,,,,,,,,,,,,,,,,,,,,,,,,,,,,,,,,
10/15/2020,2020,10,15,19,30,0,0,-4,0.16,1.4,52.39,4.9,992,,,,,,,,,,,,,,,,,,,,,,,,,,,,,,,,,
10/15/2020,2020,10,15,20,30,0,0,-4.2,0.16,1.4,53.8,4.4,992,,,,,,,,,,,,,,,,,,,,,,,,,,,,,,,,,
10/15/2020,2020,10,15,21,30,0,0,-4.4,0.16,1.6,54.11,4.1,991,,,,,,,,,,,,,,,,,,,,,,,,,,,,,,,,,
10/15/2020,2020,10,15,22,30,0,0,-4.7,0.16,2.1,53.26,4,991,,,,,,,,,,,,,,,,,,,,,,,,,,,,,,,,,
10/15/2020,2020,10,15,23,30,0,0,-4.9,0.16,2.6,52.08,4.1,991,,,,,,,,,,,,,,,,,,,,,,,,,,,,,,,,,
10/16/2020,2020,10,16,0,30,0,0,-4.8,0.16,2.9,53.65,3.8,991,,,,,,,,,,,,,,,,,,,,,,,,,,,,,,,,,
10/16/2020,2020,10,16,1,30,0,0,-4.4,0.16,2.7,57.44,3.2,992,,,,,,,,,,,,,,,,,,,,,,,,,,,,,,,,,
10/16/2020,2020,10,16,2,30,0,0,-4.1,0.16,2.5,61.03,2.7,992,,,,,,,,,,,,,,,,,,,,,,,,,,,,,,,,,
10/16/2020,2020,10,16,3,30,0,0,-3.9,0.16,2.4,64.42,2.1,992,,,,,,,,,,,,,,,,,,,,,,,,,,,,,,,,,
10/16/2020,2020,10,16,4,30,0,0,-3.8,0.16,2.2,68.66,1.3,991,,,,,,,,,,,,,,,,,,,,,,,,,,,,,,,,,
10/16/2020,2020,10,16,5,30,0,0,-3.8,0.16,2.4,71.93,0.7,991,,,,,,,,,,,,,,,,,,,,,,,,,,,,,,,,,
10/16/2020,2020,10,16,6,30,7,63,-3.8,0.16,3,69.62,1.1,991,,,,,,,,,,,,,,,,,,,,,,,,,,,,,,,,,
10/16/2020,2020,10,16,7,30,46,572,-3.8,0.16,3.4,61.38,2.9,992,,,,,,,,,,,,,,,,,,,,,,,,,,,,,,,,,
10/16/2020,2020,10,16,8,30,67,760,-3.4,0.16,4,50.25,6.2,992,,,,,,,,,,,,,,,,,,,,,,,,,,,,,,,,,
10/16/2020,2020,10,16,9,30,79,854,-3.5,0.16,5.2,39.95,9.5,991,,,,,,,,,,,,,,,,,,,,,,,,,,,,,,,,,
10/16/2020,2020,10,16,10,30,202,445,-3.7,0.16,6,34.55,11.4,991,,,,,,,,,,,,,,,,,,,,,,,,,,,,,,,,,
10/16/2020,2020,10,16,11,30,207,261,-3.9,0.16,6.3,32.2,12.2,990,,,,,,,,,,,,,,,,,,,,,,,,,,,,,,,,,
10/16/2020,2020,10,16,12,30,143,729,-4.3,0.16,6.3,30.51,12.6,990,,,,,,,,,,,,,,,,,,,,,,,,,,,,,,,,,
10/16/2020,2020,10,16,13,30,81,911,-4.9,0.16,6.1,29.29,12.6,989,,,,,,,,,,,,,,,,,,,,,,,,,,,,,,,,,
10/16/2020,2020,10,16,14,30,80,839,-5.2,0.16,5.5,28.81,12.4,989,,,,,,,,,,,,,,,,,,,,,,,,,,,,,,,,,
10/16/2020,2020,10,16,15,30,101,477,-5.4,0.16,4.5,29.43,11.9,988,,,,,,,,,,,,,,,,,,,,,,,,,,,,,,,,,
10/16/2020,2020,10,16,16,30,60,229,-4.9,0.16,2.6,33.67,10.4,988,,,,,,,,,,,,,,,,,,,,,,,,,,,,,,,,,
10/16/2020,2020,10,16,17,30,3,9,-2,0.16,1.5,45.34,9.2,988,,,,,,,,,,,,,,,,,,,,,,,,,,,,,,,,,
10/16/2020,2020,10,16,18,30,0,0,-1,0.16,1,54.62,7.6,988,,,,,,,,,,,,,,,,,,,,,,,,,,,,,,,,,
10/16/2020,2020,10,16,19,30,0,0,-1,0.16,1,54.73,7.5,987,,,,,,,,,,,,,,,,,,,,,,,,,,,,,,,,,
10/16/2020,2020,10,16,20,30,0,0,-1.4,0.16,1.2,55.4,6.9,987,,,,,,,,,,,,,,,,,,,,,,,,,,,,,,,,,
10/16/2020,2020,10,16,21,30,0,0,-1.4,0.16,1.8,55.81,6.8,986,,,,,,,,,,,,,,,,,,,,,,,,,,,,,,,,,
10/16/2020,2020,10,16,22,30,0,0,-1.9,0.16,3,51.75,7.4,985,,,,,,,,,,,,,,,,,,,,,,,,,,,,,,,,,
10/16/2020,2020,10,16,23,30,0,0,-2.2,0.16,4.2,49.62,7.7,985,,,,,,,,,,,,,,,,,,,,,,,,,,,,,,,,,
10/17/2020,2020,10,17,0,30,0,0,-1.7,0.16,4.7,52.25,7.5,984,,,,,,,,,,,,,,,,,,,,,,,,,,,,,,,,,
10/17/2020,2020,10,17,1,30,0,0,-1.1,0.16,4.7,55.95,7.1,983,,,,,,,,,,,,,,,,,,,,,,,,,,,,,,,,,
10/17/2020,2020,10,17,2,30,0,0,-0.7,0.16,4.7,58.93,6.8,982,,,,,,,,,,,,,,,,,,,,,,,,,,,,,,,,,
10/17/2020,2020,10,17,3,30,0,0,-0.6,0.16,5,58.56,7,981,,,,,,,,,,,,,,,,,,,,,,,,,,,,,,,,,
10/17/2020,2020,10,17,4,30,0,0,-0.5,0.16,5.3,56.58,7.6,980,,,,,,,,,,,,,,,,,,,,,,,,,,,,,,,,,
10/17/2020,2020,10,17,5,30,0,0,-0.2,0.16,5.4,55.26,8.2,979,,,,,,,,,,,,,,,,,,,,,,,,,,,,,,,,,
10/17/2020,2020,10,17,6,30,2,0,0.1,0.16,5.3,54.1,8.9,979,,,,,,,,,,,,,,,,,,,,,,,,,,,,,,,,,
10/17/2020,2020,10,17,7,30,35,0,0.5,0.16,5.6,51.6,10,979,,,,,,,,,,,,,,,,,,,,,,,,,,,,,,,,,
10/17/2020,2020,10,17,8,30,59,3,0.8,0.16,6.8,47.45,11.6,979,,,,,,,,,,,,,,,,,,,,,,,,,,,,,,,,,
10/17/2020,2020,10,17,9,30,191,73,0.7,0.16,7.9,42.35,13.2,979,,,,,,,,,,,,,,,,,,,,,,,,,,,,,,,,,
10/17/2020,2020,10,17,10,30,211,47,1,0.16,7.9,38.86,14.9,979,,,,,,,,,,,,,,,,,,,,,,,,,,,,,,,,,
10/17/2020,2020,10,17,11,30,168,6,1.4,0.16,7.8,35.17,16.9,978,,,,,,,,,,,,,,,,,,,,,,,,,,,,,,,,,
10/17/2020,2020,10,17,12,30,194,65,1.8,0.16,7.3,32.56,18.6,978,,,,,,,,,,,,,,,,,,,,,,,,,,,,,,,,,
10/17/2020,2020,10,17,13,30,229,104,2.1,0.16,6.4,31.44,19.5,977,,,,,,,,,,,,,,,,,,,,,,,,,,,,,,,,,
10/17/2020,2020,10,17,14,30,113,642,2.3,0.16,5.4,31.27,19.8,977,,,,,,,,,,,,,,,,,,,,,,,,,,,,,,,,,
10/17/2020,2020,10,17,15,30,65,712,2.4,0.16,3.8,32.8,19.1,977,,,,,,,,,,,,,,,,,,,,,,,,,,,,,,,,,
10/17/2020,2020,10,17,16,30,59,62,3.5,0.16,2.1,42.34,16.3,977,,,,,,,,,,,,,,,,,,,,,,,,,,,,,,,,,
10/17/2020,2020,10,17,17,30,3,9,4.8,0.16,1.4,53.71,14.1,978,,,,,,,,,,,,,,,,,,,,,,,,,,,,,,,,,
10/17/2020,2020,10,17,18,30,0,0,4.6,0.16,2.5,59.07,12.4,979,,,,,,,,,,,,,,,,,,,,,,,,,,,,,,,,,
10/17/2020,2020,10,17,19,30,0,0,5.5,0.16,5,66.3,11.6,981,,,,,,,,,,,,,,,,,,,,,,,,,,,,,,,,,
10/17/2020,2020,10,17,20,30,0,0,6.2,0.16,6.2,80.12,9.5,983,,,,,,,,,,,,,,,,,,,,,,,,,,,,,,,,,
10/17/2020,2020,10,17,21,30,0,0,5.3,0.16,5.1,85.87,7.5,984,,,,,,,,,,,,,,,,,,,,,,,,,,,,,,,,,
10/17/2020,2020,10,17,22,30,0,0,4,0.16,4.2,84.51,6.4,984,,,,,,,,,,,,,,,,,,,,,,,,,,,,,,,,,
10/17/2020,2020,10,17,23,30,0,0,2.9,0.16,3.9,83.63,5.5,984,,,,,,,,,,,,,,,,,,,,,,,,,,,,,,,,,
10/18/2020,2020,10,18,0,30,0,0,2.2,0.16,4,82.39,4.9,985,,,,,,,,,,,,,,,,,,,,,,,,,,,,,,,,,
10/18/2020,2020,10,18,1,30,0,0,1.3,0.16,4.5,81.03,4.3,987,,,,,,,,,,,,,,,,,,,,,,,,,,,,,,,,,
10/18/2020,2020,10,18,2,30,0,0,0.5,0.16,5.1,81.45,3.4,988,,,,,,,,,,,,,,,,,,,,,,,,,,,,,,,,,
10/18/2020,2020,10,18,3,30,0,0,-0.4,0.16,5.1,82.65,2.2,989,,,,,,,,,,,,,,,,,,,,,,,,,,,,,,,,,
10/18/2020,2020,10,18,4,30,0,0,-1.5,0.16,4.4,80.93,1.4,990,,,,,,,,,,,,,,,,,,,,,,,,,,,,,,,,,
10/18/2020,2020,10,18,5,30,0,0,-2.1,0.16,3.6,78.86,1.2,991,,,,,,,,,,,,,,,,,,,,,,,,,,,,,,,,,
10/18/2020,2020,10,18,6,30,1,0,-2.3,0.16,3.5,77.25,1.2,992,,,,,,,,,,,,,,,,,,,,,,,,,,,,,,,,,
10/18/2020,2020,10,18,7,30,27,0,-2.8,0.16,4,72.48,1.6,993,,,,,,,,,,,,,,,,,,,,,,,,,,,,,,,,,
10/18/2020,2020,10,18,8,30,30,0,-3.9,0.16,4.2,63.72,2.3,993,,,,,,,,,,,,,,,,,,,,,,,,,,,,,,,,,
10/18/2020,2020,10,18,9,30,63,0,-4.9,0.16,4,54.44,3.4,994,,,,,,,,,,,,,,,,,,,,,,,,,,,,,,,,,
10/18/2020,2020,10,18,10,30,60,0,-6.2,0.16,3.9,44.72,4.8,994,,,,,,,,,,,,,,,,,,,,,,,,,,,,,,,,,
10/18/2020,2020,10,18,11,30,142,4,-7.8,0.16,3.8,35.7,6.3,993,,,,,,,,,,,,,,,,,,,,,,,,,,,,,,,,,
10/18/2020,2020,10,18,12,30,205,181,-9.1,0.16,3.9,29.6,7.6,992,,,,,,,,,,,,,,,,,,,,,,,,,,,,,,,,,
10/18/2020,2020,10,18,13,30,77,904,-9.8,0.16,3.9,27.24,8,992,,,,,,,,,,,,,,,,,,,,,,,,,,,,,,,,,
10/18/2020,2020,10,18,14,30,71,852,-10.2,0.16,3.6,27.27,7.5,992,,,,,,,,,,,,,,,,,,,,,,,,,,,,,,,,,
10/18/2020,2020,10,18,15,30,83,602,-10.2,0.16,2.8,28.98,6.6,992,,,,,,,,,,,,,,,,,,,,,,,,,,,,,,,,,
10/18/2020,2020,10,18,16,30,60,51,-8.8,0.16,1.7,35.05,5.4,992,,,,,,,,,,,,,,,,,,,,,,,,,,,,,,,,,
10/18/2020,2020,10,18,17,30,1,0,-5.2,0.16,1.1,48.25,4.8,992,,,,,,,,,,,,,,,,,,,,,,,,,,,,,,,,,
10/18/2020,2020,10,18,18,30,0,0,-4,0.87,0.7,55.65,4.1,993,,,,,,,,,,,,,,,,,,,,,,,,,,,,,,,,,
10/18/2020,2020,10,18,19,30,0,0,-3.1,0.87,0.6,60.57,3.8,994,,,,,,,,,,,,,,,,,,,,,,,,,,,,,,,,,
10/18/2020,2020,10,18,20,30,0,0,-3,0.87,0.7,62.77,3.4,995,,,,,,,,,,,,,,,,,,,,,,,,,,,,,,,,,
10/18/2020,2020,10,18,21,30,0,0,-3.1,0.87,1,64.93,2.8,995,,,,,,,,,,,,,,,,,,,,,,,,,,,,,,,,,
10/18/2020,2020,10,18,22,30,0,0,-3.2,0.87,1.3,67.62,2.2,995,,,,,,,,,,,,,,,,,,,,,,,,,,,,,,,,,
10/18/2020,2020,10,18,23,30,0,0,-2.8,0.87,1.5,71.21,1.9,995,,,,,,,,,,,,,,,,,,,,,,,,,,,,,,,,,
10/19/2020,2020,10,19,0,30,0,0,-2.7,0.87,1.9,72.41,1.7,994,,,,,,,,,,,,,,,,,,,,,,,,,,,,,,,,,
10/19/2020,2020,10,19,1,30,0,0,-2.7,0.87,1.9,74.49,1.3,994,,,,,,,,,,,,,,,,,,,,,,,,,,,,,,,,,
10/19/2020,2020,10,19,2,30,0,0,-2.9,0.87,1.6,75.99,0.9,994,,,,,,,,,,,,,,,,,,,,,,,,,,,,,,,,,
10/19/2020,2020,10,19,3,30,0,0,-3.1,0.87,1.4,76.18,0.6,994,,,,,,,,,,,,,,,,,,,,,,,,,,,,,,,,,
10/19/2020,2020,10,19,4,30,0,0,-3.4,0.87,1.9,74,0.7,994,,,,,,,,,,,,,,,,,,,,,,,,,,,,,,,,,
10/19/2020,2020,10,19,5,30,0,0,-3.9,0.87,2.1,70.85,0.8,994,,,,,,,,,,,,,,,,,,,,,,,,,,,,,,,,,
10/19/2020,2020,10,19,6,30,2,0,-4.1,0.87,2.2,69.05,0.9,993,,,,,,,,,,,,,,,,,,,,,,,,,,,,,,,,,
10/19/2020,2020,10,19,7,30,41,4,-4.2,0.87,2.5,66.77,1.3,994,,,,,,,,,,,,,,,,,,,,,,,,,,,,,,,,,
10/19/2020,2020,10,19,8,30,16,0,-4.4,0.87,2.7,64.62,1.5,994,,,,,,,,,,,,,,,,,,,,,,,,,,,,,,,,,
10/19/2020,2020,10,19,9,30,51,8,-4,0.87,3,67.54,1.4,994,,,,,,,,,,,,,,,,,,,,,,,,,,,,,,,,,
10/19/2020,2020,10,19,10,30,48,0,-3.4,0.87,3.2,68.67,1.7,994,,,,,,,,,,,,,,,,,,,,,,,,,,,,,,,,,
10/19/2020,2020,10,19,11,30,70,0,-3.1,0.87,3,67.81,2.2,993,,,,,,,,,,,,,,,,,,,,,,,,,,,,,,,,,
10/19/2020,2020,10,19,12,30,207,27,-2.8,0.87,2.6,67.56,2.6,992,,,,,,,,,,,,,,,,,,,,,,,,,,,,,,,,,
10/19/2020,2020,10,19,13,30,202,34,-2.5,0.87,2.4,67.52,2.9,992,,,,,,,,,,,,,,,,,,,,,,,,,,,,,,,,,
10/19/2020,2020,10,19,14,30,91,3,-2.3,0.87,2.2,67.28,3.2,992,,,,,,,,,,,,,,,,,,,,,,,,,,,,,,,,,
10/19/2020,2020,10,19,15,30,83,5,-2.1,0.87,2.1,68.1,3.2,992,,,,,,,,,,,,,,,,,,,,,,,,,,,,,,,,,
10/19/2020,2020,10,19,16,30,38,0,-2,0.87,1.7,71.12,2.7,992,,,,,,,,,,,,,,,,,,,,,,,,,,,,,,,,,
10/19/2020,2020,10,19,17,30,1,0,-1.7,0.87,1.4,74.85,2.3,992,,,,,,,,,,,,,,,,,,,,,,,,,,,,,,,,,
10/19/2020,2020,10,19,18,30,0,0,-2,0.16,1,85.9,0.1,992,,,,,,,,,,,,,,,,,,,,,,,,,,,,,,,,,
10/19/2020,2020,10,19,19,30,0,0,-2.1,0.16,1.1,87.83,-0.3,992,,,,,,,,,,,,,,,,,,,,,,,,,,,,,,,,,
10/19/2020,2020,10,19,20,30,0,0,-2.1,0.16,1.1,90.78,-0.8,992,,,,,,,,,,,,,,,,,,,,,,,,,,,,,,,,,
10/19/2020,2020,10,19,21,30,0,0,-2.3,0.16,1.2,93.04,-1.3,992,,,,,,,,,,,,,,,,,,,,,,,,,,,,,,,,,
10/19/2020,2020,10,19,22,30,0,0,-2.4,0.16,1.2,95.27,-1.7,992,,,,,,,,,,,,,,,,,,,,,,,,,,,,,,,,,
10/19/2020,2020,10,19,23,30,0,0,-2.4,0.16,1.3,95.48,-1.8,992,,,,,,,,,,,,,,,,,,,,,,,,,,,,,,,,,
10/20/2020,2020,10,20,0,30,0,0,-2.5,0.16,1.5,94.51,-1.7,992,,,,,,,,,,,,,,,,,,,,,,,,,,,,,,,,,
10/20/2020,2020,10,20,1,30,0,0,-2.5,0.16,1.8,92.46,-1.4,992,,,,,,,,,,,,,,,,,,,,,,,,,,,,,,,,,
10/20/2020,2020,10,20,2,30,0,0,-2.5,0.16,2.1,91.09,-1.2,992,,,,,,,,,,,,,,,,,,,,,,,,,,,,,,,,,
10/20/2020,2020,10,20,3,30,0,0,-2.5,0.16,2.1,90.41,-1.1,991,,,,,,,,,,,,,,,,,,,,,,,,,,,,,,,,,
10/20/2020,2020,10,20,4,30,0,0,-2.5,0.16,2,89.73,-1,991,,,,,,,,,,,,,,,,,,,,,,,,,,,,,,,,,
10/20/2020,2020,10,20,5,30,0,0,-2.5,0.16,2.1,89.08,-0.9,991,,,,,,,,,,,,,,,,,,,,,,,,,,,,,,,,,
10/20/2020,2020,10,20,6,30,1,0,-2.5,0.16,2.6,87.18,-0.6,991,,,,,,,,,,,,,,,,,,,,,,,,,,,,,,,,,
10/20/2020,2020,10,20,7,30,29,0,-2.3,0.16,3.5,81.01,0.6,990,,,,,,,,,,,,,,,,,,,,,,,,,,,,,,,,,
10/20/2020,2020,10,20,8,30,111,35,-1.8,0.16,4.2,74.09,2.3,989,,,,,,,,,,,,,,,,,,,,,,,,,,,,,,,,,
10/20/2020,2020,10,20,9,30,122,82,-1,0.16,4.4,72.58,3.5,989,,,,,,,,,,,,,,,,,,,,,,,,,,,,,,,,,
10/20/2020,2020,10,20,10,30,92,1,0.3,0.16,4.3,76.21,4.1,988,,,,,,,,,,,,,,,,,,,,,,,,,,,,,,,,,
10/20/2020,2020,10,20,11,30,234,74,1.3,0.16,4,81.01,4.3,987,,,,,,,,,,,,,,,,,,,,,,,,,,,,,,,,,
10/20/2020,2020,10,20,12,30,146,7,2.1,0.16,3.8,84.37,4.5,986,,,,,,,,,,,,,,,,,,,,,,,,,,,,,,,,,
10/20/2020,2020,10,20,13,30,113,2,2.7,0.16,3.2,86.04,4.8,985,,,,,,,,,,,,,,,,,,,,,,,,,,,,,,,,,
10/20/2020,2020,10,20,14,30,125,19,3.1,0.16,2.5,87.67,5,984,,,,,,,,,,,,,,,,,,,,,,,,,,,,,,,,,
10/20/2020,2020,10,20,15,30,65,68,3.6,0.16,1.7,89.21,5.2,984,,,,,,,,,,,,,,,,,,,,,,,,,,,,,,,,,
10/20/2020,2020,10,20,16,30,50,167,3.9,0.16,1.2,93.55,4.9,984,,,,,,,,,,,,,,,,,,,,,,,,,,,,,,,,,
10/20/2020,2020,10,20,17,30,1,3,3.8,0.16,0.9,94.82,4.6,984,,,,,,,,,,,,,,,,,,,,,,,,,,,,,,,,,
10/20/2020,2020,10,20,18,30,0,0,3.6,0.16,1.4,97.25,4,985,,,,,,,,,,,,,,,,,,,,,,,,,,,,,,,,,
10/20/2020,2020,10,20,19,30,0,0,3.3,0.16,1.5,99.88,3.3,986,,,,,,,,,,,,,,,,,,,,,,,,,,,,,,,,,
10/20/2020,2020,10,20,20,30,0,0,2.4,0.16,1.4,100,2.4,986,,,,,,,,,,,,,,,,,,,,,,,,,,,,,,,,,
10/20/2020,2020,10,20,21,30,0,0,1.9,0.16,1.5,100,1.9,986,,,,,,,,,,,,,,,,,,,,,,,,,,,,,,,,,
10/20/2020,2020,10,20,22,30,0,0,2.1,0.16,1.9,99.02,2.2,987,,,,,,,,,,,,,,,,,,,,,,,,,,,,,,,,,
10/20/2020,2020,10,20,23,30,0,0,2.2,0.16,2.3,98.51,2.4,987,,,,,,,,,,,,,,,,,,,,,,,,,,,,,,,,,
10/21/2020,2020,10,21,0,30,0,0,2.2,0.16,2.4,98.5,2.4,987,,,,,,,,,,,,,,,,,,,,,,,,,,,,,,,,,
10/21/2020,2020,10,21,1,30,0,0,2.1,0.16,2.6,99.31,2.2,988,,,,,,,,,,,,,,,,,,,,,,,,,,,,,,,,,
10/21/2020,2020,10,21,2,30,0,0,2,0.16,2.8,97.71,2.3,989,,,,,,,,,,,,,,,,,,,,,,,,,,,,,,,,,
10/21/2020,2020,10,21,3,30,0,0,2,0.16,2.6,96.51,2.5,989,,,,,,,,,,,,,,,,,,,,,,,,,,,,,,,,,
10/21/2020,2020,10,21,4,30,0,0,2,0.16,2,96.79,2.5,989,,,,,,,,,,,,,,,,,,,,,,,,,,,,,,,,,
10/21/2020,2020,10,21,5,30,0,0,1.8,0.16,1.3,98.58,2,990,,,,,,,,,,,,,,,,,,,,,,,,,,,,,,,,,
10/21/2020,2020,10,21,6,30,1,0,1.4,0.16,0.9,94.88,2.1,990,,,,,,,,,,,,,,,,,,,,,,,,,,,,,,,,,
10/21/2020,2020,10,21,7,30,51,34,1.5,0.16,1.3,86.84,3.5,991,,,,,,,,,,,,,,,,,,,,,,,,,,,,,,,,,
10/21/2020,2020,10,21,8,30,111,37,1.7,0.16,2.1,77.12,5.4,991,,,,,,,,,,,,,,,,,,,,,,,,,,,,,,,,,
10/21/2020,2020,10,21,9,30,182,60,1.5,0.16,2.1,67.38,7.1,991,,,,,,,,,,,,,,,,,,,,,,,,,,,,,,,,,
10/21/2020,2020,10,21,10,30,247,116,1,0.16,2.1,58.44,8.7,991,,,,,,,,,,,,,,,,,,,,,,,,,,,,,,,,,
10/21/2020,2020,10,21,11,30,269,248,0.4,0.16,2.5,52.56,9.6,991,,,,,,,,,,,,,,,,,,,,,,,,,,,,,,,,,
10/21/2020,2020,10,21,12,30,213,92,0.1,0.16,2.7,50.21,10,990,,,,,,,,,,,,,,,,,,,,,,,,,,,,,,,,,
10/21/2020,2020,10,21,13,30,132,32,0.3,0.16,2.8,50.96,10,989,,,,,,,,,,,,,,,,,,,,,,,,,,,,,,,,,
10/21/2020,2020,10,21,14,30,67,0,0.7,0.16,3,53.25,9.8,988,,,,,,,,,,,,,,,,,,,,,,,,,,,,,,,,,
10/21/2020,2020,10,21,15,30,33,0,1.3,0.16,3,57.1,9.4,988,,,,,,,,,,,,,,,,,,,,,,,,,,,,,,,,,
10/21/2020,2020,10,21,16,30,35,182,2.4,0.16,2.4,64.91,8.6,988,,,,,,,,,,,,,,,,,,,,,,,,,,,,,,,,,
10/21/2020,2020,10,21,17,30,0,1,3.6,0.16,2.1,73.51,8,988,,,,,,,,,,,,,,,,,,,,,,,,,,,,,,,,,
10/21/2020,2020,10,21,18,30,0,0,4.2,0.16,2.5,81.64,7.1,988,,,,,,,,,,,,,,,,,,,,,,,,,,,,,,,,,
10/21/2020,2020,10,21,19,30,0,0,4.8,0.16,2.5,86.94,6.8,988,,,,,,,,,,,,,,,,,,,,,,,,,,,,,,,,,
10/21/2020,2020,10,21,20,30,0,0,5.2,0.16,2.6,91.08,6.6,987,,,,,,,,,,,,,,,,,,,,,,,,,,,,,,,,,
10/21/2020,2020,10,21,21,30,0,0,5.6,0.16,2.8,94.07,6.5,987,,,,,,,,,,,,,,,,,,,,,,,,,,,,,,,,,
10/21/2020,2020,10,21,22,30,0,0,5.8,0.16,3.1,95.61,6.5,987,,,,,,,,,,,,,,,,,,,,,,,,,,,,,,,,,
10/21/2020,2020,10,21,23,30,0,0,6,0.16,3.4,95.92,6.6,986,,,,,,,,,,,,,,,,,,,,,,,,,,,,,,,,,
10/22/2020,2020,10,22,0,30,0,0,6.1,0.16,3.5,96.07,6.7,985,,,,,,,,,,,,,,,,,,,,,,,,,,,,,,,,,
10/22/2020,2020,10,22,1,30,0,0,6.2,0.16,3.5,96.1,6.8,985,,,,,,,,,,,,,,,,,,,,,,,,,,,,,,,,,
10/22/2020,2020,10,22,2,30,0,0,6.3,0.16,3.2,95.97,6.9,984,,,,,,,,,,,,,,,,,,,,,,,,,,,,,,,,,
10/22/2020,2020,10,22,3,30,0,0,6.4,0.16,2.9,95.85,7,984,,,,,,,,,,,,,,,,,,,,,,,,,,,,,,,,,
10/22/2020,2020,10,22,4,30,0,0,6.4,0.16,2.7,97.27,6.8,983,,,,,,,,,,,,,,,,,,,,,,,,,,,,,,,,,
10/22/2020,2020,10,22,5,30,0,0,6.3,0.16,2.7,97.39,6.7,983,,,,,,,,,,,,,,,,,,,,,,,,,,,,,,,,,
10/22/2020,2020,10,22,6,30,1,3,6.2,0.16,2.8,96.13,6.8,982,,,,,,,,,,,,,,,,,,,,,,,,,,,,,,,,,
10/22/2020,2020,10,22,7,30,46,200,6.5,0.16,2.7,93.43,7.5,982,,,,,,,,,,,,,,,,,,,,,,,,,,,,,,,,,
10/22/2020,2020,10,22,8,30,11,0,7.3,0.16,2.6,89.4,9,981,,,,,,,,,,,,,,,,,,,,,,,,,,,,,,,,,
10/22/2020,2020,10,22,9,30,9,0,8.8,0.16,2.5,87.65,10.8,980,,,,,,,,,,,,,,,,,,,,,,,,,,,,,,,,,
10/22/2020,2020,10,22,10,30,23,0,10.6,0.16,2.8,84.48,13.2,979,,,,,,,,,,,,,,,,,,,,,,,,,,,,,,,,,
10/22/2020,2020,10,22,11,30,21,0,13.2,0.16,3.1,82.96,16.1,978,,,,,,,,,,,,,,,,,,,,,,,,,,,,,,,,,
10/22/2020,2020,10,22,12,30,32,0,15.5,0.16,3.2,82.63,18.5,977,,,,,,,,,,,,,,,,,,,,,,,,,,,,,,,,,
10/22/2020,2020,10,22,13,30,88,0,16.9,0.16,2.9,82.51,20,976,,,,,,,,,,,,,,,,,,,,,,,,,,,,,,,,,
10/22/2020,2020,10,22,14,30,49,0,17.7,0.16,2.1,86.4,20,976,,,,,,,,,,,,,,,,,,,,,,,,,,,,,,,,,
10/22/2020,2020,10,22,15,30,39,3,17.7,0.16,1.6,95.18,18.5,976,,,,,,,,,,,,,,,,,,,,,,,,,,,,,,,,,
10/22/2020,2020,10,22,16,30,10,0,15.6,0.16,2.6,100,15.6,976,,,,,,,,,,,,,,,,,,,,,,,,,,,,,,,,,
10/22/2020,2020,10,22,17,30,0,0,13.7,0.16,3.7,99.57,13.8,977,,,,,,,,,,,,,,,,,,,,,,,,,,,,,,,,,
10/22/2020,2020,10,22,18,30,0,0,7.4,0.16,6.5,100,7.4,980,,,,,,,,,,,,,,,,,,,,,,,,,,,,,,,,,
10/22/2020,2020,10,22,19,30,0,0,4.2,0.16,6.6,97.39,4.6,981,,,,,,,,,,,,,,,,,,,,,,,,,,,,,,,,,
10/22/2020,2020,10,22,20,30,0,0,2.1,0.16,6,90.97,3.4,982,,,,,,,,,,,,,,,,,,,,,,,,,,,,,,,,,
10/22/2020,2020,10,22,21,30,0,0,1.5,0.16,5.4,90.14,3,983,,,,,,,,,,,,,,,,,,,,,,,,,,,,,,,,,
10/22/2020,2020,10,22,22,30,0,0,1.4,0.16,5.1,91.82,2.6,983,,,,,,,,,,,,,,,,,,,,,,,,,,,,,,,,,
10/22/2020,2020,10,22,23,30,0,0,1.3,0.16,5.1,92.19,2.4,984,,,,,,,,,,,,,,,,,,,,,,,,,,,,,,,,,
10/23/2020,2020,10,23,0,30,0,0,1.1,0.16,5.3,91.9,2.3,985,,,,,,,,,,,,,,,,,,,,,,,,,,,,,,,,,
10/23/2020,2020,10,23,1,30,0,0,0.9,0.16,5.4,92.01,2.1,985,,,,,,,,,,,,,,,,,,,,,,,,,,,,,,,,,
10/23/2020,2020,10,23,2,30,0,0,0.7,0.16,5.5,91.97,1.9,986,,,,,,,,,,,,,,,,,,,,,,,,,,,,,,,,,
10/23/2020,2020,10,23,3,30,0,0,0.5,0.16,5.5,91.65,1.7,987,,,,,,,,,,,,,,,,,,,,,,,,,,,,,,,,,
10/23/2020,2020,10,23,4,30,0,0,0.2,0.16,5.4,90.71,1.6,987,,,,,,,,,,,,,,,,,,,,,,,,,,,,,,,,,
10/23/2020,2020,10,23,5,30,0,0,0,0.16,5.4,90.51,1.4,988,,,,,,,,,,,,,,,,,,,,,,,,,,,,,,,,,
10/23/2020,2020,10,23,6,30,0,0,-0.2,0.16,5.4,89.13,1.4,989,,,,,,,,,,,,,,,,,,,,,,,,,,,,,,,,,
10/23/2020,2020,10,23,7,30,49,243,-0.3,0.16,5.8,85.48,1.9,990,,,,,,,,,,,,,,,,,,,,,,,,,,,,,,,,,
10/23/2020,2020,10,23,8,30,50,0,-0.3,0.16,6.3,79.64,2.9,991,,,,,,,,,,,,,,,,,,,,,,,,,,,,,,,,,
10/23/2020,2020,10,23,9,30,99,4,-0.5,0.16,6.5,73.76,3.8,992,,,,,,,,,,,,,,,,,,,,,,,,,,,,,,,,,
10/23/2020,2020,10,23,10,30,153,1,-0.6,0.16,6.3,68.55,4.7,993,,,,,,,,,,,,,,,,,,,,,,,,,,,,,,,,,
10/23/2020,2020,10,23,11,30,176,4,-0.7,0.16,6.2,63.53,5.7,994,,,,,,,,,,,,,,,,,,,,,,,,,,,,,,,,,
10/23/2020,2020,10,23,12,30,153,5,-0.8,0.16,6.2,59.45,6.5,993,,,,,,,,,,,,,,,,,,,,,,,,,,,,,,,,,
10/23/2020,2020,10,23,13,30,113,1,-1,0.16,6.2,56.96,6.9,993,,,,,,,,,,,,,,,,,,,,,,,,,,,,,,,,,
10/23/2020,2020,10,23,14,30,104,0,-1.4,0.16,6.1,56.44,6.7,994,,,,,,,,,,,,,,,,,,,,,,,,,,,,,,,,,
10/23/2020,2020,10,23,15,30,68,1,-1.8,0.16,5.7,57.48,6,994,,,,,,,,,,,,,,,,,,,,,,,,,,,,,,,,,
10/23/2020,2020,10,23,16,30,33,26,-2.1,0.16,4.8,61.29,4.7,995,,,,,,,,,,,,,,,,,,,,,,,,,,,,,,,,,
10/23/2020,2020,10,23,17,30,0,0,-2.2,0.16,4.3,63.44,4.1,995,,,,,,,,,,,,,,,,,,,,,,,,,,,,,,,,,
10/23/2020,2020,10,23,18,30,0,0,-2.3,0.16,3.7,71.16,2.4,996,,,,,,,,,,,,,,,,,,,,,,,,,,,,,,,,,
10/23/2020,2020,10,23,19,30,0,0,-2.6,0.16,3.2,77.06,1,997,,,,,,,,,,,,,,,,,,,,,,,,,,,,,,,,,
10/23/2020,2020,10,23,20,30,0,0,-2.9,0.16,2.7,82.25,-0.2,997,,,,,,,,,,,,,,,,,,,,,,,,,,,,,,,,,
10/23/2020,2020,10,23,21,30,0,0,-3.2,0.16,2.2,85.94,-1.1,997,,,,,,,,,,,,,,,,,,,,,,,,,,,,,,,,,
10/23/2020,2020,10,23,22,30,0,0,-3.5,0.16,1.9,86.49,-1.5,997,,,,,,,,,,,,,,,,,,,,,,,,,,,,,,,,,
10/23/2020,2020,10,23,23,30,0,0,-3.7,0.16,1.7,87.01,-1.8,997,,,,,,,,,,,,,,,,,,,,,,,,,,,,,,,,,
10/24/2020,2020,10,24,0,30,0,0,-3.9,0.16,1.6,88.5,-2.3,997,,,,,,,,,,,,,,,,,,,,,,,,,,,,,,,,,
10/24/2020,2020,10,24,1,30,0,0,-4.3,0.16,1.5,90.8,-3,997,,,,,,,,,,,,,,,,,,,,,,,,,,,,,,,,,
10/24/2020,2020,10,24,2,30,0,0,-4.7,0.16,1.5,93.52,-3.8,997,,,,,,,,,,,,,,,,,,,,,,,,,,,,,,,,,
10/24/2020,2020,10,24,3,30,0,0,-5.1,0.16,1.6,94.74,-4.4,996,,,,,,,,,,,,,,,,,,,,,,,,,,,,,,,,,
10/24/2020,2020,10,24,4,30,0,0,-5.5,0.16,1.7,94.88,-4.8,996,,,,,,,,,,,,,,,,,,,,,,,,,,,,,,,,,
10/24/2020,2020,10,24,5,30,0,0,-5.8,0.16,1.7,94.67,-5.1,995,,,,,,,,,,,,,,,,,,,,,,,,,,,,,,,,,
10/24/2020,2020,10,24,6,30,0,0,-6.1,0.16,2,90.93,-4.8,995,,,,,,,,,,,,,,,,,,,,,,,,,,,,,,,,,
10/24/2020,2020,10,24,7,30,53,295,-6.1,0.16,2.2,82.32,-3.5,995,,,,,,,,,,,,,,,,,,,,,,,,,,,,,,,,,
10/24/2020,2020,10,24,8,30,103,460,-5.6,0.16,2.1,71.3,-1.1,995,,,,,,,,,,,,,,,,,,,,,,,,,,,,,,,,,
10/24/2020,2020,10,24,9,30,114,672,-4.7,0.16,2,64.79,1.2,995,,,,,,,,,,,,,,,,,,,,,,,,,,,,,,,,,
10/24/2020,2020,10,24,10,30,232,245,-4.1,0.16,1.9,61,2.7,994,,,,,,,,,,,,,,,,,,,,,,,,,,,,,,,,,
10/24/2020,2020,10,24,11,30,152,681,-3.6,0.16,1.8,58.91,3.7,993,,,,,,,,,,,,,,,,,,,,,,,,,,,,,,,,,
10/24/2020,2020,10,24,12,30,141,722,-3.3,0.16,1.7,57.43,4.4,992,,,,,,,,,,,,,,,,,,,,,,,,,,,,,,,,,
10/24/2020,2020,10,24,13,30,199,389,-3.2,0.16,1.9,57.43,4.5,991,,,,,,,,,,,,,,,,,,,,,,,,,,,,,,,,,
10/24/2020,2020,10,24,14,30,171,280,-3.3,0.16,2.2,58.5,4.1,991,,,,,,,,,,,,,,,,,,,,,,,,,,,,,,,,,
10/24/2020,2020,10,24,15,30,103,279,-3.3,0.16,2.3,60.75,3.6,990,,,,,,,,,,,,,,,,,,,,,,,,,,,,,,,,,
10/24/2020,2020,10,24,16,30,47,122,-3,0.16,2,65.07,2.9,990,,,,,,,,,,,,,,,,,,,,,,,,,,,,,,,,,
10/24/2020,2020,10,24,17,30,0,0,-2.3,0.16,1.7,71.3,2.4,990,,,,,,,,,,,,,,,,,,,,,,,,,,,,,,,,,
10/24/2020,2020,10,24,18,30,0,0,-2.4,0.16,2.1,73.68,1.8,991,,,,,,,,,,,,,,,,,,,,,,,,,,,,,,,,,
10/24/2020,2020,10,24,19,30,0,0,-2.5,0.16,2,75.7,1.3,991,,,,,,,,,,,,,,,,,,,,,,,,,,,,,,,,,
10/24/2020,2020,10,24,20,30,0,0,-2.5,0.16,1.9,79.72,0.6,992,,,,,,,,,,,,,,,,,,,,,,,,,,,,,,,,,
10/24/2020,2020,10,24,21,30,0,0,-2.7,0.16,2.3,81.14,0.2,992,,,,,,,,,,,,,,,,,,,,,,,,,,,,,,,,,
10/24/2020,2020,10,24,22,30,0,0,-2.9,0.16,2.9,80.64,0,993,,,,,,,,,,,,,,,,,,,,,,,,,,,,,,,,,
10/24/2020,2020,10,24,23,30,0,0,-3.3,0.16,3.2,80.27,-0.3,993,,,,,,,,,,,,,,,,,,,,,,,,,,,,,,,,,
10/25/2020,2020,10,25,0,30,0,0,-3.7,0.16,3.4,80.18,-0.7,993,,,,,,,,,,,,,,,,,,,,,,,,,,,,,,,,,
10/25/2020,2020,10,25,1,30,0,0,-4.1,0.16,3.4,79.58,-1,993,,,,,,,,,,,,,,,,,,,,,,,,,,,,,,,,,
10/25/2020,2020,10,25,2,30,0,0,-4.4,0.16,3.5,78.78,-1.2,993,,,,,,,,,,,,,,,,,,,,,,,,,,,,,,,,,
10/25/2020,2020,10,25,3,30,0,0,-4.7,0.16,3.4,77.84,-1.3,992,,,,,,,,,,,,,,,,,,,,,,,,,,,,,,,,,
10/25/2020,2020,10,25,4,30,0,0,-4.7,0.16,3.2,77.67,-1.3,992,,,,,,,,,,,,,,,,,,,,,,,,,,,,,,,,,
10/25/2020,2020,10,25,5,30,0,0,-4.6,0.16,3,78.01,-1.3,992,,,,,,,,,,,,,,,,,,,,,,,,,,,,,,,,,
10/25/2020,2020,10,25,6,30,0,0,-4.5,0.16,2.9,77.54,-1.1,992,,,,,,,,,,,,,,,,,,,,,,,,,,,,,,,,,
10/25/2020,2020,10,25,7,30,31,0,-4.4,0.16,3.3,75.06,-0.5,993,,,,,,,,,,,,,,,,,,,,,,,,,,,,,,,,,
10/25/2020,2020,10,25,8,30,36,0,-4.4,0.16,3.7,69.58,0.5,993,,,,,,,,,,,,,,,,,,,,,,,,,,,,,,,,,
10/25/2020,2020,10,25,9,30,80,2,-4.5,0.16,3.8,63.23,1.8,993,,,,,,,,,,,,,,,,,,,,,,,,,,,,,,,,,
10/25/2020,2020,10,25,10,30,36,0,-4,0.16,3.8,59.83,3.1,993,,,,,,,,,,,,,,,,,,,,,,,,,,,,,,,,,
10/25/2020,2020,10,25,11,30,65,0,-3.3,0.16,3.8,58.9,4,993,,,,,,,,,,,,,,,,,,,,,,,,,,,,,,,,,
10/25/2020,2020,10,25,12,30,70,0,-2.9,0.16,3.9,59.5,4.3,992,,,,,,,,,,,,,,,,,,,,,,,,,,,,,,,,,
10/25/2020,2020,10,25,13,30,57,0,-2.7,0.16,4.1,61.1,4.1,992,,,,,,,,,,,,,,,,,,,,,,,,,,,,,,,,,
10/25/2020,2020,10,25,14,30,50,0,-2.7,0.16,4.2,63.74,3.5,992,,,,,,,,,,,,,,,,,,,,,,,,,,,,,,,,,
10/25/2020,2020,10,25,15,30,32,52,-2.8,0.16,4.2,66.4,2.8,992,,,,,,,,,,,,,,,,,,,,,,,,,,,,,,,,,
10/25/2020,2020,10,25,16,30,40,165,-3,0.16,3.8,71.04,1.7,992,,,,,,,,,,,,,,,,,,,,,,,,,,,,,,,,,
10/25/2020,2020,10,25,17,30,0,0,-3,0.16,3.5,74.27,1.1,992,,,,,,,,,,,,,,,,,,,,,,,,,,,,,,,,,
10/25/2020,2020,10,25,18,30,0,0,-2.9,0.87,3.5,81.39,-0.1,993,,,,,,,,,,,,,,,,,,,,,,,,,,,,,,,,,
10/25/2020,2020,10,25,19,30,0,0,-3,0.87,3.7,84.45,-0.7,994,,,,,,,,,,,,,,,,,,,,,,,,,,,,,,,,,
10/25/2020,2020,10,25,20,30,0,0,-3.3,0.87,4.1,85.28,-1.1,994,,,,,,,,,,,,,,,,,,,,,,,,,,,,,,,,,
10/25/2020,2020,10,25,21,30,0,0,-3.6,0.87,4.5,84.89,-1.4,995,,,,,,,,,,,,,,,,,,,,,,,,,,,,,,,,,
10/25/2020,2020,10,25,22,30,0,0,-4.1,0.87,4.7,84.5,-1.8,995,,,,,,,,,,,,,,,,,,,,,,,,,,,,,,,,,
10/25/2020,2020,10,25,23,30,0,0,-4.6,0.87,4.7,83.7,-2.2,995,,,,,,,,,,,,,,,,,,,,,,,,,,,,,,,,,
10/26/2020,2020,10,26,0,30,0,0,-5.1,0.87,4.6,83.69,-2.7,995,,,,,,,,,,,,,,,,,,,,,,,,,,,,,,,,,
10/26/2020,2020,10,26,1,30,0,0,-5.4,0.87,4.6,83.02,-2.9,996,,,,,,,,,,,,,,,,,,,,,,,,,,,,,,,,,
10/26/2020,2020,10,26,2,30,0,0,-5.6,0.87,4.5,82.55,-3,996,,,,,,,,,,,,,,,,,,,,,,,,,,,,,,,,,
10/26/2020,2020,10,26,3,30,0,0,-5.8,0.87,4,81.55,-3.1,996,,,,,,,,,,,,,,,,,,,,,,,,,,,,,,,,,
10/26/2020,2020,10,26,4,30,0,0,-6,0.87,3.4,81.34,-3.3,996,,,,,,,,,,,,,,,,,,,,,,,,,,,,,,,,,
10/26/2020,2020,10,26,5,30,0,0,-6.4,0.87,3,80.26,-3.5,996,,,,,,,,,,,,,,,,,,,,,,,,,,,,,,,,,
10/26/2020,2020,10,26,6,30,0,0,-6.7,0.87,3.2,77.54,-3.3,996,,,,,,,,,,,,,,,,,,,,,,,,,,,,,,,,,
10/26/2020,2020,10,26,7,30,41,1,-6.9,0.87,3.7,72.38,-2.6,997,,,,,,,,,,,,,,,,,,,,,,,,,,,,,,,,,
10/26/2020,2020,10,26,8,30,106,42,-7.4,0.87,3.9,64.33,-1.5,997,,,,,,,,,,,,,,,,,,,,,,,,,,,,,,,,,
10/26/2020,2020,10,26,9,30,151,91,-7.9,0.87,4,56.78,-0.4,998,,,,,,,,,,,,,,,,,,,,,,,,,,,,,,,,,
10/26/2020,2020,10,26,10,30,181,23,-8.5,0.87,3.8,50.79,0.5,997,,,,,,,,,,,,,,,,,,,,,,,,,,,,,,,,,
10/26/2020,2020,10,26,11,30,244,300,-8.8,0.87,3.6,46.88,1.3,997,,,,,,,,,,,,,,,,,,,,,,,,,,,,,,,,,
10/26/2020,2020,10,26,12,30,227,378,-8.8,0.87,3.5,45.57,1.7,997,,,,,,,,,,,,,,,,,,,,,,,,,,,,,,,,,
10/26/2020,2020,10,26,13,30,223,258,-9,0.87,3.3,44.63,1.8,997,,,,,,,,,,,,,,,,,,,,,,,,,,,,,,,,,
10/26/2020,2020,10,26,14,30,177,215,-9.3,0.87,3.2,44,1.7,996,,,,,,,,,,,,,,,,,,,,,,,,,,,,,,,,,
10/26/2020,2020,10,26,15,30,97,360,-9.6,0.87,3,44.73,1.1,996,,,,,,,,,,,,,,,,,,,,,,,,,,,,,,,,,
10/26/2020,2020,10,26,16,30,38,510,-9.8,0.87,2,50.33,-0.7,996,,,,,,,,,,,,,,,,,,,,,,,,,,,,,,,,,
10/26/2020,2020,10,26,17,30,0,0,-8.3,0.87,1.3,62.82,-2.2,996,,,,,,,,,,,,,,,,,,,,,,,,,,,,,,,,,
10/26/2020,2020,10,26,18,30,0,0,-8.5,0.16,1.3,69.26,-3.7,997,,,,,,,,,,,,,,,,,,,,,,,,,,,,,,,,,
10/26/2020,2020,10,26,19,30,0,0,-8.8,0.16,1.5,68.57,-3.9,997,,,,,,,,,,,,,,,,,,,,,,,,,,,,,,,,,
10/26/2020,2020,10,26,20,30,0,0,-9,0.16,1.7,67.63,-3.9,997,,,,,,,,,,,,,,,,,,,,,,,,,,,,,,,,,
10/26/2020,2020,10,26,21,30,0,0,-9,0.16,1.5,68.16,-4,997,,,,,,,,,,,,,,,,,,,,,,,,,,,,,,,,,
10/26/2020,2020,10,26,22,30,0,0,-8.7,0.16,1.3,69.28,-3.9,997,,,,,,,,,,,,,,,,,,,,,,,,,,,,,,,,,
10/26/2020,2020,10,26,23,30,0,0,-8.4,0.16,1.2,69.87,-3.7,997,,,,,,,,,,,,,,,,,,,,,,,,,,,,,,,,,
10/27/2020,2020,10,27,0,30,0,0,-8.4,0.16,1.2,68.93,-3.5,997,,,,,,,,,,,,,,,,,,,,,,,,,,,,,,,,,
10/27/2020,2020,10,27,1,30,0,0,-8,0.16,0.9,72.92,-3.9,997,,,,,,,,,,,,,,,,,,,,,,,,,,,,,,,,,
10/27/2020,2020,10,27,2,30,0,0,-7.9,0.16,0.7,77.38,-4.5,997,,,,,,,,,,,,,,,,,,,,,,,,,,,,,,,,,
10/27/2020,2020,10,27,3,30,0,0,-8.1,0.16,0.7,77.7,-4.8,996,,,,,,,,,,,,,,,,,,,,,,,,,,,,,,,,,
10/27/2020,2020,10,27,4,30,0,0,-8.3,0.16,0.7,77.8,-5,996,,,,,,,,,,,,,,,,,,,,,,,,,,,,,,,,,
10/27/2020,2020,10,27,5,30,0,0,-8.3,0.16,0.6,77.45,-5,996,,,,,,,,,,,,,,,,,,,,,,,,,,,,,,,,,
10/27/2020,2020,10,27,6,30,0,0,-8.5,0.16,0.8,74.22,-4.6,996,,,,,,,,,,,,,,,,,,,,,,,,,,,,,,,,,
10/27/2020,2020,10,27,7,30,37,469,-8.5,0.16,1.5,65.74,-3,996,,,,,,,,,,,,,,,,,,,,,,,,,,,,,,,,,
10/27/2020,2020,10,27,8,30,51,778,-9.4,0.16,1.8,53.06,-1,995,,,,,,,,,,,,,,,,,,,,,,,,,,,,,,,,,
10/27/2020,2020,10,27,9,30,64,865,-9.7,0.16,2,46.04,0.6,995,,,,,,,,,,,,,,,,,,,,,,,,,,,,,,,,,
10/27/2020,2020,10,27,10,30,65,933,-9.2,0.16,2.5,43.33,2,995,,,,,,,,,,,,,,,,,,,,,,,,,,,,,,,,,
10/27/2020,2020,10,27,11,30,114,790,-8.5,0.16,2.6,42.47,3,994,,,,,,,,,,,,,,,,,,,,,,,,,,,,,,,,,
10/27/2020,2020,10,27,12,30,76,942,-8.2,0.16,2.9,41.7,3.6,993,,,,,,,,,,,,,,,,,,,,,,,,,,,,,,,,,
10/27/2020,2020,10,27,13,30,72,922,-8,0.16,3.2,40.97,4.1,991,,,,,,,,,,,,,,,,,,,,,,,,,,,,,,,,,
10/27/2020,2020,10,27,14,30,65,880,-7.7,0.16,3.1,41.32,4.3,991,,,,,,,,,,,,,,,,,,,,,,,,,,,,,,,,,
10/27/2020,2020,10,27,15,30,53,778,-7.5,0.16,2.5,44.17,3.6,990,,,,,,,,,,,,,,,,,,,,,,,,,,,,,,,,,
10/27/2020,2020,10,27,16,30,34,540,-6.2,0.16,1.7,59.68,0.8,990,,,,,,,,,,,,,,,,,,,,,,,,,,,,,,,,,
10/27/2020,2020,10,27,17,30,0,0,-6.3,0.16,1.4,68.52,-1.2,990,,,,,,,,,,,,,,,,,,,,,,,,,,,,,,,,,
10/27/2020,2020,10,27,18,30,0,0,-7,0.16,1.6,72.24,-2.7,990,,,,,,,,,,,,,,,,,,,,,,,,,,,,,,,,,
10/27/2020,2020,10,27,19,30,0,0,-7.3,0.16,1.6,73.53,-3.2,990,,,,,,,,,,,,,,,,,,,,,,,,,,,,,,,,,
10/27/2020,2020,10,27,20,30,0,0,-7.5,0.16,2.1,71.88,-3.1,989,,,,,,,,,,,,,,,,,,,,,,,,,,,,,,,,,
10/27/2020,2020,10,27,21,30,0,0,-7.5,0.16,2.9,69.81,-2.7,989,,,,,,,,,,,,,,,,,,,,,,,,,,,,,,,,,
10/27/2020,2020,10,27,22,30,0,0,-7.4,0.16,3.4,69.74,-2.6,989,,,,,,,,,,,,,,,,,,,,,,,,,,,,,,,,,
10/27/2020,2020,10,27,23,30,0,0,-7.2,0.16,3.3,71.96,-2.9,988,,,,,,,,,,,,,,,,,,,,,,,,,,,,,,,,,
10/28/2020,2020,10,28,0,30,0,0,-7.1,0.16,3.1,74.16,-3.2,988,,,,,,,,,,,,,,,,,,,,,,,,,,,,,,,,,
10/28/2020,2020,10,28,1,30,0,0,-7.1,0.16,3,75.37,-3.4,987,,,,,,,,,,,,,,,,,,,,,,,,,,,,,,,,,
10/28/2020,2020,10,28,2,30,0,0,-7.2,0.16,3,75.7,-3.5,987,,,,,,,,,,,,,,,,,,,,,,,,,,,,,,,,,
10/28/2020,2020,10,28,3,30,0,0,-7.2,0.16,3,76,-3.6,987,,,,,,,,,,,,,,,,,,,,,,,,,,,,,,,,,
10/28/2020,2020,10,28,4,30,0,0,-7.2,0.16,2.9,75.99,-3.6,986,,,,,,,,,,,,,,,,,,,,,,,,,,,,,,,,,
10/28/2020,2020,10,28,5,30,0,0,-7.2,0.16,2.8,76.79,-3.7,986,,,,,,,,,,,,,,,,,,,,,,,,,,,,,,,,,
10/28/2020,2020,10,28,6,30,0,0,-7.2,0.16,2.8,74.65,-3.3,985,,,,,,,,,,,,,,,,,,,,,,,,,,,,,,,,,
10/28/2020,2020,10,28,7,30,32,587,-7,0.16,2.9,67.62,-1.8,984,,,,,,,,,,,,,,,,,,,,,,,,,,,,,,,,,
10/28/2020,2020,10,28,8,30,47,806,-6.4,0.16,2.6,57.87,1,984,,,,,,,,,,,,,,,,,,,,,,,,,,,,,,,,,
10/28/2020,2020,10,28,9,30,56,902,-5,0.16,2.7,50.22,4.5,984,,,,,,,,,,,,,,,,,,,,,,,,,,,,,,,,,
10/28/2020,2020,10,28,10,30,61,942,-3.9,0.16,3.5,42.34,8.1,984,,,,,,,,,,,,,,,,,,,,,,,,,,,,,,,,,
10/28/2020,2020,10,28,11,30,82,896,-4.1,0.16,3.8,35.26,10.7,984,,,,,,,,,,,,,,,,,,,,,,,,,,,,,,,,,
10/28/2020,2020,10,28,12,30,213,405,-4.1,0.16,3.7,32.12,12.1,983,,,,,,,,,,,,,,,,,,,,,,,,,,,,,,,,,
10/28/2020,2020,10,28,13,30,196,391,-4,0.16,3.6,30.64,12.9,983,,,,,,,,,,,,,,,,,,,,,,,,,,,,,,,,,
10/28/2020,2020,10,28,14,30,158,324,-3.9,0.16,3.2,30.87,12.9,983,,,,,,,,,,,,,,,,,,,,,,,,,,,,,,,,,
10/28/2020,2020,10,28,15,30,91,363,-2.5,0.16,2,38.42,11.1,982,,,,,,,,,,,,,,,,,,,,,,,,,,,,,,,,,
10/28/2020,2020,10,28,16,30,39,30,1,0.16,1.4,62.54,7.7,982,,,,,,,,,,,,,,,,,,,,,,,,,,,,,,,,,
10/28/2020,2020,10,28,17,30,0,0,-1.1,0.16,1.5,60.65,5.9,981,,,,,,,,,,,,,,,,,,,,,,,,,,,,,,,,,
10/28/2020,2020,10,28,18,30,0,0,-1.3,0.16,1.5,61.79,5.5,983,,,,,,,,,,,,,,,,,,,,,,,,,,,,,,,,,
10/28/2020,2020,10,28,19,30,0,0,-0.2,0.16,2.3,66.12,5.6,983,,,,,,,,,,,,,,,,,,,,,,,,,,,,,,,,,
10/28/2020,2020,10,28,20,30,0,0,1,0.16,3.4,72.52,5.5,983,,,,,,,,,,,,,,,,,,,,,,,,,,,,,,,,,
10/28/2020,2020,10,28,21,30,0,0,2.1,0.16,3.2,85.85,4.3,983,,,,,,,,,,,,,,,,,,,,,,,,,,,,,,,,,
10/28/2020,2020,10,28,22,30,0,0,2.6,0.16,2.9,96.72,3.1,984,,,,,,,,,,,,,,,,,,,,,,,,,,,,,,,,,
10/28/2020,2020,10,28,23,30,0,0,2.6,0.16,3.8,100,2.6,984,,,,,,,,,,,,,,,,,,,,,,,,,,,,,,,,,
10/29/2020,2020,10,29,0,30,0,0,2,0.16,4.8,100,2,984,,,,,,,,,,,,,,,,,,,,,,,,,,,,,,,,,
10/29/2020,2020,10,29,1,30,0,0,1.3,0.16,5.3,100,1.3,984,,,,,,,,,,,,,,,,,,,,,,,,,,,,,,,,,
10/29/2020,2020,10,29,2,30,0,0,0.3,0.16,5.1,97.28,0.7,984,,,,,,,,,,,,,,,,,,,,,,,,,,,,,,,,,
10/29/2020,2020,10,29,3,30,0,0,-0.5,0.16,4.8,95.1,0.2,984,,,,,,,,,,,,,,,,,,,,,,,,,,,,,,,,,
10/29/2020,2020,10,29,4,30,0,0,-1.2,0.16,4.4,93.04,-0.2,985,,,,,,,,,,,,,,,,,,,,,,,,,,,,,,,,,
10/29/2020,2020,10,29,5,30,0,0,-1.9,0.16,4.1,91.69,-0.7,985,,,,,,,,,,,,,,,,,,,,,,,,,,,,,,,,,
10/29/2020,2020,10,29,6,30,0,0,-2.5,0.16,4,89.54,-1,985,,,,,,,,,,,,,,,,,,,,,,,,,,,,,,,,,
10/29/2020,2020,10,29,7,30,42,91,-3,0.16,4.5,82.15,-0.3,986,,,,,,,,,,,,,,,,,,,,,,,,,,,,,,,,,
10/29/2020,2020,10,29,8,30,105,163,-3.1,0.16,5.3,69.66,1.9,987,,,,,,,,,,,,,,,,,,,,,,,,,,,,,,,,,
10/29/2020,2020,10,29,9,30,179,126,-2.8,0.16,5.6,60.84,4.1,987,,,,,,,,,,,,,,,,,,,,,,,,,,,,,,,,,
10/29/2020,2020,10,29,10,30,135,6,-2.5,0.16,5.4,55.91,5.6,987,,,,,,,,,,,,,,,,,,,,,,,,,,,,,,,,,
10/29/2020,2020,10,29,11,30,197,47,-2.5,0.16,5.1,52.23,6.6,987,,,,,,,,,,,,,,,,,,,,,,,,,,,,,,,,,
10/29/2020,2020,10,29,12,30,170,20,-2.6,0.16,5,49.79,7.2,987,,,,,,,,,,,,,,,,,,,,,,,,,,,,,,,,,
10/29/2020,2020,10,29,13,30,181,42,-2.8,0.16,4.9,48.4,7.4,987,,,,,,,,,,,,,,,,,,,,,,,,,,,,,,,,,
10/29/2020,2020,10,29,14,30,132,6,-3.1,0.16,4.6,48.23,7.1,987,,,,,,,,,,,,,,,,,,,,,,,,,,,,,,,,,
10/29/2020,2020,10,29,15,30,71,208,-3.4,0.16,3.8,50.27,6.2,988,,,,,,,,,,,,,,,,,,,,,,,,,,,,,,,,,
10/29/2020,2020,10,29,16,30,31,506,-3.4,0.16,2.3,59.35,3.8,988,,,,,,,,,,,,,,,,,,,,,,,,,,,,,,,,,
10/29/2020,2020,10,29,17,30,0,0,-2.8,0.16,1.4,70.95,1.9,988,,,,,,,,,,,,,,,,,,,,,,,,,,,,,,,,,
10/29/2020,2020,10,29,18,30,0,0,-3.2,0.16,1.1,76.88,0.4,989,,,,,,,,,,,,,,,,,,,,,,,,,,,,,,,,,
10/29/2020,2020,10,29,19,30,0,0,-3.4,0.16,1,77.72,0,989,,,,,,,,,,,,,,,,,,,,,,,,,,,,,,,,,
10/29/2020,2020,10,29,20,30,0,0,-3.6,0.16,1,79.03,-0.4,990,,,,,,,,,,,,,,,,,,,,,,,,,,,,,,,,,
10/29/2020,2020,10,29,21,30,0,0,-3.8,0.16,1,80.4,-0.8,990,,,,,,,,,,,,,,,,,,,,,,,,,,,,,,,,,
10/29/2020,2020,10,29,22,30,0,0,-4,0.16,1,81.93,-1.3,990,,,,,,,,,,,,,,,,,,,,,,,,,,,,,,,,,
10/29/2020,2020,10,29,23,30,0,0,-4.1,0.16,1,83.78,-1.7,991,,,,,,,,,,,,,,,,,,,,,,,,,,,,,,,,,
10/30/2020,2020,10,30,0,30,0,0,-4,0.16,1,85.91,-2,991,,,,,,,,,,,,,,,,,,,,,,,,,,,,,,,,,
10/30/2020,2020,10,30,1,30,0,0,-3.9,0.16,1,88.57,-2.3,991,,,,,,,,,,,,,,,,,,,,,,,,,,,,,,,,,
10/30/2020,2020,10,30,2,30,0,0,-3.8,0.16,1,91.43,-2.6,991,,,,,,,,,,,,,,,,,,,,,,,,,,,,,,,,,
10/30/2020,2020,10,30,3,30,0,0,-3.7,0.16,1,93.74,-2.8,991,,,,,,,,,,,,,,,,,,,,,,,,,,,,,,,,,
10/30/2020,2020,10,30,4,30,0,0,-3.5,0.16,1,96.2,-3,992,,,,,,,,,,,,,,,,,,,,,,,,,,,,,,,,,
10/30/2020,2020,10,30,5,30,0,0,-3.4,0.16,1.1,97.83,-3.1,992,,,,,,,,,,,,,,,,,,,,,,,,,,,,,,,,,
10/30/2020,2020,10,30,6,30,0,0,-3.3,0.16,1.5,95.08,-2.6,992,,,,,,,,,,,,,,,,,,,,,,,,,,,,,,,,,
10/30/2020,2020,10,30,7,30,34,516,-3.1,0.16,2.3,84.03,-0.7,993,,,,,,,,,,,,,,,,,,,,,,,,,,,,,,,,,
10/30/2020,2020,10,30,8,30,52,751,-2.6,0.16,2.9,70.3,2.2,993,,,,,,,,,,,,,,,,,,,,,,,,,,,,,,,,,
10/30/2020,2020,10,30,9,30,63,856,-2.4,0.16,3.1,58.28,5.1,994,,,,,,,,,,,,,,,,,,,,,,,,,,,,,,,,,
10/30/2020,2020,10,30,10,30,68,908,-2.5,0.16,3.3,49.91,7.3,993,,,,,,,,,,,,,,,,,,,,,,,,,,,,,,,,,
10/30/2020,2020,10,30,11,30,69,932,-2.2,0.16,3.3,45.92,8.8,993,,,,,,,,,,,,,,,,,,,,,,,,,,,,,,,,,
10/30/2020,2020,10,30,12,30,67,934,-2,0.16,3.3,43.4,9.9,992,,,,,,,,,,,,,,,,,,,,,,,,,,,,,,,,,
10/30/2020,2020,10,30,13,30,65,907,-1.8,0.16,3.2,42.35,10.5,992,,,,,,,,,,,,,,,,,,,,,,,,,,,,,,,,,
10/30/2020,2020,10,30,14,30,60,851,-1.6,0.16,3.2,42.98,10.5,991,,,,,,,,,,,,,,,,,,,,,,,,,,,,,,,,,
10/30/2020,2020,10,30,15,30,51,737,-1.3,0.16,2.7,46.74,9.5,991,,,,,,,,,,,,,,,,,,,,,,,,,,,,,,,,,
10/30/2020,2020,10,30,16,30,32,480,-0.2,0.16,2,61.42,6.7,991,,,,,,,,,,,,,,,,,,,,,,,,,,,,,,,,,
10/30/2020,2020,10,30,17,30,0,0,-0.3,0.16,1.8,69.41,4.8,991,,,,,,,,,,,,,,,,,,,,,,,,,,,,,,,,,
10/30/2020,2020,10,30,18,30,0,0,-0.8,0.16,2.8,70.17,4.1,991,,,,,,,,,,,,,,,,,,,,,,,,,,,,,,,,,
10/30/2020,2020,10,30,19,30,0,0,-1.1,0.16,3.2,70.99,3.7,991,,,,,,,,,,,,,,,,,,,,,,,,,,,,,,,,,
10/30/2020,2020,10,30,20,30,0,0,-1.1,0.16,3.4,73.15,3.2,991,,,,,,,,,,,,,,,,,,,,,,,,,,,,,,,,,
10/30/2020,2020,10,30,21,30,0,0,-1.1,0.16,3.6,76.4,2.6,990,,,,,,,,,,,,,,,,,,,,,,,,,,,,,,,,,
10/30/2020,2020,10,30,22,30,0,0,-1.1,0.16,3.8,79.61,2.1,990,,,,,,,,,,,,,,,,,,,,,,,,,,,,,,,,,
10/30/2020,2020,10,30,23,30,0,0,-1,0.16,3.9,82.51,1.7,989,,,,,,,,,,,,,,,,,,,,,,,,,,,,,,,,,
10/31/2020,2020,10,31,0,30,0,0,-0.8,0.16,4,85.32,1.4,988,,,,,,,,,,,,,,,,,,,,,,,,,,,,,,,,,
10/31/2020,2020,10,31,1,30,0,0,-0.5,0.16,4.1,87.59,1.3,988,,,,,,,,,,,,,,,,,,,,,,,,,,,,,,,,,
10/31/2020,2020,10,31,2,30,0,0,-0.2,0.16,4,90.54,1.2,987,,,,,,,,,,,,,,,,,,,,,,,,,,,,,,,,,
10/31/2020,2020,10,31,3,30,0,0,0.3,0.16,3.9,93.69,1.2,986,,,,,,,,,,,,,,,,,,,,,,,,,,,,,,,,,
10/31/2020,2020,10,31,4,30,0,0,0.8,0.16,4,96.26,1.3,985,,,,,,,,,,,,,,,,,,,,,,,,,,,,,,,,,
10/31/2020,2020,10,31,5,30,0,0,1.2,0.16,4.4,97.06,1.6,985,,,,,,,,,,,,,,,,,,,,,,,,,,,,,,,,,
10/31/2020,2020,10,31,6,30,0,0,1.5,0.16,4.8,94.62,2.3,984,,,,,,,,,,,,,,,,,,,,,,,,,,,,,,,,,
10/31/2020,2020,10,31,7,30,35,459,2.3,0.16,5.4,87.57,4.2,984,,,,,,,,,,,,,,,,,,,,,,,,,,,,,,,,,
10/31/2020,2020,10,31,8,30,57,698,3.8,0.16,6,77.75,7.4,984,,,,,,,,,,,,,,,,,,,,,,,,,,,,,,,,,
10/31/2020,2020,10,31,9,30,69,809,4.5,0.16,7.1,61.94,11.5,983,,,,,,,,,,,,,,,,,,,,,,,,,,,,,,,,,
10/31/2020,2020,10,31,10,30,73,869,4.5,0.16,8.1,49.23,15.1,982,,,,,,,,,,,,,,,,,,,,,,,,,,,,,,,,,
10/31/2020,2020,10,31,11,30,74,899,4.2,0.16,8.4,41.65,17.4,981,,,,,,,,,,,,,,,,,,,,,,,,,,,,,,,,,
10/31/2020,2020,10,31,12,30,73,900,4.1,0.16,8.1,38.61,18.5,980,,,,,,,,,,,,,,,,,,,,,,,,,,,,,,,,,
10/31/2020,2020,10,31,13,30,71,871,4.4,0.16,7.2,38.41,18.9,980,,,,,,,,,,,,,,,,,,,,,,,,,,,,,,,,,
10/31/2020,2020,10,31,14,30,71,771,4.7,0.16,6.1,40.14,18.5,980,,,,,,,,,,,,,,,,,,,,,,,,,,,,,,,,,
10/31/2020,2020,10,31,15,30,53,699,4.5,0.16,4.8,43.56,17,981,,,,,,,,,,,,,,,,,,,,,,,,,,,,,,,,,
10/31/2020,2020,10,31,16,30,36,315,4.2,0.16,3.5,51.75,14,982,,,,,,,,,,,,,,,,,,,,,,,,,,,,,,,,,
10/31/2020,2020,10,31,17,30,0,0,4.2,0.16,2.9,57.62,12.3,983,,,,,,,,,,,,,,,,,,,,,,,,,,,,,,,,,
10/31/2020,2020,10,31,18,30,0,0,4.2,0.16,4.1,61.53,11.3,985,,,,,,,,,,,,,,,,,,,,,,,,,,,,,,,,,
10/31/2020,2020,10,31,19,30,0,0,4.2,0.16,5.3,64.94,10.5,986,,,,,,,,,,,,,,,,,,,,,,,,,,,,,,,,,
10/31/2020,2020,10,31,20,30,0,0,2.5,0.16,6.1,63.62,9,988,,,,,,,,,,,,,,,,,,,,,,,,,,,,,,,,,
10/31/2020,2020,10,31,21,30,0,0,-1,0.16,6.4,55.61,7.3,989,,,,,,,,,,,,,,,,,,,,,,,,,,,,,,,,,
10/31/2020,2020,10,31,22,30,0,0,-3.5,0.16,6.4,51.43,5.8,990,,,,,,,,,,,,,,,,,,,,,,,,,,,,,,,,,
10/31/2020,2020,10,31,23,30,0,0,-4.8,0.16,6.5,51.31,4.4,991,,,,,,,,,,,,,,,,,,,,,,,,,,,,,,,,,
11/1/2020,2020,11,1,0,30,0,0,-5.5,0.16,6.4,52.83,3.2,992,,,,,,,,,,,,,,,,,,,,,,,,,,,,,,,,,
11/1/2020,2020,11,1,1,30,0,0,-6,0.16,6.3,54.86,2.1,992,,,,,,,,,,,,,,,,,,,,,,,,,,,,,,,,,
11/1/2020,2020,11,1,2,30,0,0,-6.6,0.16,6.2,56.63,1.1,993,,,,,,,,,,,,,,,,,,,,,,,,,,,,,,,,,
11/1/2020,2020,11,1,3,30,0,0,-7.1,0.16,6,57.98,0.2,993,,,,,,,,,,,,,,,,,,,,,,,,,,,,,,,,,
11/1/2020,2020,11,1,4,30,0,0,-7.5,0.16,5.8,59.65,-0.6,994,,,,,,,,,,,,,,,,,,,,,,,,,,,,,,,,,
11/1/2020,2020,11,1,5,30,0,0,-7.8,0.16,5.8,60.12,-1,995,,,,,,,,,,,,,,,,,,,,,,,,,,,,,,,,,
11/1/2020,2020,11,1,6,30,0,0,-8,0.16,5.8,60.27,-1.3,996,,,,,,,,,,,,,,,,,,,,,,,,,,,,,,,,,
11/1/2020,2020,11,1,7,30,40,318,-8.3,0.16,6.1,57.47,-0.9,997,,,,,,,,,,,,,,,,,,,,,,,,,,,,,,,,,
11/1/2020,2020,11,1,8,30,49,812,-8.7,0.16,6.6,50.82,0.3,999,,,,,,,,,,,,,,,,,,,,,,,,,,,,,,,,,
11/1/2020,2020,11,1,9,30,57,914,-9.7,0.16,6.8,42.01,1.9,999,,,,,,,,,,,,,,,,,,,,,,,,,,,,,,,,,
11/1/2020,2020,11,1,10,30,61,968,-10.7,0.16,6.7,34.21,3.6,1000,,,,,,,,,,,,,,,,,,,,,,,,,,,,,,,,,
11/1/2020,2020,11,1,11,30,67,980,-11.9,0.16,6.4,27.93,5.2,1000,,,,,,,,,,,,,,,,,,,,,,,,,,,,,,,,,
11/1/2020,2020,11,1,12,30,71,970,-12.8,0.16,6,23.81,6.4,1000,,,,,,,,,,,,,,,,,,,,,,,,,,,,,,,,,
11/1/2020,2020,11,1,13,30,66,952,-13.4,0.16,5.4,21.78,7,1000,,,,,,,,,,,,,,,,,,,,,,,,,,,,,,,,,
11/1/2020,2020,11,1,14,30,58,893,-13.7,0.16,4.8,21.17,7.1,1000,,,,,,,,,,,,,,,,,,,,,,,,,,,,,,,,,
11/1/2020,2020,11,1,15,30,48,786,-13.6,0.16,3.4,22.93,6.1,1000,,,,,,,,,,,,,,,,,,,,,,,,,,,,,,,,,
11/1/2020,2020,11,1,16,30,29,511,-10.4,0.16,1.8,36.32,3.1,1001,,,,,,,,,,,,,,,,,,,,,,,,,,,,,,,,,
11/1/2020,2020,11,1,17,30,0,0,-7.9,0.16,1.3,51.63,1,1001,,,,,,,,,,,,,,,,,,,,,,,,,,,,,,,,,
11/1/2020,2020,11,1,18,30,0,0,-8.5,0.16,1.3,51.84,0.2,1001,,,,,,,,,,,,,,,,,,,,,,,,,,,,,,,,,
11/1/2020,2020,11,1,19,30,0,0,-9.3,0.16,1.2,49.36,0.1,1000,,,,,,,,,,,,,,,,,,,,,,,,,,,,,,,,,
11/1/2020,2020,11,1,20,30,0,0,-9.9,0.16,1.2,46.82,0.1,1000,,,,,,,,,,,,,,,,,,,,,,,,,,,,,,,,,
11/1/2020,2020,11,1,21,30,0,0,-10.5,0.16,1.2,45.5,-0.1,1000,,,,,,,,,,,,,,,,,,,,,,,,,,,,,,,,,
11/1/2020,2020,11,1,22,30,0,0,-10.7,0.16,1.2,46.91,-0.8,1000,,,,,,,,,,,,,,,,,,,,,,,,,,,,,,,,,
11/1/2020,2020,11,1,23,30,0,0,-10.6,0.16,1.3,50.48,-1.6,999,,,,,,,,,,,,,,,,,,,,,,,,,,,,,,,,,
11/2/2020,2020,11,2,0,30,0,0,-10.3,0.16,1.3,53.28,-2.1,999,,,,,,,,,,,,,,,,,,,,,,,,,,,,,,,,,
11/2/2020,2020,11,2,1,30,0,0,-10.2,0.16,1.4,55.05,-2.4,999,,,,,,,,,,,,,,,,,,,,,,,,,,,,,,,,,
11/2/2020,2020,11,2,2,30,0,0,-9.9,0.16,1.6,57.31,-2.6,999,,,,,,,,,,,,,,,,,,,,,,,,,,,,,,,,,
11/2/2020,2020,11,2,3,30,0,0,-9.8,0.16,2.1,56.36,-2.3,998,,,,,,,,,,,,,,,,,,,,,,,,,,,,,,,,,
11/2/2020,2020,11,2,4,30,0,0,-10,0.16,2.8,53.99,-1.9,997,,,,,,,,,,,,,,,,,,,,,,,,,,,,,,,,,
11/2/2020,2020,11,2,5,30,0,0,-10,0.16,3.4,53.26,-1.7,996,,,,,,,,,,,,,,,,,,,,,,,,,,,,,,,,,
11/2/2020,2020,11,2,6,30,0,0,-9.5,0.16,3.6,54.93,-1.6,996,,,,,,,,,,,,,,,,,,,,,,,,,,,,,,,,,
11/2/2020,2020,11,2,7,30,36,373,-8.8,0.16,4,53.1,-0.4,995,,,,,,,,,,,,,,,,,,,,,,,,,,,,,,,,,
11/2/2020,2020,11,2,8,30,45,758,-7.9,0.16,4.3,47.25,2.2,995,,,,,,,,,,,,,,,,,,,,,,,,,,,,,,,,,
11/2/2020,2020,11,2,9,30,54,860,-6.7,0.16,4.9,40.3,5.8,994,,,,,,,,,,,,,,,,,,,,,,,,,,,,,,,,,
11/2/2020,2020,11,2,10,30,125,638,-6.1,0.16,5.5,33.01,9.4,993,,,,,,,,,,,,,,,,,,,,,,,,,,,,,,,,,
11/2/2020,2020,11,2,11,30,87,836,-4.3,0.16,5.3,31.62,12.1,992,,,,,,,,,,,,,,,,,,,,,,,,,,,,,,,,,
11/2/2020,2020,11,2,12,30,70,904,-2.3,0.16,4.6,32.39,14,991,,,,,,,,,,,,,,,,,,,,,,,,,,,,,,,,,
11/2/2020,2020,11,2,13,30,63,886,-0.9,0.16,4,32.87,15.3,990,,,,,,,,,,,,,,,,,,,,,,,,,,,,,,,,,
11/2/2020,2020,11,2,14,30,57,833,-0.3,0.16,3.2,33.68,15.7,990,,,,,,,,,,,,,,,,,,,,,,,,,,,,,,,,,
11/2/2020,2020,11,2,15,30,47,719,1.1,0.16,2,41.66,13.9,989,,,,,,,,,,,,,,,,,,,,,,,,,,,,,,,,,
11/2/2020,2020,11,2,16,30,29,449,3.9,0.16,1.4,64,10.4,989,,,,,,,,,,,,,,,,,,,,,,,,,,,,,,,,,
11/2/2020,2020,11,2,17,30,0,0,1.6,0.16,1.5,61.35,8.6,989,,,,,,,,,,,,,,,,,,,,,,,,,,,,,,,,,
11/2/2020,2020,11,2,18,30,0,0,1,0.16,1.6,63.83,7.4,989,,,,,,,,,,,,,,,,,,,,,,,,,,,,,,,,,
11/2/2020,2020,11,2,19,30,0,0,0.7,0.16,1.7,64.69,6.9,989,,,,,,,,,,,,,,,,,,,,,,,,,,,,,,,,,
11/2/2020,2020,11,2,20,30,0,0,0.5,0.16,1.8,65.79,6.4,989,,,,,,,,,,,,,,,,,,,,,,,,,,,,,,,,,
11/2/2020,2020,11,2,21,30,0,0,0.3,0.16,1.8,67.11,5.9,989,,,,,,,,,,,,,,,,,,,,,,,,,,,,,,,,,
11/2/2020,2020,11,2,22,30,0,0,0.1,0.16,1.9,68.23,5.5,989,,,,,,,,,,,,,,,,,,,,,,,,,,,,,,,,,
11/2/2020,2020,11,2,23,30,0,0,0,0.16,1.9,69.69,5.1,989,,,,,,,,,,,,,,,,,,,,,,,,,,,,,,,,,
11/3/2020,2020,11,3,0,30,0,0,0,0.16,2,70.95,4.8,988,,,,,,,,,,,,,,,,,,,,,,,,,,,,,,,,,
11/3/2020,2020,11,3,1,30,0,0,0,0.16,2,73.23,4.4,988,,,,,,,,,,,,,,,,,,,,,,,,,,,,,,,,,
11/3/2020,2020,11,3,2,30,0,0,0.2,0.16,1.9,76.09,4,988,,,,,,,,,,,,,,,,,,,,,,,,,,,,,,,,,
11/3/2020,2020,11,3,3,30,0,0,0.4,0.16,1.9,78.97,3.7,987,,,,,,,,,,,,,,,,,,,,,,,,,,,,,,,,,
11/3/2020,2020,11,3,4,30,0,0,0.8,0.16,1.9,81.89,3.6,987,,,,,,,,,,,,,,,,,,,,,,,,,,,,,,,,,
11/3/2020,2020,11,3,5,30,0,0,1.4,0.16,1.9,86.65,3.4,987,,,,,,,,,,,,,,,,,,,,,,,,,,,,,,,,,
11/3/2020,2020,11,3,6,30,0,0,2.1,0.16,2.2,87.81,3.9,986,,,,,,,,,,,,,,,,,,,,,,,,,,,,,,,,,
11/3/2020,2020,11,3,7,30,29,516,2.9,0.16,3.1,79.29,6.2,986,,,,,,,,,,,,,,,,,,,,,,,,,,,,,,,,,
11/3/2020,2020,11,3,8,30,45,765,4,0.16,3.7,68.69,9.5,986,,,,,,,,,,,,,,,,,,,,,,,,,,,,,,,,,
11/3/2020,2020,11,3,9,30,54,866,5.2,0.16,3.7,60.16,12.7,986,,,,,,,,,,,,,,,,,,,,,,,,,,,,,,,,,
11/3/2020,2020,11,3,10,30,60,911,6.7,0.16,4.1,52.55,16.4,985,,,,,,,,,,,,,,,,,,,,,,,,,,,,,,,,,
11/3/2020,2020,11,3,11,30,64,928,8,0.16,4.9,47.19,19.6,984,,,,,,,,,,,,,,,,,,,,,,,,,,,,,,,,,
11/3/2020,2020,11,3,12,30,66,918,8.7,0.16,5.4,43.86,21.5,983,,,,,,,,,,,,,,,,,,,,,,,,,,,,,,,,,
11/3/2020,2020,11,3,13,30,64,892,8.9,0.16,5.4,42,22.4,983,,,,,,,,,,,,,,,,,,,,,,,,,,,,,,,,,
11/3/2020,2020,11,3,14,30,60,833,9,0.16,4.8,43.01,22.2,982,,,,,,,,,,,,,,,,,,,,,,,,,,,,,,,,,
11/3/2020,2020,11,3,15,30,49,715,9.7,0.16,3.8,50.87,20.2,982,,,,,,,,,,,,,,,,,,,,,,,,,,,,,,,,,
11/3/2020,2020,11,3,16,30,29,433,10.2,0.16,3.1,64.35,17,982,,,,,,,,,,,,,,,,,,,,,,,,,,,,,,,,,
11/3/2020,2020,11,3,17,30,0,0,9.7,0.16,3,69.41,15.3,982,,,,,,,,,,,,,,,,,,,,,,,,,,,,,,,,,
11/3/2020,2020,11,3,18,30,0,0,9.5,0.16,3.7,74.01,14.1,982,,,,,,,,,,,,,,,,,,,,,,,,,,,,,,,,,
11/3/2020,2020,11,3,19,30,0,0,9.3,0.16,3.7,77.37,13.2,982,,,,,,,,,,,,,,,,,,,,,,,,,,,,,,,,,
11/3/2020,2020,11,3,20,30,0,0,9.1,0.16,3.7,80.91,12.3,982,,,,,,,,,,,,,,,,,,,,,,,,,,,,,,,,,
11/3/2020,2020,11,3,21,30,0,0,8.8,0.16,3.8,83.21,11.6,983,,,,,,,,,,,,,,,,,,,,,,,,,,,,,,,,,
11/3/2020,2020,11,3,22,30,0,0,8.3,0.16,3.8,84.66,10.8,983,,,,,,,,,,,,,,,,,,,,,,,,,,,,,,,,,
11/3/2020,2020,11,3,23,30,0,0,7.6,0.16,3.8,84.28,10.1,983,,,,,,,,,,,,,,,,,,,,,,,,,,,,,,,,,
11/4/2020,2020,11,4,0,30,0,0,6.9,0.16,3.7,84.36,9.4,983,,,,,,,,,,,,,,,,,,,,,,,,,,,,,,,,,
11/4/2020,2020,11,4,1,30,0,0,6.6,0.16,3.6,85.86,8.8,983,,,,,,,,,,,,,,,,,,,,,,,,,,,,,,,,,
11/4/2020,2020,11,4,2,30,0,0,6.5,0.16,3.4,90.3,8,983,,,,,,,,,,,,,,,,,,,,,,,,,,,,,,,,,
11/4/2020,2020,11,4,3,30,0,0,6.6,0.16,3.2,94.74,7.4,983,,,,,,,,,,,,,,,,,,,,,,,,,,,,,,,,,
11/4/2020,2020,11,4,4,30,0,0,6.8,0.16,3,99.85,6.8,983,,,,,,,,,,,,,,,,,,,,,,,,,,,,,,,,,
11/4/2020,2020,11,4,5,30,0,0,6.4,0.16,2.8,100,6.4,983,,,,,,,,,,,,,,,,,,,,,,,,,,,,,,,,,
11/4/2020,2020,11,4,6,30,0,0,6.4,0.16,2.8,100,6.4,983,,,,,,,,,,,,,,,,,,,,,,,,,,,,,,,,,
11/4/2020,2020,11,4,7,30,31,459,6.8,0.16,3.2,92.78,7.9,984,,,,,,,,,,,,,,,,,,,,,,,,,,,,,,,,,
11/4/2020,2020,11,4,8,30,50,723,7,0.16,3.3,78.87,10.5,984,,,,,,,,,,,,,,,,,,,,,,,,,,,,,,,,,
11/4/2020,2020,11,4,9,30,134,422,7.5,0.16,3.4,66.77,13.6,984,,,,,,,,,,,,,,,,,,,,,,,,,,,,,,,,,
11/4/2020,2020,11,4,10,30,69,877,8.2,0.16,3.8,58.55,16.3,984,,,,,,,,,,,,,,,,,,,,,,,,,,,,,,,,,
11/4/2020,2020,11,4,11,30,72,898,8.6,0.16,4,53.95,18.1,984,,,,,,,,,,,,,,,,,,,,,,,,,,,,,,,,,
11/4/2020,2020,11,4,12,30,70,899,9,0.16,4.1,49.45,19.9,984,,,,,,,,,,,,,,,,,,,,,,,,,,,,,,,,,
11/4/2020,2020,11,4,13,30,70,861,9.4,0.16,4.1,47.21,21.1,984,,,,,,,,,,,,,,,,,,,,,,,,,,,,,,,,,
11/4/2020,2020,11,4,14,30,63,805,9.7,0.16,3.4,49.62,20.6,984,,,,,,,,,,,,,,,,,,,,,,,,,,,,,,,,,
11/4/2020,2020,11,4,15,30,52,678,10.5,0.16,2.6,59.76,18.5,984,,,,,,,,,,,,,,,,,,,,,,,,,,,,,,,,,
11/4/2020,2020,11,4,16,30,31,177,10.4,0.16,2.3,70.52,15.7,985,,,,,,,,,,,,,,,,,,,,,,,,,,,,,,,,,
11/4/2020,2020,11,4,17,30,0,0,9.4,0.16,2.2,72.6,14.3,985,,,,,,,,,,,,,,,,,,,,,,,,,,,,,,,,,
11/4/2020,2020,11,4,18,30,0,0,8.9,0.16,2.3,78.24,12.6,986,,,,,,,,,,,,,,,,,,,,,,,,,,,,,,,,,
11/4/2020,2020,11,4,19,30,0,0,8.5,0.16,2.3,79.56,11.9,986,,,,,,,,,,,,,,,,,,,,,,,,,,,,,,,,,
11/4/2020,2020,11,4,20,30,0,0,8.2,0.16,2.3,81.2,11.3,986,,,,,,,,,,,,,,,,,,,,,,,,,,,,,,,,,
11/4/2020,2020,11,4,21,30,0,0,8,0.16,2.3,82.99,10.8,987,,,,,,,,,,,,,,,,,,,,,,,,,,,,,,,,,
11/4/2020,2020,11,4,22,30,0,0,7.9,0.16,2.4,84.16,10.5,987,,,,,,,,,,,,,,,,,,,,,,,,,,,,,,,,,
11/4/2020,2020,11,4,23,30,0,0,8,0.16,2.4,85.02,10.4,987,,,,,,,,,,,,,,,,,,,,,,,,,,,,,,,,,
11/5/2020,2020,11,5,0,30,0,0,8.2,0.16,2.4,87.73,10.1,987,,,,,,,,,,,,,,,,,,,,,,,,,,,,,,,,,
11/5/2020,2020,11,5,1,30,0,0,8.4,0.16,2.1,92.17,9.6,987,,,,,,,,,,,,,,,,,,,,,,,,,,,,,,,,,
11/5/2020,2020,11,5,2,30,0,0,8.6,0.16,1.9,98.56,8.8,987,,,,,,,,,,,,,,,,,,,,,,,,,,,,,,,,,
11/5/2020,2020,11,5,3,30,0,0,8.1,0.16,1.7,100,8.1,987,,,,,,,,,,,,,,,,,,,,,,,,,,,,,,,,,
11/5/2020,2020,11,5,4,30,0,0,7.9,0.16,1.6,100,7.9,988,,,,,,,,,,,,,,,,,,,,,,,,,,,,,,,,,
11/5/2020,2020,11,5,5,30,0,0,7.6,0.16,1.5,100,7.6,988,,,,,,,,,,,,,,,,,,,,,,,,,,,,,,,,,
11/5/2020,2020,11,5,6,30,0,0,7.3,0.16,1.5,100,7.3,988,,,,,,,,,,,,,,,,,,,,,,,,,,,,,,,,,
11/5/2020,2020,11,5,7,30,30,436,8.4,0.16,1.9,97.77,8.7,989,,,,,,,,,,,,,,,,,,,,,,,,,,,,,,,,,
11/5/2020,2020,11,5,8,30,49,713,8.4,0.16,2.1,82.57,11.3,989,,,,,,,,,,,,,,,,,,,,,,,,,,,,,,,,,
11/5/2020,2020,11,5,9,30,60,830,8.8,0.16,1.6,70.71,14,989,,,,,,,,,,,,,,,,,,,,,,,,,,,,,,,,,
11/5/2020,2020,11,5,10,30,65,888,9.2,0.16,1.3,60.38,16.9,989,,,,,,,,,,,,,,,,,,,,,,,,,,,,,,,,,
11/5/2020,2020,11,5,11,30,68,907,9.4,0.16,1.2,52.54,19.4,989,,,,,,,,,,,,,,,,,,,,,,,,,,,,,,,,,
11/5/2020,2020,11,5,12,30,70,899,9.4,0.16,1.1,46.98,21.2,989,,,,,,,,,,,,,,,,,,,,,,,,,,,,,,,,,
11/5/2020,2020,11,5,13,30,67,875,9,0.16,0.8,42.62,22.3,988,,,,,,,,,,,,,,,,,,,,,,,,,,,,,,,,,
11/5/2020,2020,11,5,14,30,60,817,8.6,0.16,0.6,41.22,22.4,988,,,,,,,,,,,,,,,,,,,,,,,,,,,,,,,,,
11/5/2020,2020,11,5,15,30,52,658,9.6,0.16,0.4,47.23,21.3,989,,,,,,,,,,,,,,,,,,,,,,,,,,,,,,,,,
11/5/2020,2020,11,5,16,30,27,400,10.1,0.16,0.5,54.16,19.6,989,,,,,,,,,,,,,,,,,,,,,,,,,,,,,,,,,
11/5/2020,2020,11,5,17,30,0,0,7.5,0.16,0.6,48.49,18.6,989,,,,,,,,,,,,,,,,,,,,,,,,,,,,,,,,,
11/5/2020,2020,11,5,18,30,0,0,7.5,0.16,1.2,59.72,15.3,989,,,,,,,,,,,,,,,,,,,,,,,,,,,,,,,,,
11/5/2020,2020,11,5,19,30,0,0,7.6,0.16,1.4,68.93,13.2,989,,,,,,,,,,,,,,,,,,,,,,,,,,,,,,,,,
11/5/2020,2020,11,5,20,30,0,0,7.8,0.16,1.4,76.48,11.8,989,,,,,,,,,,,,,,,,,,,,,,,,,,,,,,,,,
11/5/2020,2020,11,5,21,30,0,0,8,0.16,1.5,82.31,10.9,988,,,,,,,,,,,,,,,,,,,,,,,,,,,,,,,,,
11/5/2020,2020,11,5,22,30,0,0,8.1,0.16,1.5,85.79,10.4,988,,,,,,,,,,,,,,,,,,,,,,,,,,,,,,,,,
11/5/2020,2020,11,5,23,30,0,0,8.2,0.16,1.6,88.5,10,988,,,,,,,,,,,,,,,,,,,,,,,,,,,,,,,,,
11/6/2020,2020,11,6,0,30,0,0,8.2,0.16,1.7,91.58,9.5,988,,,,,,,,,,,,,,,,,,,,,,,,,,,,,,,,,
11/6/2020,2020,11,6,1,30,0,0,8.2,0.16,1.8,95.9,8.8,988,,,,,,,,,,,,,,,,,,,,,,,,,,,,,,,,,
11/6/2020,2020,11,6,2,30,0,0,8.1,0.16,1.8,100,8.1,988,,,,,,,,,,,,,,,,,,,,,,,,,,,,,,,,,
11/6/2020,2020,11,6,3,30,0,0,7.4,0.16,1.7,100,7.4,988,,,,,,,,,,,,,,,,,,,,,,,,,,,,,,,,,
11/6/2020,2020,11,6,4,30,0,0,6.8,0.16,1.6,100,6.8,988,,,,,,,,,,,,,,,,,,,,,,,,,,,,,,,,,
11/6/2020,2020,11,6,5,30,0,0,6.3,0.16,1.5,100,6.3,988,,,,,,,,,,,,,,,,,,,,,,,,,,,,,,,,,
11/6/2020,2020,11,6,6,30,0,0,6.4,0.16,1.6,100,6.4,988,,,,,,,,,,,,,,,,,,,,,,,,,,,,,,,,,
11/6/2020,2020,11,6,7,30,30,426,8.2,0.16,2.5,99.63,8.3,988,,,,,,,,,,,,,,,,,,,,,,,,,,,,,,,,,
11/6/2020,2020,11,6,8,30,55,684,8.6,0.16,3.3,83.59,11.3,988,,,,,,,,,,,,,,,,,,,,,,,,,,,,,,,,,
11/6/2020,2020,11,6,9,30,66,813,9.4,0.16,3.5,71.8,14.4,988,,,,,,,,,,,,,,,,,,,,,,,,,,,,,,,,,
11/6/2020,2020,11,6,10,30,72,868,10.4,0.16,4,61.29,18,987,,,,,,,,,,,,,,,,,,,,,,,,,,,,,,,,,
11/6/2020,2020,11,6,11,30,73,899,11.2,0.16,4.8,54.24,20.8,987,,,,,,,,,,,,,,,,,,,,,,,,,,,,,,,,,
11/6/2020,2020,11,6,12,30,69,904,11.5,0.16,5.3,50.79,22.2,986,,,,,,,,,,,,,,,,,,,,,,,,,,,,,,,,,
11/6/2020,2020,11,6,13,30,66,877,11.8,0.16,5.4,50.44,22.6,985,,,,,,,,,,,,,,,,,,,,,,,,,,,,,,,,,
11/6/2020,2020,11,6,14,30,61,811,12.1,0.16,5.2,52.43,22.3,985,,,,,,,,,,,,,,,,,,,,,,,,,,,,,,,,,
11/6/2020,2020,11,6,15,30,50,682,12.6,0.16,4.4,58.72,21,985,,,,,,,,,,,,,,,,,,,,,,,,,,,,,,,,,
11/6/2020,2020,11,6,16,30,28,380,13.3,0.16,3.5,71.97,18.4,984,,,,,,,,,,,,,,,,,,,,,,,,,,,,,,,,,
11/6/2020,2020,11,6,17,30,0,0,13.5,0.16,3.1,80.81,16.8,984,,,,,,,,,,,,,,,,,,,,,,,,,,,,,,,,,
11/6/2020,2020,11,6,18,30,0,0,13.9,0.16,4.1,86.77,16.1,985,,,,,,,,,,,,,,,,,,,,,,,,,,,,,,,,,
11/6/2020,2020,11,6,19,30,0,0,14.1,0.16,4.3,92.24,15.4,985,,,,,,,,,,,,,,,,,,,,,,,,,,,,,,,,,
11/6/2020,2020,11,6,20,30,0,0,14.2,0.16,4.4,96.39,14.8,985,,,,,,,,,,,,,,,,,,,,,,,,,,,,,,,,,
11/6/2020,2020,11,6,21,30,0,0,14.2,0.16,4.3,100,14.2,985,,,,,,,,,,,,,,,,,,,,,,,,,,,,,,,,,
11/6/2020,2020,11,6,22,30,0,0,13.7,0.16,4.1,100,13.7,985,,,,,,,,,,,,,,,,,,,,,,,,,,,,,,,,,
11/6/2020,2020,11,6,23,30,0,0,13.2,0.16,3.8,100,13.2,985,,,,,,,,,,,,,,,,,,,,,,,,,,,,,,,,,
11/7/2020,2020,11,7,0,30,0,0,12.8,0.16,3.7,100,12.8,985,,,,,,,,,,,,,,,,,,,,,,,,,,,,,,,,,
11/7/2020,2020,11,7,1,30,0,0,12.4,0.16,3.6,100,12.4,985,,,,,,,,,,,,,,,,,,,,,,,,,,,,,,,,,
11/7/2020,2020,11,7,2,30,0,0,12,0.16,3.6,100,12,985,,,,,,,,,,,,,,,,,,,,,,,,,,,,,,,,,
11/7/2020,2020,11,7,3,30,0,0,11.6,0.16,3.7,100,11.6,985,,,,,,,,,,,,,,,,,,,,,,,,,,,,,,,,,
11/7/2020,2020,11,7,4,30,0,0,11.3,0.16,3.9,100,11.3,985,,,,,,,,,,,,,,,,,,,,,,,,,,,,,,,,,
11/7/2020,2020,11,7,5,30,0,0,11,0.16,4,100,11,985,,,,,,,,,,,,,,,,,,,,,,,,,,,,,,,,,
11/7/2020,2020,11,7,6,30,0,0,10.8,0.16,4.2,100,10.8,985,,,,,,,,,,,,,,,,,,,,,,,,,,,,,,,,,
11/7/2020,2020,11,7,7,30,31,392,10.5,0.16,4.6,93.8,11.5,986,,,,,,,,,,,,,,,,,,,,,,,,,,,,,,,,,
11/7/2020,2020,11,7,8,30,54,679,10.6,0.16,5.2,81.95,13.6,986,,,,,,,,,,,,,,,,,,,,,,,,,,,,,,,,,
11/7/2020,2020,11,7,9,30,66,802,11.1,0.16,5.9,70.26,16.5,985,,,,,,,,,,,,,,,,,,,,,,,,,,,,,,,,,
11/7/2020,2020,11,7,10,30,72,862,11.8,0.16,6.5,62.38,19.2,985,,,,,,,,,,,,,,,,,,,,,,,,,,,,,,,,,
11/7/2020,2020,11,7,11,30,74,888,12.6,0.16,6.7,58.52,21,984,,,,,,,,,,,,,,,,,,,,,,,,,,,,,,,,,
11/7/2020,2020,11,7,12,30,72,891,12.7,0.16,6.8,55.44,22,984,,,,,,,,,,,,,,,,,,,,,,,,,,,,,,,,,
11/7/2020,2020,11,7,13,30,68,870,12.3,0.16,6.8,52.74,22.4,983,,,,,,,,,,,,,,,,,,,,,,,,,,,,,,,,,
11/7/2020,2020,11,7,14,30,61,812,11.8,0.16,6.5,51.88,22.1,983,,,,,,,,,,,,,,,,,,,,,,,,,,,,,,,,,
11/7/2020,2020,11,7,15,30,49,688,11.5,0.16,5.7,55.11,20.8,983,,,,,,,,,,,,,,,,,,,,,,,,,,,,,,,,,
11/7/2020,2020,11,7,16,30,27,387,11.5,0.16,4.6,64.06,18.4,983,,,,,,,,,,,,,,,,,,,,,,,,,,,,,,,,,
11/7/2020,2020,11,7,17,30,0,0,11.3,0.16,4.1,69.15,17,983,,,,,,,,,,,,,,,,,,,,,,,,,,,,,,,,,
11/7/2020,2020,11,7,18,30,0,0,11,0.16,4.6,76.03,15.2,983,,,,,,,,,,,,,,,,,,,,,,,,,,,,,,,,,
11/7/2020,2020,11,7,19,30,0,0,10.8,0.16,4.6,79.41,14.3,983,,,,,,,,,,,,,,,,,,,,,,,,,,,,,,,,,
11/7/2020,2020,11,7,20,30,0,0,10.8,0.16,4.5,83.11,13.6,983,,,,,,,,,,,,,,,,,,,,,,,,,,,,,,,,,
11/7/2020,2020,11,7,21,30,0,0,11.1,0.16,4.4,87.48,13.1,983,,,,,,,,,,,,,,,,,,,,,,,,,,,,,,,,,
11/7/2020,2020,11,7,22,30,0,0,11.4,0.16,4.5,90.27,13,983,,,,,,,,,,,,,,,,,,,,,,,,,,,,,,,,,
11/7/2020,2020,11,7,23,30,0,0,11.8,0.16,4.7,91.68,13.1,983,,,,,,,,,,,,,,,,,,,,,,,,,,,,,,,,,
11/8/2020,2020,11,8,0,30,0,0,12,0.16,4.7,94.42,12.9,983,,,,,,,,,,,,,,,,,,,,,,,,,,,,,,,,,
11/8/2020,2020,11,8,1,30,0,0,12.2,0.16,5.1,95.72,12.9,984,,,,,,,,,,,,,,,,,,,,,,,,,,,,,,,,,
11/8/2020,2020,11,8,2,30,0,0,12.5,0.16,5.5,94.92,13.3,983,,,,,,,,,,,,,,,,,,,,,,,,,,,,,,,,,
11/8/2020,2020,11,8,3,30,0,0,13,0.16,5.6,95.71,13.7,983,,,,,,,,,,,,,,,,,,,,,,,,,,,,,,,,,
11/8/2020,2020,11,8,4,30,0,0,13.5,0.16,5.4,97.47,13.9,983,,,,,,,,,,,,,,,,,,,,,,,,,,,,,,,,,
11/8/2020,2020,11,8,5,30,0,0,13.9,0.16,5.1,98.71,14.1,984,,,,,,,,,,,,,,,,,,,,,,,,,,,,,,,,,
11/8/2020,2020,11,8,6,30,0,0,14,0.16,4.5,100,14,984,,,,,,,,,,,,,,,,,,,,,,,,,,,,,,,,,
11/8/2020,2020,11,8,7,30,30,358,14.1,0.16,4.4,96.85,14.6,984,,,,,,,,,,,,,,,,,,,,,,,,,,,,,,,,,
11/8/2020,2020,11,8,8,30,54,641,14.1,0.16,5.4,85.54,16.5,984,,,,,,,,,,,,,,,,,,,,,,,,,,,,,,,,,
11/8/2020,2020,11,8,9,30,120,294,14.4,0.16,6.5,75.16,18.9,984,,,,,,,,,,,,,,,,,,,,,,,,,,,,,,,,,
11/8/2020,2020,11,8,10,30,133,3,14.9,0.16,7.3,68.93,20.8,984,,,,,,,,,,,,,,,,,,,,,,,,,,,,,,,,,
11/8/2020,2020,11,8,11,30,171,269,15,0.16,7.5,64.45,22,984,,,,,,,,,,,,,,,,,,,,,,,,,,,,,,,,,
11/8/2020,2020,11,8,12,30,145,381,14.8,0.16,7.6,60.73,22.8,983,,,,,,,,,,,,,,,,,,,,,,,,,,,,,,,,,
11/8/2020,2020,11,8,13,30,105,628,14.6,0.16,7.6,58.88,23.1,982,,,,,,,,,,,,,,,,,,,,,,,,,,,,,,,,,
11/8/2020,2020,11,8,14,30,59,791,14.4,0.16,7.4,58.67,22.9,982,,,,,,,,,,,,,,,,,,,,,,,,,,,,,,,,,
11/8/2020,2020,11,8,15,30,48,661,14.4,0.16,6.7,61.48,22.1,982,,,,,,,,,,,,,,,,,,,,,,,,,,,,,,,,,
11/8/2020,2020,11,8,16,30,26,342,14.7,0.16,6,68.04,20.8,982,,,,,,,,,,,,,,,,,,,,,,,,,,,,,,,,,
11/8/2020,2020,11,8,17,30,0,0,15.3,0.16,5.7,73.79,20.1,982,,,,,,,,,,,,,,,,,,,,,,,,,,,,,,,,,
11/8/2020,2020,11,8,18,30,0,0,15.9,0.16,6.1,80.89,19.3,983,,,,,,,,,,,,,,,,,,,,,,,,,,,,,,,,,
11/8/2020,2020,11,8,19,30,0,0,16.3,0.16,6.1,84.83,18.9,983,,,,,,,,,,,,,,,,,,,,,,,,,,,,,,,,,
11/8/2020,2020,11,8,20,30,0,0,16.3,0.16,6,87.3,18.5,983,,,,,,,,,,,,,,,,,,,,,,,,,,,,,,,,,
11/8/2020,2020,11,8,21,30,0,0,16.3,0.16,5.6,89.95,18,983,,,,,,,,,,,,,,,,,,,,,,,,,,,,,,,,,
11/8/2020,2020,11,8,22,30,0,0,16.4,0.16,5.1,93.57,17.4,983,,,,,,,,,,,,,,,,,,,,,,,,,,,,,,,,,
11/8/2020,2020,11,8,23,30,0,0,16.4,0.16,5,96.45,17,983,,,,,,,,,,,,,,,,,,,,,,,,,,,,,,,,,
11/9/2020,2020,11,9,0,30,0,0,16.5,0.16,5.2,97.61,16.9,983,,,,,,,,,,,,,,,,,,,,,,,,,,,,,,,,,
11/9/2020,2020,11,9,1,30,0,0,16.6,0.16,5.3,98.24,16.9,983,,,,,,,,,,,,,,,,,,,,,,,,,,,,,,,,,
11/9/2020,2020,11,9,2,30,0,0,16.7,0.16,5.4,98.11,17,983,,,,,,,,,,,,,,,,,,,,,,,,,,,,,,,,,
11/9/2020,2020,11,9,3,30,0,0,16.7,0.16,5.5,98.25,17,982,,,,,,,,,,,,,,,,,,,,,,,,,,,,,,,,,
11/9/2020,2020,11,9,4,30,0,0,16.7,0.16,5.6,97.51,17.1,982,,,,,,,,,,,,,,,,,,,,,,,,,,,,,,,,,
11/9/2020,2020,11,9,5,30,0,0,16.6,0.16,5.8,97.14,17.1,981,,,,,,,,,,,,,,,,,,,,,,,,,,,,,,,,,
11/9/2020,2020,11,9,6,30,0,0,16.6,0.16,6,96.77,17.1,981,,,,,,,,,,,,,,,,,,,,,,,,,,,,,,,,,
11/9/2020,2020,11,9,7,30,29,332,16.5,0.16,6.3,93.27,17.6,980,,,,,,,,,,,,,,,,,,,,,,,,,,,,,,,,,
11/9/2020,2020,11,9,8,30,55,599,16.6,0.16,6.6,88.07,18.6,980,,,,,,,,,,,,,,,,,,,,,,,,,,,,,,,,,
11/9/2020,2020,11,9,9,30,97,4,16.8,0.16,7.1,82.86,19.8,980,,,,,,,,,,,,,,,,,,,,,,,,,,,,,,,,,
11/9/2020,2020,11,9,10,30,65,1,16.9,0.16,7.7,77.14,21.1,980,,,,,,,,,,,,,,,,,,,,,,,,,,,,,,,,,
11/9/2020,2020,11,9,11,30,41,0,16.7,0.16,7.9,71,22.2,979,,,,,,,,,,,,,,,,,,,,,,,,,,,,,,,,,
11/9/2020,2020,11,9,12,30,86,0,16.3,0.16,7.8,67.29,22.7,978,,,,,,,,,,,,,,,,,,,,,,,,,,,,,,,,,
11/9/2020,2020,11,9,13,30,123,41,16.2,0.16,7.2,66.77,22.7,978,,,,,,,,,,,,,,,,,,,,,,,,,,,,,,,,,
11/9/2020,2020,11,9,14,30,43,0,16.2,0.16,6.1,69.1,22.1,978,,,,,,,,,,,,,,,,,,,,,,,,,,,,,,,,,
11/9/2020,2020,11,9,15,30,53,296,16.3,0.16,4.2,75.26,20.8,978,,,,,,,,,,,,,,,,,,,,,,,,,,,,,,,,,
11/9/2020,2020,11,9,16,30,31,180,16.2,0.16,2.7,85.26,18.7,978,,,,,,,,,,,,,,,,,,,,,,,,,,,,,,,,,
11/9/2020,2020,11,9,17,30,0,0,15.4,0.16,2.3,86.75,17.6,978,,,,,,,,,,,,,,,,,,,,,,,,,,,,,,,,,
11/9/2020,2020,11,9,18,30,0,0,14,0.16,2.6,95.21,14.8,979,,,,,,,,,,,,,,,,,,,,,,,,,,,,,,,,,
11/9/2020,2020,11,9,19,30,0,0,12.4,0.16,2.8,94.85,13.2,979,,,,,,,,,,,,,,,,,,,,,,,,,,,,,,,,,
11/9/2020,2020,11,9,20,30,0,0,10.9,0.16,3.3,95.73,11.6,980,,,,,,,,,,,,,,,,,,,,,,,,,,,,,,,,,
11/9/2020,2020,11,9,21,30,0,0,9.3,0.16,3.7,95.73,10,980,,,,,,,,,,,,,,,,,,,,,,,,,,,,,,,,,
11/9/2020,2020,11,9,22,30,0,0,7.7,0.16,3.8,95.03,8.5,980,,,,,,,,,,,,,,,,,,,,,,,,,,,,,,,,,
11/9/2020,2020,11,9,23,30,0,0,6.3,0.16,3.8,92.54,7.4,980,,,,,,,,,,,,,,,,,,,,,,,,,,,,,,,,,
11/10/2020,2020,11,10,0,30,0,0,5.1,0.16,3.8,90.92,6.5,980,,,,,,,,,,,,,,,,,,,,,,,,,,,,,,,,,
11/10/2020,2020,11,10,1,30,0,0,4.4,0.16,3.7,89.72,6,979,,,,,,,,,,,,,,,,,,,,,,,,,,,,,,,,,
11/10/2020,2020,11,10,2,30,0,0,4.1,0.16,3.9,89.46,5.7,978,,,,,,,,,,,,,,,,,,,,,,,,,,,,,,,,,
11/10/2020,2020,11,10,3,30,0,0,4.1,0.16,3.6,88.73,5.8,977,,,,,,,,,,,,,,,,,,,,,,,,,,,,,,,,,
11/10/2020,2020,11,10,4,30,0,0,4.5,0.16,3.4,90.53,5.9,977,,,,,,,,,,,,,,,,,,,,,,,,,,,,,,,,,
11/10/2020,2020,11,10,5,30,0,0,4.6,0.16,4.6,93.6,5.6,977,,,,,,,,,,,,,,,,,,,,,,,,,,,,,,,,,
11/10/2020,2020,11,10,6,30,0,0,3.9,0.16,5.5,92.67,5,976,,,,,,,,,,,,,,,,,,,,,,,,,,,,,,,,,
11/10/2020,2020,11,10,7,30,7,0,3,0.16,5.1,87.63,4.9,974,,,,,,,,,,,,,,,,,,,,,,,,,,,,,,,,,
11/10/2020,2020,11,10,8,30,29,10,2.9,0.16,4.2,82.51,5.6,974,,,,,,,,,,,,,,,,,,,,,,,,,,,,,,,,,
11/10/2020,2020,11,10,9,30,66,0,3.5,0.16,2.4,78.73,6.9,973,,,,,,,,,,,,,,,,,,,,,,,,,,,,,,,,,
11/10/2020,2020,11,10,10,30,65,0,4.5,0.16,1.6,77.24,8.3,973,,,,,,,,,,,,,,,,,,,,,,,,,,,,,,,,,
11/10/2020,2020,11,10,11,30,82,3,5.6,0.16,3,78.59,9.1,972,,,,,,,,,,,,,,,,,,,,,,,,,,,,,,,,,
11/10/2020,2020,11,10,12,30,73,3,5.8,0.16,4.8,81.07,8.9,972,,,,,,,,,,,,,,,,,,,,,,,,,,,,,,,,,
11/10/2020,2020,11,10,13,30,92,0,5.1,0.16,6.2,84.04,7.6,972,,,,,,,,,,,,,,,,,,,,,,,,,,,,,,,,,
11/10/2020,2020,11,10,14,30,71,5,3.3,0.16,7.2,84.45,5.7,973,,,,,,,,,,,,,,,,,,,,,,,,,,,,,,,,,
11/10/2020,2020,11,10,15,30,58,473,0.4,0.16,7.5,79.88,3.6,975,,,,,,,,,,,,,,,,,,,,,,,,,,,,,,,,,
11/10/2020,2020,11,10,16,30,29,247,-2.1,0.16,7.2,75.23,1.8,976,,,,,,,,,,,,,,,,,,,,,,,,,,,,,,,,,
11/10/2020,2020,11,10,17,30,0,0,-3.2,0.16,7,72.98,1.1,977,,,,,,,,,,,,,,,,,,,,,,,,,,,,,,,,,
11/10/2020,2020,11,10,18,30,0,0,-3.3,0.15,6.2,78.38,0,979,,,,,,,,,,,,,,,,,,,,,,,,,,,,,,,,,
11/10/2020,2020,11,10,19,30,0,0,-3.4,0.15,5.7,81.78,-0.7,980,,,,,,,,,,,,,,,,,,,,,,,,,,,,,,,,,
11/10/2020,2020,11,10,20,30,0,0,-3.8,0.15,5.2,83.1,-1.3,981,,,,,,,,,,,,,,,,,,,,,,,,,,,,,,,,,
11/10/2020,2020,11,10,21,30,0,0,-4.2,0.15,4.5,83.54,-1.8,982,,,,,,,,,,,,,,,,,,,,,,,,,,,,,,,,,
11/10/2020,2020,11,10,22,30,0,0,-4.5,0.15,3.5,84.21,-2.2,983,,,,,,,,,,,,,,,,,,,,,,,,,,,,,,,,,
11/10/2020,2020,11,10,23,30,0,0,-4.7,0.15,2.6,86.21,-2.7,983,,,,,,,,,,,,,,,,,,,,,,,,,,,,,,,,,
11/11/2020,2020,11,11,0,30,0,0,-4.9,0.15,2,88.28,-3.2,983,,,,,,,,,,,,,,,,,,,,,,,,,,,,,,,,,
11/11/2020,2020,11,11,1,30,0,0,-5,0.15,1.8,89.09,-3.5,984,,,,,,,,,,,,,,,,,,,,,,,,,,,,,,,,,
11/11/2020,2020,11,11,2,30,0,0,-5.2,0.15,1.8,89.66,-3.7,984,,,,,,,,,,,,,,,,,,,,,,,,,,,,,,,,,
11/11/2020,2020,11,11,3,30,0,0,-5.2,0.15,1.8,91.54,-4,985,,,,,,,,,,,,,,,,,,,,,,,,,,,,,,,,,
11/11/2020,2020,11,11,4,30,0,0,-5.2,0.15,1.7,93.01,-4.2,985,,,,,,,,,,,,,,,,,,,,,,,,,,,,,,,,,
11/11/2020,2020,11,11,5,30,0,0,-5.1,0.15,1.7,94.17,-4.3,985,,,,,,,,,,,,,,,,,,,,,,,,,,,,,,,,,
11/11/2020,2020,11,11,6,30,0,0,-5,0.15,1.9,93.57,-4.1,986,,,,,,,,,,,,,,,,,,,,,,,,,,,,,,,,,
11/11/2020,2020,11,11,7,30,27,390,-4.8,0.15,2.7,84.78,-2.6,986,,,,,,,,,,,,,,,,,,,,,,,,,,,,,,,,,
11/11/2020,2020,11,11,8,30,50,704,-4.2,0.15,3.3,72.13,0.2,987,,,,,,,,,,,,,,,,,,,,,,,,,,,,,,,,,
11/11/2020,2020,11,11,9,30,59,836,-3.4,0.15,3.9,60.37,3.6,987,,,,,,,,,,,,,,,,,,,,,,,,,,,,,,,,,
11/11/2020,2020,11,11,10,30,63,906,-2.7,0.15,4.4,51.63,6.6,986,,,,,,,,,,,,,,,,,,,,,,,,,,,,,,,,,
11/11/2020,2020,11,11,11,30,66,927,-2.3,0.15,4.6,45.46,8.9,986,,,,,,,,,,,,,,,,,,,,,,,,,,,,,,,,,
11/11/2020,2020,11,11,12,30,69,918,-2.3,0.15,4.5,40.78,10.5,985,,,,,,,,,,,,,,,,,,,,,,,,,,,,,,,,,
11/11/2020,2020,11,11,13,30,68,889,-2.5,0.15,4.5,37.81,11.4,985,,,,,,,,,,,,,,,,,,,,,,,,,,,,,,,,,
11/11/2020,2020,11,11,14,30,61,824,-2.7,0.15,4.2,37.09,11.5,984,,,,,,,,,,,,,,,,,,,,,,,,,,,,,,,,,
11/11/2020,2020,11,11,15,30,49,689,-2.2,0.15,3,43.24,9.7,985,,,,,,,,,,,,,,,,,,,,,,,,,,,,,,,,,
11/11/2020,2020,11,11,16,30,25,351,0,0.15,1.9,63.63,6.4,985,,,,,,,,,,,,,,,,,,,,,,,,,,,,,,,,,
11/11/2020,2020,11,11,17,30,0,0,-0.7,0.15,1.8,68.27,4.7,985,,,,,,,,,,,,,,,,,,,,,,,,,,,,,,,,,
11/11/2020,2020,11,11,18,30,0,0,-0.9,0.15,1.8,73.74,3.3,986,,,,,,,,,,,,,,,,,,,,,,,,,,,,,,,,,
11/11/2020,2020,11,11,19,30,0,0,-1.2,0.15,1.6,76.58,2.5,986,,,,,,,,,,,,,,,,,,,,,,,,,,,,,,,,,
11/11/2020,2020,11,11,20,30,0,0,-1.5,0.15,1.5,79.3,1.7,987,,,,,,,,,,,,,,,,,,,,,,,,,,,,,,,,,
11/11/2020,2020,11,11,21,30,0,0,-1.8,0.15,1.6,80.12,1.2,987,,,,,,,,,,,,,,,,,,,,,,,,,,,,,,,,,
11/11/2020,2020,11,11,22,30,0,0,-2.2,0.15,1.6,81.04,0.7,987,,,,,,,,,,,,,,,,,,,,,,,,,,,,,,,,,
11/11/2020,2020,11,11,23,30,0,0,-2.5,0.15,1.6,81.56,0.3,987,,,,,,,,,,,,,,,,,,,,,,,,,,,,,,,,,
11/12/2020,2020,11,12,0,30,0,0,-2.8,0.15,1.7,82.18,-0.1,987,,,,,,,,,,,,,,,,,,,,,,,,,,,,,,,,,
11/12/2020,2020,11,12,1,30,0,0,-3,0.15,1.8,83.26,-0.5,987,,,,,,,,,,,,,,,,,,,,,,,,,,,,,,,,,
11/12/2020,2020,11,12,2,30,0,0,-3,0.15,1.9,84.94,-0.8,987,,,,,,,,,,,,,,,,,,,,,,,,,,,,,,,,,
11/12/2020,2020,11,12,3,30,0,0,-2.9,0.15,2.1,86.99,-1,987,,,,,,,,,,,,,,,,,,,,,,,,,,,,,,,,,
11/12/2020,2020,11,12,4,30,0,0,-2.6,0.15,2.1,90.6,-1.3,987,,,,,,,,,,,,,,,,,,,,,,,,,,,,,,,,,
11/12/2020,2020,11,12,5,30,0,0,-2.4,0.15,1.8,94.93,-1.7,987,,,,,,,,,,,,,,,,,,,,,,,,,,,,,,,,,
11/12/2020,2020,11,12,6,30,0,0,-2.3,0.15,1.5,95.94,-1.7,987,,,,,,,,,,,,,,,,,,,,,,,,,,,,,,,,,
11/12/2020,2020,11,12,7,30,27,119,-2,0.15,1.7,86.55,0,987,,,,,,,,,,,,,,,,,,,,,,,,,,,,,,,,,
11/12/2020,2020,11,12,8,30,89,177,-1.1,0.15,1.8,78.81,2.2,987,,,,,,,,,,,,,,,,,,,,,,,,,,,,,,,,,
11/12/2020,2020,11,12,9,30,133,335,-0.3,0.15,1.4,73.52,4,987,,,,,,,,,,,,,,,,,,,,,,,,,,,,,,,,,
11/12/2020,2020,11,12,10,30,197,148,0.8,0.15,1.9,65.62,6.8,986,,,,,,,,,,,,,,,,,,,,,,,,,,,,,,,,,
11/12/2020,2020,11,12,11,30,157,485,0.3,0.15,2.9,52.34,9.6,986,,,,,,,,,,,,,,,,,,,,,,,,,,,,,,,,,
11/12/2020,2020,11,12,12,30,210,141,-0.4,0.15,3,45.18,11,985,,,,,,,,,,,,,,,,,,,,,,,,,,,,,,,,,
11/12/2020,2020,11,12,13,30,148,464,-0.5,0.15,3,44.01,11.3,984,,,,,,,,,,,,,,,,,,,,,,,,,,,,,,,,,
11/12/2020,2020,11,12,14,30,70,756,-0.4,0.15,3.7,47.49,10.3,984,,,,,,,,,,,,,,,,,,,,,,,,,,,,,,,,,
11/12/2020,2020,11,12,15,30,57,600,-0.5,0.15,5,57.09,7.5,985,,,,,,,,,,,,,,,,,,,,,,,,,,,,,,,,,
11/12/2020,2020,11,12,16,30,25,91,-1.1,0.15,6.1,70.92,3.7,986,,,,,,,,,,,,,,,,,,,,,,,,,,,,,,,,,
11/12/2020,2020,11,12,17,30,0,0,-2.8,0.15,6.5,72.05,1.7,987,,,,,,,,,,,,,,,,,,,,,,,,,,,,,,,,,
11/12/2020,2020,11,12,18,30,0,0,-4.3,0.15,6,75.12,-0.4,990,,,,,,,,,,,,,,,,,,,,,,,,,,,,,,,,,
11/12/2020,2020,11,12,19,30,0,0,-5.3,0.15,5.5,73.25,-1.1,991,,,,,,,,,,,,,,,,,,,,,,,,,,,,,,,,,
11/12/2020,2020,11,12,20,30,0,0,-6.1,0.15,4.6,72.73,-1.9,992,,,,,,,,,,,,,,,,,,,,,,,,,,,,,,,,,
11/12/2020,2020,11,12,21,30,0,0,-6.6,0.15,3.7,75.77,-2.9,992,,,,,,,,,,,,,,,,,,,,,,,,,,,,,,,,,
11/12/2020,2020,11,12,22,30,0,0,-6.8,0.15,3,79.75,-3.8,992,,,,,,,,,,,,,,,,,,,,,,,,,,,,,,,,,
11/12/2020,2020,11,12,23,30,0,0,-7.1,0.15,2.5,83.34,-4.7,992,,,,,,,,,,,,,,,,,,,,,,,,,,,,,,,,,
11/13/2020,2020,11,13,0,30,0,0,-7.6,0.15,2.1,84.68,-5.4,993,,,,,,,,,,,,,,,,,,,,,,,,,,,,,,,,,
11/13/2020,2020,11,13,1,30,0,0,-8.2,0.15,2,84.07,-5.9,993,,,,,,,,,,,,,,,,,,,,,,,,,,,,,,,,,
11/13/2020,2020,11,13,2,30,0,0,-8.7,0.15,1.9,82.51,-6.2,993,,,,,,,,,,,,,,,,,,,,,,,,,,,,,,,,,
11/13/2020,2020,11,13,3,30,0,0,-9,0.15,1.9,81.61,-6.4,993,,,,,,,,,,,,,,,,,,,,,,,,,,,,,,,,,
11/13/2020,2020,11,13,4,30,0,0,-9.2,0.15,1.8,81.33,-6.5,993,,,,,,,,,,,,,,,,,,,,,,,,,,,,,,,,,
11/13/2020,2020,11,13,5,30,0,0,-9.2,0.15,1.5,81.74,-6.6,993,,,,,,,,,,,,,,,,,,,,,,,,,,,,,,,,,
11/13/2020,2020,11,13,6,30,0,0,-9.2,0.15,1.3,81.29,-6.5,993,,,,,,,,,,,,,,,,,,,,,,,,,,,,,,,,,
11/13/2020,2020,11,13,7,30,25,458,-9,0.15,1.5,76.14,-5.5,994,,,,,,,,,,,,,,,,,,,,,,,,,,,,,,,,,
11/13/2020,2020,11,13,8,30,45,762,-8.8,0.15,1.5,65.49,-3.2,994,,,,,,,,,,,,,,,,,,,,,,,,,,,,,,,,,
11/13/2020,2020,11,13,9,30,55,874,-8.4,0.15,1.6,53.1,0,994,,,,,,,,,,,,,,,,,,,,,,,,,,,,,,,,,
11/13/2020,2020,11,13,10,30,60,931,-9.2,0.15,2.2,41.03,2.7,994,,,,,,,,,,,,,,,,,,,,,,,,,,,,,,,,,
11/13/2020,2020,11,13,11,30,65,950,-9,0.15,2.8,37.19,4.4,993,,,,,,,,,,,,,,,,,,,,,,,,,,,,,,,,,
11/13/2020,2020,11,13,12,30,66,946,-8.7,0.15,3.3,35.13,5.5,992,,,,,,,,,,,,,,,,,,,,,,,,,,,,,,,,,
11/13/2020,2020,11,13,13,30,62,912,-8.6,0.15,3.7,33.98,6.1,990,,,,,,,,,,,,,,,,,,,,,,,,,,,,,,,,,
11/13/2020,2020,11,13,14,30,56,853,-8.6,0.15,3.9,34.06,6.1,989,,,,,,,,,,,,,,,,,,,,,,,,,,,,,,,,,
11/13/2020,2020,11,13,15,30,45,723,-8.4,0.15,3.2,38.35,4.6,988,,,,,,,,,,,,,,,,,,,,,,,,,,,,,,,,,
11/13/2020,2020,11,13,16,30,23,383,-6.5,0.15,2.5,53.93,1.9,987,,,,,,,,,,,,,,,,,,,,,,,,,,,,,,,,,
11/13/2020,2020,11,13,17,30,0,0,-6.7,0.15,2.5,58.54,0.5,987,,,,,,,,,,,,,,,,,,,,,,,,,,,,,,,,,
11/13/2020,2020,11,13,18,30,0,0,-7,0.15,3.3,57.85,0.3,986,,,,,,,,,,,,,,,,,,,,,,,,,,,,,,,,,
11/13/2020,2020,11,13,19,30,0,0,-7,0.15,3.4,60.53,-0.3,986,,,,,,,,,,,,,,,,,,,,,,,,,,,,,,,,,
11/13/2020,2020,11,13,20,30,0,0,-7,0.15,3.6,62.93,-0.8,985,,,,,,,,,,,,,,,,,,,,,,,,,,,,,,,,,
11/13/2020,2020,11,13,21,30,0,0,-7,0.15,3.7,65.16,-1.3,985,,,,,,,,,,,,,,,,,,,,,,,,,,,,,,,,,
11/13/2020,2020,11,13,22,30,0,0,-7.1,0.15,3.8,66.82,-1.7,984,,,,,,,,,,,,,,,,,,,,,,,,,,,,,,,,,
11/13/2020,2020,11,13,23,30,0,0,-7.1,0.15,3.8,68.59,-2.1,983,,,,,,,,,,,,,,,,,,,,,,,,,,,,,,,,,
11/14/2020,2020,11,14,0,30,0,0,-7.1,0.15,3.9,70.1,-2.4,983,,,,,,,,,,,,,,,,,,,,,,,,,,,,,,,,,
11/14/2020,2020,11,14,1,30,0,0,-7.1,0.15,4,70.84,-2.5,981,,,,,,,,,,,,,,,,,,,,,,,,,,,,,,,,,
11/14/2020,2020,11,14,2,30,0,0,-6.9,0.15,4.2,71.87,-2.5,980,,,,,,,,,,,,,,,,,,,,,,,,,,,,,,,,,
11/14/2020,2020,11,14,3,30,0,0,-6.5,0.15,4.2,72.34,-2.2,979,,,,,,,,,,,,,,,,,,,,,,,,,,,,,,,,,
11/14/2020,2020,11,14,4,30,0,0,-6,0.15,4.3,73.68,-1.9,978,,,,,,,,,,,,,,,,,,,,,,,,,,,,,,,,,
11/14/2020,2020,11,14,5,30,0,0,-5.3,0.15,4.4,74.84,-1.4,977,,,,,,,,,,,,,,,,,,,,,,,,,,,,,,,,,
11/14/2020,2020,11,14,6,30,0,0,-4.1,0.15,4.6,76.57,-0.5,976,,,,,,,,,,,,,,,,,,,,,,,,,,,,,,,,,
11/14/2020,2020,11,14,7,30,30,192,-1.6,0.15,5.2,78.03,1.8,975,,,,,,,,,,,,,,,,,,,,,,,,,,,,,,,,,
11/14/2020,2020,11,14,8,30,57,399,2,0.15,6,81.14,5,973,,,,,,,,,,,,,,,,,,,,,,,,,,,,,,,,,
11/14/2020,2020,11,14,9,30,16,0,5.1,0.15,6.5,83.02,7.8,972,,,,,,,,,,,,,,,,,,,,,,,,,,,,,,,,,
11/14/2020,2020,11,14,10,30,19,0,7.2,0.15,6.4,83.83,9.8,971,,,,,,,,,,,,,,,,,,,,,,,,,,,,,,,,,
11/14/2020,2020,11,14,11,30,21,0,8.4,0.15,6.3,83.98,11,969,,,,,,,,,,,,,,,,,,,,,,,,,,,,,,,,,
11/14/2020,2020,11,14,12,30,14,0,9.1,0.15,5.9,85.31,11.5,968,,,,,,,,,,,,,,,,,,,,,,,,,,,,,,,,,
11/14/2020,2020,11,14,13,30,13,0,9.6,0.15,5.3,86.22,11.8,966,,,,,,,,,,,,,,,,,,,,,,,,,,,,,,,,,
11/14/2020,2020,11,14,14,30,21,0,10.1,0.15,4.9,88.17,12,965,,,,,,,,,,,,,,,,,,,,,,,,,,,,,,,,,
11/14/2020,2020,11,14,15,30,55,279,10.8,0.15,4.5,91.67,12.1,965,,,,,,,,,,,,,,,,,,,,,,,,,,,,,,,,,
11/14/2020,2020,11,14,16,30,16,0,11.5,0.15,3.9,96.54,12,964,,,,,,,,,,,,,,,,,,,,,,,,,,,,,,,,,
11/14/2020,2020,11,14,17,30,0,0,11.8,0.15,3.5,99.54,11.9,964,,,,,,,,,,,,,,,,,,,,,,,,,,,,,,,,,
11/14/2020,2020,11,14,18,30,0,0,10.7,0.15,3,100,10.7,965,,,,,,,,,,,,,,,,,,,,,,,,,,,,,,,,,
11/14/2020,2020,11,14,19,30,0,0,9.1,0.15,3.6,100,9.1,965,,,,,,,,,,,,,,,,,,,,,,,,,,,,,,,,,
11/14/2020,2020,11,14,20,30,0,0,7.3,0.15,4.3,99.12,7.4,966,,,,,,,,,,,,,,,,,,,,,,,,,,,,,,,,,
11/14/2020,2020,11,14,21,30,0,0,5.1,0.15,4.9,92.88,6.2,966,,,,,,,,,,,,,,,,,,,,,,,,,,,,,,,,,
11/14/2020,2020,11,14,22,30,0,0,3.8,0.15,5.4,90.25,5.3,967,,,,,,,,,,,,,,,,,,,,,,,,,,,,,,,,,
11/14/2020,2020,11,14,23,30,0,0,3,0.15,5.9,90.63,4.4,967,,,,,,,,,,,,,,,,,,,,,,,,,,,,,,,,,
11/15/2020,2020,11,15,0,30,0,0,2.3,0.15,6.6,88.43,4,968,,,,,,,,,,,,,,,,,,,,,,,,,,,,,,,,,
11/15/2020,2020,11,15,1,30,0,0,2,0.15,7.2,86.28,4.1,969,,,,,,,,,,,,,,,,,,,,,,,,,,,,,,,,,
11/15/2020,2020,11,15,2,30,0,0,2.2,0.15,7.4,85.9,4.4,970,,,,,,,,,,,,,,,,,,,,,,,,,,,,,,,,,
11/15/2020,2020,11,15,3,30,0,0,2.1,0.15,7.7,85.58,4.3,972,,,,,,,,,,,,,,,,,,,,,,,,,,,,,,,,,
11/15/2020,2020,11,15,4,30,0,0,1.2,0.15,7.7,81.13,4.1,973,,,,,,,,,,,,,,,,,,,,,,,,,,,,,,,,,
11/15/2020,2020,11,15,5,30,0,0,-0.3,0.15,7.7,76.37,3.5,974,,,,,,,,,,,,,,,,,,,,,,,,,,,,,,,,,
11/15/2020,2020,11,15,6,30,0,0,-1.4,0.15,7.5,75.19,2.5,976,,,,,,,,,,,,,,,,,,,,,,,,,,,,,,,,,
11/15/2020,2020,11,15,7,30,8,0,-2.3,0.15,7.5,72.23,2.2,977,,,,,,,,,,,,,,,,,,,,,,,,,,,,,,,,,
11/15/2020,2020,11,15,8,30,26,0,-2.7,0.15,8.2,65.04,3.2,978,,,,,,,,,,,,,,,,,,,,,,,,,,,,,,,,,
11/15/2020,2020,11,15,9,30,87,1,-3.1,0.15,9,57.03,4.7,979,,,,,,,,,,,,,,,,,,,,,,,,,,,,,,,,,
11/15/2020,2020,11,15,10,30,166,336,-3.5,0.15,9.5,50.46,6,980,,,,,,,,,,,,,,,,,,,,,,,,,,,,,,,,,
11/15/2020,2020,11,15,11,30,102,759,-3.8,0.15,9.5,46.19,7,980,,,,,,,,,,,,,,,,,,,,,,,,,,,,,,,,,
11/15/2020,2020,11,15,12,30,138,564,-4,0.15,9.3,43.44,7.7,981,,,,,,,,,,,,,,,,,,,,,,,,,,,,,,,,,
11/15/2020,2020,11,15,13,30,58,920,-4.2,0.15,8.9,41.98,8,982,,,,,,,,,,,,,,,,,,,,,,,,,,,,,,,,,
11/15/2020,2020,11,15,14,30,52,858,-4.4,0.15,8.1,41.9,7.8,983,,,,,,,,,,,,,,,,,,,,,,,,,,,,,,,,,
11/15/2020,2020,11,15,15,30,43,721,-4.6,0.15,6.8,43.42,7,984,,,,,,,,,,,,,,,,,,,,,,,,,,,,,,,,,
11/15/2020,2020,11,15,16,30,22,352,-4.6,0.15,5.3,48.55,5.4,985,,,,,,,,,,,,,,,,,,,,,,,,,,,,,,,,,
11/15/2020,2020,11,15,17,30,0,0,-4.2,0.15,4.6,53.56,4.4,985,,,,,,,,,,,,,,,,,,,,,,,,,,,,,,,,,
11/15/2020,2020,11,15,18,30,0,0,-3.9,0.15,4,61.34,2.8,986,,,,,,,,,,,,,,,,,,,,,,,,,,,,,,,,,
11/15/2020,2020,11,15,19,30,0,0,-3.6,0.15,3.4,67.69,1.7,987,,,,,,,,,,,,,,,,,,,,,,,,,,,,,,,,,
11/15/2020,2020,11,15,20,30,0,0,-3.5,0.15,2.7,74.2,0.6,987,,,,,,,,,,,,,,,,,,,,,,,,,,,,,,,,,
11/15/2020,2020,11,15,21,30,0,0,-3.5,0.15,2,79.27,-0.3,988,,,,,,,,,,,,,,,,,,,,,,,,,,,,,,,,,
11/15/2020,2020,11,15,22,30,0,0,-3.6,0.15,1.6,83.22,-1.1,988,,,,,,,,,,,,,,,,,,,,,,,,,,,,,,,,,
11/15/2020,2020,11,15,23,30,0,0,-3.8,0.15,1.4,85.23,-1.6,989,,,,,,,,,,,,,,,,,,,,,,,,,,,,,,,,,
11/16/2020,2020,11,16,0,30,0,0,-4,0.15,1.2,85.06,-1.8,989,,,,,,,,,,,,,,,,,,,,,,,,,,,,,,,,,
11/16/2020,2020,11,16,1,30,0,0,-4.2,0.15,1.2,82.48,-1.6,989,,,,,,,,,,,,,,,,,,,,,,,,,,,,,,,,,
11/16/2020,2020,11,16,2,30,0,0,-4.4,0.15,1.1,77.77,-1,989,,,,,,,,,,,,,,,,,,,,,,,,,,,,,,,,,
11/16/2020,2020,11,16,3,30,0,0,-4.5,0.15,1.1,76.31,-0.9,989,,,,,,,,,,,,,,,,,,,,,,,,,,,,,,,,,
11/16/2020,2020,11,16,4,30,0,0,-4.7,0.15,1.2,78.95,-1.5,988,,,,,,,,,,,,,,,,,,,,,,,,,,,,,,,,,
11/16/2020,2020,11,16,5,30,0,0,-4.7,0.15,1.3,83.42,-2.3,988,,,,,,,,,,,,,,,,,,,,,,,,,,,,,,,,,
11/16/2020,2020,11,16,6,30,0,0,-4.7,0.15,1.7,84,-2.4,988,,,,,,,,,,,,,,,,,,,,,,,,,,,,,,,,,
11/16/2020,2020,11,16,7,30,24,347,-4.7,0.15,2.9,75.66,-0.9,988,,,,,,,,,,,,,,,,,,,,,,,,,,,,,,,,,
11/16/2020,2020,11,16,8,30,47,686,-4.4,0.15,4,64.62,1.6,987,,,,,,,,,,,,,,,,,,,,,,,,,,,,,,,,,
11/16/2020,2020,11,16,9,30,60,814,-4,0.15,4.4,53.85,4.6,987,,,,,,,,,,,,,,,,,,,,,,,,,,,,,,,,,
11/16/2020,2020,11,16,10,30,69,867,-3.6,0.15,5.4,43.56,8.1,987,,,,,,,,,,,,,,,,,,,,,,,,,,,,,,,,,
11/16/2020,2020,11,16,11,30,72,901,-3.2,0.15,6.5,36.26,11.2,987,,,,,,,,,,,,,,,,,,,,,,,,,,,,,,,,,
11/16/2020,2020,11,16,12,30,67,922,-2.4,0.15,7.1,34.36,13,987,,,,,,,,,,,,,,,,,,,,,,,,,,,,,,,,,
11/16/2020,2020,11,16,13,30,61,913,-2.1,0.15,7.3,34.38,13.3,987,,,,,,,,,,,,,,,,,,,,,,,,,,,,,,,,,
11/16/2020,2020,11,16,14,30,53,853,-2.5,0.15,7,34.73,12.7,988,,,,,,,,,,,,,,,,,,,,,,,,,,,,,,,,,
11/16/2020,2020,11,16,15,30,42,713,-2.4,0.15,6,38.66,11.2,989,,,,,,,,,,,,,,,,,,,,,,,,,,,,,,,,,
11/16/2020,2020,11,16,16,30,21,333,-1.9,0.15,4.8,47.17,8.8,990,,,,,,,,,,,,,,,,,,,,,,,,,,,,,,,,,
11/16/2020,2020,11,16,17,30,0,0,-1.5,0.15,4.4,53,7.5,990,,,,,,,,,,,,,,,,,,,,,,,,,,,,,,,,,
11/16/2020,2020,11,16,18,30,0,0,-1.1,0.15,3.9,63.87,5.2,992,,,,,,,,,,,,,,,,,,,,,,,,,,,,,,,,,
11/16/2020,2020,11,16,19,30,0,0,-0.7,0.15,3.6,73.37,3.6,994,,,,,,,,,,,,,,,,,,,,,,,,,,,,,,,,,
11/16/2020,2020,11,16,20,30,0,0,-0.8,0.15,3.4,80.76,2.2,995,,,,,,,,,,,,,,,,,,,,,,,,,,,,,,,,,
11/16/2020,2020,11,16,21,30,0,0,-1.1,0.15,2.7,88.12,0.6,996,,,,,,,,,,,,,,,,,,,,,,,,,,,,,,,,,
11/16/2020,2020,11,16,22,30,0,0,-1.7,0.15,2.1,93.25,-0.7,997,,,,,,,,,,,,,,,,,,,,,,,,,,,,,,,,,
11/16/2020,2020,11,16,23,30,0,0,-2.2,0.15,1.7,96.68,-1.7,998,,,,,,,,,,,,,,,,,,,,,,,,,,,,,,,,,
11/17/2020,2020,11,17,0,30,0,0,-2.6,0.15,1.5,99.38,-2.5,998,,,,,,,,,,,,,,,,,,,,,,,,,,,,,,,,,
11/17/2020,2020,11,17,1,30,0,0,-3.2,0.15,1.3,100,-3.2,999,,,,,,,,,,,,,,,,,,,,,,,,,,,,,,,,,
11/17/2020,2020,11,17,2,30,0,0,-3.7,0.15,1.1,100,-3.7,999,,,,,,,,,,,,,,,,,,,,,,,,,,,,,,,,,
11/17/2020,2020,11,17,3,30,0,0,-4.1,0.15,1,100,-4.1,1000,,,,,,,,,,,,,,,,,,,,,,,,,,,,,,,,,
11/17/2020,2020,11,17,4,30,0,0,-4.4,0.15,1,100,-4.4,1000,,,,,,,,,,,,,,,,,,,,,,,,,,,,,,,,,
11/17/2020,2020,11,17,5,30,0,0,-4.5,0.15,0.9,99.35,-4.4,1001,,,,,,,,,,,,,,,,,,,,,,,,,,,,,,,,,
11/17/2020,2020,11,17,6,30,0,0,-4.9,0.15,0.8,93.37,-4,1002,,,,,,,,,,,,,,,,,,,,,,,,,,,,,,,,,
11/17/2020,2020,11,17,7,30,8,48,-5.3,0.15,1.1,81.73,-2.6,1002,,,,,,,,,,,,,,,,,,,,,,,,,,,,,,,,,
11/17/2020,2020,11,17,8,30,35,216,-5.3,0.15,1.7,69.78,-0.5,1003,,,,,,,,,,,,,,,,,,,,,,,,,,,,,,,,,
11/17/2020,2020,11,17,9,30,96,5,-6,0.15,2.3,55.86,1.9,1003,,,,,,,,,,,,,,,,,,,,,,,,,,,,,,,,,
11/17/2020,2020,11,17,10,30,157,14,-7.9,0.15,3,41.21,4.1,1002,,,,,,,,,,,,,,,,,,,,,,,,,,,,,,,,,
11/17/2020,2020,11,17,11,30,134,2,-8,0.15,3.4,36.16,5.9,1002,,,,,,,,,,,,,,,,,,,,,,,,,,,,,,,,,
11/17/2020,2020,11,17,12,30,199,173,-8.3,0.15,3.6,32.06,7.3,1001,,,,,,,,,,,,,,,,,,,,,,,,,,,,,,,,,
11/17/2020,2020,11,17,13,30,120,552,-8.1,0.15,3.7,30.93,8.1,1000,,,,,,,,,,,,,,,,,,,,,,,,,,,,,,,,,
11/17/2020,2020,11,17,14,30,56,803,-7.5,0.15,3.7,32.05,8.2,999,,,,,,,,,,,,,,,,,,,,,,,,,,,,,,,,,
11/17/2020,2020,11,17,15,30,44,668,-6.9,0.15,2.9,37.62,6.6,998,,,,,,,,,,,,,,,,,,,,,,,,,,,,,,,,,
11/17/2020,2020,11,17,16,30,20,297,-4.4,0.15,2.4,54.28,4,998,,,,,,,,,,,,,,,,,,,,,,,,,,,,,,,,,
11/17/2020,2020,11,17,17,30,0,0,-4.9,0.15,2.6,57.29,2.7,998,,,,,,,,,,,,,,,,,,,,,,,,,,,,,,,,,
11/17/2020,2020,11,17,18,30,0,0,-5.4,0.14,3.4,57.4,2.2,998,,,,,,,,,,,,,,,,,,,,,,,,,,,,,,,,,
11/17/2020,2020,11,17,19,30,0,0,-5.5,0.14,3.7,58.56,1.8,997,,,,,,,,,,,,,,,,,,,,,,,,,,,,,,,,,
11/17/2020,2020,11,17,20,30,0,0,-5.6,0.14,4,60.21,1.3,997,,,,,,,,,,,,,,,,,,,,,,,,,,,,,,,,,
11/17/2020,2020,11,17,21,30,0,0,-5.7,0.14,4.2,61.93,0.8,997,,,,,,,,,,,,,,,,,,,,,,,,,,,,,,,,,
11/17/2020,2020,11,17,22,30,0,0,-5.7,0.14,4.3,63.47,0.4,996,,,,,,,,,,,,,,,,,,,,,,,,,,,,,,,,,
11/17/2020,2020,11,17,23,30,0,0,-5.7,0.14,4.4,65.01,0.1,996,,,,,,,,,,,,,,,,,,,,,,,,,,,,,,,,,
11/18/2020,2020,11,18,0,30,0,0,-5.6,0.14,4.4,66.65,-0.1,995,,,,,,,,,,,,,,,,,,,,,,,,,,,,,,,,,
11/18/2020,2020,11,18,1,30,0,0,-5.3,0.14,4.4,69.12,-0.3,994,,,,,,,,,,,,,,,,,,,,,,,,,,,,,,,,,
11/18/2020,2020,11,18,2,30,0,0,-4.8,0.14,4.3,71.4,-0.3,993,,,,,,,,,,,,,,,,,,,,,,,,,,,,,,,,,
11/18/2020,2020,11,18,3,30,0,0,-4.3,0.14,4.3,73.6,-0.1,992,,,,,,,,,,,,,,,,,,,,,,,,,,,,,,,,,
11/18/2020,2020,11,18,4,30,0,0,-3.5,0.14,4.4,76.66,0.1,992,,,,,,,,,,,,,,,,,,,,,,,,,,,,,,,,,
11/18/2020,2020,11,18,5,30,0,0,-2.7,0.14,4.7,78.98,0.5,991,,,,,,,,,,,,,,,,,,,,,,,,,,,,,,,,,
11/18/2020,2020,11,18,6,30,0,0,-1.9,0.14,5,81.76,0.9,990,,,,,,,,,,,,,,,,,,,,,,,,,,,,,,,,,
11/18/2020,2020,11,18,7,30,21,267,-1,0.14,5.5,79.85,2.1,990,,,,,,,,,,,,,,,,,,,,,,,,,,,,,,,,,
11/18/2020,2020,11,18,8,30,49,640,-0.2,0.14,5.9,71.11,4.6,989,,,,,,,,,,,,,,,,,,,,,,,,,,,,,,,,,
11/18/2020,2020,11,18,9,30,62,783,0.7,0.14,7,58.73,8.3,988,,,,,,,,,,,,,,,,,,,,,,,,,,,,,,,,,
11/18/2020,2020,11,18,10,30,69,848,1.8,0.14,8.1,48.9,12.2,987,,,,,,,,,,,,,,,,,,,,,,,,,,,,,,,,,
11/18/2020,2020,11,18,11,30,168,448,2.9,0.14,8.3,44.21,15,986,,,,,,,,,,,,,,,,,,,,,,,,,,,,,,,,,
11/18/2020,2020,11,18,12,30,89,798,3.4,0.14,8.4,40.97,16.7,985,,,,,,,,,,,,,,,,,,,,,,,,,,,,,,,,,
11/18/2020,2020,11,18,13,30,74,813,3.5,0.14,8.3,39.23,17.5,983,,,,,,,,,,,,,,,,,,,,,,,,,,,,,,,,,
11/18/2020,2020,11,18,14,30,106,440,3.6,0.14,7.9,39.71,17.4,983,,,,,,,,,,,,,,,,,,,,,,,,,,,,,,,,,
11/18/2020,2020,11,18,15,30,57,471,3.7,0.14,7.3,42.42,16.5,982,,,,,,,,,,,,,,,,,,,,,,,,,,,,,,,,,
11/18/2020,2020,11,18,16,30,19,53,3.8,0.14,6.9,47.27,14.9,982,,,,,,,,,,,,,,,,,,,,,,,,,,,,,,,,,
11/18/2020,2020,11,18,17,30,0,0,3.8,0.14,6.8,50.06,14,982,,,,,,,,,,,,,,,,,,,,,,,,,,,,,,,,,
11/18/2020,2020,11,18,18,30,0,0,3.9,0.14,7,54.35,12.9,982,,,,,,,,,,,,,,,,,,,,,,,,,,,,,,,,,
11/18/2020,2020,11,18,19,30,0,0,4.1,0.14,6.9,57.1,12.4,981,,,,,,,,,,,,,,,,,,,,,,,,,,,,,,,,,
11/18/2020,2020,11,18,20,30,0,0,4.4,0.14,6.9,59.89,12,981,,,,,,,,,,,,,,,,,,,,,,,,,,,,,,,,,
11/18/2020,2020,11,18,21,30,0,0,4.8,0.14,6.8,62.43,11.7,981,,,,,,,,,,,,,,,,,,,,,,,,,,,,,,,,,
11/18/2020,2020,11,18,22,30,0,0,5,0.14,6.5,64.1,11.6,980,,,,,,,,,,,,,,,,,,,,,,,,,,,,,,,,,
11/18/2020,2020,11,18,23,30,0,0,5.2,0.14,6.5,64.99,11.6,980,,,,,,,,,,,,,,,,,,,,,,,,,,,,,,,,,
11/19/2020,2020,11,19,0,30,0,0,5.3,0.14,6.5,65.82,11.5,980,,,,,,,,,,,,,,,,,,,,,,,,,,,,,,,,,
11/19/2020,2020,11,19,1,30,0,0,5.3,0.14,6.4,67.06,11.2,980,,,,,,,,,,,,,,,,,,,,,,,,,,,,,,,,,
11/19/2020,2020,11,19,2,30,0,0,5.3,0.14,6.2,68.13,10.9,980,,,,,,,,,,,,,,,,,,,,,,,,,,,,,,,,,
11/19/2020,2020,11,19,3,30,0,0,5.1,0.14,6.1,68.98,10.6,979,,,,,,,,,,,,,,,,,,,,,,,,,,,,,,,,,
11/19/2020,2020,11,19,4,30,0,0,5.1,0.14,5.6,71.11,10.1,979,,,,,,,,,,,,,,,,,,,,,,,,,,,,,,,,,
11/19/2020,2020,11,19,5,30,0,0,5.1,0.14,5.3,73.11,9.7,979,,,,,,,,,,,,,,,,,,,,,,,,,,,,,,,,,
11/19/2020,2020,11,19,6,30,0,0,5.1,0.14,5.1,74.1,9.5,979,,,,,,,,,,,,,,,,,,,,,,,,,,,,,,,,,
11/19/2020,2020,11,19,7,30,19,50,5.2,0.14,5.1,71.46,10.1,979,,,,,,,,,,,,,,,,,,,,,,,,,,,,,,,,,
11/19/2020,2020,11,19,8,30,68,320,5.5,0.14,5.4,65.26,11.8,979,,,,,,,,,,,,,,,,,,,,,,,,,,,,,,,,,
11/19/2020,2020,11,19,9,30,90,558,6.1,0.14,6.1,58.76,14.1,979,,,,,,,,,,,,,,,,,,,,,,,,,,,,,,,,,
11/19/2020,2020,11,19,10,30,100,664,6.9,0.14,6.8,52.42,16.7,979,,,,,,,,,,,,,,,,,,,,,,,,,,,,,,,,,
11/19/2020,2020,11,19,11,30,169,443,7.6,0.14,6.8,48.03,18.8,979,,,,,,,,,,,,,,,,,,,,,,,,,,,,,,,,,
11/19/2020,2020,11,19,12,30,137,574,8.1,0.14,6.2,45.64,20.2,978,,,,,,,,,,,,,,,,,,,,,,,,,,,,,,,,,
11/19/2020,2020,11,19,13,30,89,706,8.5,0.14,5.6,44.51,21,978,,,,,,,,,,,,,,,,,,,,,,,,,,,,,,,,,
11/19/2020,2020,11,19,14,30,64,727,8.8,0.14,4.6,46.5,20.7,979,,,,,,,,,,,,,,,,,,,,,,,,,,,,,,,,,
11/19/2020,2020,11,19,15,30,59,436,9.6,0.14,3.1,56.9,18.3,979,,,,,,,,,,,,,,,,,,,,,,,,,,,,,,,,,
11/19/2020,2020,11,19,16,30,18,20,10.1,0.14,2.1,72.06,15.1,980,,,,,,,,,,,,,,,,,,,,,,,,,,,,,,,,,
11/19/2020,2020,11,19,17,30,0,0,9.4,0.14,2,74.55,13.8,980,,,,,,,,,,,,,,,,,,,,,,,,,,,,,,,,,
11/19/2020,2020,11,19,18,30,0,0,9.1,0.14,1.9,79.89,12.5,982,,,,,,,,,,,,,,,,,,,,,,,,,,,,,,,,,
11/19/2020,2020,11,19,19,30,0,0,8.8,0.14,1.9,82.75,11.6,983,,,,,,,,,,,,,,,,,,,,,,,,,,,,,,,,,
11/19/2020,2020,11,19,20,30,0,0,8.2,0.14,1.9,84.52,10.7,983,,,,,,,,,,,,,,,,,,,,,,,,,,,,,,,,,
11/19/2020,2020,11,19,21,30,0,0,7.4,0.14,1.9,86.5,9.5,984,,,,,,,,,,,,,,,,,,,,,,,,,,,,,,,,,
11/19/2020,2020,11,19,22,30,0,0,6.5,0.14,1.8,88.26,8.3,985,,,,,,,,,,,,,,,,,,,,,,,,,,,,,,,,,
11/19/2020,2020,11,19,23,30,0,0,5.8,0.14,2.1,89.62,7.4,986,,,,,,,,,,,,,,,,,,,,,,,,,,,,,,,,,
11/20/2020,2020,11,20,0,30,0,0,5.4,0.14,2.6,89.38,7,987,,,,,,,,,,,,,,,,,,,,,,,,,,,,,,,,,
11/20/2020,2020,11,20,1,30,0,0,5.1,0.14,3.1,90.04,6.6,988,,,,,,,,,,,,,,,,,,,,,,,,,,,,,,,,,
11/20/2020,2020,11,20,2,30,0,0,4.9,0.14,3.2,93.29,5.9,990,,,,,,,,,,,,,,,,,,,,,,,,,,,,,,,,,
11/20/2020,2020,11,20,3,30,0,0,4.5,0.14,2.9,95.71,5.1,991,,,,,,,,,,,,,,,,,,,,,,,,,,,,,,,,,
11/20/2020,2020,11,20,4,30,0,0,3.6,0.14,2.6,95.3,4.3,992,,,,,,,,,,,,,,,,,,,,,,,,,,,,,,,,,
11/20/2020,2020,11,20,5,30,0,0,2.8,0.14,2.4,93.69,3.7,993,,,,,,,,,,,,,,,,,,,,,,,,,,,,,,,,,
11/20/2020,2020,11,20,6,30,0,0,2.1,0.14,2.3,91.49,3.4,994,,,,,,,,,,,,,,,,,,,,,,,,,,,,,,,,,
11/20/2020,2020,11,20,7,30,15,4,1.8,0.14,2.7,84.35,4.2,995,,,,,,,,,,,,,,,,,,,,,,,,,,,,,,,,,
11/20/2020,2020,11,20,8,30,76,83,1.8,0.14,3.2,74.77,5.9,996,,,,,,,,,,,,,,,,,,,,,,,,,,,,,,,,,
11/20/2020,2020,11,20,9,30,120,40,1.8,0.14,3.2,66.93,7.6,997,,,,,,,,,,,,,,,,,,,,,,,,,,,,,,,,,
11/20/2020,2020,11,20,10,30,173,64,1.8,0.14,3.2,60.73,9,997,,,,,,,,,,,,,,,,,,,,,,,,,,,,,,,,,
11/20/2020,2020,11,20,11,30,194,85,1.4,0.14,3.2,54.67,10.1,998,,,,,,,,,,,,,,,,,,,,,,,,,,,,,,,,,
11/20/2020,2020,11,20,12,30,175,174,1.2,0.14,3.2,51.17,10.9,998,,,,,,,,,,,,,,,,,,,,,,,,,,,,,,,,,
11/20/2020,2020,11,20,13,30,147,409,1.1,0.14,3.2,49.34,11.3,998,,,,,,,,,,,,,,,,,,,,,,,,,,,,,,,,,
11/20/2020,2020,11,20,14,30,128,232,1.1,0.14,3,50.01,11.1,998,,,,,,,,,,,,,,,,,,,,,,,,,,,,,,,,,
11/20/2020,2020,11,20,15,30,66,270,1.4,0.14,2.2,56.38,9.7,999,,,,,,,,,,,,,,,,,,,,,,,,,,,,,,,,,
11/20/2020,2020,11,20,16,30,12,0,2.8,0.14,1.6,71.91,7.5,999,,,,,,,,,,,,,,,,,,,,,,,,,,,,,,,,,
11/20/2020,2020,11,20,17,30,0,0,2.1,0.14,1.6,74.19,6.4,999,,,,,,,,,,,,,,,,,,,,,,,,,,,,,,,,,
11/20/2020,2020,11,20,18,30,0,0,1.9,0.14,1.7,76.09,5.8,1000,,,,,,,,,,,,,,,,,,,,,,,,,,,,,,,,,
11/20/2020,2020,11,20,19,30,0,0,2,0.14,1.7,77.95,5.5,1001,,,,,,,,,,,,,,,,,,,,,,,,,,,,,,,,,
11/20/2020,2020,11,20,20,30,0,0,1.9,0.14,1.7,80,5.1,1001,,,,,,,,,,,,,,,,,,,,,,,,,,,,,,,,,
11/20/2020,2020,11,20,21,30,0,0,1.8,0.14,1.8,82.41,4.5,1001,,,,,,,,,,,,,,,,,,,,,,,,,,,,,,,,,
11/20/2020,2020,11,20,22,30,0,0,1.4,0.14,2,83.33,4,1002,,,,,,,,,,,,,,,,,,,,,,,,,,,,,,,,,
11/20/2020,2020,11,20,23,30,0,0,0.9,0.14,2.3,84.09,3.3,1002,,,,,,,,,,,,,,,,,,,,,,,,,,,,,,,,,
11/21/2020,2020,11,21,0,30,0,0,0.1,0.14,2.4,83.05,2.7,1002,,,,,,,,,,,,,,,,,,,,,,,,,,,,,,,,,
11/21/2020,2020,11,21,1,30,0,0,-0.7,0.14,2.5,81.48,2.1,1002,,,,,,,,,,,,,,,,,,,,,,,,,,,,,,,,,
11/21/2020,2020,11,21,2,30,0,0,-1.5,0.14,2.5,80.17,1.5,1002,,,,,,,,,,,,,,,,,,,,,,,,,,,,,,,,,
11/21/2020,2020,11,21,3,30,0,0,-2.3,0.14,2.5,79.43,0.9,1002,,,,,,,,,,,,,,,,,,,,,,,,,,,,,,,,,
11/21/2020,2020,11,21,4,30,0,0,-2.8,0.14,2.4,80.11,0.2,1003,,,,,,,,,,,,,,,,,,,,,,,,,,,,,,,,,
11/21/2020,2020,11,21,5,30,0,0,-3.3,0.14,2.3,80.9,-0.4,1003,,,,,,,,,,,,,,,,,,,,,,,,,,,,,,,,,
11/21/2020,2020,11,21,6,30,0,0,-3.7,0.14,2.3,82.13,-1,1003,,,,,,,,,,,,,,,,,,,,,,,,,,,,,,,,,
11/21/2020,2020,11,21,7,30,8,0,-4,0.14,2.3,80.36,-1,1003,,,,,,,,,,,,,,,,,,,,,,,,,,,,,,,,,
11/21/2020,2020,11,21,8,30,74,55,-4,0.14,2.2,75.48,-0.2,1003,,,,,,,,,,,,,,,,,,,,,,,,,,,,,,,,,
11/21/2020,2020,11,21,9,30,117,336,-3.8,0.14,2,69.86,1.1,1003,,,,,,,,,,,,,,,,,,,,,,,,,,,,,,,,,
11/21/2020,2020,11,21,10,30,178,175,-3.5,0.14,2.1,63.15,2.8,1002,,,,,,,,,,,,,,,,,,,,,,,,,,,,,,,,,
11/21/2020,2020,11,21,11,30,205,145,-3.8,0.14,2.2,55.18,4.4,1001,,,,,,,,,,,,,,,,,,,,,,,,,,,,,,,,,
11/21/2020,2020,11,21,12,30,202,93,-3.9,0.14,2.1,51.38,5.3,1000,,,,,,,,,,,,,,,,,,,,,,,,,,,,,,,,,
11/21/2020,2020,11,21,13,30,177,77,-3.7,0.14,2,51.35,5.6,999,,,,,,,,,,,,,,,,,,,,,,,,,,,,,,,,,
11/21/2020,2020,11,21,14,30,134,138,-3.3,0.14,1.7,53.1,5.5,999,,,,,,,,,,,,,,,,,,,,,,,,,,,,,,,,,
11/21/2020,2020,11,21,15,30,37,0,-2,0.14,1.3,62.56,4.5,998,,,,,,,,,,,,,,,,,,,,,,,,,,,,,,,,,
11/21/2020,2020,11,21,16,30,15,2,-0.8,0.14,1.2,74.8,3.2,998,,,,,,,,,,,,,,,,,,,,,,,,,,,,,,,,,
11/21/2020,2020,11,21,17,30,0,0,-1.3,0.14,1.3,75.04,2.7,998,,,,,,,,,,,,,,,,,,,,,,,,,,,,,,,,,
11/21/2020,2020,11,21,18,30,0,0,-1.4,0.14,1.4,76.77,2.3,997,,,,,,,,,,,,,,,,,,,,,,,,,,,,,,,,,
11/21/2020,2020,11,21,19,30,0,0,-1.3,0.14,1.4,79.32,1.9,997,,,,,,,,,,,,,,,,,,,,,,,,,,,,,,,,,
11/21/2020,2020,11,21,20,30,0,0,-1.3,0.14,1.4,82.49,1.4,997,,,,,,,,,,,,,,,,,,,,,,,,,,,,,,,,,
11/21/2020,2020,11,21,21,30,0,0,-1.3,0.14,1.3,85.65,0.8,997,,,,,,,,,,,,,,,,,,,,,,,,,,,,,,,,,
11/21/2020,2020,11,21,22,30,0,0,-1.4,0.14,1.1,88.5,0.3,996,,,,,,,,,,,,,,,,,,,,,,,,,,,,,,,,,
11/21/2020,2020,11,21,23,30,0,0,-1.4,0.14,1,89.92,0.1,996,,,,,,,,,,,,,,,,,,,,,,,,,,,,,,,,,
11/22/2020,2020,11,22,0,30,0,0,-1.3,0.14,1,90.87,0,996,,,,,,,,,,,,,,,,,,,,,,,,,,,,,,,,,
11/22/2020,2020,11,22,1,30,0,0,-1.3,0.14,1,92.36,-0.2,996,,,,,,,,,,,,,,,,,,,,,,,,,,,,,,,,,
11/22/2020,2020,11,22,2,30,0,0,-1.3,0.14,0.9,92.27,-0.2,995,,,,,,,,,,,,,,,,,,,,,,,,,,,,,,,,,
11/22/2020,2020,11,22,3,30,0,0,-1.3,0.14,0.9,91.18,0,995,,,,,,,,,,,,,,,,,,,,,,,,,,,,,,,,,
11/22/2020,2020,11,22,4,30,0,0,-1.2,0.14,1,92.36,-0.1,994,,,,,,,,,,,,,,,,,,,,,,,,,,,,,,,,,
11/22/2020,2020,11,22,5,30,0,0,-1.1,0.14,1.2,93.87,-0.2,994,,,,,,,,,,,,,,,,,,,,,,,,,,,,,,,,,
11/22/2020,2020,11,22,6,30,0,0,-0.9,0.14,1.5,92.98,0.1,994,,,,,,,,,,,,,,,,,,,,,,,,,,,,,,,,,
11/22/2020,2020,11,22,7,30,7,0,-0.5,0.14,2.4,86.35,1.5,994,,,,,,,,,,,,,,,,,,,,,,,,,,,,,,,,,
11/22/2020,2020,11,22,8,30,53,313,0.4,0.14,3.5,79.1,3.7,993,,,,,,,,,,,,,,,,,,,,,,,,,,,,,,,,,
11/22/2020,2020,11,22,9,30,58,783,1.7,0.14,4.4,74.22,5.9,993,,,,,,,,,,,,,,,,,,,,,,,,,,,,,,,,,
11/22/2020,2020,11,22,10,30,58,885,2.3,0.14,4.9,66.56,8.2,993,,,,,,,,,,,,,,,,,,,,,,,,,,,,,,,,,
11/22/2020,2020,11,22,11,30,54,927,0.4,0.14,5.3,52.03,9.8,992,,,,,,,,,,,,,,,,,,,,,,,,,,,,,,,,,
11/22/2020,2020,11,22,12,30,52,932,-2.3,0.14,5.6,40.42,10.6,992,,,,,,,,,,,,,,,,,,,,,,,,,,,,,,,,,
11/22/2020,2020,11,22,13,30,51,906,-2.5,0.14,5.7,40.02,10.5,991,,,,,,,,,,,,,,,,,,,,,,,,,,,,,,,,,
11/22/2020,2020,11,22,14,30,46,841,-2,0.14,5.5,43.45,9.9,992,,,,,,,,,,,,,,,,,,,,,,,,,,,,,,,,,
11/22/2020,2020,11,22,15,30,38,699,-1.7,0.14,4.4,49.24,8.3,992,,,,,,,,,,,,,,,,,,,,,,,,,,,,,,,,,
11/22/2020,2020,11,22,16,30,17,281,-1.1,0.14,2.8,62.73,5.4,993,,,,,,,,,,,,,,,,,,,,,,,,,,,,,,,,,
11/22/2020,2020,11,22,17,30,0,0,-1.1,0.14,2.2,70.51,3.8,993,,,,,,,,,,,,,,,,,,,,,,,,,,,,,,,,,
11/22/2020,2020,11,22,18,30,0,0,-1.3,0.14,2.3,75.99,2.5,993,,,,,,,,,,,,,,,,,,,,,,,,,,,,,,,,,
11/22/2020,2020,11,22,19,30,0,0,-1.5,0.14,2.3,78.74,1.8,994,,,,,,,,,,,,,,,,,,,,,,,,,,,,,,,,,
11/22/2020,2020,11,22,20,30,0,0,-1.7,0.14,2.3,81.54,1.1,994,,,,,,,,,,,,,,,,,,,,,,,,,,,,,,,,,
11/22/2020,2020,11,22,21,30,0,0,-1.9,0.14,2.2,84.54,0.4,994,,,,,,,,,,,,,,,,,,,,,,,,,,,,,,,,,
11/22/2020,2020,11,22,22,30,0,0,-2.1,0.14,2.1,88.27,-0.4,994,,,,,,,,,,,,,,,,,,,,,,,,,,,,,,,,,
11/22/2020,2020,11,22,23,30,0,0,-2.4,0.14,1.9,92.36,-1.3,995,,,,,,,,,,,,,,,,,,,,,,,,,,,,,,,,,
11/23/2020,2020,11,23,0,30,0,0,-2.8,0.14,1.6,94.91,-2.1,995,,,,,,,,,,,,,,,,,,,,,,,,,,,,,,,,,
11/23/2020,2020,11,23,1,30,0,0,-3.3,0.14,1.4,96.84,-2.9,995,,,,,,,,,,,,,,,,,,,,,,,,,,,,,,,,,
11/23/2020,2020,11,23,2,30,0,0,-3.9,0.14,1.2,97.38,-3.5,995,,,,,,,,,,,,,,,,,,,,,,,,,,,,,,,,,
11/23/2020,2020,11,23,3,30,0,0,-4.3,0.14,1.1,96.55,-3.8,995,,,,,,,,,,,,,,,,,,,,,,,,,,,,,,,,,
11/23/2020,2020,11,23,4,30,0,0,-4.6,0.14,1.1,95.94,-4,995,,,,,,,,,,,,,,,,,,,,,,,,,,,,,,,,,
11/23/2020,2020,11,23,5,30,0,0,-4.7,0.14,1,95.41,-4.1,995,,,,,,,,,,,,,,,,,,,,,,,,,,,,,,,,,
11/23/2020,2020,11,23,6,30,0,0,-4.8,0.14,1,93.99,-4,995,,,,,,,,,,,,,,,,,,,,,,,,,,,,,,,,,
11/23/2020,2020,11,23,7,30,14,9,-4.8,0.14,1.4,85.84,-2.8,995,,,,,,,,,,,,,,,,,,,,,,,,,,,,,,,,,
11/23/2020,2020,11,23,8,30,71,95,-4.6,0.14,1.9,77.36,-1.1,996,,,,,,,,,,,,,,,,,,,,,,,,,,,,,,,,,
11/23/2020,2020,11,23,9,30,118,258,-4.2,0.14,2.2,72.42,0.2,996,,,,,,,,,,,,,,,,,,,,,,,,,,,,,,,,,
11/23/2020,2020,11,23,10,30,169,176,-4.1,0.14,2.7,64.23,1.9,995,,,,,,,,,,,,,,,,,,,,,,,,,,,,,,,,,
11/23/2020,2020,11,23,11,30,128,41,-4.8,0.14,3.1,55.44,3.3,995,,,,,,,,,,,,,,,,,,,,,,,,,,,,,,,,,
11/23/2020,2020,11,23,12,30,84,0,-4.9,0.14,3.3,50.89,4.4,994,,,,,,,,,,,,,,,,,,,,,,,,,,,,,,,,,
11/23/2020,2020,11,23,13,30,32,0,-4.7,0.14,3.5,49.65,5,993,,,,,,,,,,,,,,,,,,,,,,,,,,,,,,,,,
11/23/2020,2020,11,23,14,30,19,0,-4,0.14,3.5,52.69,4.9,992,,,,,,,,,,,,,,,,,,,,,,,,,,,,,,,,,
11/23/2020,2020,11,23,15,30,49,0,-3,0.14,3.1,60.73,3.9,991,,,,,,,,,,,,,,,,,,,,,,,,,,,,,,,,,
11/23/2020,2020,11,23,16,30,10,0,-1.8,0.14,2.8,73.25,2.5,991,,,,,,,,,,,,,,,,,,,,,,,,,,,,,,,,,
11/23/2020,2020,11,23,17,30,0,0,-1.6,0.14,2.9,78.31,1.8,991,,,,,,,,,,,,,,,,,,,,,,,,,,,,,,,,,
11/23/2020,2020,11,23,18,30,0,0,-1.4,0.14,3.6,81.3,1.5,990,,,,,,,,,,,,,,,,,,,,,,,,,,,,,,,,,
11/23/2020,2020,11,23,19,30,0,0,-1.1,0.14,3.7,85.5,1.1,990,,,,,,,,,,,,,,,,,,,,,,,,,,,,,,,,,
11/23/2020,2020,11,23,20,30,0,0,-0.8,0.14,3.7,88.51,0.9,990,,,,,,,,,,,,,,,,,,,,,,,,,,,,,,,,,
11/23/2020,2020,11,23,21,30,0,0,-0.5,0.14,3.8,91.2,0.8,989,,,,,,,,,,,,,,,,,,,,,,,,,,,,,,,,,
11/23/2020,2020,11,23,22,30,0,0,-0.2,0.14,4,93.38,0.7,988,,,,,,,,,,,,,,,,,,,,,,,,,,,,,,,,,
11/23/2020,2020,11,23,23,30,0,0,-0.2,0.14,4.1,94.01,0.7,988,,,,,,,,,,,,,,,,,,,,,,,,,,,,,,,,,
11/24/2020,2020,11,24,0,30,0,0,-0.1,0.14,4.4,94.55,0.7,987,,,,,,,,,,,,,,,,,,,,,,,,,,,,,,,,,
11/24/2020,2020,11,24,1,30,0,0,0,0.14,4.6,95.03,0.7,986,,,,,,,,,,,,,,,,,,,,,,,,,,,,,,,,,
11/24/2020,2020,11,24,2,30,0,0,0.1,0.14,4.7,94.84,0.8,985,,,,,,,,,,,,,,,,,,,,,,,,,,,,,,,,,
11/24/2020,2020,11,24,3,30,0,0,0.1,0.14,4.7,94.68,0.9,984,,,,,,,,,,,,,,,,,,,,,,,,,,,,,,,,,
11/24/2020,2020,11,24,4,30,0,0,0.2,0.14,4.6,94.57,1,984,,,,,,,,,,,,,,,,,,,,,,,,,,,,,,,,,
11/24/2020,2020,11,24,5,30,0,0,0.4,0.14,4.5,94.83,1.1,983,,,,,,,,,,,,,,,,,,,,,,,,,,,,,,,,,
11/24/2020,2020,11,24,6,30,0,0,0.5,0.14,4.4,95.15,1.2,983,,,,,,,,,,,,,,,,,,,,,,,,,,,,,,,,,
11/24/2020,2020,11,24,7,30,4,0,0.6,0.14,4.3,94.55,1.4,982,,,,,,,,,,,,,,,,,,,,,,,,,,,,,,,,,
11/24/2020,2020,11,24,8,30,13,0,0.9,0.14,4.2,92.81,1.9,981,,,,,,,,,,,,,,,,,,,,,,,,,,,,,,,,,
11/24/2020,2020,11,24,9,30,47,0,1.3,0.14,4.1,92,2.5,981,,,,,,,,,,,,,,,,,,,,,,,,,,,,,,,,,
11/24/2020,2020,11,24,10,30,12,0,2.1,0.14,3.7,90.92,3.4,980,,,,,,,,,,,,,,,,,,,,,,,,,,,,,,,,,
11/24/2020,2020,11,24,11,30,24,0,2.9,0.14,3.3,91.74,4.1,979,,,,,,,,,,,,,,,,,,,,,,,,,,,,,,,,,
11/24/2020,2020,11,24,12,30,76,0,3.6,0.14,2.8,92.55,4.7,978,,,,,,,,,,,,,,,,,,,,,,,,,,,,,,,,,
11/24/2020,2020,11,24,13,30,17,0,4.2,0.14,2.1,94.07,5.1,978,,,,,,,,,,,,,,,,,,,,,,,,,,,,,,,,,
11/24/2020,2020,11,24,14,30,16,0,4.7,0.14,1.4,96,5.3,978,,,,,,,,,,,,,,,,,,,,,,,,,,,,,,,,,
11/24/2020,2020,11,24,15,30,19,0,4.9,0.14,1,98.79,5.1,978,,,,,,,,,,,,,,,,,,,,,,,,,,,,,,,,,
11/24/2020,2020,11,24,16,30,5,0,4.9,0.14,0.8,100,4.9,978,,,,,,,,,,,,,,,,,,,,,,,,,,,,,,,,,
11/24/2020,2020,11,24,17,30,0,0,4.8,0.14,0.7,100,4.8,978,,,,,,,,,,,,,,,,,,,,,,,,,,,,,,,,,
11/24/2020,2020,11,24,18,30,0,0,4.1,0.15,0.9,100,4.1,979,,,,,,,,,,,,,,,,,,,,,,,,,,,,,,,,,
11/24/2020,2020,11,24,19,30,0,0,3.5,0.15,1.3,100,3.5,979,,,,,,,,,,,,,,,,,,,,,,,,,,,,,,,,,
11/24/2020,2020,11,24,20,30,0,0,3.1,0.15,1.9,100,3.1,979,,,,,,,,,,,,,,,,,,,,,,,,,,,,,,,,,
11/24/2020,2020,11,24,21,30,0,0,2.7,0.15,2.8,100,2.7,979,,,,,,,,,,,,,,,,,,,,,,,,,,,,,,,,,
11/24/2020,2020,11,24,22,30,0,0,2.2,0.15,3.6,99.89,2.2,979,,,,,,,,,,,,,,,,,,,,,,,,,,,,,,,,,
11/24/2020,2020,11,24,23,30,0,0,1.5,0.15,4,97.25,1.9,979,,,,,,,,,,,,,,,,,,,,,,,,,,,,,,,,,
11/25/2020,2020,11,25,0,30,0,0,1.1,0.15,4.1,95.65,1.7,978,,,,,,,,,,,,,,,,,,,,,,,,,,,,,,,,,
11/25/2020,2020,11,25,1,30,0,0,0.9,0.15,3.8,95.71,1.5,978,,,,,,,,,,,,,,,,,,,,,,,,,,,,,,,,,
11/25/2020,2020,11,25,2,30,0,0,0.8,0.15,3.6,95.09,1.5,978,,,,,,,,,,,,,,,,,,,,,,,,,,,,,,,,,
11/25/2020,2020,11,25,3,30,0,0,0.8,0.15,3.7,95.03,1.5,978,,,,,,,,,,,,,,,,,,,,,,,,,,,,,,,,,
11/25/2020,2020,11,25,4,30,0,0,0.8,0.15,3.8,94.85,1.5,978,,,,,,,,,,,,,,,,,,,,,,,,,,,,,,,,,
11/25/2020,2020,11,25,5,30,0,0,0.7,0.15,4.1,95.41,1.4,978,,,,,,,,,,,,,,,,,,,,,,,,,,,,,,,,,
11/25/2020,2020,11,25,6,30,0,0,0.6,0.15,4.5,95.19,1.3,979,,,,,,,,,,,,,,,,,,,,,,,,,,,,,,,,,
11/25/2020,2020,11,25,7,30,3,0,0.5,0.15,4.6,94.41,1.3,979,,,,,,,,,,,,,,,,,,,,,,,,,,,,,,,,,
11/25/2020,2020,11,25,8,30,14,0,0.5,0.15,4.5,93.65,1.4,979,,,,,,,,,,,,,,,,,,,,,,,,,,,,,,,,,
11/25/2020,2020,11,25,9,30,6,0,0.6,0.15,4.2,92.02,1.8,980,,,,,,,,,,,,,,,,,,,,,,,,,,,,,,,,,
11/25/2020,2020,11,25,10,30,20,0,0.9,0.15,4.4,87.76,2.7,980,,,,,,,,,,,,,,,,,,,,,,,,,,,,,,,,,
11/25/2020,2020,11,25,11,30,106,3,1.4,0.15,4.7,83.57,3.9,979,,,,,,,,,,,,,,,,,,,,,,,,,,,,,,,,,
11/25/2020,2020,11,25,12,30,79,0,1.9,0.15,4.3,80.7,4.9,979,,,,,,,,,,,,,,,,,,,,,,,,,,,,,,,,,
11/25/2020,2020,11,25,13,30,71,0,2.1,0.15,3.5,80.33,5.2,979,,,,,,,,,,,,,,,,,,,,,,,,,,,,,,,,,
11/25/2020,2020,11,25,14,30,29,0,2.2,0.15,2.7,81.4,5.1,980,,,,,,,,,,,,,,,,,,,,,,,,,,,,,,,,,
11/25/2020,2020,11,25,15,30,59,502,2.3,0.15,1.8,85.66,4.5,981,,,,,,,,,,,,,,,,,,,,,,,,,,,,,,,,,
11/25/2020,2020,11,25,16,30,18,125,2.5,0.15,1.2,93.16,3.5,981,,,,,,,,,,,,,,,,,,,,,,,,,,,,,,,,,
11/25/2020,2020,11,25,17,30,0,0,2,0.15,1.2,93.14,3,982,,,,,,,,,,,,,,,,,,,,,,,,,,,,,,,,,
11/25/2020,2020,11,25,18,30,0,0,1.7,0.15,1.4,95.13,2.4,983,,,,,,,,,,,,,,,,,,,,,,,,,,,,,,,,,
11/25/2020,2020,11,25,19,30,0,0,1.2,0.15,1.3,98.18,1.5,983,,,,,,,,,,,,,,,,,,,,,,,,,,,,,,,,,
11/25/2020,2020,11,25,20,30,0,0,0.2,0.15,1.2,100,0.2,983,,,,,,,,,,,,,,,,,,,,,,,,,,,,,,,,,
11/25/2020,2020,11,25,21,30,0,0,-1.1,0.15,1.2,100,-1.1,983,,,,,,,,,,,,,,,,,,,,,,,,,,,,,,,,,
11/25/2020,2020,11,25,22,30,0,0,-2.3,0.15,1.3,100,-2.3,983,,,,,,,,,,,,,,,,,,,,,,,,,,,,,,,,,
11/25/2020,2020,11,25,23,30,0,0,-3,0.15,1.5,100,-3,983,,,,,,,,,,,,,,,,,,,,,,,,,,,,,,,,,
11/26/2020,2020,11,26,0,30,0,0,-3.2,0.15,1.6,100,-3.2,983,,,,,,,,,,,,,,,,,,,,,,,,,,,,,,,,,
11/26/2020,2020,11,26,1,30,0,0,-3,0.15,1.9,100,-3,983,,,,,,,,,,,,,,,,,,,,,,,,,,,,,,,,,
11/26/2020,2020,11,26,2,30,0,0,-2.8,0.15,2.4,99.12,-2.7,984,,,,,,,,,,,,,,,,,,,,,,,,,,,,,,,,,
11/26/2020,2020,11,26,3,30,0,0,-3,0.15,2.8,97.23,-2.6,983,,,,,,,,,,,,,,,,,,,,,,,,,,,,,,,,,
11/26/2020,2020,11,26,4,30,0,0,-3.3,0.15,3,95.99,-2.7,983,,,,,,,,,,,,,,,,,,,,,,,,,,,,,,,,,
11/26/2020,2020,11,26,5,30,0,0,-3.5,0.15,3.4,95.41,-2.9,983,,,,,,,,,,,,,,,,,,,,,,,,,,,,,,,,,
11/26/2020,2020,11,26,6,30,0,0,-3.8,0.15,3.8,93.85,-2.9,983,,,,,,,,,,,,,,,,,,,,,,,,,,,,,,,,,
11/26/2020,2020,11,26,7,30,14,177,-3.8,0.15,4.2,88.97,-2.2,983,,,,,,,,,,,,,,,,,,,,,,,,,,,,,,,,,
11/26/2020,2020,11,26,8,30,42,640,-3.2,0.15,4.2,82.6,-0.6,983,,,,,,,,,,,,,,,,,,,,,,,,,,,,,,,,,
11/26/2020,2020,11,26,9,30,54,797,-1.9,0.15,4.1,76.87,1.7,983,,,,,,,,,,,,,,,,,,,,,,,,,,,,,,,,,
11/26/2020,2020,11,26,10,30,61,864,-0.8,0.15,4.2,70.09,4.2,984,,,,,,,,,,,,,,,,,,,,,,,,,,,,,,,,,
11/26/2020,2020,11,26,11,30,64,892,-0.4,0.15,4.2,63.17,6.1,983,,,,,,,,,,,,,,,,,,,,,,,,,,,,,,,,,
11/26/2020,2020,11,26,12,30,65,889,-0.1,0.15,3.9,59.69,7.2,983,,,,,,,,,,,,,,,,,,,,,,,,,,,,,,,,,
11/26/2020,2020,11,26,13,30,64,855,0,0.15,3.5,59.06,7.5,983,,,,,,,,,,,,,,,,,,,,,,,,,,,,,,,,,
11/26/2020,2020,11,26,14,30,85,540,0,0.15,2.8,60.76,7.1,983,,,,,,,,,,,,,,,,,,,,,,,,,,,,,,,,,
11/26/2020,2020,11,26,15,30,57,388,0.5,0.15,1.8,72.58,5,984,,,,,,,,,,,,,,,,,,,,,,,,,,,,,,,,,
11/26/2020,2020,11,26,16,30,14,11,0.5,0.15,1.4,89.11,2.1,985,,,,,,,,,,,,,,,,,,,,,,,,,,,,,,,,,
11/26/2020,2020,11,26,17,30,0,0,-1.2,0.15,1.5,86,0.9,985,,,,,,,,,,,,,,,,,,,,,,,,,,,,,,,,,
11/26/2020,2020,11,26,18,30,0,0,-1.4,0.15,1.6,88.33,0.3,986,,,,,,,,,,,,,,,,,,,,,,,,,,,,,,,,,
11/26/2020,2020,11,26,19,30,0,0,-1.6,0.15,1.5,90.53,-0.2,987,,,,,,,,,,,,,,,,,,,,,,,,,,,,,,,,,
11/26/2020,2020,11,26,20,30,0,0,-1.7,0.15,1.4,94.65,-1,987,,,,,,,,,,,,,,,,,,,,,,,,,,,,,,,,,
11/26/2020,2020,11,26,21,30,0,0,-2,0.15,1.3,98.45,-1.8,988,,,,,,,,,,,,,,,,,,,,,,,,,,,,,,,,,
11/26/2020,2020,11,26,22,30,0,0,-2.5,0.15,1.3,100,-2.5,988,,,,,,,,,,,,,,,,,,,,,,,,,,,,,,,,,
11/26/2020,2020,11,26,23,30,0,0,-2.8,0.15,1.3,100,-2.8,989,,,,,,,,,,,,,,,,,,,,,,,,,,,,,,,,,
11/27/2020,2020,11,27,0,30,0,0,-2.9,0.15,1.5,100,-2.9,989,,,,,,,,,,,,,,,,,,,,,,,,,,,,,,,,,
11/27/2020,2020,11,27,1,30,0,0,-3,0.15,1.5,100,-3,989,,,,,,,,,,,,,,,,,,,,,,,,,,,,,,,,,
11/27/2020,2020,11,27,2,30,0,0,-2.9,0.15,1.5,100,-2.9,989,,,,,,,,,,,,,,,,,,,,,,,,,,,,,,,,,
11/27/2020,2020,11,27,3,30,0,0,-2.6,0.15,1.8,100,-2.6,989,,,,,,,,,,,,,,,,,,,,,,,,,,,,,,,,,
11/27/2020,2020,11,27,4,30,0,0,-2.6,0.15,2.3,98.84,-2.4,990,,,,,,,,,,,,,,,,,,,,,,,,,,,,,,,,,
11/27/2020,2020,11,27,5,30,0,0,-2.8,0.15,2.7,97.46,-2.5,990,,,,,,,,,,,,,,,,,,,,,,,,,,,,,,,,,
11/27/2020,2020,11,27,6,30,0,0,-3.2,0.15,2.7,97.05,-2.8,991,,,,,,,,,,,,,,,,,,,,,,,,,,,,,,,,,
11/27/2020,2020,11,27,7,30,14,201,-3.7,0.15,2.9,91.34,-2.5,991,,,,,,,,,,,,,,,,,,,,,,,,,,,,,,,,,
11/27/2020,2020,11,27,8,30,37,679,-3.5,0.15,3,83.11,-1,991,,,,,,,,,,,,,,,,,,,,,,,,,,,,,,,,,
11/27/2020,2020,11,27,9,30,48,828,-2.7,0.15,2.8,74.96,1.3,992,,,,,,,,,,,,,,,,,,,,,,,,,,,,,,,,,
11/27/2020,2020,11,27,10,30,56,893,-1.7,0.15,3,67.07,3.9,992,,,,,,,,,,,,,,,,,,,,,,,,,,,,,,,,,
11/27/2020,2020,11,27,11,30,61,915,-1.9,0.15,3.5,57.63,5.8,992,,,,,,,,,,,,,,,,,,,,,,,,,,,,,,,,,
11/27/2020,2020,11,27,12,30,64,909,-1.9,0.15,3.7,54.42,6.6,991,,,,,,,,,,,,,,,,,,,,,,,,,,,,,,,,,
11/27/2020,2020,11,27,13,30,60,876,-1.9,0.15,3.8,53.74,6.8,991,,,,,,,,,,,,,,,,,,,,,,,,,,,,,,,,,
11/27/2020,2020,11,27,14,30,53,811,-1.9,0.15,3.5,55.15,6.5,991,,,,,,,,,,,,,,,,,,,,,,,,,,,,,,,,,
11/27/2020,2020,11,27,15,30,41,662,-1.4,0.15,2.3,65.66,4.5,991,,,,,,,,,,,,,,,,,,,,,,,,,,,,,,,,,
11/27/2020,2020,11,27,16,30,17,234,-1,0.15,1.5,82.31,1.7,991,,,,,,,,,,,,,,,,,,,,,,,,,,,,,,,,,
11/27/2020,2020,11,27,17,30,0,0,-2.5,0.15,1.5,80.14,0.5,991,,,,,,,,,,,,,,,,,,,,,,,,,,,,,,,,,
11/27/2020,2020,11,27,18,30,0,0,-2.9,0.15,1.3,78.95,0.3,991,,,,,,,,,,,,,,,,,,,,,,,,,,,,,,,,,
11/27/2020,2020,11,27,19,30,0,0,-3.1,0.15,1.3,77.66,0.3,991,,,,,,,,,,,,,,,,,,,,,,,,,,,,,,,,,
11/27/2020,2020,11,27,20,30,0,0,-3.2,0.15,1.4,80.03,-0.2,991,,,,,,,,,,,,,,,,,,,,,,,,,,,,,,,,,
11/27/2020,2020,11,27,21,30,0,0,-3.3,0.15,1.5,84.37,-1,991,,,,,,,,,,,,,,,,,,,,,,,,,,,,,,,,,
11/27/2020,2020,11,27,22,30,0,0,-3.4,0.15,1.8,86.3,-1.4,991,,,,,,,,,,,,,,,,,,,,,,,,,,,,,,,,,
11/27/2020,2020,11,27,23,30,0,0,-3.4,0.15,2.2,86.01,-1.4,991,,,,,,,,,,,,,,,,,,,,,,,,,,,,,,,,,
11/28/2020,2020,11,28,0,30,0,0,-3.4,0.15,2.6,86.18,-1.4,991,,,,,,,,,,,,,,,,,,,,,,,,,,,,,,,,,
11/28/2020,2020,11,28,1,30,0,0,-3.4,0.15,3,86.5,-1.4,990,,,,,,,,,,,,,,,,,,,,,,,,,,,,,,,,,
11/28/2020,2020,11,28,2,30,0,0,-3.3,0.15,3.2,88.42,-1.6,990,,,,,,,,,,,,,,,,,,,,,,,,,,,,,,,,,
11/28/2020,2020,11,28,3,30,0,0,-3.2,0.15,3.2,89.56,-1.7,990,,,,,,,,,,,,,,,,,,,,,,,,,,,,,,,,,
11/28/2020,2020,11,28,4,30,0,0,-3.2,0.15,3.2,90.22,-1.8,989,,,,,,,,,,,,,,,,,,,,,,,,,,,,,,,,,
11/28/2020,2020,11,28,5,30,0,0,-3.2,0.15,3.3,89.98,-1.8,989,,,,,,,,,,,,,,,,,,,,,,,,,,,,,,,,,
11/28/2020,2020,11,28,6,30,0,0,-3.3,0.15,3.4,89.14,-1.7,989,,,,,,,,,,,,,,,,,,,,,,,,,,,,,,,,,
11/28/2020,2020,11,28,7,30,13,195,-3.2,0.15,3.9,84.2,-0.9,989,,,,,,,,,,,,,,,,,,,,,,,,,,,,,,,,,
11/28/2020,2020,11,28,8,30,35,666,-2.6,0.15,4.1,76.89,1,989,,,,,,,,,,,,,,,,,,,,,,,,,,,,,,,,,
11/28/2020,2020,11,28,9,30,45,818,-1.6,0.15,4,69.36,3.5,988,,,,,,,,,,,,,,,,,,,,,,,,,,,,,,,,,
11/28/2020,2020,11,28,10,30,50,887,-0.2,0.15,4.2,62.29,6.5,988,,,,,,,,,,,,,,,,,,,,,,,,,,,,,,,,,
11/28/2020,2020,11,28,11,30,53,919,0.7,0.15,4.7,55.02,9.3,987,,,,,,,,,,,,,,,,,,,,,,,,,,,,,,,,,
11/28/2020,2020,11,28,12,30,54,919,1.2,0.15,5,50.01,11.2,986,,,,,,,,,,,,,,,,,,,,,,,,,,,,,,,,,
11/28/2020,2020,11,28,13,30,53,892,1.4,0.15,4.8,47.69,12.2,985,,,,,,,,,,,,,,,,,,,,,,,,,,,,,,,,,
11/28/2020,2020,11,28,14,30,48,826,1.8,0.15,4.2,50.36,11.8,985,,,,,,,,,,,,,,,,,,,,,,,,,,,,,,,,,
11/28/2020,2020,11,28,15,30,38,679,2.6,0.15,3.4,62.26,9.5,985,,,,,,,,,,,,,,,,,,,,,,,,,,,,,,,,,
11/28/2020,2020,11,28,16,30,16,248,2.5,0.15,3,74.2,6.8,985,,,,,,,,,,,,,,,,,,,,,,,,,,,,,,,,,
11/28/2020,2020,11,28,17,30,0,0,1.9,0.15,3.1,75.98,5.8,985,,,,,,,,,,,,,,,,,,,,,,,,,,,,,,,,,
11/28/2020,2020,11,28,18,30,0,0,1.7,0.15,3.7,78.83,5.1,985,,,,,,,,,,,,,,,,,,,,,,,,,,,,,,,,,
11/28/2020,2020,11,28,19,30,0,0,1.6,0.15,3.7,81.8,4.4,985,,,,,,,,,,,,,,,,,,,,,,,,,,,,,,,,,
11/28/2020,2020,11,28,20,30,0,0,1.3,0.15,3.5,85.09,3.6,985,,,,,,,,,,,,,,,,,,,,,,,,,,,,,,,,,
11/28/2020,2020,11,28,21,30,0,0,1,0.15,3.3,88.07,2.8,985,,,,,,,,,,,,,,,,,,,,,,,,,,,,,,,,,
11/28/2020,2020,11,28,22,30,0,0,0.7,0.15,3.1,91.75,1.9,984,,,,,,,,,,,,,,,,,,,,,,,,,,,,,,,,,
11/28/2020,2020,11,28,23,30,0,0,0.4,0.15,2.9,94.52,1.2,984,,,,,,,,,,,,,,,,,,,,,,,,,,,,,,,,,
11/29/2020,2020,11,29,0,30,0,0,0.2,0.15,2.8,97.52,0.5,984,,,,,,,,,,,,,,,,,,,,,,,,,,,,,,,,,
11/29/2020,2020,11,29,1,30,0,0,-0.2,0.15,2.7,100,-0.2,984,,,,,,,,,,,,,,,,,,,,,,,,,,,,,,,,,
11/29/2020,2020,11,29,2,30,0,0,-0.7,0.15,2.6,100,-0.7,984,,,,,,,,,,,,,,,,,,,,,,,,,,,,,,,,,
11/29/2020,2020,11,29,3,30,0,0,-0.9,0.15,2.6,100,-0.9,984,,,,,,,,,,,,,,,,,,,,,,,,,,,,,,,,,
11/29/2020,2020,11,29,4,30,0,0,-0.8,0.15,3,100,-0.8,984,,,,,,,,,,,,,,,,,,,,,,,,,,,,,,,,,
11/29/2020,2020,11,29,5,30,0,0,-0.9,0.15,3.9,98.02,-0.6,984,,,,,,,,,,,,,,,,,,,,,,,,,,,,,,,,,
11/29/2020,2020,11,29,6,30,0,0,-1.1,0.15,4.7,95.03,-0.4,985,,,,,,,,,,,,,,,,,,,,,,,,,,,,,,,,,
11/29/2020,2020,11,29,7,30,10,73,-1.4,0.15,5.4,88.61,0.3,986,,,,,,,,,,,,,,,,,,,,,,,,,,,,,,,,,
11/29/2020,2020,11,29,8,30,39,646,-1.2,0.15,6.5,80.88,1.7,987,,,,,,,,,,,,,,,,,,,,,,,,,,,,,,,,,
11/29/2020,2020,11,29,9,30,57,749,-1.2,0.15,7.7,72.82,3.2,988,,,,,,,,,,,,,,,,,,,,,,,,,,,,,,,,,
11/29/2020,2020,11,29,10,30,155,289,-2.2,0.15,8.3,63.24,4.2,989,,,,,,,,,,,,,,,,,,,,,,,,,,,,,,,,,
11/29/2020,2020,11,29,11,30,172,308,-3.6,0.15,8.4,54.38,4.8,989,,,,,,,,,,,,,,,,,,,,,,,,,,,,,,,,,
11/29/2020,2020,11,29,12,30,173,74,-4.9,0.15,8.4,49.81,4.7,989,,,,,,,,,,,,,,,,,,,,,,,,,,,,,,,,,
11/29/2020,2020,11,29,13,30,157,210,-5.7,0.15,8.1,48.66,4.2,990,,,,,,,,,,,,,,,,,,,,,,,,,,,,,,,,,
11/29/2020,2020,11,29,14,30,50,837,-6.3,0.15,7.7,48.92,3.4,990,,,,,,,,,,,,,,,,,,,,,,,,,,,,,,,,,
11/29/2020,2020,11,29,15,30,56,421,-7.1,0.15,7.1,49.72,2.3,991,,,,,,,,,,,,,,,,,,,,,,,,,,,,,,,,,
11/29/2020,2020,11,29,16,30,16,274,-7.8,0.15,6.4,52.41,0.8,991,,,,,,,,,,,,,,,,,,,,,,,,,,,,,,,,,
11/29/2020,2020,11,29,17,30,0,0,-8.2,0.15,6.2,53.58,0.1,992,,,,,,,,,,,,,,,,,,,,,,,,,,,,,,,,,
11/29/2020,2020,11,29,18,30,0,0,-8.5,0.15,6.2,58.11,-1.3,993,,,,,,,,,,,,,,,,,,,,,,,,,,,,,,,,,
11/29/2020,2020,11,29,19,30,0,0,-8.8,0.15,6.2,60.24,-2.1,993,,,,,,,,,,,,,,,,,,,,,,,,,,,,,,,,,
11/29/2020,2020,11,29,20,30,0,0,-9,0.15,6.1,62.12,-2.8,993,,,,,,,,,,,,,,,,,,,,,,,,,,,,,,,,,
11/29/2020,2020,11,29,21,30,0,0,-9.3,0.15,5.9,64.18,-3.5,993,,,,,,,,,,,,,,,,,,,,,,,,,,,,,,,,,
11/29/2020,2020,11,29,22,30,0,0,-9.5,0.15,5.6,65.36,-4,993,,,,,,,,,,,,,,,,,,,,,,,,,,,,,,,,,
11/29/2020,2020,11,29,23,30,0,0,-9.8,0.15,5.3,66.68,-4.5,993,,,,,,,,,,,,,,,,,,,,,,,,,,,,,,,,,
11/30/2020,2020,11,30,0,30,0,0,-10,0.15,5,67.72,-4.9,993,,,,,,,,,,,,,,,,,,,,,,,,,,,,,,,,,
11/30/2020,2020,11,30,1,30,0,0,-10.1,0.15,4.7,68.54,-5.2,993,,,,,,,,,,,,,,,,,,,,,,,,,,,,,,,,,
11/30/2020,2020,11,30,2,30,0,0,-10.1,0.15,4.4,69.86,-5.5,993,,,,,,,,,,,,,,,,,,,,,,,,,,,,,,,,,
11/30/2020,2020,11,30,3,30,0,0,-10.2,0.15,4.2,71.9,-5.9,993,,,,,,,,,,,,,,,,,,,,,,,,,,,,,,,,,
11/30/2020,2020,11,30,4,30,0,0,-10.2,0.15,3.9,73.41,-6.2,993,,,,,,,,,,,,,,,,,,,,,,,,,,,,,,,,,
11/30/2020,2020,11,30,5,30,0,0,-10.2,0.15,3.7,74.45,-6.4,993,,,,,,,,,,,,,,,,,,,,,,,,,,,,,,,,,
11/30/2020,2020,11,30,6,30,0,0,-10.2,0.15,3.6,75.75,-6.6,993,,,,,,,,,,,,,,,,,,,,,,,,,,,,,,,,,
11/30/2020,2020,11,30,7,30,8,100,-10.1,0.15,3.9,73.11,-6.1,993,,,,,,,,,,,,,,,,,,,,,,,,,,,,,,,,,
11/30/2020,2020,11,30,8,30,49,1,-10.4,0.15,4.7,65.38,-4.9,993,,,,,,,,,,,,,,,,,,,,,,,,,,,,,,,,,
11/30/2020,2020,11,30,9,30,119,103,-11.3,0.15,5,54.13,-3.3,993,,,,,,,,,,,,,,,,,,,,,,,,,,,,,,,,,
11/30/2020,2020,11,30,10,30,147,305,-11.4,0.15,4.9,48.08,-1.9,992,,,,,,,,,,,,,,,,,,,,,,,,,,,,,,,,,
11/30/2020,2020,11,30,11,30,50,961,-11.3,0.15,4.6,44.54,-0.7,992,,,,,,,,,,,,,,,,,,,,,,,,,,,,,,,,,
11/30/2020,2020,11,30,12,30,51,961,-11,0.15,4.2,42.98,0.1,991,,,,,,,,,,,,,,,,,,,,,,,,,,,,,,,,,
11/30/2020,2020,11,30,13,30,48,937,-10.7,0.15,3.8,42.49,0.6,990,,,,,,,,,,,,,,,,,,,,,,,,,,,,,,,,,
11/30/2020,2020,11,30,14,30,43,875,-10.4,0.15,3.3,43.73,0.5,989,,,,,,,,,,,,,,,,,,,,,,,,,,,,,,,,,
11/30/2020,2020,11,30,15,30,34,736,-10,0.15,2.1,50.91,-1.1,989,,,,,,,,,,,,,,,,,,,,,,,,,,,,,,,,,
11/30/2020,2020,11,30,16,30,15,292,-8.2,0.15,1.2,68.93,-3.3,989,,,,,,,,,,,,,,,,,,,,,,,,,,,,,,,,,
11/30/2020,2020,11,30,17,30,0,0,-9.2,0.15,1.1,67.36,-4,989,,,,,,,,,,,,,,,,,,,,,,,,,,,,,,,,,
11/30/2020,2020,11,30,18,30,0,0,-9.3,0.15,1,65.81,-3.8,989,,,,,,,,,,,,,,,,,,,,,,,,,,,,,,,,,
11/30/2020,2020,11,30,19,30,0,0,-9.4,0.15,0.8,64.76,-3.7,989,,,,,,,,,,,,,,,,,,,,,,,,,,,,,,,,,
11/30/2020,2020,11,30,20,30,0,0,-9.4,0.15,0.7,64.92,-3.8,989,,,,,,,,,,,,,,,,,,,,,,,,,,,,,,,,,
11/30/2020,2020,11,30,21,30,0,0,-9.5,0.15,0.7,64.79,-3.8,989,,,,,,,,,,,,,,,,,,,,,,,,,,,,,,,,,
11/30/2020,2020,11,30,22,30,0,0,-9.5,0.15,0.7,65.21,-3.9,989,,,,,,,,,,,,,,,,,,,,,,,,,,,,,,,,,
11/30/2020,2020,11,30,23,30,0,0,-9.4,0.15,0.7,65.45,-3.9,989,,,,,,,,,,,,,,,,,,,,,,,,,,,,,,,,,
12/1/2020,2020,12,1,0,30,0,0,-9.4,0.15,0.7,65.99,-4,989,,,,,,,,,,,,,,,,,,,,,,,,,,,,,,,,,
12/1/2020,2020,12,1,1,30,0,0,-9.4,0.15,0.7,66,-4,988,,,,,,,,,,,,,,,,,,,,,,,,,,,,,,,,,
12/1/2020,2020,12,1,2,30,0,0,-9.3,0.15,0.7,66.86,-4.1,988,,,,,,,,,,,,,,,,,,,,,,,,,,,,,,,,,
12/1/2020,2020,12,1,3,30,0,0,-9.2,0.15,0.7,69.12,-4.4,988,,,,,,,,,,,,,,,,,,,,,,,,,,,,,,,,,
12/1/2020,2020,12,1,4,30,0,0,-9.1,0.15,0.7,70.84,-4.6,988,,,,,,,,,,,,,,,,,,,,,,,,,,,,,,,,,
12/1/2020,2020,12,1,5,30,0,0,-9,0.15,0.8,73.19,-4.9,988,,,,,,,,,,,,,,,,,,,,,,,,,,,,,,,,,
12/1/2020,2020,12,1,6,30,0,0,-8.6,0.15,1.1,75.64,-5,988,,,,,,,,,,,,,,,,,,,,,,,,,,,,,,,,,
12/1/2020,2020,12,1,7,30,10,167,-8.7,0.15,2,73.15,-4.6,988,,,,,,,,,,,,,,,,,,,,,,,,,,,,,,,,,
12/1/2020,2020,12,1,8,30,34,700,-9.2,0.15,2.8,61.81,-2.9,988,,,,,,,,,,,,,,,,,,,,,,,,,,,,,,,,,
12/1/2020,2020,12,1,9,30,46,845,-8.8,0.15,3.2,53.77,-0.6,989,,,,,,,,,,,,,,,,,,,,,,,,,,,,,,,,,
12/1/2020,2020,12,1,10,30,52,915,-8.7,0.15,3.4,46.93,1.4,989,,,,,,,,,,,,,,,,,,,,,,,,,,,,,,,,,
12/1/2020,2020,12,1,11,30,53,946,-8.1,0.15,3.3,44.43,2.8,988,,,,,,,,,,,,,,,,,,,,,,,,,,,,,,,,,
12/1/2020,2020,12,1,12,30,53,948,-7.9,0.15,3.1,42.24,3.8,988,,,,,,,,,,,,,,,,,,,,,,,,,,,,,,,,,
12/1/2020,2020,12,1,13,30,51,922,-7.7,0.15,2.7,41.23,4.3,988,,,,,,,,,,,,,,,,,,,,,,,,,,,,,,,,,
12/1/2020,2020,12,1,14,30,49,852,-7.3,0.15,2,44.45,3.7,988,,,,,,,,,,,,,,,,,,,,,,,,,,,,,,,,,
12/1/2020,2020,12,1,15,30,40,699,-4.2,0.15,1.4,66.43,1.4,988,,,,,,,,,,,,,,,,,,,,,,,,,,,,,,,,,
12/1/2020,2020,12,1,16,30,16,252,-5.6,0.15,1.5,71.73,-1.1,988,,,,,,,,,,,,,,,,,,,,,,,,,,,,,,,,,
12/1/2020,2020,12,1,17,30,0,0,-6.8,0.15,1.7,69.03,-1.9,988,,,,,,,,,,,,,,,,,,,,,,,,,,,,,,,,,
12/1/2020,2020,12,1,18,30,0,0,-6.9,0.16,1.8,70.17,-2.2,989,,,,,,,,,,,,,,,,,,,,,,,,,,,,,,,,,
12/1/2020,2020,12,1,19,30,0,0,-7,0.16,1.8,70.79,-2.4,990,,,,,,,,,,,,,,,,,,,,,,,,,,,,,,,,,
12/1/2020,2020,12,1,20,30,0,0,-7,0.16,1.7,71.82,-2.6,990,,,,,,,,,,,,,,,,,,,,,,,,,,,,,,,,,
12/1/2020,2020,12,1,21,30,0,0,-6.9,0.16,1.5,73.32,-2.8,991,,,,,,,,,,,,,,,,,,,,,,,,,,,,,,,,,
12/1/2020,2020,12,1,22,30,0,0,-6.8,0.16,1.4,74.84,-3,992,,,,,,,,,,,,,,,,,,,,,,,,,,,,,,,,,
12/1/2020,2020,12,1,23,30,0,0,-6.8,0.16,1.3,75.7,-3.1,992,,,,,,,,,,,,,,,,,,,,,,,,,,,,,,,,,
12/2/2020,2020,12,2,0,30,0,0,-6.7,0.16,1.2,76.68,-3.2,993,,,,,,,,,,,,,,,,,,,,,,,,,,,,,,,,,
12/2/2020,2020,12,2,1,30,0,0,-6.6,0.16,1.2,76.51,-3.1,993,,,,,,,,,,,,,,,,,,,,,,,,,,,,,,,,,
12/2/2020,2020,12,2,2,30,0,0,-6.6,0.16,1.3,76.74,-3.1,994,,,,,,,,,,,,,,,,,,,,,,,,,,,,,,,,,
12/2/2020,2020,12,2,3,30,0,0,-6.7,0.16,1.4,76.45,-3.1,994,,,,,,,,,,,,,,,,,,,,,,,,,,,,,,,,,
12/2/2020,2020,12,2,4,30,0,0,-6.8,0.16,1.3,77.58,-3.4,994,,,,,,,,,,,,,,,,,,,,,,,,,,,,,,,,,
12/2/2020,2020,12,2,5,30,0,0,-6.9,0.16,1.3,78.64,-3.7,995,,,,,,,,,,,,,,,,,,,,,,,,,,,,,,,,,
12/2/2020,2020,12,2,6,30,0,0,-7,0.16,1.3,79.43,-4,995,,,,,,,,,,,,,,,,,,,,,,,,,,,,,,,,,
12/2/2020,2020,12,2,7,30,8,75,-7.1,0.16,1.6,76.57,-3.6,996,,,,,,,,,,,,,,,,,,,,,,,,,,,,,,,,,
12/2/2020,2020,12,2,8,30,40,619,-7,0.16,1.8,69.51,-2.2,996,,,,,,,,,,,,,,,,,,,,,,,,,,,,,,,,,
12/2/2020,2020,12,2,9,30,52,811,-6.5,0.16,1.5,63.19,-0.3,997,,,,,,,,,,,,,,,,,,,,,,,,,,,,,,,,,
12/2/2020,2020,12,2,10,30,58,884,-5.5,0.16,1.3,57.08,2.1,997,,,,,,,,,,,,,,,,,,,,,,,,,,,,,,,,,
12/2/2020,2020,12,2,11,30,62,914,-5.9,0.16,1,48.54,4,996,,,,,,,,,,,,,,,,,,,,,,,,,,,,,,,,,
12/2/2020,2020,12,2,12,30,63,914,-6.4,0.16,0.8,43.34,5.1,996,,,,,,,,,,,,,,,,,,,,,,,,,,,,,,,,,
12/2/2020,2020,12,2,13,30,60,885,-6.2,0.16,1.1,43.13,5.4,995,,,,,,,,,,,,,,,,,,,,,,,,,,,,,,,,,
12/2/2020,2020,12,2,14,30,54,816,-5.3,0.16,1.3,49.22,4.4,995,,,,,,,,,,,,,,,,,,,,,,,,,,,,,,,,,
12/2/2020,2020,12,2,15,30,42,662,-2.3,0.16,1.2,73.39,2,995,,,,,,,,,,,,,,,,,,,,,,,,,,,,,,,,,
12/2/2020,2020,12,2,16,30,15,125,-4.8,0.16,1.3,69.12,0.2,995,,,,,,,,,,,,,,,,,,,,,,,,,,,,,,,,,
12/2/2020,2020,12,2,17,30,0,0,-6.3,0.16,1.3,63,-0.1,995,,,,,,,,,,,,,,,,,,,,,,,,,,,,,,,,,
12/2/2020,2020,12,2,18,30,0,0,-6.5,0.16,1.1,57.06,1.1,996,,,,,,,,,,,,,,,,,,,,,,,,,,,,,,,,,
12/2/2020,2020,12,2,19,30,0,0,-6.6,0.16,0.9,55.56,1.3,995,,,,,,,,,,,,,,,,,,,,,,,,,,,,,,,,,
12/2/2020,2020,12,2,20,30,0,0,-6.6,0.16,0.9,57.21,0.9,995,,,,,,,,,,,,,,,,,,,,,,,,,,,,,,,,,
12/2/2020,2020,12,2,21,30,0,0,-6.1,0.16,1.2,64.41,-0.2,995,,,,,,,,,,,,,,,,,,,,,,,,,,,,,,,,,
12/2/2020,2020,12,2,22,30,0,0,-5.4,0.16,1.5,73.55,-1.3,995,,,,,,,,,,,,,,,,,,,,,,,,,,,,,,,,,
12/2/2020,2020,12,2,23,30,0,0,-5,0.16,1.8,79.83,-2,994,,,,,,,,,,,,,,,,,,,,,,,,,,,,,,,,,
12/3/2020,2020,12,3,0,30,0,0,-4.7,0.16,2,84.22,-2.4,994,,,,,,,,,,,,,,,,,,,,,,,,,,,,,,,,,
12/3/2020,2020,12,3,1,30,0,0,-4.5,0.16,1.8,88.36,-2.8,994,,,,,,,,,,,,,,,,,,,,,,,,,,,,,,,,,
12/3/2020,2020,12,3,2,30,0,0,-4.3,0.16,1.5,91.8,-3.2,994,,,,,,,,,,,,,,,,,,,,,,,,,,,,,,,,,
12/3/2020,2020,12,3,3,30,0,0,-4.3,0.16,1.5,94.84,-3.6,994,,,,,,,,,,,,,,,,,,,,,,,,,,,,,,,,,
12/3/2020,2020,12,3,4,30,0,0,-4.3,0.16,1.4,97.79,-4,994,,,,,,,,,,,,,,,,,,,,,,,,,,,,,,,,,
12/3/2020,2020,12,3,5,30,0,0,-4.3,0.16,1.3,99.81,-4.3,993,,,,,,,,,,,,,,,,,,,,,,,,,,,,,,,,,
12/3/2020,2020,12,3,6,30,0,0,-4.5,0.16,1.2,100,-4.5,993,,,,,,,,,,,,,,,,,,,,,,,,,,,,,,,,,
12/3/2020,2020,12,3,7,30,10,109,-4.5,0.16,1.8,95.61,-3.9,993,,,,,,,,,,,,,,,,,,,,,,,,,,,,,,,,,
12/3/2020,2020,12,3,8,30,40,597,-4.3,0.16,2.6,86.57,-2.4,993,,,,,,,,,,,,,,,,,,,,,,,,,,,,,,,,,
12/3/2020,2020,12,3,9,30,54,780,-3.6,0.16,3,78.18,-0.3,992,,,,,,,,,,,,,,,,,,,,,,,,,,,,,,,,,
12/3/2020,2020,12,3,10,30,59,866,-3.1,0.16,3.4,69.63,1.9,992,,,,,,,,,,,,,,,,,,,,,,,,,,,,,,,,,
12/3/2020,2020,12,3,11,30,61,903,-2.8,0.16,3.6,62.94,3.6,991,,,,,,,,,,,,,,,,,,,,,,,,,,,,,,,,,
12/3/2020,2020,12,3,12,30,62,888,-2.7,0.16,3.6,59.32,4.6,989,,,,,,,,,,,,,,,,,,,,,,,,,,,,,,,,,
12/3/2020,2020,12,3,13,30,55,879,-2.6,0.16,3.5,57.96,5,989,,,,,,,,,,,,,,,,,,,,,,,,,,,,,,,,,
12/3/2020,2020,12,3,14,30,49,811,-2.4,0.16,2.6,61.12,4.4,988,,,,,,,,,,,,,,,,,,,,,,,,,,,,,,,,,
12/3/2020,2020,12,3,15,30,51,473,-1.5,0.16,1.7,75.67,2.4,988,,,,,,,,,,,,,,,,,,,,,,,,,,,,,,,,,
12/3/2020,2020,12,3,16,30,10,35,-2.2,0.16,1.7,80.22,0.8,988,,,,,,,,,,,,,,,,,,,,,,,,,,,,,,,,,
12/3/2020,2020,12,3,17,30,0,0,-2.8,0.16,1.8,78.96,0.4,987,,,,,,,,,,,,,,,,,,,,,,,,,,,,,,,,,
12/3/2020,2020,12,3,18,30,0,0,-3.1,0.16,2.3,79.89,0,987,,,,,,,,,,,,,,,,,,,,,,,,,,,,,,,,,
12/3/2020,2020,12,3,19,30,0,0,-3.3,0.16,2.7,79.26,-0.1,987,,,,,,,,,,,,,,,,,,,,,,,,,,,,,,,,,
12/3/2020,2020,12,3,20,30,0,0,-3.4,0.16,3,79.05,-0.2,986,,,,,,,,,,,,,,,,,,,,,,,,,,,,,,,,,
12/3/2020,2020,12,3,21,30,0,0,-3.5,0.16,3.4,78.9,-0.3,986,,,,,,,,,,,,,,,,,,,,,,,,,,,,,,,,,
12/3/2020,2020,12,3,22,30,0,0,-3.7,0.16,3.6,79.59,-0.6,986,,,,,,,,,,,,,,,,,,,,,,,,,,,,,,,,,
12/3/2020,2020,12,3,23,30,0,0,-3.8,0.16,3.5,80.99,-1,985,,,,,,,,,,,,,,,,,,,,,,,,,,,,,,,,,
12/4/2020,2020,12,4,0,30,0,0,-4,0.16,3.3,81.87,-1.3,985,,,,,,,,,,,,,,,,,,,,,,,,,,,,,,,,,
12/4/2020,2020,12,4,1,30,0,0,-4.2,0.16,3.2,81.7,-1.5,985,,,,,,,,,,,,,,,,,,,,,,,,,,,,,,,,,
12/4/2020,2020,12,4,2,30,0,0,-4.5,0.16,3.2,80.48,-1.6,984,,,,,,,,,,,,,,,,,,,,,,,,,,,,,,,,,
12/4/2020,2020,12,4,3,30,0,0,-4.8,0.16,3.1,79.35,-1.7,984,,,,,,,,,,,,,,,,,,,,,,,,,,,,,,,,,
12/4/2020,2020,12,4,4,30,0,0,-5.1,0.16,3,78.41,-1.8,984,,,,,,,,,,,,,,,,,,,,,,,,,,,,,,,,,
12/4/2020,2020,12,4,5,30,0,0,-5.3,0.16,2.9,77.49,-1.9,983,,,,,,,,,,,,,,,,,,,,,,,,,,,,,,,,,
12/4/2020,2020,12,4,6,30,0,0,-5.5,0.16,2.8,76.96,-2,983,,,,,,,,,,,,,,,,,,,,,,,,,,,,,,,,,
12/4/2020,2020,12,4,7,30,9,129,-5.6,0.16,3.1,73.84,-1.5,984,,,,,,,,,,,,,,,,,,,,,,,,,,,,,,,,,
12/4/2020,2020,12,4,8,30,33,631,-5.3,0.16,3.4,67.3,0,984,,,,,,,,,,,,,,,,,,,,,,,,,,,,,,,,,
12/4/2020,2020,12,4,9,30,44,796,-4.6,0.16,3.2,60.55,2.3,984,,,,,,,,,,,,,,,,,,,,,,,,,,,,,,,,,
12/4/2020,2020,12,4,10,30,49,869,-3.3,0.16,3.1,56.26,4.7,984,,,,,,,,,,,,,,,,,,,,,,,,,,,,,,,,,
12/4/2020,2020,12,4,11,30,53,898,-2.1,0.16,3.1,53.25,6.7,984,,,,,,,,,,,,,,,,,,,,,,,,,,,,,,,,,
12/4/2020,2020,12,4,12,30,55,897,-1.5,0.16,3,51.54,7.9,984,,,,,,,,,,,,,,,,,,,,,,,,,,,,,,,,,
12/4/2020,2020,12,4,13,30,53,870,-1,0.16,2.5,52.41,8.2,984,,,,,,,,,,,,,,,,,,,,,,,,,,,,,,,,,
12/4/2020,2020,12,4,14,30,48,804,0,0.16,1.6,61.3,6.9,985,,,,,,,,,,,,,,,,,,,,,,,,,,,,,,,,,
12/4/2020,2020,12,4,15,30,37,658,1.3,0.16,1.2,80.98,4.3,985,,,,,,,,,,,,,,,,,,,,,,,,,,,,,,,,,
12/4/2020,2020,12,4,16,30,15,233,-1.1,0.16,1.4,78.96,2.2,985,,,,,,,,,,,,,,,,,,,,,,,,,,,,,,,,,
12/4/2020,2020,12,4,17,30,0,0,-1.8,0.16,1.5,78.42,1.6,985,,,,,,,,,,,,,,,,,,,,,,,,,,,,,,,,,
12/4/2020,2020,12,4,18,30,0,0,-1.8,0.16,1.5,82.6,0.8,986,,,,,,,,,,,,,,,,,,,,,,,,,,,,,,,,,
12/4/2020,2020,12,4,19,30,0,0,-1.9,0.16,1.5,84.39,0.4,986,,,,,,,,,,,,,,,,,,,,,,,,,,,,,,,,,
12/4/2020,2020,12,4,20,30,0,0,-2,0.16,1.4,84.67,0.3,987,,,,,,,,,,,,,,,,,,,,,,,,,,,,,,,,,
12/4/2020,2020,12,4,21,30,0,0,-2,0.16,1.3,83.5,0.5,987,,,,,,,,,,,,,,,,,,,,,,,,,,,,,,,,,
12/4/2020,2020,12,4,22,30,0,0,-1.9,0.16,1.1,82.89,0.7,987,,,,,,,,,,,,,,,,,,,,,,,,,,,,,,,,,
12/4/2020,2020,12,4,23,30,0,0,-1.7,0.16,1,83.75,0.7,987,,,,,,,,,,,,,,,,,,,,,,,,,,,,,,,,,
12/5/2020,2020,12,5,0,30,0,0,-1.6,0.16,0.8,85.25,0.6,987,,,,,,,,,,,,,,,,,,,,,,,,,,,,,,,,,
12/5/2020,2020,12,5,1,30,0,0,-1.5,0.16,0.8,88,0.3,988,,,,,,,,,,,,,,,,,,,,,,,,,,,,,,,,,
12/5/2020,2020,12,5,2,30,0,0,-1.4,0.16,0.8,90.55,0,988,,,,,,,,,,,,,,,,,,,,,,,,,,,,,,,,,
12/5/2020,2020,12,5,3,30,0,0,-1.3,0.16,0.8,93.66,-0.4,988,,,,,,,,,,,,,,,,,,,,,,,,,,,,,,,,,
12/5/2020,2020,12,5,4,30,0,0,-1.2,0.16,0.8,96.15,-0.7,989,,,,,,,,,,,,,,,,,,,,,,,,,,,,,,,,,
12/5/2020,2020,12,5,5,30,0,0,-1.2,0.16,0.7,97.82,-0.9,989,,,,,,,,,,,,,,,,,,,,,,,,,,,,,,,,,
12/5/2020,2020,12,5,6,30,0,0,-1.2,0.16,0.7,99.45,-1.1,989,,,,,,,,,,,,,,,,,,,,,,,,,,,,,,,,,
12/5/2020,2020,12,5,7,30,8,84,-1.2,0.16,0.8,96.55,-0.7,990,,,,,,,,,,,,,,,,,,,,,,,,,,,,,,,,,
12/5/2020,2020,12,5,8,30,37,594,-1,0.16,0.9,90.19,0.4,990,,,,,,,,,,,,,,,,,,,,,,,,,,,,,,,,,
12/5/2020,2020,12,5,9,30,50,773,-0.7,0.16,0.8,83.17,1.9,990,,,,,,,,,,,,,,,,,,,,,,,,,,,,,,,,,
12/5/2020,2020,12,5,10,30,57,853,0,0.16,0.9,75.05,4,990,,,,,,,,,,,,,,,,,,,,,,,,,,,,,,,,,
12/5/2020,2020,12,5,11,30,60,885,0.3,0.16,1.4,66.13,6.2,989,,,,,,,,,,,,,,,,,,,,,,,,,,,,,,,,,
12/5/2020,2020,12,5,12,30,59,888,0.2,0.16,2.1,59.38,7.6,989,,,,,,,,,,,,,,,,,,,,,,,,,,,,,,,,,
12/5/2020,2020,12,5,13,30,57,861,0.2,0.16,2.3,58.1,7.9,988,,,,,,,,,,,,,,,,,,,,,,,,,,,,,,,,,
12/5/2020,2020,12,5,14,30,51,798,0.4,0.16,1.7,65.09,6.5,988,,,,,,,,,,,,,,,,,,,,,,,,,,,,,,,,,
12/5/2020,2020,12,5,15,30,38,648,1.3,0.16,1.3,84.79,3.6,988,,,,,,,,,,,,,,,,,,,,,,,,,,,,,,,,,
12/5/2020,2020,12,5,16,30,15,211,-0.8,0.16,1.4,85.04,1.4,988,,,,,,,,,,,,,,,,,,,,,,,,,,,,,,,,,
12/5/2020,2020,12,5,17,30,0,0,-1.3,0.16,1.5,85.11,0.9,988,,,,,,,,,,,,,,,,,,,,,,,,,,,,,,,,,
12/5/2020,2020,12,5,18,30,0,0,-1.5,0.16,1.4,86.55,0.5,988,,,,,,,,,,,,,,,,,,,,,,,,,,,,,,,,,
12/5/2020,2020,12,5,19,30,0,0,-1.6,0.16,1.5,89.39,-0.1,988,,,,,,,,,,,,,,,,,,,,,,,,,,,,,,,,,
12/5/2020,2020,12,5,20,30,0,0,-1.8,0.16,1.6,91.61,-0.6,988,,,,,,,,,,,,,,,,,,,,,,,,,,,,,,,,,
12/5/2020,2020,12,5,21,30,0,0,-2,0.16,1.8,92.57,-0.9,987,,,,,,,,,,,,,,,,,,,,,,,,,,,,,,,,,
12/5/2020,2020,12,5,22,30,0,0,-2,0.16,2.2,92.89,-1,987,,,,,,,,,,,,,,,,,,,,,,,,,,,,,,,,,
12/5/2020,2020,12,5,23,30,0,0,-1.9,0.16,2.7,94.04,-1.1,987,,,,,,,,,,,,,,,,,,,,,,,,,,,,,,,,,
12/6/2020,2020,12,6,0,30,0,0,-1.7,0.16,3.1,96.18,-1.2,987,,,,,,,,,,,,,,,,,,,,,,,,,,,,,,,,,
12/6/2020,2020,12,6,1,30,0,0,-1.6,0.16,3.5,98.85,-1.4,987,,,,,,,,,,,,,,,,,,,,,,,,,,,,,,,,,
12/6/2020,2020,12,6,2,30,0,0,-1.7,0.16,3.8,98.77,-1.5,987,,,,,,,,,,,,,,,,,,,,,,,,,,,,,,,,,
12/6/2020,2020,12,6,3,30,0,0,-1.8,0.16,3.8,98.08,-1.5,987,,,,,,,,,,,,,,,,,,,,,,,,,,,,,,,,,
12/6/2020,2020,12,6,4,30,0,0,-1.9,0.16,3.6,98.12,-1.6,988,,,,,,,,,,,,,,,,,,,,,,,,,,,,,,,,,
12/6/2020,2020,12,6,5,30,0,0,-2.2,0.16,3.4,96.55,-1.7,988,,,,,,,,,,,,,,,,,,,,,,,,,,,,,,,,,
12/6/2020,2020,12,6,6,30,0,0,-2.4,0.16,3.2,95.76,-1.8,988,,,,,,,,,,,,,,,,,,,,,,,,,,,,,,,,,
12/6/2020,2020,12,6,7,30,6,49,-2.5,0.16,3.1,93.19,-1.5,989,,,,,,,,,,,,,,,,,,,,,,,,,,,,,,,,,
12/6/2020,2020,12,6,8,30,45,503,-2.3,0.16,3.1,87.75,-0.5,989,,,,,,,,,,,,,,,,,,,,,,,,,,,,,,,,,
12/6/2020,2020,12,6,9,30,93,266,-1.5,0.16,3.1,83.72,0.9,989,,,,,,,,,,,,,,,,,,,,,,,,,,,,,,,,,
12/6/2020,2020,12,6,10,30,142,22,-1.1,0.16,2.9,76.8,2.6,989,,,,,,,,,,,,,,,,,,,,,,,,,,,,,,,,,
12/6/2020,2020,12,6,11,30,142,4,-0.9,0.16,2.7,72.05,3.7,989,,,,,,,,,,,,,,,,,,,,,,,,,,,,,,,,,
12/6/2020,2020,12,6,12,30,151,7,-0.9,0.16,2.6,69.85,4.1,988,,,,,,,,,,,,,,,,,,,,,,,,,,,,,,,,,
12/6/2020,2020,12,6,13,30,132,3,-1,0.16,2.7,70.98,3.8,988,,,,,,,,,,,,,,,,,,,,,,,,,,,,,,,,,
12/6/2020,2020,12,6,14,30,89,0,-1.1,0.16,2.3,74.01,3.1,988,,,,,,,,,,,,,,,,,,,,,,,,,,,,,,,,,
12/6/2020,2020,12,6,15,30,50,553,-0.9,0.16,1.5,83.4,1.6,988,,,,,,,,,,,,,,,,,,,,,,,,,,,,,,,,,
12/6/2020,2020,12,6,16,30,15,138,-1.3,0.16,1.1,91.9,-0.1,988,,,,,,,,,,,,,,,,,,,,,,,,,,,,,,,,,
12/6/2020,2020,12,6,17,30,0,0,-1.8,0.16,1.2,92.64,-0.8,988,,,,,,,,,,,,,,,,,,,,,,,,,,,,,,,,,
12/6/2020,2020,12,6,18,30,0,0,-2,0.16,1,92.54,-0.9,988,,,,,,,,,,,,,,,,,,,,,,,,,,,,,,,,,
12/6/2020,2020,12,6,19,30,0,0,-2,0.16,0.9,93.7,-1.1,988,,,,,,,,,,,,,,,,,,,,,,,,,,,,,,,,,
12/6/2020,2020,12,6,20,30,0,0,-2.1,0.16,1,98.08,-1.8,987,,,,,,,,,,,,,,,,,,,,,,,,,,,,,,,,,
12/6/2020,2020,12,6,21,30,0,0,-2.3,0.16,1.2,100,-2.3,987,,,,,,,,,,,,,,,,,,,,,,,,,,,,,,,,,
12/6/2020,2020,12,6,22,30,0,0,-2.3,0.16,1.6,100,-2.3,987,,,,,,,,,,,,,,,,,,,,,,,,,,,,,,,,,
12/6/2020,2020,12,6,23,30,0,0,-2.2,0.16,2.2,100,-2.2,987,,,,,,,,,,,,,,,,,,,,,,,,,,,,,,,,,
12/7/2020,2020,12,7,0,30,0,0,-2.2,0.16,2.5,100,-2.2,987,,,,,,,,,,,,,,,,,,,,,,,,,,,,,,,,,
12/7/2020,2020,12,7,1,30,0,0,-2.2,0.16,2.6,99.99,-2.2,987,,,,,,,,,,,,,,,,,,,,,,,,,,,,,,,,,
12/7/2020,2020,12,7,2,30,0,0,-2.3,0.16,2.6,98.84,-2.1,987,,,,,,,,,,,,,,,,,,,,,,,,,,,,,,,,,
12/7/2020,2020,12,7,3,30,0,0,-2.4,0.16,2.5,96.81,-2,987,,,,,,,,,,,,,,,,,,,,,,,,,,,,,,,,,
12/7/2020,2020,12,7,4,30,0,0,-2.6,0.16,2,95.61,-2,987,,,,,,,,,,,,,,,,,,,,,,,,,,,,,,,,,
12/7/2020,2020,12,7,5,30,0,0,-2.8,0.16,1.5,96.01,-2.2,987,,,,,,,,,,,,,,,,,,,,,,,,,,,,,,,,,
12/7/2020,2020,12,7,6,30,0,0,-3.1,0.16,1.2,95.24,-2.4,987,,,,,,,,,,,,,,,,,,,,,,,,,,,,,,,,,
12/7/2020,2020,12,7,7,30,6,59,-3.2,0.16,1,92.77,-2.2,987,,,,,,,,,,,,,,,,,,,,,,,,,,,,,,,,,
12/7/2020,2020,12,7,8,30,43,552,-3.1,0.16,0.9,88.99,-1.5,988,,,,,,,,,,,,,,,,,,,,,,,,,,,,,,,,,
12/7/2020,2020,12,7,9,30,37,51,-2.8,0.16,0.9,83.94,-0.4,988,,,,,,,,,,,,,,,,,,,,,,,,,,,,,,,,,
12/7/2020,2020,12,7,10,30,61,0,-2.3,0.16,0.9,78.55,1,988,,,,,,,,,,,,,,,,,,,,,,,,,,,,,,,,,
12/7/2020,2020,12,7,11,30,76,0,-1.7,0.16,0.7,74.48,2.4,988,,,,,,,,,,,,,,,,,,,,,,,,,,,,,,,,,
12/7/2020,2020,12,7,12,30,91,0,-1.2,0.16,0.5,71.67,3.4,987,,,,,,,,,,,,,,,,,,,,,,,,,,,,,,,,,
12/7/2020,2020,12,7,13,30,90,0,-0.9,0.16,0.4,70.93,3.9,987,,,,,,,,,,,,,,,,,,,,,,,,,,,,,,,,,
12/7/2020,2020,12,7,14,30,64,0,-0.8,0.16,0.4,73.08,3.6,986,,,,,,,,,,,,,,,,,,,,,,,,,,,,,,,,,
12/7/2020,2020,12,7,15,30,42,633,-0.4,0.16,0.6,83.75,2.1,987,,,,,,,,,,,,,,,,,,,,,,,,,,,,,,,,,
12/7/2020,2020,12,7,16,30,15,176,-1.2,0.16,0.9,89.33,0.4,987,,,,,,,,,,,,,,,,,,,,,,,,,,,,,,,,,
12/7/2020,2020,12,7,17,30,0,0,-1.3,0.16,1,92.46,-0.2,987,,,,,,,,,,,,,,,,,,,,,,,,,,,,,,,,,
12/7/2020,2020,12,7,18,30,0,0,-1.3,0.16,1,99.41,-1.2,987,,,,,,,,,,,,,,,,,,,,,,,,,,,,,,,,,
12/7/2020,2020,12,7,19,30,0,0,-1.9,0.16,1.1,100,-1.9,987,,,,,,,,,,,,,,,,,,,,,,,,,,,,,,,,,
12/7/2020,2020,12,7,20,30,0,0,-2.4,0.16,1.1,100,-2.4,987,,,,,,,,,,,,,,,,,,,,,,,,,,,,,,,,,
12/7/2020,2020,12,7,21,30,0,0,-2.4,0.16,1.2,100,-2.4,987,,,,,,,,,,,,,,,,,,,,,,,,,,,,,,,,,
12/7/2020,2020,12,7,22,30,0,0,-2.2,0.16,1.4,100,-2.2,988,,,,,,,,,,,,,,,,,,,,,,,,,,,,,,,,,
12/7/2020,2020,12,7,23,30,0,0,-2.1,0.16,1.7,100,-2.1,988,,,,,,,,,,,,,,,,,,,,,,,,,,,,,,,,,
12/8/2020,2020,12,8,0,30,0,0,-2.1,0.16,1.8,100,-2.1,988,,,,,,,,,,,,,,,,,,,,,,,,,,,,,,,,,
12/8/2020,2020,12,8,1,30,0,0,-2.5,0.16,1.9,97.33,-2.1,988,,,,,,,,,,,,,,,,,,,,,,,,,,,,,,,,,
12/8/2020,2020,12,8,2,30,0,0,-2.8,0.16,1.9,95.92,-2.2,988,,,,,,,,,,,,,,,,,,,,,,,,,,,,,,,,,
12/8/2020,2020,12,8,3,30,0,0,-3,0.16,1.9,95.44,-2.4,988,,,,,,,,,,,,,,,,,,,,,,,,,,,,,,,,,
12/8/2020,2020,12,8,4,30,0,0,-3.2,0.16,1.9,94.16,-2.4,988,,,,,,,,,,,,,,,,,,,,,,,,,,,,,,,,,
12/8/2020,2020,12,8,5,30,0,0,-3.2,0.16,2,93.35,-2.3,988,,,,,,,,,,,,,,,,,,,,,,,,,,,,,,,,,
12/8/2020,2020,12,8,6,30,0,0,-3.1,0.16,2.2,92.88,-2.1,988,,,,,,,,,,,,,,,,,,,,,,,,,,,,,,,,,
12/8/2020,2020,12,8,7,30,1,0,-2.9,0.16,2.6,92.06,-1.8,988,,,,,,,,,,,,,,,,,,,,,,,,,,,,,,,,,
12/8/2020,2020,12,8,8,30,24,0,-2.7,0.16,3,86.5,-0.7,987,,,,,,,,,,,,,,,,,,,,,,,,,,,,,,,,,
12/8/2020,2020,12,8,9,30,12,0,-2,0.16,3.3,78.53,1.3,987,,,,,,,,,,,,,,,,,,,,,,,,,,,,,,,,,
12/8/2020,2020,12,8,10,30,112,6,-1.4,0.16,3.6,69.91,3.6,987,,,,,,,,,,,,,,,,,,,,,,,,,,,,,,,,,
12/8/2020,2020,12,8,11,30,76,799,-0.9,0.16,3.9,61.53,5.9,985,,,,,,,,,,,,,,,,,,,,,,,,,,,,,,,,,
12/8/2020,2020,12,8,12,30,136,496,-0.8,0.16,4.3,55,7.7,984,,,,,,,,,,,,,,,,,,,,,,,,,,,,,,,,,
12/8/2020,2020,12,8,13,30,65,782,-0.7,0.16,4,54.02,8.1,983,,,,,,,,,,,,,,,,,,,,,,,,,,,,,,,,,
12/8/2020,2020,12,8,14,30,89,463,0.1,0.16,3,61.32,7,982,,,,,,,,,,,,,,,,,,,,,,,,,,,,,,,,,
12/8/2020,2020,12,8,15,30,52,427,0.7,0.16,2.3,75.53,4.7,982,,,,,,,,,,,,,,,,,,,,,,,,,,,,,,,,,
12/8/2020,2020,12,8,16,30,10,72,-0.2,0.16,2.5,79.81,2.9,982,,,,,,,,,,,,,,,,,,,,,,,,,,,,,,,,,
12/8/2020,2020,12,8,17,30,0,0,-0.5,0.16,2.8,79.91,2.6,982,,,,,,,,,,,,,,,,,,,,,,,,,,,,,,,,,
12/8/2020,2020,12,8,18,30,0,0,-0.4,0.16,3.2,79.37,2.8,982,,,,,,,,,,,,,,,,,,,,,,,,,,,,,,,,,
12/8/2020,2020,12,8,19,30,0,0,-0.4,0.16,3.1,80.06,2.7,982,,,,,,,,,,,,,,,,,,,,,,,,,,,,,,,,,
12/8/2020,2020,12,8,20,30,0,0,-0.5,0.16,2.9,79.5,2.7,982,,,,,,,,,,,,,,,,,,,,,,,,,,,,,,,,,
12/8/2020,2020,12,8,21,30,0,0,-0.7,0.16,2.8,79.69,2.5,982,,,,,,,,,,,,,,,,,,,,,,,,,,,,,,,,,
12/8/2020,2020,12,8,22,30,0,0,-0.8,0.16,2.7,79.18,2.4,981,,,,,,,,,,,,,,,,,,,,,,,,,,,,,,,,,
12/8/2020,2020,12,8,23,30,0,0,-0.9,0.16,2.6,79.93,2.2,981,,,,,,,,,,,,,,,,,,,,,,,,,,,,,,,,,
12/9/2020,2020,12,9,0,30,0,0,-1,0.16,2.5,81.48,1.8,981,,,,,,,,,,,,,,,,,,,,,,,,,,,,,,,,,
12/9/2020,2020,12,9,1,30,0,0,-1.3,0.16,2.5,82.01,1.4,981,,,,,,,,,,,,,,,,,,,,,,,,,,,,,,,,,
12/9/2020,2020,12,9,2,30,0,0,-1.5,0.16,2.4,82.23,1.2,981,,,,,,,,,,,,,,,,,,,,,,,,,,,,,,,,,
12/9/2020,2020,12,9,3,30,0,0,-1.6,0.16,2.4,82.79,1,981,,,,,,,,,,,,,,,,,,,,,,,,,,,,,,,,,
12/9/2020,2020,12,9,4,30,0,0,-1.7,0.16,2.5,83.48,0.8,981,,,,,,,,,,,,,,,,,,,,,,,,,,,,,,,,,
12/9/2020,2020,12,9,5,30,0,0,-1.8,0.16,2.7,83.01,0.8,981,,,,,,,,,,,,,,,,,,,,,,,,,,,,,,,,,
12/9/2020,2020,12,9,6,30,0,0,-1.9,0.16,2.8,82.62,0.7,981,,,,,,,,,,,,,,,,,,,,,,,,,,,,,,,,,
12/9/2020,2020,12,9,7,30,6,76,-2.1,0.16,3.3,77.13,1.5,982,,,,,,,,,,,,,,,,,,,,,,,,,,,,,,,,,
12/9/2020,2020,12,9,8,30,31,594,-1.7,0.16,3.9,69.33,3.4,982,,,,,,,,,,,,,,,,,,,,,,,,,,,,,,,,,
12/9/2020,2020,12,9,9,30,43,773,-1,0.16,4,62.19,5.7,983,,,,,,,,,,,,,,,,,,,,,,,,,,,,,,,,,
12/9/2020,2020,12,9,10,30,49,850,0,0.16,4,57.43,7.9,983,,,,,,,,,,,,,,,,,,,,,,,,,,,,,,,,,
12/9/2020,2020,12,9,11,30,52,885,0.8,0.16,4,53.74,9.7,983,,,,,,,,,,,,,,,,,,,,,,,,,,,,,,,,,
12/9/2020,2020,12,9,12,30,53,888,1.2,0.16,3.6,51.61,10.8,983,,,,,,,,,,,,,,,,,,,,,,,,,,,,,,,,,
12/9/2020,2020,12,9,13,30,51,866,1.6,0.16,3.2,51.99,11.1,983,,,,,,,,,,,,,,,,,,,,,,,,,,,,,,,,,
12/9/2020,2020,12,9,14,30,47,799,2.1,0.16,2.1,57.64,10.1,983,,,,,,,,,,,,,,,,,,,,,,,,,,,,,,,,,
12/9/2020,2020,12,9,15,30,36,653,3.6,0.16,1.4,77.06,7.4,983,,,,,,,,,,,,,,,,,,,,,,,,,,,,,,,,,
12/9/2020,2020,12,9,16,30,13,201,1.8,0.16,1.5,79.47,5.1,983,,,,,,,,,,,,,,,,,,,,,,,,,,,,,,,,,
12/9/2020,2020,12,9,17,30,0,0,1.3,0.16,1.5,79.44,4.5,984,,,,,,,,,,,,,,,,,,,,,,,,,,,,,,,,,
12/9/2020,2020,12,9,18,30,0,0,1.3,0.16,1.5,83.27,3.9,984,,,,,,,,,,,,,,,,,,,,,,,,,,,,,,,,,
12/9/2020,2020,12,9,19,30,0,0,1.5,0.16,1.5,86.54,3.5,984,,,,,,,,,,,,,,,,,,,,,,,,,,,,,,,,,
12/9/2020,2020,12,9,20,30,0,0,1.6,0.16,1.5,91.88,2.8,984,,,,,,,,,,,,,,,,,,,,,,,,,,,,,,,,,
12/9/2020,2020,12,9,21,30,0,0,1.7,0.16,1.5,100,1.7,984,,,,,,,,,,,,,,,,,,,,,,,,,,,,,,,,,
12/9/2020,2020,12,9,22,30,0,0,0.8,0.16,1.5,100,0.8,983,,,,,,,,,,,,,,,,,,,,,,,,,,,,,,,,,
12/9/2020,2020,12,9,23,30,0,0,0.1,0.16,1.5,100,0.1,983,,,,,,,,,,,,,,,,,,,,,,,,,,,,,,,,,
12/10/2020,2020,12,10,0,30,0,0,-0.4,0.16,1.5,100,-0.4,983,,,,,,,,,,,,,,,,,,,,,,,,,,,,,,,,,
12/10/2020,2020,12,10,1,30,0,0,-0.7,0.16,1.5,100,-0.7,983,,,,,,,,,,,,,,,,,,,,,,,,,,,,,,,,,
12/10/2020,2020,12,10,2,30,0,0,-0.9,0.16,1.5,100,-0.9,983,,,,,,,,,,,,,,,,,,,,,,,,,,,,,,,,,
12/10/2020,2020,12,10,3,30,0,0,-0.8,0.16,1.6,100,-0.8,982,,,,,,,,,,,,,,,,,,,,,,,,,,,,,,,,,
12/10/2020,2020,12,10,4,30,0,0,-0.6,0.16,1.6,100,-0.6,982,,,,,,,,,,,,,,,,,,,,,,,,,,,,,,,,,
12/10/2020,2020,12,10,5,30,0,0,-0.4,0.16,1.7,100,-0.4,982,,,,,,,,,,,,,,,,,,,,,,,,,,,,,,,,,
12/10/2020,2020,12,10,6,30,0,0,-0.2,0.16,2.1,100,-0.2,982,,,,,,,,,,,,,,,,,,,,,,,,,,,,,,,,,
12/10/2020,2020,12,10,7,30,6,67,0.3,0.16,2.6,99.07,0.4,982,,,,,,,,,,,,,,,,,,,,,,,,,,,,,,,,,
12/10/2020,2020,12,10,8,30,34,573,0.2,0.16,3,88.81,1.9,982,,,,,,,,,,,,,,,,,,,,,,,,,,,,,,,,,
12/10/2020,2020,12,10,9,30,48,760,0.9,0.16,3,79.4,4.1,982,,,,,,,,,,,,,,,,,,,,,,,,,,,,,,,,,
12/10/2020,2020,12,10,10,30,54,843,1.8,0.16,2.7,69.26,7,981,,,,,,,,,,,,,,,,,,,,,,,,,,,,,,,,,
12/10/2020,2020,12,10,11,30,131,508,3,0.16,2.5,61.88,10,980,,,,,,,,,,,,,,,,,,,,,,,,,,,,,,,,,
12/10/2020,2020,12,10,12,30,95,698,4.4,0.16,2.5,58.09,12.4,979,,,,,,,,,,,,,,,,,,,,,,,,,,,,,,,,,
12/10/2020,2020,12,10,13,30,130,430,5,0.16,2.1,56.64,13.4,979,,,,,,,,,,,,,,,,,,,,,,,,,,,,,,,,,
12/10/2020,2020,12,10,14,30,72,604,6.7,0.16,1.5,68.37,12.4,980,,,,,,,,,,,,,,,,,,,,,,,,,,,,,,,,,
12/10/2020,2020,12,10,15,30,55,354,6.6,0.16,1.6,82.02,9.5,980,,,,,,,,,,,,,,,,,,,,,,,,,,,,,,,,,
12/10/2020,2020,12,10,16,30,10,18,4.1,0.16,2.1,83.81,6.6,980,,,,,,,,,,,,,,,,,,,,,,,,,,,,,,,,,
12/10/2020,2020,12,10,17,30,0,0,2.9,0.16,2.6,83.38,5.5,980,,,,,,,,,,,,,,,,,,,,,,,,,,,,,,,,,
12/10/2020,2020,12,10,18,30,0,0,2.2,0.16,3.7,85.93,4.3,981,,,,,,,,,,,,,,,,,,,,,,,,,,,,,,,,,
12/10/2020,2020,12,10,19,30,0,0,1.4,0.16,3.7,86.98,3.4,982,,,,,,,,,,,,,,,,,,,,,,,,,,,,,,,,,
12/10/2020,2020,12,10,20,30,0,0,1,0.16,3.6,87.42,2.9,982,,,,,,,,,,,,,,,,,,,,,,,,,,,,,,,,,
12/10/2020,2020,12,10,21,30,0,0,0.8,0.16,3.6,88.72,2.5,982,,,,,,,,,,,,,,,,,,,,,,,,,,,,,,,,,
12/10/2020,2020,12,10,22,30,0,0,0.7,0.16,3.8,90.12,2.2,982,,,,,,,,,,,,,,,,,,,,,,,,,,,,,,,,,
12/10/2020,2020,12,10,23,30,0,0,0.7,0.16,4,91.17,2,982,,,,,,,,,,,,,,,,,,,,,,,,,,,,,,,,,
12/11/2020,2020,12,11,0,30,0,0,0.7,0.16,3.9,92.95,1.7,981,,,,,,,,,,,,,,,,,,,,,,,,,,,,,,,,,
12/11/2020,2020,12,11,1,30,0,0,0.6,0.16,3.8,95.42,1.3,981,,,,,,,,,,,,,,,,,,,,,,,,,,,,,,,,,
12/11/2020,2020,12,11,2,30,0,0,0.6,0.16,3.8,95.96,1.2,982,,,,,,,,,,,,,,,,,,,,,,,,,,,,,,,,,
12/11/2020,2020,12,11,3,30,0,0,0.6,0.16,3.9,95.19,1.3,982,,,,,,,,,,,,,,,,,,,,,,,,,,,,,,,,,
12/11/2020,2020,12,11,4,30,0,0,0.6,0.16,4.1,96.03,1.2,981,,,,,,,,,,,,,,,,,,,,,,,,,,,,,,,,,
12/11/2020,2020,12,11,5,30,0,0,0.6,0.16,3.8,96.24,1.1,980,,,,,,,,,,,,,,,,,,,,,,,,,,,,,,,,,
12/11/2020,2020,12,11,6,30,0,0,0.5,0.16,3.5,96.4,1,980,,,,,,,,,,,,,,,,,,,,,,,,,,,,,,,,,
12/11/2020,2020,12,11,7,30,0,0,0.5,0.16,3.5,95.49,1.1,981,,,,,,,,,,,,,,,,,,,,,,,,,,,,,,,,,
12/11/2020,2020,12,11,8,30,11,0,0.5,0.16,4,93.86,1.4,982,,,,,,,,,,,,,,,,,,,,,,,,,,,,,,,,,
12/11/2020,2020,12,11,9,30,8,0,0.6,0.16,4.8,91.91,1.8,982,,,,,,,,,,,,,,,,,,,,,,,,,,,,,,,,,
12/11/2020,2020,12,11,10,30,18,0,0.8,0.16,5.4,91.68,2,981,,,,,,,,,,,,,,,,,,,,,,,,,,,,,,,,,
12/11/2020,2020,12,11,11,30,16,0,0.8,0.16,5.7,92.46,1.9,980,,,,,,,,,,,,,,,,,,,,,,,,,,,,,,,,,
12/11/2020,2020,12,11,12,30,38,0,0.7,0.16,5.9,93.05,1.7,980,,,,,,,,,,,,,,,,,,,,,,,,,,,,,,,,,
12/11/2020,2020,12,11,13,30,18,0,0.5,0.16,6.1,93.34,1.5,979,,,,,,,,,,,,,,,,,,,,,,,,,,,,,,,,,
12/11/2020,2020,12,11,14,30,15,0,0.4,0.16,6.3,93.48,1.3,979,,,,,,,,,,,,,,,,,,,,,,,,,,,,,,,,,
12/11/2020,2020,12,11,15,30,28,0,0.2,0.16,6.4,93.87,1.1,980,,,,,,,,,,,,,,,,,,,,,,,,,,,,,,,,,
12/11/2020,2020,12,11,16,30,3,0,0,0.16,6.5,94.65,0.8,980,,,,,,,,,,,,,,,,,,,,,,,,,,,,,,,,,
12/11/2020,2020,12,11,17,30,0,0,-0.2,0.16,6.5,93.2,0.8,980,,,,,,,,,,,,,,,,,,,,,,,,,,,,,,,,,
12/11/2020,2020,12,11,18,30,0,0,-0.4,0.87,6.5,93.2,0.6,980,,,,,,,,,,,,,,,,,,,,,,,,,,,,,,,,,
12/11/2020,2020,12,11,19,30,0,0,-0.6,0.87,6.4,92.55,0.5,980,,,,,,,,,,,,,,,,,,,,,,,,,,,,,,,,,
12/11/2020,2020,12,11,20,30,0,0,-0.8,0.87,6.2,91.96,0.4,979,,,,,,,,,,,,,,,,,,,,,,,,,,,,,,,,,
12/11/2020,2020,12,11,21,30,0,0,-0.9,0.87,6.1,92.12,0.2,979,,,,,,,,,,,,,,,,,,,,,,,,,,,,,,,,,
12/11/2020,2020,12,11,22,30,0,0,-1.1,0.87,6.2,92.24,0,979,,,,,,,,,,,,,,,,,,,,,,,,,,,,,,,,,
12/11/2020,2020,12,11,23,30,0,0,-1.3,0.87,6.3,91.66,-0.1,979,,,,,,,,,,,,,,,,,,,,,,,,,,,,,,,,,
12/12/2020,2020,12,12,0,30,0,0,-1.5,0.87,6.4,91.84,-0.3,979,,,,,,,,,,,,,,,,,,,,,,,,,,,,,,,,,
12/12/2020,2020,12,12,1,30,0,0,-1.6,0.87,6.4,91.59,-0.4,979,,,,,,,,,,,,,,,,,,,,,,,,,,,,,,,,,
12/12/2020,2020,12,12,2,30,0,0,-1.7,0.87,6.3,91.45,-0.5,979,,,,,,,,,,,,,,,,,,,,,,,,,,,,,,,,,
12/12/2020,2020,12,12,3,30,0,0,-1.9,0.87,6.3,91.06,-0.6,979,,,,,,,,,,,,,,,,,,,,,,,,,,,,,,,,,
12/12/2020,2020,12,12,4,30,0,0,-2.1,0.87,6.2,91.08,-0.8,980,,,,,,,,,,,,,,,,,,,,,,,,,,,,,,,,,
12/12/2020,2020,12,12,5,30,0,0,-2.3,0.87,6.1,90.75,-1,980,,,,,,,,,,,,,,,,,,,,,,,,,,,,,,,,,
12/12/2020,2020,12,12,6,30,0,0,-2.6,0.87,5.7,90.84,-1.3,981,,,,,,,,,,,,,,,,,,,,,,,,,,,,,,,,,
12/12/2020,2020,12,12,7,30,1,0,-3,0.87,5.4,89.7,-1.5,982,,,,,,,,,,,,,,,,,,,,,,,,,,,,,,,,,
12/12/2020,2020,12,12,8,30,39,0,-3.2,0.87,5.7,86.81,-1.3,983,,,,,,,,,,,,,,,,,,,,,,,,,,,,,,,,,
12/12/2020,2020,12,12,9,30,59,1,-3.3,0.87,6.1,83.13,-0.8,983,,,,,,,,,,,,,,,,,,,,,,,,,,,,,,,,,
12/12/2020,2020,12,12,10,30,50,0,-3.4,0.87,6.1,78.59,-0.1,983,,,,,,,,,,,,,,,,,,,,,,,,,,,,,,,,,
12/12/2020,2020,12,12,11,30,71,0,-3.2,0.87,5.8,74.91,0.7,983,,,,,,,,,,,,,,,,,,,,,,,,,,,,,,,,,
12/12/2020,2020,12,12,12,30,105,0,-3.1,0.87,5,72.88,1.2,983,,,,,,,,,,,,,,,,,,,,,,,,,,,,,,,,,
12/12/2020,2020,12,12,13,30,80,0,-3.2,0.87,4.2,72.18,1.3,984,,,,,,,,,,,,,,,,,,,,,,,,,,,,,,,,,
12/12/2020,2020,12,12,14,30,30,0,-3.2,0.87,3.4,74.04,0.9,984,,,,,,,,,,,,,,,,,,,,,,,,,,,,,,,,,
12/12/2020,2020,12,12,15,30,60,95,-3.1,0.87,2.3,81.34,-0.3,985,,,,,,,,,,,,,,,,,,,,,,,,,,,,,,,,,
12/12/2020,2020,12,12,16,30,8,0,-4,0.87,1.6,89.11,-2.5,986,,,,,,,,,,,,,,,,,,,,,,,,,,,,,,,,,
12/12/2020,2020,12,12,17,30,0,0,-5.9,0.87,1.5,84.83,-3.7,987,,,,,,,,,,,,,,,,,,,,,,,,,,,,,,,,,
12/12/2020,2020,12,12,18,30,0,0,-6.7,0.87,1.6,89.22,-5.2,988,,,,,,,,,,,,,,,,,,,,,,,,,,,,,,,,,
12/12/2020,2020,12,12,19,30,0,0,-7.5,0.87,1.8,88.57,-5.9,988,,,,,,,,,,,,,,,,,,,,,,,,,,,,,,,,,
12/12/2020,2020,12,12,20,30,0,0,-7.7,0.87,2.1,86.98,-5.9,988,,,,,,,,,,,,,,,,,,,,,,,,,,,,,,,,,
12/12/2020,2020,12,12,21,30,0,0,-7.6,0.87,2.3,86.6,-5.7,988,,,,,,,,,,,,,,,,,,,,,,,,,,,,,,,,,
12/12/2020,2020,12,12,22,30,0,0,-7.4,0.87,2.1,89.16,-5.9,989,,,,,,,,,,,,,,,,,,,,,,,,,,,,,,,,,
12/12/2020,2020,12,12,23,30,0,0,-7.6,0.87,1.8,93.09,-6.7,989,,,,,,,,,,,,,,,,,,,,,,,,,,,,,,,,,
12/13/2020,2020,12,13,0,30,0,0,-8.1,0.87,1.8,94.15,-7.3,990,,,,,,,,,,,,,,,,,,,,,,,,,,,,,,,,,
12/13/2020,2020,12,13,1,30,0,0,-8.3,0.87,1.8,94.13,-7.5,990,,,,,,,,,,,,,,,,,,,,,,,,,,,,,,,,,
12/13/2020,2020,12,13,2,30,0,0,-8.1,0.87,1.7,94.4,-7.4,990,,,,,,,,,,,,,,,,,,,,,,,,,,,,,,,,,
12/13/2020,2020,12,13,3,30,0,0,-8,0.87,1.5,96.41,-7.5,990,,,,,,,,,,,,,,,,,,,,,,,,,,,,,,,,,
12/13/2020,2020,12,13,4,30,0,0,-7.8,0.87,1.5,96.02,-7.3,990,,,,,,,,,,,,,,,,,,,,,,,,,,,,,,,,,
12/13/2020,2020,12,13,5,30,0,0,-7.7,0.87,1.7,93.17,-6.8,990,,,,,,,,,,,,,,,,,,,,,,,,,,,,,,,,,
12/13/2020,2020,12,13,6,30,0,0,-7.6,0.87,1.8,92.06,-6.5,991,,,,,,,,,,,,,,,,,,,,,,,,,,,,,,,,,
12/13/2020,2020,12,13,7,30,1,0,-7.7,0.87,2,90.76,-6.4,991,,,,,,,,,,,,,,,,,,,,,,,,,,,,,,,,,
12/13/2020,2020,12,13,8,30,46,32,-7.6,0.87,2.4,81.07,-4.9,991,,,,,,,,,,,,,,,,,,,,,,,,,,,,,,,,,
12/13/2020,2020,12,13,9,30,104,140,-6.2,0.87,2.8,78.78,-3,992,,,,,,,,,,,,,,,,,,,,,,,,,,,,,,,,,
12/13/2020,2020,12,13,10,30,152,92,-5.7,0.87,3.1,76.6,-2.1,992,,,,,,,,,,,,,,,,,,,,,,,,,,,,,,,,,
12/13/2020,2020,12,13,11,30,175,197,-5.7,0.87,3.1,73.82,-1.6,991,,,,,,,,,,,,,,,,,,,,,,,,,,,,,,,,,
12/13/2020,2020,12,13,12,30,179,212,-5.6,0.87,3.4,72.33,-1.3,990,,,,,,,,,,,,,,,,,,,,,,,,,,,,,,,,,
12/13/2020,2020,12,13,13,30,163,126,-5.7,0.87,3.7,71.97,-1.3,990,,,,,,,,,,,,,,,,,,,,,,,,,,,,,,,,,
12/13/2020,2020,12,13,14,30,119,58,-5.9,0.87,3.9,73.3,-1.7,990,,,,,,,,,,,,,,,,,,,,,,,,,,,,,,,,,
12/13/2020,2020,12,13,15,30,65,33,-6.2,0.87,3.4,78.24,-2.9,990,,,,,,,,,,,,,,,,,,,,,,,,,,,,,,,,,
12/13/2020,2020,12,13,16,30,9,4,-6.8,0.87,2.8,81.42,-4.1,990,,,,,,,,,,,,,,,,,,,,,,,,,,,,,,,,,
12/13/2020,2020,12,13,17,30,0,0,-7.4,0.87,2.7,81.69,-4.7,991,,,,,,,,,,,,,,,,,,,,,,,,,,,,,,,,,
12/13/2020,2020,12,13,18,30,0,0,-7.5,0.87,2.5,86.54,-5.6,991,,,,,,,,,,,,,,,,,,,,,,,,,,,,,,,,,
12/13/2020,2020,12,13,19,30,0,0,-8.1,0.87,2.3,89.94,-6.7,991,,,,,,,,,,,,,,,,,,,,,,,,,,,,,,,,,
12/13/2020,2020,12,13,20,30,0,0,-8.8,0.87,2.5,91.51,-7.7,991,,,,,,,,,,,,,,,,,,,,,,,,,,,,,,,,,
12/13/2020,2020,12,13,21,30,0,0,-9.4,0.87,2.9,90.5,-8.1,991,,,,,,,,,,,,,,,,,,,,,,,,,,,,,,,,,
12/13/2020,2020,12,13,22,30,0,0,-9.6,0.87,3.2,90.03,-8.3,992,,,,,,,,,,,,,,,,,,,,,,,,,,,,,,,,,
12/13/2020,2020,12,13,23,30,0,0,-9.9,0.87,3.4,89.25,-8.4,992,,,,,,,,,,,,,,,,,,,,,,,,,,,,,,,,,
12/14/2020,2020,12,14,0,30,0,0,-10.2,0.87,3.4,88.47,-8.6,992,,,,,,,,,,,,,,,,,,,,,,,,,,,,,,,,,
12/14/2020,2020,12,14,1,30,0,0,-10.8,0.87,3.3,86.37,-8.9,992,,,,,,,,,,,,,,,,,,,,,,,,,,,,,,,,,
12/14/2020,2020,12,14,2,30,0,0,-11.6,0.87,3.2,83.42,-9.3,993,,,,,,,,,,,,,,,,,,,,,,,,,,,,,,,,,
12/14/2020,2020,12,14,3,30,0,0,-12.5,0.87,3.1,81.65,-10,993,,,,,,,,,,,,,,,,,,,,,,,,,,,,,,,,,
12/14/2020,2020,12,14,4,30,0,0,-13.5,0.87,3,79.48,-10.6,993,,,,,,,,,,,,,,,,,,,,,,,,,,,,,,,,,
12/14/2020,2020,12,14,5,30,0,0,-14.2,0.87,2.9,77.75,-11.1,994,,,,,,,,,,,,,,,,,,,,,,,,,,,,,,,,,
12/14/2020,2020,12,14,6,30,0,0,-14.8,0.87,2.8,75.41,-11.3,995,,,,,,,,,,,,,,,,,,,,,,,,,,,,,,,,,
12/14/2020,2020,12,14,7,30,2,19,-15.1,0.87,2.8,71.6,-11,995,,,,,,,,,,,,,,,,,,,,,,,,,,,,,,,,,
12/14/2020,2020,12,14,8,30,48,159,-15.2,0.87,3,61.91,-9.2,996,,,,,,,,,,,,,,,,,,,,,,,,,,,,,,,,,
12/14/2020,2020,12,14,9,30,55,794,-13.4,0.87,3.3,60.08,-6.9,997,,,,,,,,,,,,,,,,,,,,,,,,,,,,,,,,,
12/14/2020,2020,12,14,10,30,68,865,-12.6,0.87,3.2,59.27,-5.9,997,,,,,,,,,,,,,,,,,,,,,,,,,,,,,,,,,
12/14/2020,2020,12,14,11,30,86,661,-12.1,0.87,2.8,59.65,-5.5,997,,,,,,,,,,,,,,,,,,,,,,,,,,,,,,,,,
12/14/2020,2020,12,14,12,30,97,655,-11.8,0.87,2.5,60.8,-5.4,996,,,,,,,,,,,,,,,,,,,,,,,,,,,,,,,,,
12/14/2020,2020,12,14,13,30,148,308,-11.6,0.87,2.3,61.67,-5.4,996,,,,,,,,,,,,,,,,,,,,,,,,,,,,,,,,,
12/14/2020,2020,12,14,14,30,113,85,-11.5,0.87,2,62.46,-5.5,996,,,,,,,,,,,,,,,,,,,,,,,,,,,,,,,,,
12/14/2020,2020,12,14,15,30,52,0,-11.2,0.87,1.7,66.91,-6,996,,,,,,,,,,,,,,,,,,,,,,,,,,,,,,,,,
12/14/2020,2020,12,14,16,30,11,0,-11.9,0.87,1.8,65.93,-6.6,996,,,,,,,,,,,,,,,,,,,,,,,,,,,,,,,,,
12/14/2020,2020,12,14,17,30,0,0,-12.9,0.87,1.9,62.15,-6.9,996,,,,,,,,,,,,,,,,,,,,,,,,,,,,,,,,,
12/14/2020,2020,12,14,18,30,0,0,-13.1,0.87,1.9,61.24,-6.9,996,,,,,,,,,,,,,,,,,,,,,,,,,,,,,,,,,
12/14/2020,2020,12,14,19,30,0,0,-13.2,0.87,1.9,60.54,-6.8,996,,,,,,,,,,,,,,,,,,,,,,,,,,,,,,,,,
12/14/2020,2020,12,14,20,30,0,0,-13.2,0.87,1.9,60.19,-6.8,996,,,,,,,,,,,,,,,,,,,,,,,,,,,,,,,,,
12/14/2020,2020,12,14,21,30,0,0,-13.3,0.87,2,60.44,-6.9,996,,,,,,,,,,,,,,,,,,,,,,,,,,,,,,,,,
12/14/2020,2020,12,14,22,30,0,0,-13.2,0.87,2.1,60.6,-6.9,996,,,,,,,,,,,,,,,,,,,,,,,,,,,,,,,,,
12/14/2020,2020,12,14,23,30,0,0,-13.1,0.87,2.2,61.13,-6.9,996,,,,,,,,,,,,,,,,,,,,,,,,,,,,,,,,,
12/15/2020,2020,12,15,0,30,0,0,-13,0.87,2.3,61.83,-6.9,996,,,,,,,,,,,,,,,,,,,,,,,,,,,,,,,,,
12/15/2020,2020,12,15,1,30,0,0,-12.9,0.87,2.3,62.98,-7,996,,,,,,,,,,,,,,,,,,,,,,,,,,,,,,,,,
12/15/2020,2020,12,15,2,30,0,0,-12.7,0.87,2.4,63.62,-7,996,,,,,,,,,,,,,,,,,,,,,,,,,,,,,,,,,
12/15/2020,2020,12,15,3,30,0,0,-12.6,0.87,2.6,64.73,-7.1,995,,,,,,,,,,,,,,,,,,,,,,,,,,,,,,,,,
12/15/2020,2020,12,15,4,30,0,0,-12.5,0.87,2.8,65.57,-7.1,995,,,,,,,,,,,,,,,,,,,,,,,,,,,,,,,,,
12/15/2020,2020,12,15,5,30,0,0,-12.3,0.87,2.9,66.45,-7.1,994,,,,,,,,,,,,,,,,,,,,,,,,,,,,,,,,,
12/15/2020,2020,12,15,6,30,0,0,-12.1,0.87,3,67.52,-7.1,994,,,,,,,,,,,,,,,,,,,,,,,,,,,,,,,,,
12/15/2020,2020,12,15,7,30,1,0,-11.9,0.87,3.1,67.07,-6.8,994,,,,,,,,,,,,,,,,,,,,,,,,,,,,,,,,,
12/15/2020,2020,12,15,8,30,43,307,-11.3,0.87,3.2,65.43,-5.9,994,,,,,,,,,,,,,,,,,,,,,,,,,,,,,,,,,
12/15/2020,2020,12,15,9,30,98,215,-10.4,0.87,3.4,65.05,-4.8,995,,,,,,,,,,,,,,,,,,,,,,,,,,,,,,,,,
12/15/2020,2020,12,15,10,30,76,670,-9.8,0.87,3.5,62.89,-3.8,994,,,,,,,,,,,,,,,,,,,,,,,,,,,,,,,,,
12/15/2020,2020,12,15,11,30,152,232,-9.5,0.87,3.2,61.82,-3.2,993,,,,,,,,,,,,,,,,,,,,,,,,,,,,,,,,,
12/15/2020,2020,12,15,12,30,147,427,-9.3,0.87,2.7,61.73,-3,992,,,,,,,,,,,,,,,,,,,,,,,,,,,,,,,,,
12/15/2020,2020,12,15,13,30,154,71,-8.9,0.87,2.3,64.04,-3.1,992,,,,,,,,,,,,,,,,,,,,,,,,,,,,,,,,,
12/15/2020,2020,12,15,14,30,113,251,-8.8,0.87,2.2,66.89,-3.5,991,,,,,,,,,,,,,,,,,,,,,,,,,,,,,,,,,
12/15/2020,2020,12,15,15,30,65,53,-9.1,0.87,2.3,68.06,-4.1,990,,,,,,,,,,,,,,,,,,,,,,,,,,,,,,,,,
12/15/2020,2020,12,15,16,30,10,0,-9.8,0.87,2.2,68.43,-4.9,990,,,,,,,,,,,,,,,,,,,,,,,,,,,,,,,,,
12/15/2020,2020,12,15,17,30,0,0,-10.4,0.87,2.1,67.59,-5.3,990,,,,,,,,,,,,,,,,,,,,,,,,,,,,,,,,,
12/15/2020,2020,12,15,18,30,0,0,-10.6,0.87,2,69.67,-5.9,991,,,,,,,,,,,,,,,,,,,,,,,,,,,,,,,,,
12/15/2020,2020,12,15,19,30,0,0,-10.6,0.87,2,70.92,-6.2,991,,,,,,,,,,,,,,,,,,,,,,,,,,,,,,,,,
12/15/2020,2020,12,15,20,30,0,0,-10.7,0.87,2.1,71.94,-6.5,990,,,,,,,,,,,,,,,,,,,,,,,,,,,,,,,,,
12/15/2020,2020,12,15,21,30,0,0,-10.8,0.87,2.1,72.69,-6.7,990,,,,,,,,,,,,,,,,,,,,,,,,,,,,,,,,,
12/15/2020,2020,12,15,22,30,0,0,-10.8,0.87,2.2,73.17,-6.8,989,,,,,,,,,,,,,,,,,,,,,,,,,,,,,,,,,
12/15/2020,2020,12,15,23,30,0,0,-10.7,0.87,2.2,74.67,-7,989,,,,,,,,,,,,,,,,,,,,,,,,,,,,,,,,,
12/16/2020,2020,12,16,0,30,0,0,-10.6,0.87,2,75.4,-7,988,,,,,,,,,,,,,,,,,,,,,,,,,,,,,,,,,
12/16/2020,2020,12,16,1,30,0,0,-10.4,0.87,1.8,76.68,-7,988,,,,,,,,,,,,,,,,,,,,,,,,,,,,,,,,,
12/16/2020,2020,12,16,2,30,0,0,-10.2,0.87,1.5,79.04,-7.2,988,,,,,,,,,,,,,,,,,,,,,,,,,,,,,,,,,
12/16/2020,2020,12,16,3,30,0,0,-10.1,0.87,1.3,81.35,-7.5,987,,,,,,,,,,,,,,,,,,,,,,,,,,,,,,,,,
12/16/2020,2020,12,16,4,30,0,0,-10.2,0.87,1,84.57,-8.1,987,,,,,,,,,,,,,,,,,,,,,,,,,,,,,,,,,
12/16/2020,2020,12,16,5,30,0,0,-10.4,0.87,0.9,87.72,-8.7,987,,,,,,,,,,,,,,,,,,,,,,,,,,,,,,,,,
12/16/2020,2020,12,16,6,30,0,0,-10.5,0.87,0.9,89.11,-9,987,,,,,,,,,,,,,,,,,,,,,,,,,,,,,,,,,
12/16/2020,2020,12,16,7,30,1,0,-10.4,0.87,0.9,88.02,-8.8,987,,,,,,,,,,,,,,,,,,,,,,,,,,,,,,,,,
12/16/2020,2020,12,16,8,30,41,263,-10.2,0.87,0.7,81.91,-7.6,987,,,,,,,,,,,,,,,,,,,,,,,,,,,,,,,,,
12/16/2020,2020,12,16,9,30,102,75,-9.1,0.87,0.4,73.56,-5.1,987,,,,,,,,,,,,,,,,,,,,,,,,,,,,,,,,,
12/16/2020,2020,12,16,10,30,98,556,-8.2,0.87,0.3,66.54,-2.8,987,,,,,,,,,,,,,,,,,,,,,,,,,,,,,,,,,
12/16/2020,2020,12,16,11,30,85,860,-7.9,0.87,0.3,63.03,-1.8,987,,,,,,,,,,,,,,,,,,,,,,,,,,,,,,,,,
12/16/2020,2020,12,16,12,30,87,859,-7.7,0.87,0.5,61.55,-1.3,986,,,,,,,,,,,,,,,,,,,,,,,,,,,,,,,,,
12/16/2020,2020,12,16,13,30,82,831,-7.7,0.87,0.8,60.89,-1.1,986,,,,,,,,,,,,,,,,,,,,,,,,,,,,,,,,,
12/16/2020,2020,12,16,14,30,72,757,-7.7,0.87,1,62.64,-1.5,986,,,,,,,,,,,,,,,,,,,,,,,,,,,,,,,,,
12/16/2020,2020,12,16,15,30,52,589,-7.7,0.87,1,68.74,-2.7,986,,,,,,,,,,,,,,,,,,,,,,,,,,,,,,,,,
12/16/2020,2020,12,16,16,30,15,102,-8.2,0.87,0.9,73.32,-4.1,987,,,,,,,,,,,,,,,,,,,,,,,,,,,,,,,,,
12/16/2020,2020,12,16,17,30,0,0,-8.6,0.87,0.9,74.86,-4.8,987,,,,,,,,,,,,,,,,,,,,,,,,,,,,,,,,,
12/16/2020,2020,12,16,18,30,0,0,-8.9,0.87,1.3,78.23,-5.7,987,,,,,,,,,,,,,,,,,,,,,,,,,,,,,,,,,
12/16/2020,2020,12,16,19,30,0,0,-9,0.87,1.5,80.74,-6.2,987,,,,,,,,,,,,,,,,,,,,,,,,,,,,,,,,,
12/16/2020,2020,12,16,20,30,0,0,-9.1,0.87,1.6,83.8,-6.8,987,,,,,,,,,,,,,,,,,,,,,,,,,,,,,,,,,
12/16/2020,2020,12,16,21,30,0,0,-9.1,0.87,1.7,86.7,-7.3,987,,,,,,,,,,,,,,,,,,,,,,,,,,,,,,,,,
12/16/2020,2020,12,16,22,30,0,0,-9.2,0.87,1.7,90.18,-7.9,987,,,,,,,,,,,,,,,,,,,,,,,,,,,,,,,,,
12/16/2020,2020,12,16,23,30,0,0,-9.4,0.87,1.7,93.81,-8.6,987,,,,,,,,,,,,,,,,,,,,,,,,,,,,,,,,,
12/17/2020,2020,12,17,0,30,0,0,-9.7,0.87,1.8,94.84,-9,987,,,,,,,,,,,,,,,,,,,,,,,,,,,,,,,,,
12/17/2020,2020,12,17,1,30,0,0,-9.9,0.87,2,93.92,-9.1,987,,,,,,,,,,,,,,,,,,,,,,,,,,,,,,,,,
12/17/2020,2020,12,17,2,30,0,0,-9.9,0.87,2,92.83,-9,987,,,,,,,,,,,,,,,,,,,,,,,,,,,,,,,,,
12/17/2020,2020,12,17,3,30,0,0,-9.9,0.87,1.9,91.6,-8.8,987,,,,,,,,,,,,,,,,,,,,,,,,,,,,,,,,,
12/17/2020,2020,12,17,4,30,0,0,-9.9,0.87,2,91.08,-8.7,986,,,,,,,,,,,,,,,,,,,,,,,,,,,,,,,,,
12/17/2020,2020,12,17,5,30,0,0,-9.9,0.87,2.1,91.22,-8.7,986,,,,,,,,,,,,,,,,,,,,,,,,,,,,,,,,,
12/17/2020,2020,12,17,6,30,0,0,-9.8,0.87,2.1,91.7,-8.7,987,,,,,,,,,,,,,,,,,,,,,,,,,,,,,,,,,
12/17/2020,2020,12,17,7,30,3,20,-9.9,0.87,2.2,89.18,-8.4,987,,,,,,,,,,,,,,,,,,,,,,,,,,,,,,,,,
12/17/2020,2020,12,17,8,30,42,402,-9.4,0.87,2.4,82.33,-6.9,987,,,,,,,,,,,,,,,,,,,,,,,,,,,,,,,,,
12/17/2020,2020,12,17,9,30,104,124,-7.5,0.87,2.6,79.63,-4.5,987,,,,,,,,,,,,,,,,,,,,,,,,,,,,,,,,,
12/17/2020,2020,12,17,10,30,137,180,-6,0.87,2.6,77.12,-2.5,988,,,,,,,,,,,,,,,,,,,,,,,,,,,,,,,,,
12/17/2020,2020,12,17,11,30,151,227,-4.8,0.87,2.3,75.13,-1,987,,,,,,,,,,,,,,,,,,,,,,,,,,,,,,,,,
12/17/2020,2020,12,17,12,30,181,105,-4,0.87,1.8,74.25,0,987,,,,,,,,,,,,,,,,,,,,,,,,,,,,,,,,,
12/17/2020,2020,12,17,13,30,161,164,-3.5,0.87,1.4,74.94,0.4,987,,,,,,,,,,,,,,,,,,,,,,,,,,,,,,,,,
12/17/2020,2020,12,17,14,30,116,41,-3.1,0.87,1.2,77.2,0.4,987,,,,,,,,,,,,,,,,,,,,,,,,,,,,,,,,,
12/17/2020,2020,12,17,15,30,52,402,-2.8,0.87,1,86.68,-0.9,988,,,,,,,,,,,,,,,,,,,,,,,,,,,,,,,,,
12/17/2020,2020,12,17,16,30,17,201,-4.1,0.87,1,90.99,-2.8,988,,,,,,,,,,,,,,,,,,,,,,,,,,,,,,,,,
12/17/2020,2020,12,17,17,30,0,0,-5.1,0.87,1.2,89.66,-3.6,989,,,,,,,,,,,,,,,,,,,,,,,,,,,,,,,,,
12/17/2020,2020,12,17,18,30,0,0,-5.6,0.87,1.6,96.69,-5.2,989,,,,,,,,,,,,,,,,,,,,,,,,,,,,,,,,,
12/17/2020,2020,12,17,19,30,0,0,-6,0.87,1.9,97.6,-5.7,989,,,,,,,,,,,,,,,,,,,,,,,,,,,,,,,,,
12/17/2020,2020,12,17,20,30,0,0,-6.2,0.87,2.2,97.2,-5.8,988,,,,,,,,,,,,,,,,,,,,,,,,,,,,,,,,,
12/17/2020,2020,12,17,21,30,0,0,-6.2,0.87,2.4,97.76,-5.9,988,,,,,,,,,,,,,,,,,,,,,,,,,,,,,,,,,
12/17/2020,2020,12,17,22,30,0,0,-6.2,0.87,2.4,97.99,-5.9,989,,,,,,,,,,,,,,,,,,,,,,,,,,,,,,,,,
12/17/2020,2020,12,17,23,30,0,0,-6.1,0.87,2.5,98.49,-5.9,989,,,,,,,,,,,,,,,,,,,,,,,,,,,,,,,,,
12/18/2020,2020,12,18,0,30,0,0,-5.9,0.87,2.8,97.49,-5.6,989,,,,,,,,,,,,,,,,,,,,,,,,,,,,,,,,,
12/18/2020,2020,12,18,1,30,0,0,-5.7,0.87,3.3,95.03,-5,989,,,,,,,,,,,,,,,,,,,,,,,,,,,,,,,,,
12/18/2020,2020,12,18,2,30,0,0,-5.2,0.87,3.7,93.92,-4.4,989,,,,,,,,,,,,,,,,,,,,,,,,,,,,,,,,,
12/18/2020,2020,12,18,3,30,0,0,-4.9,0.87,3.9,94.74,-4.2,988,,,,,,,,,,,,,,,,,,,,,,,,,,,,,,,,,
12/18/2020,2020,12,18,4,30,0,0,-5,0.87,4.2,93.09,-4,988,,,,,,,,,,,,,,,,,,,,,,,,,,,,,,,,,
12/18/2020,2020,12,18,5,30,0,0,-4.7,0.87,4.6,92.35,-3.6,987,,,,,,,,,,,,,,,,,,,,,,,,,,,,,,,,,
12/18/2020,2020,12,18,6,30,0,0,-4.3,0.87,4.9,93.62,-3.4,987,,,,,,,,,,,,,,,,,,,,,,,,,,,,,,,,,
12/18/2020,2020,12,18,7,30,0,0,-4.1,0.87,5.3,91.2,-2.9,986,,,,,,,,,,,,,,,,,,,,,,,,,,,,,,,,,
12/18/2020,2020,12,18,8,30,36,4,-3.5,0.87,5.6,88.75,-1.9,986,,,,,,,,,,,,,,,,,,,,,,,,,,,,,,,,,
12/18/2020,2020,12,18,9,30,97,126,-2.6,0.87,5.6,87.44,-0.8,986,,,,,,,,,,,,,,,,,,,,,,,,,,,,,,,,,
12/18/2020,2020,12,18,10,30,127,371,-1.8,0.87,5.6,84.71,0.5,985,,,,,,,,,,,,,,,,,,,,,,,,,,,,,,,,,
12/18/2020,2020,12,18,11,30,81,751,-0.9,0.87,5.7,81.32,2,983,,,,,,,,,,,,,,,,,,,,,,,,,,,,,,,,,
12/18/2020,2020,12,18,12,30,147,422,-0.1,0.87,5.4,78.93,3.2,982,,,,,,,,,,,,,,,,,,,,,,,,,,,,,,,,,
12/18/2020,2020,12,18,13,30,115,490,0.5,0.87,4.8,78.69,3.9,981,,,,,,,,,,,,,,,,,,,,,,,,,,,,,,,,,
12/18/2020,2020,12,18,14,30,66,692,1,0.87,4,81.58,3.9,981,,,,,,,,,,,,,,,,,,,,,,,,,,,,,,,,,
12/18/2020,2020,12,18,15,30,62,122,1.3,0.87,3.1,89.57,2.8,981,,,,,,,,,,,,,,,,,,,,,,,,,,,,,,,,,
12/18/2020,2020,12,18,16,30,7,0,0.8,0.87,2.8,95.41,1.5,981,,,,,,,,,,,,,,,,,,,,,,,,,,,,,,,,,
12/18/2020,2020,12,18,17,30,0,0,0.6,0.87,2.8,96.2,1.1,981,,,,,,,,,,,,,,,,,,,,,,,,,,,,,,,,,
12/18/2020,2020,12,18,18,30,0,0,0.7,0.87,2.6,93.97,1.6,982,,,,,,,,,,,,,,,,,,,,,,,,,,,,,,,,,
12/18/2020,2020,12,18,19,30,0,0,0.7,0.87,2.1,95.65,1.3,982,,,,,,,,,,,,,,,,,,,,,,,,,,,,,,,,,
12/18/2020,2020,12,18,20,30,0,0,0.3,0.87,2.3,96.13,0.8,982,,,,,,,,,,,,,,,,,,,,,,,,,,,,,,,,,
12/18/2020,2020,12,18,21,30,0,0,-0.3,0.87,2.9,95.18,0.4,983,,,,,,,,,,,,,,,,,,,,,,,,,,,,,,,,,
12/18/2020,2020,12,18,22,30,0,0,-0.6,0.87,3.6,95.17,0.1,983,,,,,,,,,,,,,,,,,,,,,,,,,,,,,,,,,
12/18/2020,2020,12,18,23,30,0,0,-0.6,0.87,4.2,97.53,-0.3,984,,,,,,,,,,,,,,,,,,,,,,,,,,,,,,,,,
12/19/2020,2020,12,19,0,30,0,0,-1,0.87,4.5,98.56,-0.8,985,,,,,,,,,,,,,,,,,,,,,,,,,,,,,,,,,
12/19/2020,2020,12,19,1,30,0,0,-1.9,0.87,4.6,97.13,-1.5,986,,,,,,,,,,,,,,,,,,,,,,,,,,,,,,,,,
12/19/2020,2020,12,19,2,30,0,0,-3.5,0.87,4.4,93.85,-2.6,986,,,,,,,,,,,,,,,,,,,,,,,,,,,,,,,,,
12/19/2020,2020,12,19,3,30,0,0,-5.3,0.87,4.1,88.38,-3.7,987,,,,,,,,,,,,,,,,,,,,,,,,,,,,,,,,,
12/19/2020,2020,12,19,4,30,0,0,-7.2,0.87,3.7,83.33,-4.8,987,,,,,,,,,,,,,,,,,,,,,,,,,,,,,,,,,
12/19/2020,2020,12,19,5,30,0,0,-8.6,0.87,3.3,80.68,-5.8,988,,,,,,,,,,,,,,,,,,,,,,,,,,,,,,,,,
12/19/2020,2020,12,19,6,30,0,0,-9.5,0.87,3,79.66,-6.6,988,,,,,,,,,,,,,,,,,,,,,,,,,,,,,,,,,
12/19/2020,2020,12,19,7,30,0,0,-10.2,0.87,2.9,76.43,-6.7,988,,,,,,,,,,,,,,,,,,,,,,,,,,,,,,,,,
12/19/2020,2020,12,19,8,30,43,57,-10.1,0.87,3.1,70.16,-5.5,988,,,,,,,,,,,,,,,,,,,,,,,,,,,,,,,,,
12/19/2020,2020,12,19,9,30,96,45,-9.5,0.87,3.1,64.28,-3.7,988,,,,,,,,,,,,,,,,,,,,,,,,,,,,,,,,,
12/19/2020,2020,12,19,10,30,147,82,-9.1,0.87,3,59.96,-2.4,988,,,,,,,,,,,,,,,,,,,,,,,,,,,,,,,,,
12/19/2020,2020,12,19,11,30,172,66,-8.4,0.87,3,57.51,-1.1,988,,,,,,,,,,,,,,,,,,,,,,,,,,,,,,,,,
12/19/2020,2020,12,19,12,30,181,100,-7.7,0.87,3,57.1,-0.2,987,,,,,,,,,,,,,,,,,,,,,,,,,,,,,,,,,
12/19/2020,2020,12,19,13,30,151,257,-7.1,0.87,2.8,58.18,0.2,987,,,,,,,,,,,,,,,,,,,,,,,,,,,,,,,,,
12/19/2020,2020,12,19,14,30,53,854,-6.6,0.87,2.3,61.39,-0.1,987,,,,,,,,,,,,,,,,,,,,,,,,,,,,,,,,,
12/19/2020,2020,12,19,15,30,39,734,-6.7,0.87,1.5,69.01,-1.8,987,,,,,,,,,,,,,,,,,,,,,,,,,,,,,,,,,
12/19/2020,2020,12,19,16,30,17,301,-7.2,0.87,1,77.95,-3.9,986,,,,,,,,,,,,,,,,,,,,,,,,,,,,,,,,,
12/19/2020,2020,12,19,17,30,0,0,-8.3,0.87,1.1,75.89,-4.7,986,,,,,,,,,,,,,,,,,,,,,,,,,,,,,,,,,
12/19/2020,2020,12,19,18,30,0,0,-9,0.87,1.2,80.83,-6.2,986,,,,,,,,,,,,,,,,,,,,,,,,,,,,,,,,,
12/19/2020,2020,12,19,19,30,0,0,-9.5,0.87,1.4,82.42,-7,985,,,,,,,,,,,,,,,,,,,,,,,,,,,,,,,,,
12/19/2020,2020,12,19,20,30,0,0,-9.8,0.87,1.6,83.93,-7.6,985,,,,,,,,,,,,,,,,,,,,,,,,,,,,,,,,,
12/19/2020,2020,12,19,21,30,0,0,-10,0.87,1.8,84.27,-7.8,985,,,,,,,,,,,,,,,,,,,,,,,,,,,,,,,,,
12/19/2020,2020,12,19,22,30,0,0,-9.9,0.87,2,83.33,-7.6,985,,,,,,,,,,,,,,,,,,,,,,,,,,,,,,,,,
12/19/2020,2020,12,19,23,30,0,0,-9.7,0.87,2.3,82.66,-7.3,984,,,,,,,,,,,,,,,,,,,,,,,,,,,,,,,,,
12/20/2020,2020,12,20,0,30,0,0,-9.4,0.87,2.5,82.13,-6.9,984,,,,,,,,,,,,,,,,,,,,,,,,,,,,,,,,,
12/20/2020,2020,12,20,1,30,0,0,-9.1,0.87,2.6,82.81,-6.7,983,,,,,,,,,,,,,,,,,,,,,,,,,,,,,,,,,
12/20/2020,2020,12,20,2,30,0,0,-8.9,0.87,2.5,84.32,-6.7,982,,,,,,,,,,,,,,,,,,,,,,,,,,,,,,,,,
12/20/2020,2020,12,20,3,30,0,0,-8.7,0.87,2.4,86.23,-6.8,982,,,,,,,,,,,,,,,,,,,,,,,,,,,,,,,,,
12/20/2020,2020,12,20,4,30,0,0,-8.6,0.87,2.3,89.3,-7.1,981,,,,,,,,,,,,,,,,,,,,,,,,,,,,,,,,,
12/20/2020,2020,12,20,5,30,0,0,-8.4,0.87,2.2,91.59,-7.3,981,,,,,,,,,,,,,,,,,,,,,,,,,,,,,,,,,
12/20/2020,2020,12,20,6,30,0,0,-8.4,0.87,2.3,91.42,-7.2,981,,,,,,,,,,,,,,,,,,,,,,,,,,,,,,,,,
12/20/2020,2020,12,20,7,30,0,0,-8.1,0.87,2.7,87.45,-6.4,982,,,,,,,,,,,,,,,,,,,,,,,,,,,,,,,,,
12/20/2020,2020,12,20,8,30,33,566,-7.3,0.87,3.2,80.51,-4.5,982,,,,,,,,,,,,,,,,,,,,,,,,,,,,,,,,,
12/20/2020,2020,12,20,9,30,45,810,-5.6,0.87,3.2,76.25,-2,982,,,,,,,,,,,,,,,,,,,,,,,,,,,,,,,,,
12/20/2020,2020,12,20,10,30,52,908,-3.9,0.87,2.8,72.32,0.5,982,,,,,,,,,,,,,,,,,,,,,,,,,,,,,,,,,
12/20/2020,2020,12,20,11,30,63,935,-2.3,0.87,2.8,69.42,2.7,981,,,,,,,,,,,,,,,,,,,,,,,,,,,,,,,,,
12/20/2020,2020,12,20,12,30,73,926,-2.2,0.87,2.8,63.84,4,980,,,,,,,,,,,,,,,,,,,,,,,,,,,,,,,,,
12/20/2020,2020,12,20,13,30,70,899,-2.3,0.87,2.4,62.44,4.2,980,,,,,,,,,,,,,,,,,,,,,,,,,,,,,,,,,
12/20/2020,2020,12,20,14,30,65,652,-2.1,0.87,1.8,67.06,3.4,980,,,,,,,,,,,,,,,,,,,,,,,,,,,,,,,,,
12/20/2020,2020,12,20,15,30,60,394,-1,0.87,1.3,82.41,1.7,980,,,,,,,,,,,,,,,,,,,,,,,,,,,,,,,,,
12/20/2020,2020,12,20,16,30,14,10,-2.2,0.87,1.4,81.83,0.5,980,,,,,,,,,,,,,,,,,,,,,,,,,,,,,,,,,
12/20/2020,2020,12,20,17,30,0,0,-2.8,0.87,1.5,80.23,0.2,979,,,,,,,,,,,,,,,,,,,,,,,,,,,,,,,,,
12/20/2020,2020,12,20,18,30,0,0,-2.6,0.87,2.6,79.12,0.6,978,,,,,,,,,,,,,,,,,,,,,,,,,,,,,,,,,
12/20/2020,2020,12,20,19,30,0,0,-2.5,0.87,3.5,78.96,0.7,977,,,,,,,,,,,,,,,,,,,,,,,,,,,,,,,,,
12/20/2020,2020,12,20,20,30,0,0,-2.6,0.87,4.3,78.51,0.7,976,,,,,,,,,,,,,,,,,,,,,,,,,,,,,,,,,
12/20/2020,2020,12,20,21,30,0,0,-2.5,0.87,4.9,78.45,0.8,975,,,,,,,,,,,,,,,,,,,,,,,,,,,,,,,,,
12/20/2020,2020,12,20,22,30,0,0,-2.3,0.87,5.2,79.96,0.8,974,,,,,,,,,,,,,,,,,,,,,,,,,,,,,,,,,
12/20/2020,2020,12,20,23,30,0,0,-1.9,0.87,5.1,83.31,0.6,973,,,,,,,,,,,,,,,,,,,,,,,,,,,,,,,,,
12/21/2020,2020,12,21,0,30,0,0,-1.8,0.87,5.1,85.01,0.4,973,,,,,,,,,,,,,,,,,,,,,,,,,,,,,,,,,
12/21/2020,2020,12,21,1,30,0,0,-1.8,0.87,5.5,83.68,0.6,973,,,,,,,,,,,,,,,,,,,,,,,,,,,,,,,,,
12/21/2020,2020,12,21,2,30,0,0,-1.5,0.87,5.4,84.06,0.9,974,,,,,,,,,,,,,,,,,,,,,,,,,,,,,,,,,
12/21/2020,2020,12,21,3,30,0,0,-1.3,0.87,4.9,85.76,0.8,975,,,,,,,,,,,,,,,,,,,,,,,,,,,,,,,,,
12/21/2020,2020,12,21,4,30,0,0,-1.2,0.87,5,85.83,0.9,976,,,,,,,,,,,,,,,,,,,,,,,,,,,,,,,,,
12/21/2020,2020,12,21,5,30,0,0,-1,0.87,5.3,87.42,0.9,977,,,,,,,,,,,,,,,,,,,,,,,,,,,,,,,,,
12/21/2020,2020,12,21,6,30,0,0,-0.8,0.87,5.2,89.14,0.8,978,,,,,,,,,,,,,,,,,,,,,,,,,,,,,,,,,
12/21/2020,2020,12,21,7,30,0,0,-1.2,0.87,5.4,85.08,1,979,,,,,,,,,,,,,,,,,,,,,,,,,,,,,,,,,
12/21/2020,2020,12,21,8,30,36,492,-1.4,0.87,5.9,77.45,2.1,979,,,,,,,,,,,,,,,,,,,,,,,,,,,,,,,,,
12/21/2020,2020,12,21,9,30,42,829,-1,0.87,6.2,71.42,3.7,980,,,,,,,,,,,,,,,,,,,,,,,,,,,,,,,,,
12/21/2020,2020,12,21,10,30,51,911,-0.4,0.87,6.6,67.04,5.2,980,,,,,,,,,,,,,,,,,,,,,,,,,,,,,,,,,
12/21/2020,2020,12,21,11,30,57,944,-0.1,0.87,7.9,62.53,6.5,980,,,,,,,,,,,,,,,,,,,,,,,,,,,,,,,,,
12/21/2020,2020,12,21,12,30,59,948,-2.1,0.87,8.9,51.89,7.1,980,,,,,,,,,,,,,,,,,,,,,,,,,,,,,,,,,
12/21/2020,2020,12,21,13,30,54,929,-3.5,0.87,8.6,46.8,7.1,981,,,,,,,,,,,,,,,,,,,,,,,,,,,,,,,,,
12/21/2020,2020,12,21,14,30,47,871,-4.1,0.87,7.9,47.12,6.4,982,,,,,,,,,,,,,,,,,,,,,,,,,,,,,,,,,
12/21/2020,2020,12,21,15,30,36,736,-4.4,0.87,7.2,51.14,4.9,983,,,,,,,,,,,,,,,,,,,,,,,,,,,,,,,,,
12/21/2020,2020,12,21,16,30,17,298,-4.7,0.87,6.5,56.69,3.1,984,,,,,,,,,,,,,,,,,,,,,,,,,,,,,,,,,
12/21/2020,2020,12,21,17,30,0,0,-5,0.87,6.1,58.89,2.2,985,,,,,,,,,,,,,,,,,,,,,,,,,,,,,,,,,
12/21/2020,2020,12,21,18,30,0,0,-5.3,0.87,4.1,68.58,-0.2,986,,,,,,,,,,,,,,,,,,,,,,,,,,,,,,,,,
12/21/2020,2020,12,21,19,30,0,0,-5.6,0.87,3.3,73,-1.4,987,,,,,,,,,,,,,,,,,,,,,,,,,,,,,,,,,
12/21/2020,2020,12,21,20,30,0,0,-5.9,0.87,2.9,74.56,-2,988,,,,,,,,,,,,,,,,,,,,,,,,,,,,,,,,,
12/21/2020,2020,12,21,21,30,0,0,-6,0.87,2.4,76.63,-2.5,988,,,,,,,,,,,,,,,,,,,,,,,,,,,,,,,,,
12/21/2020,2020,12,21,22,30,0,0,-5.9,0.87,1.8,78.56,-2.7,989,,,,,,,,,,,,,,,,,,,,,,,,,,,,,,,,,
12/21/2020,2020,12,21,23,30,0,0,-5.6,0.87,1.4,79.82,-2.6,989,,,,,,,,,,,,,,,,,,,,,,,,,,,,,,,,,
12/22/2020,2020,12,22,0,30,0,0,-5.3,0.87,1,78.81,-2.1,989,,,,,,,,,,,,,,,,,,,,,,,,,,,,,,,,,
12/22/2020,2020,12,22,1,30,0,0,-5,0.87,0.6,76.45,-1.4,989,,,,,,,,,,,,,,,,,,,,,,,,,,,,,,,,,
12/22/2020,2020,12,22,2,30,0,0,-5.3,0.87,0.4,72.71,-1,990,,,,,,,,,,,,,,,,,,,,,,,,,,,,,,,,,
12/22/2020,2020,12,22,3,30,0,0,-5.5,0.87,0.7,73.8,-1.4,989,,,,,,,,,,,,,,,,,,,,,,,,,,,,,,,,,
12/22/2020,2020,12,22,4,30,0,0,-5.2,0.87,1.1,79.66,-2.2,989,,,,,,,,,,,,,,,,,,,,,,,,,,,,,,,,,
12/22/2020,2020,12,22,5,30,0,0,-5.1,0.87,1.6,83.34,-2.7,989,,,,,,,,,,,,,,,,,,,,,,,,,,,,,,,,,
12/22/2020,2020,12,22,6,30,0,0,-5.4,0.87,2.4,82.17,-2.8,989,,,,,,,,,,,,,,,,,,,,,,,,,,,,,,,,,
12/22/2020,2020,12,22,7,30,0,0,-5.5,0.87,3.5,78.18,-2.2,989,,,,,,,,,,,,,,,,,,,,,,,,,,,,,,,,,
12/22/2020,2020,12,22,8,30,38,410,-5,0.87,4.3,73.43,-0.8,988,,,,,,,,,,,,,,,,,,,,,,,,,,,,,,,,,
12/22/2020,2020,12,22,9,30,60,629,-3.9,0.87,5,67.97,1.4,988,,,,,,,,,,,,,,,,,,,,,,,,,,,,,,,,,
12/22/2020,2020,12,22,10,30,111,462,-3.2,0.87,5.8,60.93,3.6,986,,,,,,,,,,,,,,,,,,,,,,,,,,,,,,,,,
12/22/2020,2020,12,22,11,30,75,810,-3,0.87,6.1,55.09,5.3,985,,,,,,,,,,,,,,,,,,,,,,,,,,,,,,,,,
12/22/2020,2020,12,22,12,30,69,885,-2.6,0.87,6.1,52.99,6.3,983,,,,,,,,,,,,,,,,,,,,,,,,,,,,,,,,,
12/22/2020,2020,12,22,13,30,63,866,-2.2,0.87,5.9,53.25,6.7,981,,,,,,,,,,,,,,,,,,,,,,,,,,,,,,,,,
12/22/2020,2020,12,22,14,30,56,802,-1.5,0.87,5.6,57.16,6.4,980,,,,,,,,,,,,,,,,,,,,,,,,,,,,,,,,,
12/22/2020,2020,12,22,15,30,43,657,-1.1,0.87,5.3,64.01,5.2,979,,,,,,,,,,,,,,,,,,,,,,,,,,,,,,,,,
12/22/2020,2020,12,22,16,30,15,25,-1,0.87,5.3,70.44,3.9,978,,,,,,,,,,,,,,,,,,,,,,,,,,,,,,,,,
12/22/2020,2020,12,22,17,30,0,0,-0.9,0.87,5.5,73.08,3.5,977,,,,,,,,,,,,,,,,,,,,,,,,,,,,,,,,,
12/22/2020,2020,12,22,18,30,0,0,-0.6,0.87,6.4,75.74,3.3,975,,,,,,,,,,,,,,,,,,,,,,,,,,,,,,,,,
12/22/2020,2020,12,22,19,30,0,0,-0.1,0.87,6.7,77.21,3.5,974,,,,,,,,,,,,,,,,,,,,,,,,,,,,,,,,,
12/22/2020,2020,12,22,20,30,0,0,0.5,0.87,6.7,79.25,3.8,972,,,,,,,,,,,,,,,,,,,,,,,,,,,,,,,,,
12/22/2020,2020,12,22,21,30,0,0,1.3,0.87,6.6,83.05,3.9,972,,,,,,,,,,,,,,,,,,,,,,,,,,,,,,,,,
12/22/2020,2020,12,22,22,30,0,0,1.9,0.87,6.5,87.06,3.9,971,,,,,,,,,,,,,,,,,,,,,,,,,,,,,,,,,
12/22/2020,2020,12,22,23,30,0,0,2.5,0.87,6.8,90.28,3.9,970,,,,,,,,,,,,,,,,,,,,,,,,,,,,,,,,,
12/23/2020,2020,12,23,0,30,0,0,2.9,0.87,7,93.16,3.9,969,,,,,,,,,,,,,,,,,,,,,,,,,,,,,,,,,
12/23/2020,2020,12,23,1,30,0,0,3.3,0.87,6.9,95.6,3.9,967,,,,,,,,,,,,,,,,,,,,,,,,,,,,,,,,,
12/23/2020,2020,12,23,2,30,0,0,3.6,0.87,6.8,98.28,3.8,966,,,,,,,,,,,,,,,,,,,,,,,,,,,,,,,,,
12/23/2020,2020,12,23,3,30,0,0,3.9,0.87,6.7,98.97,4,965,,,,,,,,,,,,,,,,,,,,,,,,,,,,,,,,,
12/23/2020,2020,12,23,4,30,0,0,4.3,0.87,6.7,98.39,4.5,963,,,,,,,,,,,,,,,,,,,,,,,,,,,,,,,,,
12/23/2020,2020,12,23,5,30,0,0,4.9,0.87,7.1,95.6,5.5,962,,,,,,,,,,,,,,,,,,,,,,,,,,,,,,,,,
12/23/2020,2020,12,23,6,30,0,0,5.7,0.87,7.5,91.68,7,961,,,,,,,,,,,,,,,,,,,,,,,,,,,,,,,,,
12/23/2020,2020,12,23,7,30,0,0,7,0.87,7.1,96.2,7.6,961,,,,,,,,,,,,,,,,,,,,,,,,,,,,,,,,,
12/23/2020,2020,12,23,8,30,35,306,6.3,0.87,7.5,100,6.3,962,,,,,,,,,,,,,,,,,,,,,,,,,,,,,,,,,
12/23/2020,2020,12,23,9,30,63,0,3,0.87,8.8,90.5,4.4,963,,,,,,,,,,,,,,,,,,,,,,,,,,,,,,,,,
12/23/2020,2020,12,23,10,30,92,10,-1.3,0.87,9.8,72.39,3.2,965,,,,,,,,,,,,,,,,,,,,,,,,,,,,,,,,,
12/23/2020,2020,12,23,11,30,160,42,-3.4,0.87,10.2,65.89,2.3,966,,,,,,,,,,,,,,,,,,,,,,,,,,,,,,,,,
12/23/2020,2020,12,23,12,30,175,77,-5.6,0.87,10,62.3,0.8,967,,,,,,,,,,,,,,,,,,,,,,,,,,,,,,,,,
12/23/2020,2020,12,23,13,30,160,114,-7.7,0.87,9.7,59.45,-0.8,968,,,,,,,,,,,,,,,,,,,,,,,,,,,,,,,,,
12/23/2020,2020,12,23,14,30,108,18,-9.5,0.87,9.3,58.27,-2.4,969,,,,,,,,,,,,,,,,,,,,,,,,,,,,,,,,,
12/23/2020,2020,12,23,15,30,69,173,-10.8,0.87,9,59.44,-4.1,971,,,,,,,,,,,,,,,,,,,,,,,,,,,,,,,,,
12/23/2020,2020,12,23,16,30,13,14,-11.6,0.87,9.1,62.45,-5.6,972,,,,,,,,,,,,,,,,,,,,,,,,,,,,,,,,,
12/23/2020,2020,12,23,17,30,0,0,-12.2,0.87,9.4,63.03,-6.3,973,,,,,,,,,,,,,,,,,,,,,,,,,,,,,,,,,
12/23/2020,2020,12,23,18,30,0,0,-12.8,0.87,10.1,65.07,-7.4,975,,,,,,,,,,,,,,,,,,,,,,,,,,,,,,,,,
12/23/2020,2020,12,23,19,30,0,0,-13.8,0.87,10.3,62.43,-7.9,976,,,,,,,,,,,,,,,,,,,,,,,,,,,,,,,,,
12/23/2020,2020,12,23,20,30,0,0,-15.1,0.87,10.4,57.41,-8.2,977,,,,,,,,,,,,,,,,,,,,,,,,,,,,,,,,,
12/23/2020,2020,12,23,21,30,0,0,-16.5,0.87,10.3,53.22,-8.7,978,,,,,,,,,,,,,,,,,,,,,,,,,,,,,,,,,
12/23/2020,2020,12,23,22,30,0,0,-17.7,0.87,10.1,51.01,-9.4,979,,,,,,,,,,,,,,,,,,,,,,,,,,,,,,,,,
12/23/2020,2020,12,23,23,30,0,0,-18.6,0.87,9.7,49.93,-10.1,980,,,,,,,,,,,,,,,,,,,,,,,,,,,,,,,,,
12/24/2020,2020,12,24,0,30,0,0,-19.4,0.87,9.3,49.37,-10.8,981,,,,,,,,,,,,,,,,,,,,,,,,,,,,,,,,,
12/24/2020,2020,12,24,1,30,0,0,-20,0.87,8.8,48.48,-11.3,982,,,,,,,,,,,,,,,,,,,,,,,,,,,,,,,,,
12/24/2020,2020,12,24,2,30,0,0,-20.6,0.87,8.4,47.97,-11.8,982,,,,,,,,,,,,,,,,,,,,,,,,,,,,,,,,,
12/24/2020,2020,12,24,3,30,0,0,-21.1,0.87,8,47.81,-12.3,982,,,,,,,,,,,,,,,,,,,,,,,,,,,,,,,,,
12/24/2020,2020,12,24,4,30,0,0,-21.6,0.87,7.7,48.28,-12.9,982,,,,,,,,,,,,,,,,,,,,,,,,,,,,,,,,,
12/24/2020,2020,12,24,5,30,0,0,-22,0.87,7.4,49.33,-13.6,983,,,,,,,,,,,,,,,,,,,,,,,,,,,,,,,,,
12/24/2020,2020,12,24,6,30,0,0,-22.3,0.87,6.8,50.11,-14.2,983,,,,,,,,,,,,,,,,,,,,,,,,,,,,,,,,,
12/24/2020,2020,12,24,7,30,0,0,-22.7,0.87,6.5,50.24,-14.6,984,,,,,,,,,,,,,,,,,,,,,,,,,,,,,,,,,
12/24/2020,2020,12,24,8,30,31,558,-22.9,0.87,6.6,46.82,-14,985,,,,,,,,,,,,,,,,,,,,,,,,,,,,,,,,,
12/24/2020,2020,12,24,9,30,42,872,-23.1,0.87,6.8,41.81,-12.8,986,,,,,,,,,,,,,,,,,,,,,,,,,,,,,,,,,
12/24/2020,2020,12,24,10,30,52,915,-23,0.87,6.8,37.77,-11.4,986,,,,,,,,,,,,,,,,,,,,,,,,,,,,,,,,,
12/24/2020,2020,12,24,11,30,60,902,-22.6,0.87,6.9,35.63,-10.2,986,,,,,,,,,,,,,,,,,,,,,,,,,,,,,,,,,
12/24/2020,2020,12,24,12,30,61,952,-22.3,0.87,7.1,33.79,-9.2,986,,,,,,,,,,,,,,,,,,,,,,,,,,,,,,,,,
12/24/2020,2020,12,24,13,30,54,970,-22.2,0.87,7.3,33.04,-8.8,986,,,,,,,,,,,,,,,,,,,,,,,,,,,,,,,,,
12/24/2020,2020,12,24,14,30,46,913,-22,0.87,7.3,33.67,-8.9,986,,,,,,,,,,,,,,,,,,,,,,,,,,,,,,,,,
12/24/2020,2020,12,24,15,30,35,793,-21.9,0.87,6.8,36.33,-9.7,986,,,,,,,,,,,,,,,,,,,,,,,,,,,,,,,,,
12/24/2020,2020,12,24,16,30,18,410,-21.6,0.87,5.9,40.67,-10.8,987,,,,,,,,,,,,,,,,,,,,,,,,,,,,,,,,,
12/24/2020,2020,12,24,17,30,0,0,-21.2,0.87,5.4,44.66,-11.5,987,,,,,,,,,,,,,,,,,,,,,,,,,,,,,,,,,
12/24/2020,2020,12,24,18,30,0,0,-21.1,0.87,5.2,49.28,-12.6,988,,,,,,,,,,,,,,,,,,,,,,,,,,,,,,,,,
12/24/2020,2020,12,24,19,30,0,0,-21.2,0.87,5.1,51.69,-13.3,988,,,,,,,,,,,,,,,,,,,,,,,,,,,,,,,,,
12/24/2020,2020,12,24,20,30,0,0,-21.3,0.87,4.8,53.5,-13.9,989,,,,,,,,,,,,,,,,,,,,,,,,,,,,,,,,,
12/24/2020,2020,12,24,21,30,0,0,-21.4,0.87,4.4,55.26,-14.4,989,,,,,,,,,,,,,,,,,,,,,,,,,,,,,,,,,
12/24/2020,2020,12,24,22,30,0,0,-21.5,0.87,4.1,56.93,-14.8,989,,,,,,,,,,,,,,,,,,,,,,,,,,,,,,,,,
12/24/2020,2020,12,24,23,30,0,0,-21.5,0.87,3.9,58.64,-15.2,989,,,,,,,,,,,,,,,,,,,,,,,,,,,,,,,,,
12/25/2020,2020,12,25,0,30,0,0,-21.6,0.87,3.7,59.28,-15.4,989,,,,,,,,,,,,,,,,,,,,,,,,,,,,,,,,,
12/25/2020,2020,12,25,1,30,0,0,-21.6,0.87,3.7,59.85,-15.6,989,,,,,,,,,,,,,,,,,,,,,,,,,,,,,,,,,
12/25/2020,2020,12,25,2,30,0,0,-21.7,0.87,3.6,59.32,-15.6,989,,,,,,,,,,,,,,,,,,,,,,,,,,,,,,,,,
12/25/2020,2020,12,25,3,30,0,0,-21.8,0.87,3.3,58.77,-15.6,989,,,,,,,,,,,,,,,,,,,,,,,,,,,,,,,,,
12/25/2020,2020,12,25,4,30,0,0,-21.9,0.87,3.1,57.74,-15.5,989,,,,,,,,,,,,,,,,,,,,,,,,,,,,,,,,,
12/25/2020,2020,12,25,5,30,0,0,-21.9,0.87,2.8,56.83,-15.3,989,,,,,,,,,,,,,,,,,,,,,,,,,,,,,,,,,
12/25/2020,2020,12,25,6,30,0,0,-21.8,0.87,2.4,56.39,-15.1,989,,,,,,,,,,,,,,,,,,,,,,,,,,,,,,,,,
12/25/2020,2020,12,25,7,30,0,0,-21.7,0.87,2.3,54.4,-14.5,989,,,,,,,,,,,,,,,,,,,,,,,,,,,,,,,,,
12/25/2020,2020,12,25,8,30,30,580,-21.4,0.87,2.5,49.65,-13.1,988,,,,,,,,,,,,,,,,,,,,,,,,,,,,,,,,,
12/25/2020,2020,12,25,9,30,46,779,-20.9,0.87,2.9,44.45,-11.1,988,,,,,,,,,,,,,,,,,,,,,,,,,,,,,,,,,
12/25/2020,2020,12,25,10,30,62,797,-19.8,0.87,3.4,40.79,-8.9,988,,,,,,,,,,,,,,,,,,,,,,,,,,,,,,,,,
12/25/2020,2020,12,25,11,30,64,797,-18.4,0.87,3.9,38.46,-6.6,987,,,,,,,,,,,,,,,,,,,,,,,,,,,,,,,,,
12/25/2020,2020,12,25,12,30,64,845,-16.7,0.87,4.3,37.79,-4.4,985,,,,,,,,,,,,,,,,,,,,,,,,,,,,,,,,,
12/25/2020,2020,12,25,13,30,67,873,-14.5,0.87,4.5,40.12,-2.8,984,,,,,,,,,,,,,,,,,,,,,,,,,,,,,,,,,
12/25/2020,2020,12,25,14,30,59,808,-12.1,0.87,4.7,45.19,-1.8,984,,,,,,,,,,,,,,,,,,,,,,,,,,,,,,,,,
12/25/2020,2020,12,25,15,30,44,676,-10,0.87,4.1,54.55,-2.1,983,,,,,,,,,,,,,,,,,,,,,,,,,,,,,,,,,
12/25/2020,2020,12,25,16,30,19,298,-8.5,0.87,3.2,67.41,-3.3,983,,,,,,,,,,,,,,,,,,,,,,,,,,,,,,,,,
12/25/2020,2020,12,25,17,30,0,0,-7.8,0.87,3.1,73.97,-3.8,983,,,,,,,,,,,,,,,,,,,,,,,,,,,,,,,,,
12/25/2020,2020,12,25,18,30,0,0,-7.2,0.16,3.4,80.05,-4.3,983,,,,,,,,,,,,,,,,,,,,,,,,,,,,,,,,,
12/25/2020,2020,12,25,19,30,0,0,-6.7,0.16,3.4,85.96,-4.7,983,,,,,,,,,,,,,,,,,,,,,,,,,,,,,,,,,
12/25/2020,2020,12,25,20,30,0,0,-6.2,0.16,3.3,91.17,-5,982,,,,,,,,,,,,,,,,,,,,,,,,,,,,,,,,,
12/25/2020,2020,12,25,21,30,0,0,-5.8,0.16,3.2,95.16,-5.1,982,,,,,,,,,,,,,,,,,,,,,,,,,,,,,,,,,
12/25/2020,2020,12,25,22,30,0,0,-5.3,0.16,3,96.8,-4.9,982,,,,,,,,,,,,,,,,,,,,,,,,,,,,,,,,,
12/25/2020,2020,12,25,23,30,0,0,-5,0.16,2.8,98.17,-4.8,982,,,,,,,,,,,,,,,,,,,,,,,,,,,,,,,,,
12/26/2020,2020,12,26,0,30,0,0,-5,0.16,2.4,98.94,-4.9,982,,,,,,,,,,,,,,,,,,,,,,,,,,,,,,,,,
12/26/2020,2020,12,26,1,30,0,0,-5.4,0.16,1.9,100,-5.4,983,,,,,,,,,,,,,,,,,,,,,,,,,,,,,,,,,
12/26/2020,2020,12,26,2,30,0,0,-5.7,0.16,1.7,99.74,-5.7,983,,,,,,,,,,,,,,,,,,,,,,,,,,,,,,,,,
12/26/2020,2020,12,26,3,30,0,0,-6.1,0.16,1.4,98.24,-5.9,983,,,,,,,,,,,,,,,,,,,,,,,,,,,,,,,,,
12/26/2020,2020,12,26,4,30,0,0,-6.5,0.16,1.1,97.21,-6.1,983,,,,,,,,,,,,,,,,,,,,,,,,,,,,,,,,,
12/26/2020,2020,12,26,5,30,0,0,-6.8,0.16,0.9,97.99,-6.5,983,,,,,,,,,,,,,,,,,,,,,,,,,,,,,,,,,
12/26/2020,2020,12,26,6,30,0,0,-7,0.16,0.8,98.87,-6.9,984,,,,,,,,,,,,,,,,,,,,,,,,,,,,,,,,,
12/26/2020,2020,12,26,7,30,0,0,-7.3,0.16,1,94.97,-6.6,984,,,,,,,,,,,,,,,,,,,,,,,,,,,,,,,,,
12/26/2020,2020,12,26,8,30,29,582,-7.3,0.16,1.6,85.67,-5.3,984,,,,,,,,,,,,,,,,,,,,,,,,,,,,,,,,,
12/26/2020,2020,12,26,9,30,57,620,-6.9,0.16,2.1,75.72,-3.2,984,,,,,,,,,,,,,,,,,,,,,,,,,,,,,,,,,
12/26/2020,2020,12,26,10,30,48,881,-6.4,0.16,2.4,65.86,-0.8,984,,,,,,,,,,,,,,,,,,,,,,,,,,,,,,,,,
12/26/2020,2020,12,26,11,30,108,606,-5.5,0.16,2.8,60.8,1.2,983,,,,,,,,,,,,,,,,,,,,,,,,,,,,,,,,,
12/26/2020,2020,12,26,12,30,55,919,-4.9,0.16,3,57.79,2.6,982,,,,,,,,,,,,,,,,,,,,,,,,,,,,,,,,,
12/26/2020,2020,12,26,13,30,87,674,-4.6,0.16,3,56.62,3.2,981,,,,,,,,,,,,,,,,,,,,,,,,,,,,,,,,,
12/26/2020,2020,12,26,14,30,108,337,-4.3,0.16,2.3,59.81,2.7,981,,,,,,,,,,,,,,,,,,,,,,,,,,,,,,,,,
12/26/2020,2020,12,26,15,30,67,249,-2.9,0.16,1.7,76.24,0.8,981,,,,,,,,,,,,,,,,,,,,,,,,,,,,,,,,,
12/26/2020,2020,12,26,16,30,18,32,-3.7,0.16,2.1,81.01,-0.9,980,,,,,,,,,,,,,,,,,,,,,,,,,,,,,,,,,
12/26/2020,2020,12,26,17,30,0,0,-4.3,0.16,2.5,80.04,-1.3,980,,,,,,,,,,,,,,,,,,,,,,,,,,,,,,,,,
12/26/2020,2020,12,26,18,30,0,0,-4.2,0.16,3.3,80.59,-1.3,979,,,,,,,,,,,,,,,,,,,,,,,,,,,,,,,,,
12/26/2020,2020,12,26,19,30,0,0,-4.1,0.16,3.3,83.03,-1.6,979,,,,,,,,,,,,,,,,,,,,,,,,,,,,,,,,,
12/26/2020,2020,12,26,20,30,0,0,-4,0.16,3.2,84.71,-1.8,979,,,,,,,,,,,,,,,,,,,,,,,,,,,,,,,,,
12/26/2020,2020,12,26,21,30,0,0,-4,0.16,3.2,86.84,-2.1,978,,,,,,,,,,,,,,,,,,,,,,,,,,,,,,,,,
12/26/2020,2020,12,26,22,30,0,0,-4,0.16,3.4,88.1,-2.3,977,,,,,,,,,,,,,,,,,,,,,,,,,,,,,,,,,
12/26/2020,2020,12,26,23,30,0,0,-4,0.16,3.4,89.36,-2.5,976,,,,,,,,,,,,,,,,,,,,,,,,,,,,,,,,,
12/27/2020,2020,12,27,0,30,0,0,-4,0.16,3.2,89.58,-2.5,975,,,,,,,,,,,,,,,,,,,,,,,,,,,,,,,,,
12/27/2020,2020,12,27,1,30,0,0,-3.9,0.16,2.8,91.27,-2.7,975,,,,,,,,,,,,,,,,,,,,,,,,,,,,,,,,,
12/27/2020,2020,12,27,2,30,0,0,-3.9,0.16,2.2,92.89,-2.9,974,,,,,,,,,,,,,,,,,,,,,,,,,,,,,,,,,
12/27/2020,2020,12,27,3,30,0,0,-3.9,0.16,1.8,93.89,-3.1,974,,,,,,,,,,,,,,,,,,,,,,,,,,,,,,,,,
12/27/2020,2020,12,27,4,30,0,0,-4,0.16,1.7,93.35,-3.1,974,,,,,,,,,,,,,,,,,,,,,,,,,,,,,,,,,
12/27/2020,2020,12,27,5,30,0,0,-4.1,0.16,1.8,93.71,-3.2,973,,,,,,,,,,,,,,,,,,,,,,,,,,,,,,,,,
12/27/2020,2020,12,27,6,30,0,0,-4.2,0.16,2,93.68,-3.3,973,,,,,,,,,,,,,,,,,,,,,,,,,,,,,,,,,
12/27/2020,2020,12,27,7,30,0,0,-4.3,0.16,2.3,91.13,-3.1,974,,,,,,,,,,,,,,,,,,,,,,,,,,,,,,,,,
12/27/2020,2020,12,27,8,30,22,0,-4.4,0.16,2.9,88.21,-2.7,974,,,,,,,,,,,,,,,,,,,,,,,,,,,,,,,,,
12/27/2020,2020,12,27,9,30,35,0,-4.2,0.16,3.5,84.46,-1.9,974,,,,,,,,,,,,,,,,,,,,,,,,,,,,,,,,,
12/27/2020,2020,12,27,10,30,19,0,-3.9,0.16,4.3,81.6,-1.2,975,,,,,,,,,,,,,,,,,,,,,,,,,,,,,,,,,
12/27/2020,2020,12,27,11,30,31,0,-3.7,0.16,5.1,77.88,-0.3,975,,,,,,,,,,,,,,,,,,,,,,,,,,,,,,,,,
12/27/2020,2020,12,27,12,30,96,3,-3.4,0.16,5.8,73.77,0.8,975,,,,,,,,,,,,,,,,,,,,,,,,,,,,,,,,,
12/27/2020,2020,12,27,13,30,21,0,-3,0.16,6.2,72.32,1.4,976,,,,,,,,,,,,,,,,,,,,,,,,,,,,,,,,,
12/27/2020,2020,12,27,14,30,88,20,-3,0.16,6.1,74.13,1.1,977,,,,,,,,,,,,,,,,,,,,,,,,,,,,,,,,,
12/27/2020,2020,12,27,15,30,38,2,-3.1,0.16,5.6,79.23,0.1,979,,,,,,,,,,,,,,,,,,,,,,,,,,,,,,,,,
12/27/2020,2020,12,27,16,30,12,121,-3.3,0.16,5.2,83.61,-0.9,980,,,,,,,,,,,,,,,,,,,,,,,,,,,,,,,,,
12/27/2020,2020,12,27,17,30,0,0,-4,0.16,5.1,81.97,-1.3,981,,,,,,,,,,,,,,,,,,,,,,,,,,,,,,,,,
12/27/2020,2020,12,27,18,30,0,0,-4.7,0.16,5.1,83.47,-2.3,983,,,,,,,,,,,,,,,,,,,,,,,,,,,,,,,,,
12/27/2020,2020,12,27,19,30,0,0,-5.5,0.16,4.8,84.23,-3.2,984,,,,,,,,,,,,,,,,,,,,,,,,,,,,,,,,,
12/27/2020,2020,12,27,20,30,0,0,-6.2,0.16,4.2,85.26,-4.1,985,,,,,,,,,,,,,,,,,,,,,,,,,,,,,,,,,
12/27/2020,2020,12,27,21,30,0,0,-6.7,0.16,3.9,86.26,-4.8,987,,,,,,,,,,,,,,,,,,,,,,,,,,,,,,,,,
12/27/2020,2020,12,27,22,30,0,0,-7.1,0.16,4.1,85.64,-5.1,988,,,,,,,,,,,,,,,,,,,,,,,,,,,,,,,,,
12/27/2020,2020,12,27,23,30,0,0,-7.4,0.16,4.3,84.91,-5.3,989,,,,,,,,,,,,,,,,,,,,,,,,,,,,,,,,,
12/28/2020,2020,12,28,0,30,0,0,-7.9,0.16,4.1,83.37,-5.5,990,,,,,,,,,,,,,,,,,,,,,,,,,,,,,,,,,
12/28/2020,2020,12,28,1,30,0,0,-8.4,0.16,3.8,82.47,-5.9,991,,,,,,,,,,,,,,,,,,,,,,,,,,,,,,,,,
12/28/2020,2020,12,28,2,30,0,0,-8.9,0.16,3.5,82.69,-6.4,992,,,,,,,,,,,,,,,,,,,,,,,,,,,,,,,,,
12/28/2020,2020,12,28,3,30,0,0,-9.4,0.16,3.4,83.95,-7.1,992,,,,,,,,,,,,,,,,,,,,,,,,,,,,,,,,,
12/28/2020,2020,12,28,4,30,0,0,-9.8,0.16,3.1,84.56,-7.7,993,,,,,,,,,,,,,,,,,,,,,,,,,,,,,,,,,
12/28/2020,2020,12,28,5,30,0,0,-10.3,0.16,2.7,85.89,-8.4,994,,,,,,,,,,,,,,,,,,,,,,,,,,,,,,,,,
12/28/2020,2020,12,28,6,30,0,0,-10.8,0.16,2.3,86.41,-8.9,995,,,,,,,,,,,,,,,,,,,,,,,,,,,,,,,,,
12/28/2020,2020,12,28,7,30,0,0,-11,0.16,2.7,83.12,-8.7,996,,,,,,,,,,,,,,,,,,,,,,,,,,,,,,,,,
12/28/2020,2020,12,28,8,30,32,521,-11,0.16,3.4,74.74,-7.3,997,,,,,,,,,,,,,,,,,,,,,,,,,,,,,,,,,
12/28/2020,2020,12,28,9,30,46,765,-11.1,0.16,3.4,64.98,-5.6,997,,,,,,,,,,,,,,,,,,,,,,,,,,,,,,,,,
12/28/2020,2020,12,28,10,30,49,895,-10.8,0.16,3.1,59.42,-4.1,998,,,,,,,,,,,,,,,,,,,,,,,,,,,,,,,,,
12/28/2020,2020,12,28,11,30,55,928,-10.5,0.16,2.9,55.95,-2.9,998,,,,,,,,,,,,,,,,,,,,,,,,,,,,,,,,,
12/28/2020,2020,12,28,12,30,59,928,-10.2,0.16,2.9,53.34,-2,998,,,,,,,,,,,,,,,,,,,,,,,,,,,,,,,,,
12/28/2020,2020,12,28,13,30,157,116,-10.1,0.16,2.9,52.42,-1.6,998,,,,,,,,,,,,,,,,,,,,,,,,,,,,,,,,,
12/28/2020,2020,12,28,14,30,69,0,-10,0.16,2.8,53.63,-1.8,998,,,,,,,,,,,,,,,,,,,,,,,,,,,,,,,,,
12/28/2020,2020,12,28,15,30,48,0,-10,0.16,2.2,58.11,-2.9,998,,,,,,,,,,,,,,,,,,,,,,,,,,,,,,,,,
12/28/2020,2020,12,28,16,30,9,0,-9.1,0.16,1.4,70.67,-4.6,999,,,,,,,,,,,,,,,,,,,,,,,,,,,,,,,,,
12/28/2020,2020,12,28,17,30,0,0,-9.2,0.16,1.2,75.4,-5.5,999,,,,,,,,,,,,,,,,,,,,,,,,,,,,,,,,,
12/28/2020,2020,12,28,18,30,0,0,-9.8,0.87,1.1,78.82,-6.7,1000,,,,,,,,,,,,,,,,,,,,,,,,,,,,,,,,,
12/28/2020,2020,12,28,19,30,0,0,-10.3,0.87,1,77.78,-7.1,1000,,,,,,,,,,,,,,,,,,,,,,,,,,,,,,,,,
12/28/2020,2020,12,28,20,30,0,0,-10.8,0.87,0.9,75.56,-7.2,1000,,,,,,,,,,,,,,,,,,,,,,,,,,,,,,,,,
12/28/2020,2020,12,28,21,30,0,0,-11,0.87,0.6,73.03,-7,1000,,,,,,,,,,,,,,,,,,,,,,,,,,,,,,,,,
12/28/2020,2020,12,28,22,30,0,0,-10.9,0.87,0.3,71.1,-6.5,1000,,,,,,,,,,,,,,,,,,,,,,,,,,,,,,,,,
12/28/2020,2020,12,28,23,30,0,0,-10.6,0.87,0.3,71.69,-6.3,1000,,,,,,,,,,,,,,,,,,,,,,,,,,,,,,,,,
12/29/2020,2020,12,29,0,30,0,0,-10.2,0.87,0.6,74.08,-6.3,1000,,,,,,,,,,,,,,,,,,,,,,,,,,,,,,,,,
12/29/2020,2020,12,29,1,30,0,0,-9.8,0.87,1.1,75.76,-6.2,1000,,,,,,,,,,,,,,,,,,,,,,,,,,,,,,,,,
12/29/2020,2020,12,29,2,30,0,0,-9.7,0.87,1.8,76.11,-6.2,1000,,,,,,,,,,,,,,,,,,,,,,,,,,,,,,,,,
12/29/2020,2020,12,29,3,30,0,0,-10,0.87,2.4,74.56,-6.2,999,,,,,,,,,,,,,,,,,,,,,,,,,,,,,,,,,
12/29/2020,2020,12,29,4,30,0,0,-9.9,0.87,2.9,74.47,-6.1,998,,,,,,,,,,,,,,,,,,,,,,,,,,,,,,,,,
12/29/2020,2020,12,29,5,30,0,0,-9.7,0.87,3.2,75.02,-6,998,,,,,,,,,,,,,,,,,,,,,,,,,,,,,,,,,
12/29/2020,2020,12,29,6,30,0,0,-9.5,0.87,3,75.75,-5.9,997,,,,,,,,,,,,,,,,,,,,,,,,,,,,,,,,,
12/29/2020,2020,12,29,7,30,0,0,-9.2,0.87,3.4,75.86,-5.6,997,,,,,,,,,,,,,,,,,,,,,,,,,,,,,,,,,
12/29/2020,2020,12,29,8,30,32,0,-8.9,0.87,4.9,74.21,-5,996,,,,,,,,,,,,,,,,,,,,,,,,,,,,,,,,,
12/29/2020,2020,12,29,9,30,28,0,-8.8,0.87,6.6,69.7,-4.1,995,,,,,,,,,,,,,,,,,,,,,,,,,,,,,,,,,
12/29/2020,2020,12,29,10,30,13,0,-8.5,0.87,7.2,66.31,-3.1,993,,,,,,,,,,,,,,,,,,,,,,,,,,,,,,,,,
12/29/2020,2020,12,29,11,30,22,0,-7.6,0.87,6.6,69.08,-2.7,991,,,,,,,,,,,,,,,,,,,,,,,,,,,,,,,,,
12/29/2020,2020,12,29,12,30,17,0,-6.2,0.87,6.5,75.85,-2.5,989,,,,,,,,,,,,,,,,,,,,,,,,,,,,,,,,,
12/29/2020,2020,12,29,13,30,23,0,-5.3,0.87,5.8,80.26,-2.4,988,,,,,,,,,,,,,,,,,,,,,,,,,,,,,,,,,
12/29/2020,2020,12,29,14,30,24,0,-4.6,0.87,4.6,85.74,-2.5,988,,,,,,,,,,,,,,,,,,,,,,,,,,,,,,,,,
12/29/2020,2020,12,29,15,30,46,0,-4.2,0.87,4.6,89.52,-2.7,986,,,,,,,,,,,,,,,,,,,,,,,,,,,,,,,,,
12/29/2020,2020,12,29,16,30,14,0,-4.1,0.87,4.8,91.96,-3,985,,,,,,,,,,,,,,,,,,,,,,,,,,,,,,,,,
12/29/2020,2020,12,29,17,30,0,0,-4.2,0.87,4.8,92.51,-3.2,984,,,,,,,,,,,,,,,,,,,,,,,,,,,,,,,,,
12/29/2020,2020,12,29,18,30,0,0,-4.3,0.87,4.1,92.66,-3.3,983,,,,,,,,,,,,,,,,,,,,,,,,,,,,,,,,,
12/29/2020,2020,12,29,19,30,0,0,-4.4,0.87,3.1,93.09,-3.4,982,,,,,,,,,,,,,,,,,,,,,,,,,,,,,,,,,
12/29/2020,2020,12,29,20,30,0,0,-4.4,0.87,2.3,92.44,-3.4,981,,,,,,,,,,,,,,,,,,,,,,,,,,,,,,,,,
12/29/2020,2020,12,29,21,30,0,0,-4.4,0.87,2.1,91.97,-3.3,981,,,,,,,,,,,,,,,,,,,,,,,,,,,,,,,,,
12/29/2020,2020,12,29,22,30,0,0,-4.3,0.87,2.2,92.55,-3.3,980,,,,,,,,,,,,,,,,,,,,,,,,,,,,,,,,,
12/29/2020,2020,12,29,23,30,0,0,-4.3,0.87,2.7,91.48,-3.1,981,,,,,,,,,,,,,,,,,,,,,,,,,,,,,,,,,
12/30/2020,2020,12,30,0,30,0,0,-4.1,0.87,3.1,93.2,-3.2,981,,,,,,,,,,,,,,,,,,,,,,,,,,,,,,,,,
12/30/2020,2020,12,30,1,30,0,0,-4.5,0.87,3.2,97.37,-4.1,981,,,,,,,,,,,,,,,,,,,,,,,,,,,,,,,,,
12/30/2020,2020,12,30,2,30,0,0,-5.7,0.87,3.3,94.47,-5,982,,,,,,,,,,,,,,,,,,,,,,,,,,,,,,,,,
12/30/2020,2020,12,30,3,30,0,0,-6.4,0.87,4,89.15,-4.9,982,,,,,,,,,,,,,,,,,,,,,,,,,,,,,,,,,
12/30/2020,2020,12,30,4,30,0,0,-6.1,0.87,4.5,90.26,-4.8,982,,,,,,,,,,,,,,,,,,,,,,,,,,,,,,,,,
12/30/2020,2020,12,30,5,30,0,0,-6.7,0.87,4.5,91.88,-5.6,983,,,,,,,,,,,,,,,,,,,,,,,,,,,,,,,,,
12/30/2020,2020,12,30,6,30,0,0,-7.9,0.87,4.3,91.61,-6.8,983,,,,,,,,,,,,,,,,,,,,,,,,,,,,,,,,,
12/30/2020,2020,12,30,7,30,0,0,-9.4,0.87,4.7,82.47,-6.9,984,,,,,,,,,,,,,,,,,,,,,,,,,,,,,,,,,
12/30/2020,2020,12,30,8,30,37,76,-9,0.87,5.3,77.96,-5.8,986,,,,,,,,,,,,,,,,,,,,,,,,,,,,,,,,,
12/30/2020,2020,12,30,9,30,68,516,-8.1,0.87,5.9,77.18,-4.7,987,,,,,,,,,,,,,,,,,,,,,,,,,,,,,,,,,
12/30/2020,2020,12,30,10,30,72,780,-7.7,0.87,6.8,74.67,-3.9,987,,,,,,,,,,,,,,,,,,,,,,,,,,,,,,,,,
12/30/2020,2020,12,30,11,30,66,804,-7.6,0.87,7.2,72.61,-3.4,986,,,,,,,,,,,,,,,,,,,,,,,,,,,,,,,,,
12/30/2020,2020,12,30,12,30,77,918,-7.3,0.87,7.2,71.75,-2.9,986,,,,,,,,,,,,,,,,,,,,,,,,,,,,,,,,,
12/30/2020,2020,12,30,13,30,74,888,-6.9,0.87,6.8,72.47,-2.6,986,,,,,,,,,,,,,,,,,,,,,,,,,,,,,,,,,
12/30/2020,2020,12,30,14,30,93,500,-6.4,0.87,5.8,75.53,-2.7,987,,,,,,,,,,,,,,,,,,,,,,,,,,,,,,,,,
12/30/2020,2020,12,30,15,30,76,62,-6.3,0.87,4.4,81.5,-3.6,988,,,,,,,,,,,,,,,,,,,,,,,,,,,,,,,,,
12/30/2020,2020,12,30,16,30,13,2,-7.2,0.87,3,88.68,-5.6,989,,,,,,,,,,,,,,,,,,,,,,,,,,,,,,,,,
12/30/2020,2020,12,30,17,30,0,0,-9.2,0.87,2.5,83.75,-6.9,989,,,,,,,,,,,,,,,,,,,,,,,,,,,,,,,,,
12/30/2020,2020,12,30,18,30,0,0,-10.6,0.87,2.3,91.01,-9.4,990,,,,,,,,,,,,,,,,,,,,,,,,,,,,,,,,,
12/30/2020,2020,12,30,19,30,0,0,-11.6,0.87,2.2,92.94,-10.7,990,,,,,,,,,,,,,,,,,,,,,,,,,,,,,,,,,
12/30/2020,2020,12,30,20,30,0,0,-12.4,0.87,2.2,94.07,-11.6,990,,,,,,,,,,,,,,,,,,,,,,,,,,,,,,,,,
12/30/2020,2020,12,30,21,30,0,0,-12.7,0.87,2.2,95.93,-12.2,990,,,,,,,,,,,,,,,,,,,,,,,,,,,,,,,,,
12/30/2020,2020,12,30,22,30,0,0,-12.8,0.87,2.1,96.66,-12.4,990,,,,,,,,,,,,,,,,,,,,,,,,,,,,,,,,,
12/30/2020,2020,12,30,23,30,0,0,-12.8,0.87,2.1,96.6,-12.4,990,,,,,,,,,,,,,,,,,,,,,,,,,,,,,,,,,
12/31/2020,2020,12,31,0,30,0,0,-12.6,0.87,1.8,93.78,-11.8,991,,,,,,,,,,,,,,,,,,,,,,,,,,,,,,,,,
12/31/2020,2020,12,31,1,30,0,0,-12.1,0.87,1.7,93.01,-11.2,991,,,,,,,,,,,,,,,,,,,,,,,,,,,,,,,,,
12/31/2020,2020,12,31,2,30,0,0,-11.9,0.87,1.6,91.33,-10.8,992,,,,,,,,,,,,,,,,,,,,,,,,,,,,,,,,,
12/31/2020,2020,12,31,3,30,0,0,-11.8,0.87,1.5,89.63,-10.4,992,,,,,,,,,,,,,,,,,,,,,,,,,,,,,,,,,
12/31/2020,2020,12,31,4,30,0,0,-11.4,0.87,1.2,91.3,-10.3,991,,,,,,,,,,,,,,,,,,,,,,,,,,,,,,,,,
12/31/2020,2020,12,31,5,30,0,0,-11.3,0.87,0.8,91.82,-10.2,991,,,,,,,,,,,,,,,,,,,,,,,,,,,,,,,,,
12/31/2020,2020,12,31,6,30,0,0,-10.9,0.87,0.6,94.49,-10.2,991,,,,,,,,,,,,,,,,,,,,,,,,,,,,,,,,,
12/31/2020,2020,12,31,7,30,0,0,-11,0.87,1.1,97.37,-10.7,991,,,,,,,,,,,,,,,,,,,,,,,,,,,,,,,,,
12/31/2020,2020,12,31,8,30,34,576,-11.9,0.87,1.8,87,-10.1,992,,,,,,,,,,,,,,,,,,,,,,,,,,,,,,,,,
12/31/2020,2020,12,31,9,30,100,137,-10.7,0.87,2.6,79.4,-7.8,993,,,,,,,,,,,,,,,,,,,,,,,,,,,,,,,,,
12/31/2020,2020,12,31,10,30,142,141,-8.5,0.87,3.4,80.52,-5.7,993,,,,,,,,,,,,,,,,,,,,,,,,,,,,,,,,,
12/31/2020,2020,12,31,11,30,163,306,-7.5,0.87,3.8,79.44,-4.5,993,,,,,,,,,,,,,,,,,,,,,,,,,,,,,,,,,
12/31/2020,2020,12,31,12,30,73,918,-6.8,0.87,3.8,78.9,-3.7,992,,,,,,,,,,,,,,,,,,,,,,,,,,,,,,,,,
12/31/2020,2020,12,31,13,30,69,900,-6.4,0.87,3,78.69,-3.2,992,,,,,,,,,,,,,,,,,,,,,,,,,,,,,,,,,
12/31/2020,2020,12,31,14,30,59,846,-6.2,0.87,1.7,80.8,-3.4,992,,,,,,,,,,,,,,,,,,,,,,,,,,,,,,,,,
12/31/2020,2020,12,31,15,30,70,256,-6.3,0.87,1,89.53,-4.8,992,,,,,,,,,,,,,,,,,,,,,,,,,,,,,,,,,
12/31/2020,2020,12,31,16,30,22,77,-8.3,0.87,1.4,94.89,-7.6,992,,,,,,,,,,,,,,,,,,,,,,,,,,,,,,,,,
12/31/2020,2020,12,31,17,30,0,0,-10.5,0.87,1.8,90.22,-9.2,992,,,,,,,,,,,,,,,,,,,,,,,,,,,,,,,,,
12/31/2020,2020,12,31,18,30,0,0,-5.5,0.87,2.3,86.4,-3.6,981,,,,,,,,,,,,,,,,,,,,,,,,,,,,,,,,,
12/31/2020,2020,12,31,19,30,0,0,-6,0.87,2.2,87.96,-4.3,981,,,,,,,,,,,,,,,,,,,,,,,,,,,,,,,,,
12/31/2020,2020,12,31,20,30,0,0,-6.2,0.87,2.2,89.58,-4.8,981,,,,,,,,,,,,,,,,,,,,,,,,,,,,,,,,,
12/31/2020,2020,12,31,21,30,0,0,-6.4,0.87,2.2,91.3,-5.2,980,,,,,,,,,,,,,,,,,,,,,,,,,,,,,,,,,
12/31/2020,2020,12,31,22,30,0,0,-6.4,0.87,2.3,93.52,-5.5,980,,,,,,,,,,,,,,,,,,,,,,,,,,,,,,,,,
12/31/2020,2020,12,31,23,30,0,0,-6.2,0.87,2.5,95.42,-5.6,979,,,,,,,,,,,,,,,,,,,,,,,,,,,,,,,,,
