time/d;R1;R2;;;;;;time/s;?t/s;<R1>/C;<R2>/C;;time/s;<R1>/mol e-;<R2>/mol e-;R1 mmol e-;R2 mmol e-;;;;;
0,090287255;13,13131486;12,75240109;;;Electrode surface;0,0047;m2;7800,818852;7800,818852;481,4445398;467,552103;;600,0001848;0,004989838;0,004845853;4,989838212;4,845852754;;;;;
0,097231702;11,95969529;11,72318846;;;Faraday constant;96485;C/mol e-;8400,819044;600,0001927;33,72635154;33,05940207;;8400,819044;0,005339388;0,00518849;5,339388417;5,188490491;;;;;
0,104176149;11,51721918;11,09331479;;;;600,0001848;;9000,819237;600,0001927;32,47856851;31,28315776;;9000,819237;0,005676006;0,005512719;5,676006218;5,51271869;;;;;
0,111120595;11,43911132;11,00258504;;;;;;9600,81943;600,0001927;32,25830427;31,02729977;;9600,81943;0,006010341;0,005834295;6,010341133;5,834295099;;;;;
0,118065042;11,40562615;11,00539556;;;;;;10200,81962;600,0001927;32,16387606;31,03522545;;10200,81962;0,006343697;0,006155954;6,343697365;6,155953651;;;;;
0,125009489;11,33573814;10,95612612;;;;;;10800,81982;600,0001927;31,96679182;30,89628559;;10800,81982;0,006675011;0,006476172;6,675010956;6,476172189;;;;;
0,131953935;11,3140389;10,92864694;;;;;;11400,82001;600,0001927;31,90559994;30,81879427;;11400,82001;0,00700569;0,006795588;7,005690335;6,795587583;;;;;
0,138898382;11,2743645;10,83645798;;;;;;12000,8202;600,0001927;31,7937181;30,55882133;;12000,8202;0,00733521;0,007112309;7,335210137;7,112308537;;;;;
0,145842829;11,20726607;10,77089548;;;;;;12600,82039;600,0001927;31,60450047;30,37393502;;12600,82039;0,007662769;0,007427113;7,66276883;7,427113274;;;;;
0,152787275;11,13814712;10,7506828;;;;;;13200,82059;600,0001927;31,40958497;30,31693523;;13200,82059;0,007988307;0,007741327;7,988307359;7,741327248;;;;;
0,159731722;11,09706514;10,71898073;;;;;;13800,82078;600,0001927;31,29373376;30,22753536;;13800,82078;0,008312645;0,008054615;8,312645171;8,054614653;;;;;
0,166676169;11,03031688;10,64685684;;;;;;14400,82097;600,0001927;31,1055036;30,02414594;;14400,82097;0,008635032;0,008365794;8,635032108;8,365794069;;;;;
0,173620615;10,96830405;10,6228219;;;;;;15000,82116;600,0001927;30,93062736;29,95636738;;15000,82116;0,008955607;0,008676271;8,955606574;8,676271008;;;;;
0,180565062;10,90137208;10,52986107;;;;;;15600,82136;600,0001927;30,74187914;29,69421775;;15600,82136;0,009274225;0,008984031;9,274224796;8,984030947;;;;;
0,187509509;10,82206512;10,49421254;;;;;;16200,82155;600,0001927;30,51823345;29,59368886;;16200,82155;0,009590525;0,009290749;9,590525085;9,290748974;;;;;
0,194453955;10,71621222;10,46190804;;;;;;16800,82174;600,0001927;30,21972816;29,50259015;;16800,82174;0,009903732;0,009596523;9,903731575;9,596522827;;;;;
0,201398402;10,59115535;10,40582329;;;;;;17400,82194;600,0001927;29,86706769;29,34443112;;17400,82194;0,010213283;0,009900657;10,21328298;9,90065747;;;;;
0,208342849;10,49157021;10,2960184;;;;;;18000,82213;600,0001927;29,58623748;29,03478122;;18000,82213;0,010519924;0,010201583;10,51992378;10,20158281;;;;;
0,215287295;10,31371938;10,24609162;;;;;;18600,82232;600,0001927;29,08469799;28,89398765;;18600,82232;0,010821366;0,010501049;10,82136647;10,50104892;;;;;
0,222231742;10,21093014;10,23460553;;;;;;19200,82251;600,0001927;28,79483225;28,86159686;;19200,82251;0,011119805;0,010800179;11,11980491;10,80017932;;;;;
0,229176189;10,1235236;10,21568267;;;;;;19800,82271;600,0001927;28,54834571;28,80823437;;19800,82271;0,011415689;0,011098757;11,41568868;11,09875666;;;;;
0,236120635;10,05757738;10,13579783;;;;;;20400,8229;600,0001927;28,36237733;28,58295905;;20400,8229;0,011709645;0,011394999;11,70964502;11,39499917;;;;;
0,243065082;9,988984652;10,04783759;;;;;;21000,82309;600,0001927;28,16894577;28,33491112;;21000,82309;0,012001597;0,011688671;12,00159657;11,68867084;;;;;
0,250009529;9,932013517;9,966748493;;;;;;21600,82328;600,0001927;28,00828711;28,10623978;;21600,82328;0,012291883;0,011979972;12,29188301;11,97997249;;;;;
0,256953975;9,858752958;9,936098339;;;;;;22200,82348;600,0001927;27,80169227;28,01980632;;22200,82348;0,012580028;0,012270378;12,58002824;12,27037832;;;;;
0,263898422;9,773966979;9,863722976;;;;;;22800,82367;600,0001927;27,56259573;27,81570773;;22800,82367;0,012865695;0,012558669;12,8656954;12,55866881;;;;;
0,270842869;9,701952091;9,759777665;;;;;;23400,82386;600,0001927;27,35951368;27,52258186;;23400,82386;0,013149258;0,012843921;13,14925775;12,84392125;;;;;
0,277787315;9,630790413;9,742478733;;;;;;24000,82406;600,0001927;27,15883769;27,47379885;;24000,82406;0,01343074;0,013128668;13,43074024;13,12866809;;;;;
0,284731762;9,546793304;9,67059331;;;;;;24600,82425;600,0001927;26,92196577;27,27108189;;24600,82425;0,013709768;0,013411314;13,70976771;13,41131391;;;;;
0,291676209;9,459323397;9,558196621;;;;;;25200,82444;600,0001927;26,67530055;26,95412313;;25200,82444;0,013986239;0,013690675;13,98623867;13,69067467;;;;;
0,298620655;9,372193423;9,443256764;;;;;;25800,82463;600,0001927;26,42959394;26,62999263;;25800,82463;0,014260163;0,013966676;14,26016305;13,96667605;;;;;
0,305565102;9,296741694;9,341728511;;;;;;26400,82483;600,0001927;26,21682;26,34368286;;26400,82483;0,014531882;0,01423971;14,53188218;14,23971002;;;;;
0,312509549;9,202834679;9,242536479;;;;;;27000,82502;600,0001927;25,95200213;26,06396124;;27000,82502;0,014800857;0,014509845;14,80085665;14,50984487;;;;;
0,319453996;9,100220718;9,13127078;;;;;;27600,82521;600,0001927;25,66263067;25,75019187;;27600,82521;0,015066832;0,014776728;15,06683199;14,77672772;;;;;
0,326398442;8,990685092;9,027558731;;;;;;28200,8254;600,0001927;25,3537401;25,4577238;;28200,8254;0,015329606;0,015040579;15,3296059;15,04057935;;;;;
0,333342889;8,889409346;8,905189723;;;;;;28800,8256;600,0001927;25,06814241;25,11264308;;28800,8256;0,01558942;0,015300854;15,58941978;15,30085445;;;;;
0,340287336;8,783071721;8,786575509;;;;;;29400,82579;600,0001927;24,76827021;24,77815089;;29400,82579;0,015846126;0,015557663;15,84612569;15,55766277;;;;;
0,347231782;8,653620351;8,67707228;;;;;;30000,82598;600,0001927;24,40321723;24,46935169;;30000,82598;0,016099048;0,015811271;16,09904809;15,8112706;;;;;
0,354176229;8,536462865;8,560090999;;;;;;30600,82618;600,0001927;24,07283301;24,13946437;;30600,82618;0,016348546;0,016061459;16,34854628;16,06145938;;;;;
0,361120676;8,398129721;8,455920943;;;;;;31200,82637;600,0001927;23,68273342;23,84570472;;31200,82637;0,016594001;0,016308604;16,59400136;16,30860354;;;;;
0,368065122;8,268459971;8,292676729;;;;;;31800,82656;600,0001927;23,31706461;23,38535589;;31800,82656;0,016835667;0,016550977;16,83566654;16,55097651;;;;;
0,375009569;8,136595908;8,207599348;;;;;;32400,82675;600,0001927;22,94520783;23,1454376;;32400,82675;0,017073478;0,016790863;17,07347768;16,7908629;;;;;
0,381954016;7,994126464;8,081408595;;;;;;33000,82695;600,000196;22,54344399;22,78957968;;33000,82695;0,017307125;0,017027061;17,30712481;17,02706106;;;;;
0,38889846;7,854362481;7,931260426;;;;;;33600,82695;600,0000011;22,14930224;22,36615444;;33600,82695;0,017536687;0,017258871;17,53668694;17,25887071;;;;;
0,395842905;7,708844544;7,80788815;;;;;;34200,82695;600,0000011;21,73894165;22,01824462;;34200,82695;0,017761996;0,017487075;17,76199597;17,48707452;;;;;
0,402787349;7,572985623;7,68472258;;;;;;34800,82695;600,0000011;21,3558195;21,67091771;;34800,82695;0,017983334;0,017711679;17,98333421;17,71167853;;;;;
0,409731793;7,434187502;7,566758654;;;;;;35400,82695;600,0000011;20,96440879;21,33825944;;35400,82695;0,018200616;0,017932835;18,20061574;17,93283477;;;;;
0,416676238;7,282283333;7,439355159;;;;;;36000,82696;600,0000011;20,53603904;20,97898159;;36000,82696;0,018413458;0,018150267;18,41345752;18,15026734;;;;;
0,423620682;7,147385068;7,311916507;;;;;;36600,82696;600,0000011;20,15562593;20,61960459;;36600,82696;0,018622357;0,018363975;18,62235658;18,36397521;;;;;
0,430565127;7,008724523;7,19209757;;;;;;37200,82696;600,0000011;19,76460319;20,28171519;;37200,82696;0,018827203;0,018574181;18,82720296;18,5741811;;;;;
0,437509571;6,877929065;7,075463459;;;;;;37800,82696;600,0000011;19,39576;19,95280699;;37800,82696;0,019028227;0,018780978;19,02822654;18,78097809;;;;;
0,444454016;6,741928832;6,953867982;;;;;;38400,82696;600,0000011;19,01223934;19,60990775;;38400,82696;0,019225275;0,018984221;19,2252752;18,98422116;;;;;
0,45139846;6,604560484;6,824441416;;;;;;39000,82696;600,0000011;18,6248606;19,24492483;;39000,82696;0,019418309;0,019183681;19,41830894;19,18368144;;;;;
0,458342905;6,481107772;6,677375717;;;;;;39600,82696;600,0000011;18,27672395;18,83019956;;39600,82696;0,019607734;0,019378843;19,60773449;19,37884337;;;;;
0,465287349;6,354236712;6,549215948;;;;;;40200,82696;600,0000011;17,91894756;18,46878901;;40200,82696;0,019793452;0,01957026;19,79345193;19,57025954;;;;;
0,472231794;6,250418643;6,423798092;;;;;;40800,82696;600,0000011;17,62618061;18,11511065;;40800,82696;0,019976135;0,01975801;19,97613505;19,75801008;;;;;
0,479176238;6,153658152;6,29721065;;;;;;41400,82697;600,0000011;17,35331602;17,75813407;;41400,82697;0,02015599;0,019942061;20,15599011;19,9420608;;;;;
0,486120682;6,056321993;6,171383686;;;;;;42000,82697;600,0000011;17,07882805;17,40330203;;42000,82697;0,020333;0,020122434;20,3330003;20,12243394;;;;;
0,493065127;5,962938005;6,04118189;;;;;;42600,82697;600,0000011;16,8154852;17,03613296;;42600,82697;0,020507281;0,020299002;20,50728112;20,29900162;;;;;
0,500009571;5,873465873;5,912007952;;;;;;43200,82697;600,0000011;16,56317379;16,67186246;;43200,82697;0,020678947;0,020471794;20,67894691;20,4717939;;;;;
0,506954016;5,787377952;5,79266074;;;;;;43800,82697;600,0000011;16,32040585;16,33530332;;43800,82697;0,020848097;0,020641098;20,84809658;20,64109797;;;;;
0,51389846;5,700274682;5,683797312;;;;;;44400,82697;600,0000011;16,07477463;16,02830845;;44400,82697;0,0210147;0,02080722;21,01470046;20,80722025;;;;;
0,520842905;5,614706664;5,585731378;;;;;;45000,82697;600,0000011;15,83347282;15,75176251;;45000,82697;0,021178803;0,020970476;21,1788034;20,97047633;;;;;
0,527787349;5,531014998;5,486969335;;;;;;45600,82697;600,0000011;15,59746232;15,47325355;;45600,82697;0,02134046;0,021130846;21,34046027;21,13084585;;;;;
0,534731794;5,444593053;5,394171274;;;;;;46200,82697;600,0000011;15,35375244;15,21156302;;46200,82697;0,021499591;0,021288503;21,49959124;21,28850313;;;;;
0,541676238;5,361722437;5,323737471;;;;;;46800,82698;600,0000011;15,1200573;15,0129397;;46800,82698;0,0216563;0,021444102;21,65630013;21,44410183;;;;;
0,548620683;5,270030675;5,24979305;;;;;;47400,82698;600,0000011;14,86148653;14,80441643;;47400,82698;0,021810329;0,021597539;21,81032912;21,59753932;;;;;
0,555565127;5,191465979;5,167516484;;;;;;48000,82698;600,0000011;14,63993409;14,57239651;;48000,82698;0,021962062;0,021748572;21,96206187;21,74857208;;;;;
0,562509572;5,111747799;5,093424876;;;;;;48600,82698;600,0000011;14,41512882;14,36345818;;48600,82698;0,022111465;0,021897439;22,11146466;21,89743935;;;;;
0,569454016;5,030786792;5,012052194;;;;;;49200,82698;600,0000011;14,18681878;14,13398721;;49200,82698;0,022258501;0,022043928;22,25850118;22,04392831;;;;;
0,57639846;4,957894071;4,940880719;;;;;;49800,82698;600,0000011;13,98126131;13,93328365;;49800,82698;0,022403407;0,022188337;22,40340724;22,18833712;;;;;
0,583342905;4,881510846;4,869172211;;;;;;50400,82698;600,0000011;13,76586061;13,73106566;;50400,82698;0,022546081;0,02233065;22,54608083;22,33065007;;;;;
0,590287349;4,8020327;4,802911345;;;;;;51000,82698;600,0000011;13,54173224;13,54421002;;51000,82698;0,022686431;0,022471026;22,68643147;22,4710264;;;;;
0,597231794;4,723905478;4,743688929;;;;;;51600,82698;600,0000011;13,32141347;13,3772028;;51600,82698;0,022824499;0,022609672;22,82449867;22,60967182;;;;;
0,604176238;4,657686022;4,675441818;;;;;;52200,82699;600,0000011;13,13467461;13,18474595;;52200,82699;0,02296063;0,022746323;22,96063045;22,74632255;;;;;
0,611120683;4,591999029;4,608895643;;;;;;52800,82699;600,0000011;12,94943729;12,99708574;;52800,82699;0,023094842;0,022881028;23,09484237;22,88102831;;;;;
0,618065127;4,522318264;4,546374504;;;;;;53400,82699;600,0000011;12,75293753;12,82077613;;53400,82699;0,023227018;0,023013907;23,22701771;23,01390675;;;;;
0,625009572;4,452099329;4,477578285;;;;;;54000,82699;600,0000011;12,55492013;12,62677079;;54000,82699;0,023357141;0,023144774;23,35714074;23,14477446;;;;;
0,631954016;4,385243468;4,410068349;;;;;;54600,82699;600,0000011;12,3663866;12,43639277;;54600,82699;0,02348531;0,023273669;23,48530974;23,27366903;;;;;
0,638898461;4,319571599;4,341243826;;;;;;55200,82699;600,0000011;12,18119193;12,24230761;;55200,82699;0,023611559;0,023400552;23,61155933;23,40055205;;;;;
0,645842905;4,256880115;4,280226116;;;;;;55800,82699;600,0000011;12,00440195;12,07023767;;55800,82699;0,023735977;0,023525652;23,73597662;23,52565167;;;;;
0,652787349;4,188030567;4,224826311;;;;;;56400,82699;600,0000011;11,81024622;11,91401022;;56400,82699;0,023858382;0,023649132;23,85838162;23,64913211;;;;;
0,659731794;4,125338901;4,163890907;;;;;;57000,82699;600,0000011;11,63345572;11,74217238;;57000,82699;0,023978954;0,023770832;23,97895431;23,77083157;;;;;
0,666676238;4,060324755;4,110214399;;;;;;57600,827;600,0000011;11,45011583;11,59080463;;57600,827;0,024097627;0,023890962;24,0976268;23,89096221;;;;;
0,673620683;3,99975051;4,049567561;;;;;;58200,827;600,0000011;11,27929646;11,41978054;;58200,827;0,024214529;0,02400932;24,21452888;24,0093203;;;;;
0,680565127;3,938436994;3,988314545;;;;;;58800,827;600,0000011;11,10639235;11,24704704;;58800,827;0,024329639;0,024125888;24,32963892;24,12588813;;;;;
0,687509572;3,873423556;3,928029299;;;;;;59400,827;600,0000011;10,92305445;11,07704265;;59400,827;0,024442849;0,024240694;24,44284879;24,24069399;;;;;
0,694454016;3,813922145;3,880894802;;;;;;60000,827;600,0000011;10,75526047;10,94412336;;60000,827;0,02455432;0,024354122;24,55431959;24,35412222;;;;;
0,701398461;3,756223645;3,825165294;;;;;;60600,827;600,0000011;10,5925507;10,78696615;;60600,827;0,024664104;0,024465922;24,66410402;24,46592163;;;;;
0,708342905;3,700322028;3,774290842;;;;;;61200,827;600,0000011;10,43490814;10,64350019;;61200,827;0,024772255;0,024576234;24,7722546;24,57623412;;;;;
0,71528735;3,64665325;3,722079044;;;;;;61800,827;600,0000011;10,28356218;10,49626292;;61800,827;0,024878837;0,024685021;24,87883657;24,68502059;;;;;
0,722231794;3,591984086;3,668809414;;;;;;62400,827;600,0000011;10,12939514;10,34604257;;62400,827;0,024983821;0,02479225;24,98382072;24,79225014;;;;;
0,729176238;3,539673;3,622753195;;;;;;63000,82701;600,0000011;9,981877878;10,21616403;;63000,82701;0,025087276;0,024898134;25,08727595;24,89813358;;;;;
0,736120683;3,486487098;3,569834107;;;;;;63600,82701;600,0000011;9,831893634;10,0669322;;63600,82701;0,025189177;0,02500247;25,1891767;25,00247034;;;;;
0,743065127;3,43565506;3,515362313;;;;;;64200,82701;600,0000011;9,688547289;9,91332174;;64200,82701;0,025289592;0,025105215;25,28959176;25,10521503;;;;;
0,750009572;3,385092425;3,466917976;;;;;;64800,82701;600,0000011;9,545960656;9,776708711;;64800,82701;0,025388529;0,025206544;25,38852901;25,20654383;;;;;
0,756954016;3,330812392;3,419001911;;;;;;65400,82701;600,0000011;9,392890962;9,641585406;;65400,82701;0,02548588;0,025306472;25,4858798;25,30647216;;;;;
0,763898462;3,280875735;3,372169798;;;;;;66000,8271;600,0000903;9,252070965;9,509520261;;66000,8271;0,025581771;0,025405032;25,58177109;25,40503173;;;;;
0,770842907;3,232560572;3,321698081;;;;;;66600,82716;600,0000581;9,115821695;9,367189495;;66600,82716;0,02567625;0,025502116;25,67625025;25,50211614;;;;;
0,777787352;3,184701759;3,282786835;;;;;;67200,82722;600,000058;8,98085983;9,257459772;;67200,82722;0,025769331;0,025598063;25,76933062;25,59806328;;;;;
0,784731797;3,13487817;3,240382386;;;;;;67800,82727;600,0000581;8,840357295;9,137879213;;67800,82727;0,025860955;0,025692771;25,86095478;25,69277105;;;;;
0,791676242;3,089321835;3,197880183;;;;;;68400,82733;600,0000581;8,711888419;9,018022988;;68400,82733;0,025951247;0,025786237;25,95124745;25,7862366;;;;;
0,798620687;3,041461153;3,155894395;;;;;;69000,82739;600,000058;8,576921282;8,899623055;;69000,82739;0,026040141;0,025878475;26,04014129;25,87847501;;;;;
0,805565133;2,994032439;3,115913093;;;;;;69600,82745;600,0000581;8,443172297;8,786875774;;69600,82745;0,026127649;0,025969545;26,1276489;25,96954487;;;;;
0,812509578;2,952248402;3,073596461;;;;;;70200,82751;600,0000581;8,3253413;8,667542858;;70200,82751;0,026213935;0,026059378;26,21393528;26,05937793;;;;;
0,819454023;2,908029125;3,035443816;;;;;;70800,82757;600,0000581;8,200642925;8,559952389;;70800,82757;0,026298929;0,026148096;26,29892925;26,14809589;;;;;
0,826398468;2,864794115;2,994621238;;;;;;71400,82762;600,0000581;8,078720186;8,44483271;;71400,82762;0,02638266;0,026235621;26,38265957;26,23562072;;;;;
0,833342913;2,824673163;2,961755769;;;;;;72000,82768;600,0000581;7,965579091;8,352152076;;72000,82768;0,026465217;0,026322185;26,46521726;26,32218497;;;;;
0,840287358;2,784957584;2,926118283;;;;;;72600,82774;600,0000581;7,853581146;8,251654356;;72600,82774;0,026546614;0,026407708;26,54661418;26,40770764;;;;;
0,847231803;2,748276072;2,887759611;;;;;;73200,8278;600,0000581;7,750139273;8,143482891;;73200,8278;0,026626939;0,026492109;26,62693899;26,49210918;;;;;
0,854176248;2,710948161;2,850902967;;;;;;73800,82786;600,000058;7,644874555;8,039547146;;73800,82786;0,026706173;0,026575434;26,7061728;26,5754335;;;;;
0,861120693;2,675492975;2,816848251;;;;;;74400,82791;600,0000581;7,544890919;7,943512835;;74400,82791;0,02678437;0,026657762;26,78437035;26,65776249;;;;;
0,868065139;2,638262562;2,77931936;;;;;;75000,82797;600,0000581;7,439901145;7,837681353;;75000,82797;0,02686148;0,026738995;26,86147976;26,73899462;;;;;
0,875009584;2,601740196;2,746551101;;;;;;75600,82803;600,000058;7,336908062;7,745274853;;75600,82803;0,026937522;0,026819269;26,93752172;26,81926901;;;;;
0,881954029;2,565592929;2,708270335;;;;;;76200,82809;600,0000581;7,23497276;7,637323084;;76200,82809;0,027012507;0,026898425;27,01250718;26,89842456;;;;;
0,888898474;2,52957928;2,672829201;;;;;;76800,82815;600,0000581;7,133414261;7,537379078;;76800,82815;0,02708644;0,026976544;27,08644007;26,97654426;;;;;
0,895842919;2,494960646;2,63904502;;;;;;77400,8282;600,000058;7,035789702;7,442107677;;77400,8282;0,027159361;0,027053677;27,15936114;27,05367653;;;;;
0,902787364;2,462835905;2,605494529;;;;;;78000,82826;600,0000581;6,945197925;7,347495282;;78000,82826;0,027231343;0,027129828;27,23134329;27,12982822;;;;;
0,909731809;2,430448121;2,573902767;;;;;;78600,82832;600,0000581;6,853864364;7,258406505;;78600,82832;0,027302379;0,027205057;27,30237883;27,20505656;;;;;
0,916676254;2,398091736;2,545884388;;;;;;79200,82838;600,000058;6,762619349;7,179394669;;79200,82838;0,027372469;0,027279466;27,37246869;27,279466;;;;;
0,923620699;2,368413875;2,520154464;;;;;;79800,82844;600,0000581;6,678927775;7,106836278;;79800,82844;0,027441691;0,027353123;27,44169113;27,35312342;;;;;
0,930565145;2,338762062;2,486994451;;;;;;80400,82849;600,0000581;6,595309652;7,01332503;;80400,82849;0,027510047;0,027425812;27,51004694;27,42581166;;;;;
0,93750959;2,308743672;2,456388712;;;;;;81000,82855;600,0000581;6,510657784;6,927016837;;81000,82855;0,027577525;0,027497605;27,57752538;27,49760538;;;;;
0,944454035;2,281022285;2,430216143;;;;;;81600,82861;600,0000581;6,432483467;6,853210186;;81600,82861;0,027644194;0,027568634;27,6441936;27,56863414;;;;;
0,95139848;2,251797318;2,401655539;;;;;;82200,82867;600,0000581;6,350069051;6,772669275;;82200,82867;0,027710008;0,027638828;27,71000766;27,63882815;;;;;
0,958342925;2,224061616;2,374173668;;;;;;82800,82873;600,0000581;6,271854364;6,695170392;;82800,82873;0,027775011;0,027708219;27,77501107;27,70821894;;;;;
0,96528737;2,196674125;2,344151473;;;;;;83400,82878;600,0000581;6,194621634;6,610507795;;83400,82878;0,027839214;0,027776732;27,83921402;27,77673227;;;;;
0,972231815;2,168515761;2,321726516;;;;;;84000,82884;600,000058;6,115215037;6,547269409;;84000,82884;0,027902594;0,02784459;27,90259398;27,84459016;;;;;
0,97917626;2,141073829;2,292126157;;;;;;84600,8289;600,0000581;6,037828782;6,463796388;;84600,8289;0,027965172;0,027911583;27,96517188;27,91158292;;;;;
0,986120706;2,114634619;2,266470093;;;;;;85200,82896;600,0000581;5,963270202;6,391446282;;85200,82896;0,028026977;0,027977826;28,02697703;27,97782582;;;;;
0,993065151;2,088743114;2,242802705;;;;;;85800,82902;600,000058;5,890256152;6,32470424;;85800,82902;0,028088025;0,028043377;28,08802544;28,04337699;;;;;
1,000009596;2,06208835;2,217274436;;;;;;86400,82908;600,0000581;5,815089711;6,252714516;;86400,82908;0,028148295;0,028108182;28,14829481;28,10818203;;;;;
1,006954041;2,03784591;2,19187423;;;;;;87000,82913;600,0000581;5,746726022;6,181085926;;87000,82913;0,028207856;0,028172245;28,20785563;28,17224469;;;;;
1,013898486;2,012454657;2,170064348;;;;;;87600,82919;600,000058;5,675122681;6,119582053;;87600,82919;0,028266674;0,02823567;28,26667434;28,23566991;;;;;
1,020842931;1,988711614;2,142250969;;;;;;88200,82925;600,0000581;5,608167295;6,041148318;;88200,82925;0,028324799;0,028298282;28,3247991;28,29828222;;;;;
1,027787376;1,965744934;2,121441333;;;;;;88800,82931;600,0000581;5,543401249;5,982465137;;88800,82931;0,028382253;0,028360286;28,3822526;28,36028631;;;;;
1,034731821;1,941853696;2,098706043;;;;;;89400,82937;600,000058;5,476027952;5,918351614;;89400,82937;0,028439008;0,028421626;28,43900782;28,42162592;;;;;
1,041676266;1,918578729;2,074952947;;;;;;90000,82942;600,0000581;5,410392539;5,851367878;;90000,82942;0,028495083;0,028482271;28,49508278;28,48227128;;;;;
1,048620712;1,897161239;2,05026798;;;;;;90600,82948;600,0000581;5,349995212;5,781756263;;90600,82948;0,028550532;0,028542195;28,55053177;28,54219517;;;;;
1,055565157;1,87488495;2,02668696;;;;;;91200,82954;600,0000581;5,28717607;5,71525778;;91200,82954;0,02860533;0,02860143;28,60532968;28,60142984;;;;;
1,062509602;1,85252278;2,006465362;;;;;;91800,8296;600,0000581;5,224114746;5,658232869;;91800,8296;0,028659474;0,028660073;28,659474;28,6600735;;;;;
1,069454047;1,831729046;1,98741599;;;;;;92400,82966;600,0000581;5,16547641;5,604513635;;92400,82966;0,028713011;0,02871816;28,71301057;28,71816039;;;;;
1,076398492;1,811389585;1,967958837;;;;;;93000,82971;600,0000581;5,108119124;5,549644458;;93000,82971;0,028765953;0,028775679;28,76595268;28,7756786;;;;;
1,083342937;1,792021808;1,946287046;;;;;;93600,82977;600,0000581;5,053501989;5,488530001;;93600,82977;0,028818329;0,028832563;28,81832871;28,8325634;;;;;
1,090287382;1,771829417;1,926984738;;;;;;94200,82983;600,000058;4,99655944;5,434097488;;94200,82983;0,028870115;0,028888884;28,87011458;28,88888404;;;;;
1,097231827;1,752710897;1,906091943;;;;;;94800,82989;600,0000581;4,942645207;5,375179801;;94800,82989;0,028921342;0,028944594;28,92134167;28,94459405;;;;;
1,104176273;1,733283878;1,88726737;;;;;;95400,82995;600,0000581;4,887861009;5,322094499;;95400,82995;0,028972001;0,028999754;28,97200095;28,99975386;;;;;
1,111120718;1,714069049;1,867826135;;;;;;96000,83;600,000058;4,833675186;5,26727021;;96000,83;0,029022099;0,029054345;29,02209864;29,05434546;;;;;
1,118065163;1,6947515;1,848301281;;;;;;96600,83006;600,0000581;4,779199692;5,212210117;;96600,83006;0,029071632;0,029108366;29,07163172;29,10836639;;;;;
1,125009608;1,677386685;1,831001522;;;;;;97200,83012;600,0000581;4,73023091;5,163424791;;97200,83012;0,029120657;0,029161882;29,12065728;29,1618817;;;;;
1,131954053;1,659244638;1,811736674;;;;;;97800,83018;600,000058;4,679070333;5,109097914;;97800,83018;0,029169153;0,029214834;29,16915259;29,21483396;;;;;
1,138898498;1,640456517;1,794252461;;;;;;98400,83024;600,0000581;4,626087827;5,059792429;;98400,83024;0,029217099;0,029267275;29,21709878;29,26727519;;;;;
1,145842943;1,622086158;1,778253758;;;;;;99000,83029;600,0000581;4,574283408;5,014676083;;99000,83029;0,029264508;0,029319249;29,26450805;29,31924882;;;;;
1,152787388;1,604564527;1,760695308;;;;;;99600,83035;600,000058;4,524872404;4,965161248;;99600,83035;0,029311405;0,029370709;29,31140521;29,37070927;;;;;
1,159731833;1,587925772;1,74427873;;;;;;100200,8304;600,0000581;4,47795111;4,918866494;;100200,8304;0,029357816;0,02942169;29,35781606;29,4216899;;;;;
1,166676279;1,571451509;1,728006093;;;;;;100800,8305;600,0000581;4,431493684;4,872977652;;100800,8305;0,029403745;0,029472195;29,40374541;29,47219493;;;;;
1,173620724;1,554468138;1,709729193;;;;;;101400,8305;600,0000581;4,383600574;4,821436791;;101400,8305;0,029449178;0,029522166;29,44917839;29,52216578;;;;;
1,180565169;1,537887143;1,693472355;;;;;;102000,8306;600,0000581;4,336842162;4,775592504;;102000,8306;0,029494127;0,029571661;29,49412674;29,57166147;;;;;
1,187509614;1,521713951;1,676662785;;;;;;102600,8306;600,000058;4,291233758;4,728189511;;102600,8306;0,029538602;0,029620666;29,5386024;29,62066587;;;;;
1,194454059;1,505262334;1,660978056;;;;;;103200,8307;600,0000581;4,244840194;4,683958572;;103200,8307;0,029582597;0,029669212;29,58259722;29,66921185;;;;;
1,201398504;1,490355414;1,646099233;;;;;;103800,8308;600,0000581;4,202802675;4,642000285;;103800,8308;0,029626156;0,029717323;29,62615635;29,71732296;;;;;
1,208342949;1,475852582;1,631029074;;;;;;104400,8308;600,000058;4,161904684;4,599502434;;104400,8308;0,029669292;0,029764994;29,6692916;29,76499361;;;;;
1,215287394;1,460485665;1,615286449;;;;;;105000,8309;600,0000581;4,118569975;4,555108226;;105000,8309;0,029711978;0,029812204;29,71197772;29,81220414;;;;;
1,22223184;1,446309103;1,60000312;;;;;;105600,8309;600,0000581;4,078592067;4,512009235;;105600,8309;0,029754249;0,029858968;29,75424949;29,85896798;;;;;
1,229176285;1,431577624;1,586552727;;;;;;106200,831;600,000058;4,03704929;4,474079122;;106200,831;0,029796091;0,029905339;29,7960907;29,9053387;;;;;
1,23612073;1,417805023;1,57264482;;;;;;106800,831;600,0000581;3,998210552;4,434858822;;106800,831;0,029837529;0,029951303;29,83752938;29,95130293;;;;;
1,243065175;1,404213675;1,558552984;;;;;;107400,8311;600,0000581;3,959882948;4,395119839;;107400,8311;0,029878571;0,029996855;29,87857082;29,9968553;;;;;
1,25000962;1,390260184;1,544334548;;;;;;108000,8312;600,000058;3,920534098;4,355023845;;108000,8312;0,029919204;0,030041992;29,91920443;30,04199209;;;;;
1,256954065;1,376238495;1,530653543;;;;;;108600,8312;600,0000581;3,880992933;4,316443408;;108600,8312;0,029959428;0,030086729;29,95942822;30,08672903;;;;;
1,26389851;1,36333234;1,517513219;;;;;;109200,8313;600,0000581;3,844597572;4,279387691;;109200,8313;0,029999275;0,030131082;29,99927481;30,13108191;;;;;
1,270842955;1,349492063;1,50426669;;;;;;109800,8313;600,0000581;3,805567986;4,242032477;;109800,8313;0,030038717;0,030175048;30,03871688;30,17504763;;;;;
1,2777874;1,336315221;1,4905647;;;;;;110400,8314;600,0000581;3,768409288;4,20339286;;110400,8314;0,030077774;0,030218613;30,07777382;30,21861288;;;;;
1,284731846;1,323883021;1,478542804;;;;;;111000,8315;600,0000581;3,73335048;4,169491111;;111000,8315;0,030116467;0,030261827;30,1164674;30,26182676;;;;;
1,291676291;1,311593485;1,465505648;;;;;;111600,8315;600,0000581;3,698693986;4,132726327;;111600,8315;0,030154802;0,03030466;30,1548018;30,3046596;;;;;
1,298620736;1,299079232;1,452691256;;;;;;112200,8316;600,0000581;3,66340379;4,096589739;;112200,8316;0,03019277;0,030347118;30,19277043;30,3471179;;;;;
1,305565181;1,286547993;1,440927928;;;;;;112800,8316;600,000058;3,628065691;4,06341715;;112800,8316;0,030230373;0,030389232;30,23037281;30,3892324;;;;;
1,312509626;1,274917016;1,428753056;;;;;;113400,8317;600,0000581;3,595266333;4,029084009;;113400,8317;0,030267635;0,030430991;30,26763525;30,43099106;;;;;
1,319454071;1,263445711;1,417237331;;;;;;114000,8317;600,0000581;3,562917249;3,996609662;;114000,8317;0,030304562;0,030472413;30,30456241;30,47241314;;;;;
1,326398516;1,251891443;1,406139979;;;;;;114600,8318;600,000058;3,53033421;3,965315123;;114600,8318;0,030341152;0,030513511;30,34115188;30,51351088;;;;;
1,333342961;1,240849813;1,396021389;;;;;;115200,8319;600,0000581;3,49919681;3,936780697;;115200,8319;0,030377419;0,030554313;30,37741862;30,55431287;;;;;
1,340287406;1,228883054;1,384127941;;;;;;115800,8319;600,0000581;3,465450548;3,90324117;;115800,8319;0,030413336;0,030594767;30,41333561;30,59476726;;;;;
1,347231852;1,217419592;1,372290076;;;;;;116400,832;600,000058;3,43312358;3,869858389;;116400,832;0,030448918;0,030634876;30,44891755;30,63487565;;;;;
1,354176297;1,205691124;1,361209046;;;;;;117000,832;600,0000581;3,4000493;3,838609881;;117000,832;0,030484157;0,03067466;30,4841567;30,67466017;;;;;
1,361120742;1,195550805;1,349045623;;;;;;117600,8321;600,0000581;3,371453595;3,804309025;;117600,8321;0,030519099;0,030714089;30,51909947;30,7140892;;;;;
1,368065187;1,184606153;1,339160272;;;;;;118200,8322;600,000058;3,340589676;3,776432333;;118200,8322;0,030553722;0,030753229;30,55372236;30,75322929;;;;;
1,375009632;1,173520768;1,328203787;;;;;;118800,8322;600,0000581;3,309328886;3,745535043;;118800,8322;0,030588021;0,030792049;30,58802126;30,79204916;;;;;
1,381954077;1,163035606;1,317167762;;;;;;119400,8323;600,0000581;3,279760727;3,714413449;;119400,8323;0,030622014;0,030830546;30,6220137;30,83054648;;;;;
1,388898522;1,152815197;1,30728176;;;;;;120000,8323;600,0000581;3,250939171;3,686534919;;120000,8323;0,030655707;0,030868755;30,65570743;30,86875485;;;;;
1,395842967;1,142747655;1,296571936;;;;;;120600,8324;600,0000581;3,222548699;3,656333215;;120600,8324;0,030689107;0,03090665;30,68910691;30,9066502;;;;;
1,402787413;1,132757989;1,286807325;;;;;;121200,8324;600,0000581;3,194377838;3,628797009;;121200,8324;0,030722214;0,03094426;30,72221441;30,94426016;;;;;
1,409731858;1,122529521;1,277322603;;;;;;121800,8325;600,0000581;3,165533555;3,60205009;;121800,8325;0,030755023;0,030981593;30,75502297;30,98159291;;;;;
1,416676303;1,112909907;1,266745624;;;;;;122400,8326;600,0000581;3,13840624;3,572223006;;122400,8326;0,03078755;0,031018617;30,78755037;31,01861652;;;;;
1,423620748;1,102799332;1,25727195;;;;;;123000,8326;600,000058;3,109894417;3,545507241;;123000,8326;0,030819782;0,031055363;30,81978226;31,05536324;;;;;
1,430565193;1,093649143;1,247783241;;;;;;123600,8327;600,0000581;3,084090883;3,518749081;;123600,8327;0,030851747;0,031091833;30,85174672;31,09183263;;;;;
1,437509638;1,084027946;1,238697166;;;;;;124200,8327;600,0000581;3,056959104;3,493126347;;124200,8327;0,03088343;0,031128036;30,88342998;31,12803646;;;;;
1,444454083;1,073560669;1,229406733;;;;;;124800,8328;600,000058;3,027441379;3,466927322;;124800,8328;0,030914807;0,031163969;30,91480731;31,16396875;;;;;
1,451398528;1,063899576;1,220345742;;;;;;125400,8328;600,0000581;3,000197096;3,441375326;;125400,8328;0,030945902;0,031199636;30,94590227;31,19963622;;;;;
1,458342973;1,054725101;1,211985847;;;;;;126000,8329;600,0000581;2,974325072;3,417800419;;126000,8329;0,030976729;0,031235059;30,97672908;31,23505934;;;;;
1,465287419;1,046161338;1,202044775;;;;;;126600,833;600,000058;2,95017526;3,389766592;;126600,833;0,031007306;0,031270192;31,0073056;31,27019192;;;;;
1,472231864;1,034994003;1,192619655;;;;;;127200,833;600,0000581;2,91868337;3,363187752;;127200,833;0,031037556;0,031305049;31,03755572;31,30504902;;;;;
1,479176309;1,027121118;1,183930637;;;;;;127800,8331;600,0000581;2,896481833;3,338684721;;127800,8331;0,031067576;0,031339652;31,06757575;31,33965217;;;;;
1,486120754;1,018137211;1,175027207;;;;;;128400,8331;600,000058;2,871147213;3,313577045;;128400,8331;0,031097333;0,031373995;31,09733319;31,3739951;;;;;
1,493065199;1,009240614;1,166369254;;;;;;129000,8332;600,0000581;2,846058807;3,289161616;;129000,8332;0,031126831;0,031408085;31,12683061;31,40808497;;;;;
1,500009644;1,000794132;1,158192056;;;;;;129600,8333;600,0000581;2,822239726;3,266101915;;129600,8333;0,031156081;0,031441936;31,15608117;31,44193585;;;;;
1,506954089;0,993214062;1,150202242;;;;;;130200,8333;600,0000581;2,800863927;3,243570638;;130200,8333;0,03118511;0,031475553;31,18511018;31,47555321;;;;;
1,513898534;0,985520751;1,142051384;;;;;;130800,8334;600,0000581;2,779168787;3,220585214;;130800,8334;0,031213914;0,031508932;31,21391433;31,50893233;;;;;
1,520842981;0,97783014;1,134312514;;;;;;131400,8336;600,0001873;2,757481856;3,198762289;;131400,8336;0,031242494;0,031542085;31,24249372;31,54208528;;;;;
1,527787427;0,970097776;1,125873182;;;;;;132000,8337;600,0000939;2,735676156;3,174962869;;132000,8337;0,031270847;0,031574992;31,2708471;31,57499157;;;;;
1,534731872;0,962016931;1,118601211;;;;;;132600,8337;600,0000939;2,712888169;3,15445591;;132600,8337;0,031298964;0,031607685;31,2989643;31,60768531;;;;;
1,541676318;0,953719846;1,110887496;;;;;;133200,8338;600,0000939;2,689490385;3,132703228;;133200,8338;0,031326839;0,031640154;31,326839;31,64015361;;;;;
1,548620763;0,945809599;1,103642512;;;;;;133800,8339;600,0000939;2,667183488;3,112272372;;133800,8339;0,031354483;0,03167241;31,3544825;31,67241015;;;;;
1,555565209;0,938546754;1,095321917;;;;;;134400,834;600,0000939;2,646702259;3,088808289;;134400,834;0,031381914;0,031704423;31,38191373;31,7044235;;;;;
1,562509654;0,931678258;1,08793386;;;;;;135000,8341;600,0000939;2,627333098;3,067973966;;135000,8341;0,031409144;0,031736221;31,40914422;31,73622092;;;;;
1,5694541;0,924753788;1,080559468;;;;;;135600,8342;600,0000939;2,607806089;3,047178177;;135600,8342;0,031436172;0,031767803;31,43617231;31,7678028;;;;;
1,576398545;0,917115248;1,073528004;;;;;;136200,8343;600,0000939;2,586265404;3,027349444;;136200,8343;0,031462977;0,031799179;31,46297716;31,79917918;;;;;
1,583342991;0,909523615;1,068018962;;;;;;136800,8344;600,0000939;2,564856997;3,011813943;;136800,8344;0,03148956;0,031830395;31,48956012;31,83039454;;;;;
1,590287436;0,902543948;1,061301625;;;;;;137400,8345;600,0000939;2,545174331;2,99287105;;137400,8345;0,031515939;0,031861414;31,51593908;31,86141357;;;;;
1,597231882;0,895254427;1,054528486;;;;;;138000,8346;600,0000939;2,52461788;2,973770796;;138000,8346;0,031542105;0,031892235;31,54210499;31,89223463;;;;;
1,604176327;0,888753228;1,046991411;;;;;;138600,8347;600,0000939;2,506284494;2,952516242;;138600,8347;0,031568081;0,031922835;31,56808089;31,92283541;;;;;
1,611120773;0,882069779;1,040062878;;;;;;139200,8348;600,0000939;2,487437167;2,932977775;;139200,8348;0,031593861;0,031953234;31,59386145;31,95323369;;;;;
1,618065218;0,875668318;1,033278104;;;;;;139800,8349;600,0000939;2,469385043;2,913844708;;139800,8349;0,031619455;0,031983434;31,61945491;31,98343367;;;;;
1,625009664;0,868655937;1,026327909;;;;;;140400,835;600,0000939;2,449610126;2,894245156;;140400,835;0,031644843;0,032013431;31,64484342;32,01343051;;;;;
1,63195411;0,862352446;1,019589442;;;;;;141000,8351;600,0000939;2,431834279;2,875242677;;141000,8351;0,031670048;0,03204323;31,67004769;32,0432304;;;;;
1,638898555;0,856209504;1,012961821;;;;;;141600,8352;600,0000939;2,414511179;2,856552781;;141600,8352;0,031695072;0,032072837;31,69507242;32,07283659;;;;;
1,645843001;0,849542516;1,006020941;;;;;;142200,8352;600,0000939;2,395710269;2,836979498;;142200,8352;0,031719902;0,03210224;31,71990229;32,10223991;;;;;
1,652787446;0,8429061;0,999626569;;;;;;142800,8353;600,0000939;2,376995575;2,818947367;;142800,8353;0,031744538;0,032131456;31,7445382;32,13145634;;;;;
1,659731892;0,836918827;0,993346861;;;;;;143400,8354;600,0000939;2,360111461;2,801238588;;143400,8354;0,031768999;0,032160489;31,76899912;32,16048923;;;;;
1,666676337;0,830613442;0,986702637;;;;;;144000,8355;600,0000939;2,342330272;2,782501871;;144000,8355;0,031793276;0,032189328;31,79327574;32,18932793;;;;;
1,673620783;0,824894507;0,980389542;;;;;;144600,8356;600,0000939;2,326202875;2,764698941;;144600,8356;0,031817385;0,032217982;31,81738522;32,21798211;;;;;
1,680565228;0,818694879;0,973904951;;;;;;145200,8357;600,0000939;2,308719921;2,746412392;;145200,8357;0,031841313;0,032246447;31,8413135;32,24644677;;;;;
1,687509674;0,812701349;0,967895121;;;;;;145800,8358;600,0000939;2,291818163;2,729464668;;145800,8358;0,031865067;0,032274736;31,8650666;32,27473578;;;;;
1,694454119;0,806819197;0,961812062;;;;;;146400,8359;600,0000939;2,275230493;2,71231044;;146400,8359;0,031888648;0,032302847;31,88864779;32,30284699;;;;;
1,701398565;0,800935501;0,955218844;;;;;;147000,836;600,0000939;2,258638467;2,693717562;;147000,836;0,031912057;0,032330766;31,91205701;32,3307655;;;;;
1,70834301;0,795383357;0,949641982;;;;;;147600,8361;600,0000939;2,242981418;2,677990808;;147600,8361;0,031935304;0,032358521;31,93530395;32,35852101;;;;;
1,715287456;0,789949808;0,943250543;;;;;;148200,8362;600,0000939;2,227658806;2,659966948;;148200,8362;0,031958392;0,03238609;31,95839209;32,38608972;;;;;
1,722231901;0,784461721;0,937551426;;;;;;148800,8363;600,0000939;2,2121824;2,643895436;;148800,8363;0,03198132;0,032413492;31,98131982;32,41349186;;;;;
1,729176347;0,775906344;0,929413911;;;;;;149400,8364;600,0000939;2,188056233;2,620947639;;149400,8364;0,032003998;0,032440656;32,0039975;32,44065617;;;;;
1,736120792;0,773170859;0,925971242;;;;;;150000,8365;600,0000939;2,180342163;2,611239312;;150000,8365;0,032026595;0,03246772;32,02659523;32,46771985;;;;;
1,743065238;0,767322834;0,920109885;;;;;;150600,8366;600,0000939;2,16385073;2,594710283;;150600,8366;0,032049022;0,032494612;32,04902204;32,49461222;;;;;
1,750009684;0,762075805;0,914833445;;;;;;151200,8367;600,0000939;2,149054105;2,579830718;;151200,8367;0,032071295;0,03252135;32,0712955;32,52135037;;;;;
1,756954129;0,756672364;0,90984009;;;;;;151800,8368;600,0000939;2,133816399;2,565749455;;151800,8368;0,032093411;0,032547943;32,09341102;32,54794258;;;;;
1,763898575;0,751483882;0,904834289;;;;;;152400,8368;600,0000939;2,11918488;2,551633093;;152400,8368;0,032115375;0,032574388;32,1153749;32,57438849;;;;;
1,77084302;0,746398338;0,898841656;;;;;;153000,8369;600,0000939;2,104843644;2,534733868;;153000,8369;0,03213719;0,032600659;32,13719014;32,60065924;;;;;
1,777787466;0,740798532;0,894233061;;;;;;153600,837;600,0000939;2,089052186;2,521737627;;153600,837;0,032158842;0,032626795;32,15884172;32,6267953;;;;;
1,784731911;0,73564466;0,888895934;;;;;;154200,8371;600,0000939;2,074518267;2,506686926;;154200,8371;0,032180343;0,032652775;32,18034266;32,65277537;;;;;
1,791676357;0,731059036;0,883355791;;;;;;154800,8372;600,0000939;2,061586804;2,49106372;;154800,8372;0,03220171;0,032678594;32,20170957;32,67859351;;;;;
1,798620802;0,72638947;0,878342347;;;;;;155400,8373;600,0000939;2,048418626;2,476925805;;155400,8373;0,03222294;0,032704265;32,22294001;32,70426513;;;;;
1,805565248;0,721765753;0,873470698;;;;;;156000,8374;600,0000939;2,035379741;2,463187755;;156000,8374;0,032244035;0,032729794;32,24403531;32,72979436;;;;;
1,812509693;0,717211884;0,868797977;;;;;;156600,8375;600,0000939;2,02253783;2,450010677;;156600,8375;0,032264998;0,032755187;32,26499751;32,75518702;;;;;
1,819454139;0,712348838;0,863757678;;;;;;157200,8376;600,0000939;2,008824036;2,435797033;;157200,8376;0,032285818;0,032780432;32,28581757;32,78043236;;;;;
1,826398584;0,707733454;0,858588211;;;;;;157800,8377;600,0000939;1,995808653;2,421219134;;157800,8377;0,032306503;0,032805527;32,30650274;32,80552662;;;;;
1,83334303;0,70272986;0,853561171;;;;;;158400,8378;600,0000939;1,981698515;2,407042878;;158400,8378;0,032327042;0,032830474;32,32704167;32,83047394;;;;;
1,840287475;0,698192755;0,848802831;;;;;;159000,8379;600,0000939;1,968903878;2,393624357;;159000,8379;0,032347448;0,032855282;32,34744799;32,8552822;;;;;
1,847231921;0,693948188;0,844173054;;;;;;159600,838;600,0000939;1,956934195;2,380568384;;159600,838;0,03236773;0,032879955;32,36773026;32,87995513;;;;;
1,854176367;0,689317703;0,839553863;;;;;;160200,8381;600,0000939;1,943876227;2,367542263;;160200,8381;0,032387877;0,032904493;32,38787718;32,90449307;;;;;
1,861120812;0,684907769;0,834765085;;;;;;160800,8382;600,0000939;1,93144021;2,354037908;;160800,8382;0,032407895;0,032928891;32,40789522;32,92889103;;;;;
1,868065258;0,68063986;0,829872168;;;;;;161400,8383;600,0000939;1,919404705;2,340239881;;161400,8383;0,032427789;0,032953146;32,42778851;32,95314599;;;;;
1,875009703;0,676622475;0,825432079;;;;;;162000,8383;600,0000939;1,908075678;2,327718827;;162000,8383;0,032447564;0,032977271;32,44756439;32,97727118;;;;;
1,881954149;0,672080596;0,820931363;;;;;;162600,8384;600,0000939;1,895267576;2,315026806;;162600,8384;0,032467208;0,033001265;32,46720753;33,00126483;;;;;
1,888898594;0,667771609;0,816408764;;;;;;163200,8385;600,0000939;1,883116231;2,302273074;;163200,8385;0,032486725;0,033025126;32,48672472;33,02512629;;;;;
1,89584304;0,663617273;0,812434368;;;;;;163800,8386;600,0000939;1,871401002;2,291065275;;163800,8386;0,03250612;0,033048872;32,50612049;33,04887159;;;;;
1,902787485;0,659686792;0,807891729;;;;;;164400,8387;600,0000939;1,860317046;2,278255033;;164400,8387;0,032525401;0,033072484;32,52540138;33,07248412;;;;;
1,909731931;0,655481199;0,803491346;;;;;;165000,8388;600,0000939;1,848457272;2,265845951;;165000,8388;0,032544559;0,033095968;32,54455936;33,09596804;;;;;
1,916676376;0,651492177;0,799197021;;;;;;165600,8389;600,0000939;1,837208227;2,253735952;;165600,8389;0,032563601;0,033119326;32,56360074;33,11932645;;;;;
1,923620822;0,647579081;0,795199012;;;;;;166200,839;600,0000939;1,826173294;2,242461565;;166200,839;0,032582528;0,033142568;32,58252776;33,142568;;;;;
1,930565267;0,643807537;0,791054947;;;;;;166800,8391;600,0000939;1,81553754;2,2307753;;166800,8391;0,032601345;0,033165688;32,60134455;33,16568844;;;;;
1,937509713;0,639760294;0,786710781;;;;;;167400,8392;600,0000939;1,80412431;2,218524748;;167400,8392;0,032620043;0,033188682;32,62004304;33,18868191;;;;;
1,944454158;0,635867302;0,78256702;;;;;;168000,8393;600,0000939;1,793146073;2,206839342;;168000,8393;0,032638628;0,033211554;32,63862776;33,21155426;;;;;
1,951398604;0,632210395;0,778445108;;;;;;168600,8394;600,0000939;1,782833594;2,195215547;;168600,8394;0,032657106;0,033234306;32,65710559;33,23430615;;;;;
1,958343049;0,628336675;0,77450338;;;;;;169200,8395;600,0000939;1,771909702;2,184099874;;169200,8395;0,03267547;0,033256943;32,6754702;33,25694283;;;;;
1,965287495;0,624350601;0,769882151;;;;;;169800,8396;600,0000939;1,760668969;2,171068006;;169800,8396;0,032693718;0,033279444;32,69371831;33,27944444;;;;;
1,972231941;0,62062064;0,766094113;;;;;;170400,8397;600,0000939;1,75015048;2,160385736;;170400,8397;0,032711857;0,033301835;32,71185741;33,30183533;;;;;
1,979176386;0,616984956;0,762459859;;;;;;171000,8398;600,0000939;1,739897848;2,15013714;;171000,8398;0,03272989;0,03332412;32,72989024;33,32412001;;;;;
1,986120832;0,613163816;0,758752793;;;;;;171600,8398;600,0000939;1,729122233;2,139683211;;171600,8398;0,032747811;0,033346296;32,74781139;33,34629634;;;;;
1,993065277;0,609723664;0,755028125;;;;;;172200,8399;600,0000939;1,719421002;2,129179644;;172200,8399;0,032765632;0,033368364;32,76563199;33,36836381;;;;;
2,000009723;0,606356694;0,751153332;;;;;;172800,84;600,0000939;1,709926144;2,118252727;;172800,84;0,032783354;0,033390318;32,78335419;33,39031803;;;;;
2,006954168;0,602815737;0,747676438;;;;;;173400,8401;600,0000939;1,699940644;2,108447886;;173400,8401;0,032800973;0,033412171;32,80097289;33,41217063;;;;;
2,013898614;0,599446698;0,743987222;;;;;;174000,8402;600,0000939;1,690439954;2,098044294;;174000,8402;0,032818493;0,033433915;32,81849313;33,4339154;;;;;
2,020843059;0,595931068;0,740342818;;;;;;174600,8403;600,0000939;1,680525875;2,087767075;;174600,8403;0,032835911;0,033455554;32,83591061;33,45555365;;;;;
2,027787505;0,592616599;0,736647614;;;;;;175200,8404;600,0000939;1,67117907;2,077346596;;175200,8404;0,032853231;0,033477084;32,85323122;33,47708391;;;;;
2,03473195;0,589282388;0,733169055;;;;;;175800,8405;600,0000939;1,661776595;2,067537057;;175800,8405;0,032870454;0,033498512;32,87045438;33,49851249;;;;;
2,041676396;0,585895987;0,729378724;;;;;;176400,8406;600,0000939;1,652226941;2,056848322;;176400,8406;0,032887579;0,03351983;32,88757857;33,5198303;;;;;
2,048620841;0,582554589;0,725848127;;;;;;177000,8407;600,0000939;1,642804198;2,046892039;;177000,8407;0,032904605;0,033541045;32,90460509;33,54104491;;;;;
2,055565287;0,579099501;0,722099135;;;;;;177600,8408;600,0000939;1,633060848;2,03631988;;177600,8408;0,032921531;0,03356215;32,92153063;33,56214995;;;;;
2,062509732;0,575834845;0,718340867;;;;;;178200,8409;600,0000939;1,623854517;2,025721561;;178200,8409;0,032938361;0,033583145;32,93836076;33,58314515;;;;;
2,069454178;0,572647067;0,715278314;;;;;;178800,841;600,0000939;1,614864982;2,017085162;;178800,841;0,032955098;0,033604051;32,95509771;33,60405084;;;;;
2,076398623;0,569455966;0,711592548;;;;;;179400,8411;600,0000939;1,605866075;2,0066913;;179400,8411;0,032971741;0,033624849;32,9717414;33,6248488;;;;;
2,083343069;0,56514906;0,706588685;;;;;;180000,8412;600,0000939;1,5937206;1,992580404;;180000,8412;0,032988259;0,033645501;32,9882592;33,64550051;;;;;
2,090287515;0,563590163;0,70466501;;;;;;180600,8413;600,0000939;1,589324508;1,98715564;;180600,8413;0,033004731;0,033666096;33,00473145;33,666096;;;;;
2,09723196;0,560526879;0,701685405;;;;;;181200,8414;600,0000939;1,580686046;1,978753152;;181200,8414;0,033021114;0,033686604;33,02111416;33,6866044;;;;;
2,104176406;0,557442504;0,698089684;;;;;;181800,8414;600,0000939;1,571988107;1,968613217;;181800,8414;0,033037407;0,033707008;33,03740673;33,70700771;;;;;
2,111120851;0,554318466;0,695000498;;;;;;182400,8415;600,0000939;1,563178318;1,95990171;;182400,8415;0,033053608;0,033727321;33,05360798;33,72732073;;;;;
2,118065297;0,55144987;0,692243568;;;;;;183000,8416;600,0000939;1,555088878;1,952127167;;183000,8416;0,033069725;0,033747553;33,0697254;33,74755317;;;;;
2,125009742;0,548404482;0,688762324;;;;;;183600,8417;600,0000939;1,54650088;1,942310057;;183600,8417;0,033085754;0,033767684;33,08575381;33,76768386;;;;;
2,131954188;0,545413228;0,685233388;;;;;;184200,8418;600,0000939;1,538065545;1,932358455;;184200,8418;0,033101695;0,033787711;33,10169479;33,78771142;;;;;
2,138898633;0,54255905;0,682408452;;;;;;184800,8419;600,0000939;1,530016759;1,924392136;;184800,8419;0,033117552;0,033807656;33,11755235;33,8076564;;;;;
2,145843079;0,53975535;0,679303943;;;;;;185400,842;600,0000939;1,522110326;1,91563742;;185400,842;0,033133328;0,033827511;33,13332796;33,82751065;;;;;
2,152787524;0,536974076;0,676610082;;;;;;186000,8421;600,0000939;1,514267131;1,90804073;;186000,8421;0,033149022;0,033847286;33,14902229;33,84728617;;;;;
2,15973197;0,534141819;0,673820488;;;;;;186600,8422;600,0000939;1,506280165;1,900174073;;186600,8422;0,033164634;0,03386698;33,16463384;33,86698016;;;;;
2,166676415;0,531344437;0,670765998;;;;;;187200,8423;600,0000939;1,498391546;1,891560409;;187200,8423;0,033180164;0,033886585;33,18016363;33,88658487;;;;;
2,173620861;0,528556986;0,668026503;;;;;;187800,8424;600,0000939;1,490530933;1,883835033;;187800,8424;0,033195612;0,03390611;33,19561194;33,90610951;;;;;
2,180565306;0,525813484;0,664830363;;;;;;188400,8425;600,0000939;1,482794258;1,874821918;;188400,8425;0,03321098;0,033925541;33,21098008;33,92554073;;;;;
2,187509752;0,523182017;0,662094232;;;;;;189000,8426;600,0000939;1,475373519;1,867106028;;189000,8426;0,033226271;0,033944892;33,2262713;33,94489199;;;;;
2,194454198;0,520526578;0,659211418;;;;;;189600,8427;600,0000939;1,467885179;1,858976491;;189600,8427;0,033241485;0,033964159;33,24148491;33,96415899;;;;;
2,201398643;0,517702199;0,656542892;;;;;;190200,8428;600,0000939;1,459920431;1,851451245;;190200,8428;0,033256616;0,033983348;33,25661597;33,983348;;;;;
2,208343089;0,515173069;0,653833204;;;;;;190800,8429;600,0000939;1,452788282;1,843809925;;190800,8429;0,033271673;0,034002458;33,27167311;34,00245781;;;;;
2,215287534;0,512883134;0,651140858;;;;;;191400,8429;600,0000939;1,446330664;1,836217507;;191400,8429;0,033286663;0,034021489;33,28666332;34,02148892;;;;;
2,22223198;0,510456961;0,648461286;;;;;;192000,843;600,0000939;1,439488855;1,828661112;;192000,843;0,033301583;0,034040442;33,30158263;34,04044173;;;;;
2,229176425;0,507831524;0,645892039;;;;;;192600,8431;600,0000939;1,432085123;1,821415834;;192600,8431;0,033316425;0,034059319;33,31642519;34,05931944;;;;;
2,236120871;0,504896117;0,642993684;;;;;;193200,8432;600,0000939;1,423807273;1,813242471;;193200,8432;0,033331182;0,034078112;33,33118197;34,07811243;;;;;
2,243065316;0,502604218;0,640351147;;;;;;193800,8433;600,0000939;1,417344117;1,805790516;;193800,8433;0,033345872;0,034096828;33,34587175;34,0968282;;;;;
2,250009762;0,500164969;0,637846068;;;;;;194400,8434;600,0000939;1,410465433;1,798726194;;194400,8434;0,03336049;0,034115471;33,36049025;34,11547075;;;;;
2,256954207;0,497591188;0,635334309;;;;;;195000,8435;600,0000939;1,40320737;1,791643033;;195000,8435;0,033375034;0,03413404;33,37503352;34,13403988;;;;;
2,263898653;0,495268469;0,632495462;;;;;;195600,8436;600,0000939;1,3966573;1,783637482;;195600,8436;0,033389509;0,034152526;33,3895089;34,15252605;;;;;
2,270843098;0,492883918;0,630084171;;;;;;196200,8437;600,0000939;1,389932866;1,776837641;;196200,8437;0,033403915;0,034170942;33,40391459;34,17094173;;;;;
2,277787544;0,490522118;0,627834436;;;;;;196800,8438;600,0000939;1,383272588;1,770493385;;196800,8438;0,033418251;0,034189292;33,41825125;34,18929167;;;;;
2,284731989;0,488189604;0,625179042;;;;;;197400,8439;600,0000939;1,3766949;1,763005174;;197400,8439;0,03343252;0,034207564;33,43251973;34,20756399;;;;;
2,291676435;0,485944774;0,622875156;;;;;;198000,844;600,0000939;1,370364476;1,756508215;;198000,844;0,033446723;0,034225769;33,44672261;34,22576898;;;;;
2,29862088;0,483512413;0,620398145;;;;;;198600,8441;600,0000939;1,363505218;1,749523042;;198600,8441;0,033460854;0,034243902;33,4608544;34,24390157;;;;;
2,305565326;0,481477941;0,618116982;;;;;;199200,8442;600,0000939;1,357768005;1,743090162;;199200,8442;0,033474927;0,034261967;33,47492672;34,26196749;;;;;
2,312509772;0,479303503;0,615652549;;;;;;199800,8443;600,0000939;1,35163609;1,736140459;;199800,8443;0,033488935;0,034279961;33,48893549;34,27996138;;;;;
2,319454217;0,477159985;0,613529734;;;;;;200400,8444;600,0000939;1,345591368;1,730154121;;200400,8444;0,033502882;0,034297893;33,50288161;34,29789322;;;;;
2,326398663;0,474799512;0,611262955;;;;;;201000,8444;600,0000939;1,338934835;1,723761803;;201000,8444;0,033516759;0,034315759;33,51675874;34,31575882;;;;;
2,333343108;0,472811533;0,609180812;;;;;;201600,8445;600,0000939;1,333328733;1,717890158;;201600,8445;0,033530578;0,034333564;33,53057776;34,33356356;;;;;
2,340287554;0,470533505;0,606740222;;;;;;202200,8446;600,0000939;1,326904693;1,711007695;;202200,8446;0,03354433;0,034351297;33,54433021;34,35129696;;;;;
2,347231999;0,468328576;0,604502265;;;;;;202800,8447;600,0000939;1,320686791;1,704696653;;202800,8447;0,033558018;0,034368965;33,55801821;34,36896496;;;;;
2,354176445;0,466264024;0,602247818;;;;;;203400,8448;600,0000939;1,314864753;1,698339112;;203400,8448;0,033571646;0,034386567;33,57164587;34,38656706;;;;;
2,36112089;0,464222009;0,599826156;;;;;;204000,8449;600,0000939;1,309106272;1,691510026;;204000,8449;0,033585214;0,034404098;33,58521385;34,40409839;;;;;
2,368065336;0,462173955;0,597623203;;;;;;204600,845;600,0000939;1,303330756;1,685297697;;204600,845;0,033598722;0,034421565;33,59872196;34,42156533;;;;;
2,375009781;0,460294273;0,595426428;;;;;;205200,8451;600,0000939;1,298030054;1,679102791;;205200,8451;0,033612175;0,034438968;33,61217514;34,43896806;;;;;
2,381954227;0,45837218;0,593249584;;;;;;205800,8452;600,0000939;1,29260975;1,672964089;;205800,8452;0,033625572;0,034456307;33,62557214;34,45630717;;;;;
2,388898672;0,456078035;0,590831257;;;;;;206400,8453;600,0000939;1,286140259;1,666144406;;206400,8453;0,033638902;0,034473576;33,6389021;34,4735756;;;;;
2,395843118;0,454633836;0,589431338;;;;;;207000,8454;600,0000939;1,282067619;1,662196633;;207000,8454;0,03365219;0,034490803;33,65218984;34,49080312;;;;;
2,402787563;0,452867618;0,587696954;;;;;;207600,8455;600,0000939;1,277086884;1,65730567;;207600,8455;0,033665426;0,03450798;33,66542595;34,50797994;;;;;
2,409732009;0,451049039;0,585672229;;;;;;208200,8456;600,0000939;1,271958488;1,651595945;;208200,8456;0,033678609;0,034525098;33,67860892;34,52509758;;;;;
2,416676455;0,44929549;0,58375161;;;;;;208800,8457;600,0000939;1,267013479;1,646179799;;208800,8457;0,033691741;0,034542159;33,69174063;34,54215909;;;;;
2,4236209;0,447384395;0,582008595;;;;;;209400,8458;600,0000939;1,261624192;1,641264496;;209400,8458;0,033704816;0,03455917;33,70481649;34,55916966;;;;;
2,430565346;0,444850519;0,579684622;;;;;;210000,8459;600,0000939;1,25447866;1,634710891;;210000,8459;0,033717818;0,034576112;33,71781829;34,5761123;;;;;
2,437509791;0,443717236;0,578527881;;;;;;210600,846;600,0000939;1,251282801;1,631448881;;210600,846;0,033730787;0,034593021;33,73078697;34,59302114;;;;;
2,444454237;0,441954277;0,576611741;;;;;;211200,846;600,0000939;1,246311256;1,626045364;;211200,846;0,033743704;0,034609874;33,74370412;34,60987397;;;;;
2,451398682;0,440340972;0,574714558;;;;;;211800,8461;600,0000939;1,241761735;1,620695308;;211800,8461;0,033756574;0,034626671;33,75657412;34,62667135;;;;;
2,458343128;0,438815412;0,572925014;;;;;;212400,8462;600,0000939;1,237459655;1,615648791;;212400,8462;0,0337694;0,034643416;33,76939953;34,64341643;;;;;
2,465287573;0,436995003;0,571193932;;;;;;213000,8463;600,0000939;1,232326102;1,610767141;;213000,8463;0,033782172;0,034660111;33,78217173;34,66011091;;;;;
2,472232019;0,435388284;0,569619571;;;;;;213600,8464;600,0000939;1,227795153;1,606327443;;213600,8464;0,033794897;0,034676759;33,79489698;34,67675938;;;;;
2,479176464;0,433880497;0,567975837;;;;;;214200,8465;600,0000939;1,223543194;1,60169211;;214200,8465;0,033807578;0,03469336;33,80757815;34,6933598;;;;;
2,48612091;0,432162566;0,566203592;;;;;;214800,8466;600,0000939;1,218698627;1,596694378;;214800,8466;0,033820209;0,034709908;33,82020912;34,70990843;;;;;
2,493065355;0,430611693;0,564580522;;;;;;215400,8467;600,0000939;1,214325164;1,59211732;;215400,8467;0,033832795;0,03472641;33,83279475;34,72640962;;;;;
2,500009801;0,429028224;0,56326065;;;;;;216000,8468;600,0000939;1,209859782;1,588395281;;216000,8468;0,033845334;0,034742872;33,84533411;34,74287223;;;;;
2,506954246;0,427510426;0,561587801;;;;;;216600,8469;600,0000939;1,205579591;1,583677847;;216600,8469;0,033857829;0,034759286;33,8578291;34,75928596;;;;;
2,513898692;0,426170562;0,560135234;;;;;;217200,847;600,0000939;1,201801172;1,579581608;;217200,847;0,033870285;0,034775657;33,87028494;34,77565722;;;;;
2,520843137;0,424570033;0,558609586;;;;;;217800,8471;600,0000939;1,19728768;1,57527928;;217800,8471;0,033882694;0,034791984;33,88269399;34,7919839;;;;;
2,527787583;0,422913731;0,557084748;;;;;;218400,8472;600,0000939;1,192616909;1,570979234;;218400,8472;0,033895055;0,034808266;33,89505464;34,80826601;;;;;
2,534732029;0,420998592;0,555403236;;;;;;219000,8473;600,0000939;1,187216216;1,56623737;;219000,8473;0,033907359;0,034824499;33,90735931;34,82449897;;;;;
2,541676474;0,418987332;0,554179265;;;;;;219600,8474;600,0000939;1,181544461;1,562785771;;219600,8474;0,033919605;0,034840696;33,9196052;34,84069616;;;;;
2,54862092;0,417253108;0,552610872;;;;;;220200,8475;600,0000939;1,176653948;1,558362902;;220200,8475;0,0339318;0,034856848;33,9318004;34,85684751;;;;;
2,555565365;0,415947122;0,551387712;;;;;;220800,8475;600,0000939;1,172971067;1,55491359;;220800,8475;0,033943957;0,034872963;33,94395743;34,8729631;;;;;
2,562509811;0,414623613;0,550074731;;;;;;221400,8476;600,0000939;1,169238771;1,551210985;;221400,8476;0,033956076;0,03488904;33,95607578;34,88904033;;;;;
2,569454256;0,413140707;0,548708953;;;;;;222000,8477;600,0000939;1,165056976;1,547359489;;222000,8477;0,033968151;0,034905078;33,96815078;34,90507764;;;;;
2,576398702;0,411783367;0,547290697;;;;;;222600,8478;600,0000939;1,161229276;1,543360006;;222600,8478;0,033980186;0,034921073;33,98018612;34,92107349;;;;;
2,583343147;0,410707785;0,545981738;;;;;;223200,8479;600,0000939;1,158196136;1,539668741;;223200,8479;0,03399219;0,034937031;33,99219002;34,93703109;;;;;
2,590287593;0,409545012;0,544569834;;;;;;223800,848;600,0000939;1,154917114;1,535687172;;223800,848;0,03400416;0,034952947;34,00415993;34,95294742;;;;;
2,597232038;0,4083051;0,543355338;;;;;;224400,8481;600,0000939;1,151420563;1,532262293;;224400,8481;0,034016094;0,034968828;34,0160936;34,96882825;;;;;
2,604176484;0,407081641;0,542186968;;;;;;225000,8482;600,0000939;1,147970409;1,528967488;;225000,8482;0,034027992;0,034984675;34,02799152;34,98467494;;;;;
2,611120929;0,405796907;0,540994463;;;;;;225600,8483;600,0000939;1,144347458;1,525604624;;225600,8483;0,034039852;0,035000487;34,03985189;35,00048677;;;;;
2,618065375;0,404529831;0,539725514;;;;;;226200,8484;600,0000939;1,140774301;1,522026188;;226200,8484;0,034051675;0,035016262;34,05167522;35,01626151;;;;;
2,62500982;0,403471517;0,538721686;;;;;;226800,8485;600,0000939;1,137789855;1,519195393;;226800,8485;0,034063468;0,035032007;34,06346762;35,03200692;;;;;
2,631954266;0,402396023;0,537853927;;;;;;227400,8486;600,0000939;1,134756962;1,516748312;;227400,8486;0,034075229;0,035047727;34,07522859;35,04772696;;;;;
2,638898712;0,401352683;0,536717647;;;;;;228000,8487;600,0000939;1,131814744;1,513544;;228000,8487;0,034086959;0,035063414;34,08695906;35,06341379;;;;;
2,645843157;0,400227638;0,535551629;;;;;;228600,8488;600,0000939;1,128642116;1,51025583;;228600,8488;0,034098657;0,035079067;34,09865665;35,07906655;;;;;
2,652787603;0,398969481;0,534526832;;;;;;229200,8489;600,0000939;1,125094112;1,507365902;;229200,8489;0,034110317;0,035094689;34,11031747;35,09468935;;;;;
2,659732048;0,397878069;0,533499925;;;;;;229800,849;600,0000939;1,122016329;1,504470023;;229800,849;0,034121946;0,035110282;34,12194639;35,11028213;;;;;
2,666676494;0,396847569;0,532520915;;;;;;230400,849;600,0000939;1,119110318;1,501709216;;230400,849;0,034133545;0,035125846;34,13354519;35,12584631;;;;;
2,673620939;0,395881761;0,531409794;;;;;;231000,8491;600,0000939;1,116386742;1,498575855;;231000,8491;0,034145116;0,035141378;34,14511577;35,141378;;;;;
2,680565385;0,394871477;0,530720813;;;;;;231600,8492;600,0000939;1,113537739;1,496632927;;231600,8492;0,034156657;0,03515689;34,15665681;35,15688956;;;;;
2,68750983;0,393990861;0,529846153;;;;;;232200,8493;600,0000939;1,111054401;1,494166386;;232200,8493;0,034168172;0,035172376;34,16817212;35,17237556;;;;;
2,694454276;0,39300988;0,528950643;;;;;;232800,8494;600,0000939;1,108288035;1,491641046;;232800,8494;0,034179659;0,035187835;34,17965875;35,18783538;;;;;
2,701398721;0,39204731;0,528003045;;;;;;233400,8495;600,0000939;1,105573588;1,48896882;;233400,8495;0,034191117;0,035203268;34,19111726;35,20326751;;;;;
2,708343167;0,391317871;0,527330449;;;;;;234000,8496;600,0000939;1,10351657;1,487072098;;234000,8496;0,034202554;0,03521868;34,20255444;35,21867998;;;;;
2,715287612;0,390573511;0,526702806;;;;;;234600,8497;600,0000939;1,101417475;1,485302146;;234600,8497;0,03421397;0,035234074;34,21396987;35,23407411;;;;;
2,722232058;0,389811902;0,526214101;;;;;;235200,8498;600,0000939;1,099269735;1,483923997;;235200,8498;0,034225363;0,035249454;34,22536303;35,24945395;;;;;
2,729176503;0,38890717;0,525426445;;;;;;235800,8499;600,0000939;1,096718392;1,481702806;;235800,8499;0,03423673;0,035264811;34,23672976;35,26481077;;;;;
2,736120949;0,387960816;0,524671315;;;;;;236400,85;600,0000939;1,094049672;1,479573341;;236400,85;0,034248069;0,035280146;34,24806882;35,28014552;;;;;
2,743065394;0,387162519;0,524089619;;;;;;237000,8501;600,0000939;1,091798475;1,477932957;;237000,8501;0,034259385;0,035295463;34,25938455;35,29546327;;;;;
2,75000984;0,386286252;0,523428137;;;;;;237600,8502;600,0000939;1,089327402;1,476067577;;237600,8502;0,034270675;0,035310762;34,27067468;35,31076168;;;;;
2,756954286;0,385478698;0,522683629;;;;;;238200,8503;600,0000939;1,087050098;1,473968065;;238200,8503;0,034281941;0,035326038;34,2819412;35,32603834;;;;;
2,763898731;0,384556912;0,522128369;;;;;;238800,8504;600,0000939;1,084450662;1,472402231;;238800,8504;0,034293181;0,035341299;34,29318077;35,34129876;;;;;
2,770843177;0,383697957;0,521562454;;;;;;239400,8505;600,0000939;1,082028408;1,470806352;;239400,8505;0,034304395;0,035356543;34,30439525;35,35654265;;;;;
2,777787622;0,382907642;0,520845671;;;;;;240000,8506;600,0000939;1,07979972;1,468785021;;240000,8506;0,034315587;0,035371766;34,31558662;35,37176558;;;;;
2,784732068;0,382303363;0,52003357;;;;;;240600,8506;600,0000939;1,078095653;1,466494897;;240600,8506;0,03432676;0,035386965;34,32676033;35,38696479;;;;;
2,791676513;0,381592386;0,519613209;;;;;;241200,8507;600,0000939;1,076090696;1,465309479;;241200,8507;0,034337913;0,035402152;34,33791327;35,4021517;;;;;
2,798620959;0,380900415;0,519335968;;;;;;241800,8508;600,0000939;1,074139339;1,46452766;;241800,8508;0,034349046;0,035417331;34,34904597;35,41733051;;;;;
2,805565404;0,380529442;0,518745607;;;;;;242400,8509;600,0000939;1,073093195;1,462862841;;242400,8509;0,034360168;0,035432492;34,36016784;35,43249207;;;;;
2,81250985;2,674471262;2,462988293;;;;;;243000,851;600,0000939;7,54201014;6,945628073;;243000,851;0,034438336;0,035504479;34,43833553;35,50447868;;;;;
2,819454295;4,968488156;4,807910123;;;;;;243600,8511;600,0000939;14,01113879;13,55830867;;243600,8511;0,034583551;0,035645001;34,58355126;35,64500113;;;;;
2,826398741;6,521518478;6,265379204;;;;;;244200,8512;600,0000939;18,39068499;17,66837212;;244200,8512;0,034774158;0,035828122;34,77415793;35,82812153;;;;;
2,833343186;7,411308701;7,150522507;;;;;;244800,8513;600,0000939;20,89989381;20,16447662;;244800,8513;0,034990771;0,036037112;34,99077081;36,03711233;;;;;
2,840287632;7,969619613;7,768337188;;;;;;245400,8514;600,0000939;22,47433083;21,9067143;;245400,8514;0,035223702;0,03626416;35,22370164;36,2641602;;;;;
2,847232077;8,398190336;8,221897284;;;;;;246000,8515;600,0000939;23,68290045;23,18575397;;246000,8515;0,035469158;0,036504464;35,46915845;36,50446444;;;;;
2,854176523;8,771587725;8,644248859;;;;;;246600,8516;600,0000939;24,73588125;24,3767856;;246600,8516;0,035725529;0,036757113;35,72552867;36,75711288;;;;;
2,861120968;9,109252712;9,14095985;;;;;;247200,8517;600,0000939;25,68809667;25,77751081;;247200,8517;0,035991768;0,037024279;35,99176795;37,02427888;;;;;
2,868065414;9,415520294;9,469946091;;;;;;247800,8518;600,0000939;26,55177138;26,70525215;;247800,8518;0,036266959;0,03730106;36,26695862;37,30106026;;;;;
2,87500986;9,852791301;9,681014535;;;;;;248400,8519;600,0000939;27,78487582;27,30046526;;248400,8519;0,03655493;0,037584011;36,55492955;37,58401062;;;;;
2,881954305;10,57066291;9,85798137;;;;;;249000,852;600,0000939;29,80927407;27,79951181;;249000,852;0,036863882;0,037872133;36,86388197;37,87213325;;;;;
2,888898751;10,75404311;10,06103667;;;;;;249600,8521;600,0000939;30,32640632;28,37212786;;249600,8521;0,037178194;0,038166191;37,17819411;38,16619065;;;;;
2,895843196;10,88299857;10,20143523;;;;;;250200,8521;600,0000939;30,69006077;28,76805186;;250200,8521;0,037496275;0,038464352;37,49627527;38,46435152;;;;;
2,902787642;11,01061807;10,33514065;;;;;;250800,8522;600,0000939;31,04994781;29,1451012;;250800,8522;0,037818086;0,03876642;37,81808641;38,76642025;;;;;
2,909732087;11,109152;10,4272228;;;;;;251400,8523;600,0000939;31,32781353;29,4047729;;251400,8523;0,038142777;0,03907118;38,14277743;39,07118029;;;;;
2,916676533;11,19990739;10,53603571;;;;;;252000,8524;600,0000939;31,58374377;29,71162536;;252000,8524;0,038470121;0,039379121;38,470121;39,37912065;;;;;
2,923620978;11,27169424;10,60611765;;;;;;252600,8525;600,0000939;31,78618272;29,90925645;;252600,8525;0,038799563;0,039689109;38,7995627;39,68910932;;;;;
2,930565424;11,33719799;10,68779703;;;;;;253200,8526;600,0000939;31,97090333;30,13959235;;253200,8526;0,039130919;0,040001485;39,1309189;40,00148525;;;;;
2,937509869;11,38740329;10,74638222;;;;;;253800,8527;600,0000939;32,11248229;30,30480259;;253800,8527;0,039463742;0,040315573;39,46374247;40,31557348;;;;;
2,944454315;11,42307455;10,79380912;;;;;;254400,8528;600,0000939;32,21307527;30,43854649;;254400,8528;0,039797609;0,040631048;39,79760862;40,63104787;;;;;
2,95139876;11,43727199;10,81626709;;;;;;255000,8529;600,0000939;32,25311206;30,50187797;;255000,8529;0,04013189;0,040947179;40,13188972;40,94717865;;;;;
2,958343206;11,46685037;10,86159253;;;;;;255600,853;600,0000939;32,33652309;30,62969574;;255600,853;0,040467035;0,041264634;40,46703532;41,26463417;;;;;
2,965287651;11,47928966;10,90440051;;;;;;256200,8531;600,0000939;32,37160192;30,75041424;;256200,8531;0,040802544;0,041583341;40,80254449;41,58334085;;;;;
2,972232097;11,52727198;10,9380346;;;;;;256800,8532;600,0000939;32,50691208;30,8452624;;256800,8532;0,041139456;0,041903031;41,13945605;41,90303057;;;;;
2,979176543;11,5509487;10,92712276;;;;;;257400,8533;600,0000939;32,57368042;30,81449101;;257400,8533;0,04147706;0,042222401;41,47705962;42,22240136;;;;;
2,986120988;11,56027509;10,94456805;;;;;;258000,8534;600,0000939;32,59998086;30,86368672;;258000,8534;0,041814936;0,042542282;41,81493578;42,54228203;;;;;
2,993065434;11,55225665;10,97855465;;;;;;258600,8535;600,0000939;32,57736884;30,95952894;;258600,8535;0,042152578;0,042863156;42,15257757;42,86315604;;;;;
3,000009879;11,53194719;11,01611707;;;;;;259200,8536;600,0000939;32,52009616;31,06545501;;259200,8536;0,042489626;0,043185128;42,48962578;43,1851279;;;;;
3,006954325;11,5089567;11,0285044;;;;;;259800,8536;600,0000939;32,45526296;31,10038727;;259800,8536;0,042826002;0,043507462;42,82600203;43,50746181;;;;;
3,01389877;11,48812778;11,06374346;;;;;;260400,8537;600,0000939;32,39652541;31,19976145;;260400,8537;0,04316177;0,043830826;43,16176952;43,83082567;;;;;
3,020843216;11,47219277;11,05260672;;;;;;261000,8538;600,0000939;32,35158867;31,16835582;;261000,8538;0,043497071;0,044153864;43,49707126;44,15386402;;;;;
3,027787661;11,448549;11,05936532;;;;;;261600,8539;600,0000939;32,28491322;31,18741508;;261600,8539;0,043831682;0,0444771;43,83168196;44,47709992;;;;;
3,034732106;11,43691139;11,06485169;;;;;;262200,854;600,0000426;32,2520924;31,20288399;;262200,854;0,044165952;0,044800496;44,16595249;44,80049613;;;;;
3,041676552;11,42224286;11,06993785;;;;;;262800,8541;600,000153;32,21073309;31,2172327;;262800,8541;0,044499794;0,045124041;44,49979436;45,12404106;;;;;
3,048620999;11,40602408;11,08188918;;;;;;263400,8543;600,000153;32,16499611;31,25093546;;263400,8543;0,044833162;0,045447935;44,8331622;45,4479353;;;;;
3,055565445;11,38683861;11,08089125;;;;;;264000,8544;600,000153;32,11089307;31,24812129;;264000,8544;0,045165969;0,0457718;45,1659693;45,77180037;;;;;
3,062509891;11,37068401;11,0708095;;;;;;264600,8546;600,000153;32,06533708;31,21969075;;264600,8546;0,045498304;0,046095371;45,49830425;46,09537078;;;;;
3,069454337;11,35226522;11,11014266;;;;;;265200,8547;600,000153;32,01339609;31,33061029;;265200,8547;0,045830101;0,046420091;45,83010086;46,42009079;;;;;
3,076398783;11,32458219;11,12193737;;;;;;265800,8549;600,000153;31,93532992;31,36387137;;265800,8549;0,046161088;0,046745156;46,16108837;46,74515553;;;;;
3,08334323;11,29814763;11,09865824;;;;;;266400,855;600,000153;31,86078445;31,29822422;;266400,855;0,046491303;0,04706954;46,49130327;47,06953988;;;;;
3,090287676;11,26420203;11,11493646;;;;;;267000,8552;600,000153;31,76505783;31,3441288;;267000,8552;0,046820526;0,0473944;46,82052603;47,3944;;;;;
3,097232122;11,2253461;11,1080175;;;;;;267600,8554;600,000153;31,65548407;31,32461733;;267600,8554;0,047148613;0,047719058;47,14861313;47,7190579;;;;;
3,104176568;11,18031423;11,08753842;;;;;;268200,8555;600,000153;31,52849418;31,26686631;;268200,8555;0,047475384;0,048043117;47,47538407;48,04311725;;;;;
3,111121015;11,14314972;11,09094763;;;;;;268800,8557;600,000153;31,42369023;31,27648029;;268800,8557;0,047801069;0,048367276;47,80106879;48,36727624;;;;;
3,118065461;11,09903504;11,08310698;;;;;;269400,8558;600,000153;31,2992868;31,25436964;;269400,8558;0,048125464;0,048691206;48,12546415;48,69120607;;;;;
3,125009907;11,05869268;11,09747491;;;;;;270000,856;600,000153;31,18552132;31,29488722;;270000,856;0,04844868;0,049015556;48,44868042;49,01555584;;;;;
3,131954353;11,00841028;11,10430211;;;;;;270600,8561;600,000153;31,04372491;31,31413993;;270600,8561;0,048770427;0,049340105;48,77042706;49,34010515;;;;;
3,138898799;10,94814705;11,0938401;;;;;;271200,8563;600,000153;30,87378254;31,28463706;;271200,8563;0,049090412;0,049664349;49,09041237;49,66434868;;;;;
3,145843246;10,89750384;11,09927317;;;;;;271800,8564;600,000153;30,73096866;31,29995832;;271800,8564;0,049408918;0,049988751;49,40891751;49,988751;;;;;
3,152787692;10,79234565;11,063307;;;;;;272400,8566;600,000153;30,43442249;31,1985337;;272400,8566;0,049724349;0,050312102;49,72434916;50,31210213;;;;;
3,159732138;10,73238977;11,04336624;;;;;;273000,8567;600,000153;30,26534686;31,14230073;;273000,8567;0,050038028;0,05063487;50,03802846;50,63487044;;;;;
3,166676584;10,67874879;11,01090161;;;;;;273600,8569;600,000153;30,11407927;31,05075044;;273600,8569;0,05035014;0,05095669;50,35013997;50,9566899;;;;;
3,17362103;10,60608589;10,95551878;;;;;;274200,857;600,000153;29,90916983;30,89457083;;274200,857;0,050660128;0,051276891;50,66012774;51,27689067;;;;;
3,180565477;10,52385775;10,93594379;;;;;;274800,8572;600,000153;29,67728643;30,83936935;;274800,8572;0,050967712;0,051596519;50,9677122;51,59651931;;;;;
3,187509923;10,4382539;10,87326212;;;;;;275400,8573;600,000153;29,4358835;30,66260701;;275400,8573;0,051272795;0,051914316;51,27279468;51,91431593;;;;;
3,194454369;10,34199384;10,79886934;;;;;;276000,8575;600,000153;29,16443007;30,45281931;;276000,8575;0,051575064;0,052229938;51,57506374;52,22993825;;;;;
3,201398815;10,23884852;10,75224656;;;;;;276600,8576;600,000153;28,87356018;30,32134303;;276600,8576;0,051874318;0,052544198;51,87431813;52,5441979;;;;;
3,208343262;10,12258297;10,71860088;;;;;;277200,8578;600,000153;28,54569125;30,2264622;;277200,8578;0,052170174;0,052857474;52,17017439;52,85747419;;;;;
3,215287708;9,981858663;10,65412058;;;;;;277800,858;600,000153;28,1488486;30,04462769;;277800,858;0,052461918;0,053168866;52,46191765;53,16886588;;;;;
3,222232154;9,808818349;10,59193995;;;;;;278400,8581;600,000153;27,6608748;29,86927827;;278400,8581;0,052748603;0,05347844;52,74860341;53,4784402;;;;;
3,2291766;9,595685378;10,52773864;;;;;;279000,8583;600,000153;27,05983967;29,68823055;;279000,8583;0,05302906;0,053786138;53,02905985;53,78613809;;;;;
3,236121046;9,437419906;10,44926751;;;;;;279600,8584;600,000153;26,61353092;29,46694189;;279600,8584;0,053304891;0,054091542;53,30489061;54,09154247;;;;;
3,243065493;9,302159376;10,37171304;;;;;;280200,8586;600,000153;26,23209613;29,24823823;;280200,8586;0,053576768;0,05439468;53,57676806;54,39468014;;;;;
3,250009939;9,1975123;10,3045393;;;;;;280800,8587;600,000153;25,9369913;29,05880822;;280800,8587;0,053845587;0,054695855;53,84558696;54,6958545;;;;;
3,256954385;9,123177258;10,21202629;;;;;;281400,8589;600,000153;25,72736643;28,79792147;;281400,8589;0,054112233;0,054994325;54,11223324;54,99432496;;;;;
3,263898831;9,041900199;10,14490496;;;;;;282000,859;600,000153;25,49816506;28,60863929;;282000,859;0,054376504;0,055290834;54,37650401;55,29083363;;;;;
3,270843277;8,961743055;10,07563403;;;;;;282600,8592;600,000153;25,27212186;28,4132952;;282600,8592;0,054638432;0,055585318;54,63843199;55,5853177;;;;;
3,277787724;8,893988972;9,98840154;;;;;;283200,8593;600,000153;25,0810553;28,16729952;;283200,8593;0,05489838;0,055877252;54,89837971;55,87725219;;;;;
3,28473217;8,822810456;9,879347344;;;;;;283800,8595;600,000153;24,88033183;27,85976661;;283800,8595;0,055156247;0,056165999;55,15624707;56,16599932;;;;;
3,291676616;8,752184088;9,792025245;;;;;;284400,8596;600,000153;24,68116542;27,61351823;;284400,8596;0,05541205;0,056452194;55,4120502;56,45219425;;;;;
3,298621062;8,680332285;9,723929909;;;;;;285000,8598;600,000153;24,47854328;27,42148933;;285000,8598;0,055665753;0,056736399;55,6657533;56,73639894;;;;;
3,305565509;8,616448935;9,63895576;;;;;;285600,8599;600,000153;24,29839219;27,18186217;;285600,8599;0,055917589;0,05701812;55,91758925;57,01812006;;;;;
3,312509955;8,537285182;9,547015625;;;;;;286200,8601;600,000153;24,07515035;26,92259093;;286200,8601;0,056167111;0,057297154;56,16711146;57,29715401;;;;;
3,319454401;8,476242608;9,463237731;;;;;;286800,8602;600,000153;23,90301025;26,6863372;;286800,8602;0,05641485;0,057573739;56,41484956;57,57373936;;;;;
3,326398847;8,409888791;9,356266991;;;;;;287400,8604;600,000153;23,71589244;26,38467964;;287400,8604;0,056660648;0,057847198;56,66064831;57,84719823;;;;;
3,333343293;8,328243419;9,220930711;;;;;;288000,8606;600,000153;23,48565243;26,00303123;;288000,8606;0,056904061;0,058116702;56,90406078;58,11670159;;;;;
3,34028774;8,250427992;9,08871508;;;;;;288600,8607;600,000153;23,26621287;25,63018306;;288600,8607;0,057145199;0,058382341;57,14519892;58,38234063;;;;;
3,347232186;8,178811373;8,94889547;;;;;;289200,8609;600,000153;23,06425395;25,23589166;;289200,8609;0,057384244;0,058643893;57,38424389;58,64389312;;;;;
3,354176632;8,115875333;8,836884983;;;;;;289800,861;600,000153;22,88677427;24,920022;;289800,861;0,057621449;0,058902172;57,6214494;58,90217183;;;;;
3,361121078;8,04985201;8,708611174;;;;;;290400,8612;600,000153;22,70058846;24,55828977;;290400,8612;0,057856725;0,059156701;57,85672523;59,15670145;;;;;
3,368065524;7,971086413;8,593608543;;;;;;291000,8613;600,000153;22,47846941;24,23398227;;291000,8613;0,058089699;0,05940787;58,08969895;59,40786984;;;;;
3,375009971;7,893353314;8,441655361;;;;;;291600,8615;600,000153;22,25926202;23,80547419;;291600,8615;0,058320401;0,059654597;58,32040074;59,65459704;;;;;
3,381954417;7,814581601;8,220801468;;;;;;292200,8616;600,000153;22,03712573;23,18266605;;292200,8616;0,0585488;0,059894869;58,54880024;59,89486927;;;;;
3,388898863;7,742662918;8,169724877;;;;;;292800,8618;600,000153;21,834315;23,03863003;;292800,8618;0,058775098;0,060133649;58,77509775;60,13364867;;;;;
3,395843309;7,672826673;8,120577372;;;;;;293400,8619;600,000153;21,63737674;22,90003403;;293400,8619;0,058999354;0,060370992;58,99935413;60,37099161;;;;;
3,402787756;7,601819553;8,068556791;;;;;;294000,8621;600,000153;21,4371366;22,75333595;;294000,8621;0,059221535;0,060606814;59,22153516;60,60681413;;;;;
3,409732202;7,524066346;8,014431043;;;;;;294600,8622;600,000153;21,2178725;22,6007013;;294600,8622;0,059441444;0,060841055;59,44144367;60,8410547;;;;;
3,416676648;7,447052533;7,972761444;;;;;;295200,8624;600,000153;21,0006935;22,483193;;295200,8624;0,059659101;0,061074077;59,65910126;61,07407738;;;;;
3,423621094;7,377029914;7,918177453;;;;;;295800,8625;600,000153;20,80322966;22,32926611;;295800,8625;0,059874712;0,061305505;59,87471229;61,30550471;;;;;
3,43056554;7,299885565;7,86761168;;;;;;296400,8627;600,000153;20,58568254;22,18667059;;296400,8627;0,060088069;0,061535454;60,08806859;61,53545414;;;;;
3,437509987;7,232614574;7,815678235;;;;;;297000,8628;600,000153;20,3959783;22,04021824;;297000,8628;0,060299459;0,061763886;60,29945874;61,76388569;;;;;
3,444454433;7,155470032;7,759624566;;;;;;297600,863;600,000153;20,17843064;21,88214686;;297600,863;0,060508594;0,061990679;60,50859415;61,99067894;;;;;
3,451398879;7,088783732;7,703362196;;;;;;298200,8632;600,000153;19,99037522;21,72348693;;298200,8632;0,060715781;0,062215828;60,7157805;62,21582779;;;;;
3,458343325;7,016044543;7,644612764;;;;;;298800,8633;600,000153;19,78525066;21,55781349;;298800,8633;0,060920841;0,06243926;60,92084088;62,43925956;;;;;
3,465287772;6,944771952;7,596096242;;;;;;299400,8635;600,000153;19,5842619;21,42099686;;299400,8635;0,061123818;0,062661273;61,12381815;62,66127331;;;;;
3,472232218;6,865949078;7,533865224;;;;;;300000,8636;600,000153;19,36198134;21,24550535;;300000,8636;0,061324492;0,062881468;61,32449164;62,88146821;;;;;
3,479176664;6,797249799;7,47737911;;;;;;300600,8638;600,000153;19,16824932;21,08621447;;300600,8638;0,061523157;0,063100012;61,52315723;63,10001218;;;;;
3,48612111;6,73044116;7,419097525;;;;;;301200,8639;600,000153;18,97984891;20,92186035;;301200,8639;0,06171987;0,063316853;61,71987018;63,31685273;;;;;
3,493065556;6,655452842;7,362820772;;;;;;301800,8641;600,000153;18,7683818;20,76315987;;301800,8641;0,061914391;0,063532048;61,91439142;63,53204845;;;;;
3,500010003;6,591792233;7,311125708;;;;;;302400,8642;600,000153;18,58885884;20,61737975;;302400,8642;0,062107052;0,063745733;62,10705203;63,74573327;;;;;
3,506954449;6,513274107;7,247363815;;;;;;303000,8644;600,000153;18,36743767;20,43757117;;303000,8644;0,062297418;0,063957555;62,29741776;63,9575545;;;;;
3,513898895;6,439131223;7,193700428;;;;;;303600,8645;600,000153;18,15835468;20,28624038;;303600,8645;0,062485616;0,064167807;62,48561649;64,16780729;;;;;
3,520843341;6,374010399;7,148090726;;;;;;304200,8647;600,000153;17,97471391;20,15762099;;304200,8647;0,062671912;0,064376727;62,67191191;64,37672703;;;;;
3,527787787;6,300706532;7,085028111;;;;;;304800,8648;600,000153;17,76799695;19,97978437;;304800,8648;0,062856065;0,064583804;62,85606486;64,58380361;;;;;
3,534732234;6,228945621;7,03161761;;;;;;305400,865;600,000153;17,56563113;19,82916671;;305400,865;0,06303812;0,064789319;63,03812042;64,78931915;;;;;
3,54167668;6,165913037;6,969709018;;;;;;306000,8651;600,000153;17,3878792;19,65458444;;306000,8651;0,063218334;0,064993025;63,21833371;64,99302527;;;;;
3,548621126;6,09858149;6,921249107;;;;;;306600,8653;600,000153;17,19800419;19,51792746;;306600,8653;0,063396579;0,065195315;63,39657908;65,19531503;;;;;
3,555565572;6,035826383;6,868581205;;;;;;307200,8654;600,000153;17,02103474;19,36940394;;307200,8654;0,06357299;0,065396065;63,57299028;65,39606544;;;;;
3,562510019;5,972604381;6,812179767;;;;;;307800,8656;600,000153;16,84274865;19,21035184;;307800,8656;0,063747554;0,065595167;63,74755367;65,5951674;;;;;
3,569454465;5,905482748;6,751675853;;;;;;308400,8658;600,000153;16,6534656;19,03973076;;308400,8658;0,063920155;0,065792501;63,92015527;65,79250098;;;;;
3,576398911;5,834316736;6,701561923;;;;;;309000,8659;600,000153;16,45277739;18,89840944;;309000,8659;0,064090677;0,06598837;64,09067688;65,98836986;;;;;
3,583343357;5,767311955;6,638580317;;;;;;309600,8661;600,000153;16,26382386;18,72080127;;309600,8661;0,06425924;0,066182398;64,25924012;66,18239796;;;;;
3,590287803;5,701428626;6,575631402;;;;;;310200,8662;600,000153;16,07803282;18,54328528;;310200,8662;0,064425878;0,066374586;64,42587776;66,37458624;;;;;
3,59723225;5,637709213;6,520033192;;;;;;310800,8664;600,000153;15,89834404;18,38649829;;310800,8664;0,064590653;0,06656515;64,59065305;66,56514952;;;;;
3,604176696;5,58083862;6,4507035;;;;;;311400,8665;600,000153;15,73796892;18,19098851;;311400,8665;0,064753766;0,066753686;64,75376616;66,75368648;;;;;
3,611121142;5,522361304;6,397643349;;;;;;312000,8667;600,000153;15,57306285;18,04135884;;312000,8667;0,06491517;0,066940673;64,91517014;66,94067263;;;;;
3,618065588;5,457679365;6,342858902;;;;;;312600,8668;600,000153;15,39065973;17,88686666;;312600,8668;0,065074684;0,067126058;65,07468364;67,12605758;;;;;
3,625010034;5,400399905;6,285093902;;;;;;313200,867;600,000153;15,22913162;17,72396932;;313200,867;0,065232523;0,067309754;65,23252301;67,30975421;;;;;
3,631954481;5,349133342;6,234343325;;;;;;313800,8671;600,000153;15,08455987;17,58085266;;313800,8671;0,065388864;0,067491968;65,38886399;67,49196753;;;;;
3,638898927;5,293183749;6,177403965;;;;;;314400,8673;600,000153;14,92678198;17,42028362;;314400,8673;0,06554357;0,067672517;65,54356972;67,67251667;;;;;
3,645843373;5,234551806;6,119221439;;;;;;315000,8674;600,000153;14,76143985;17,25620886;;315000,8674;0,065696562;0,067851365;65,69656179;67,85136529;;;;;
3,652787819;5,179469527;6,06277464;;;;;;315600,8676;600,000153;14,60610779;17,09702884;;315600,8676;0,065847944;0,068028564;65,84794395;68,02856411;;;;;
3,659732266;5,118160225;6,011756538;;;;;;316200,8677;600,000153;14,43321551;16,95315776;;316200,8677;0,065997534;0,068204272;65,9975342;68,20427182;;;;;
3,666676712;5,062540038;5,955929678;;;;;;316800,8679;600,000153;14,27636655;16,79572597;;316800,8679;0,066145499;0,068378348;66,14549883;68,37834785;;;;;
3,673621158;5,004315482;5,901785989;;;;;;317400,868;600,000153;14,11217326;16,64304073;;317400,868;0,066291762;0,068550841;66,2917617;68,55084141;;;;;
3,680565604;4,949481454;5,85250066;;;;;;318000,8682;600,000153;13,95754126;16,50405607;;318000,8682;0,066436422;0,068721894;66,43642192;68,72189448;;;;;
3,68751005;4,900747643;5,80803749;;;;;;318600,8684;600,000153;13,82011188;16,3786699;;318600,8684;0,066579658;0,068891648;66,57965778;68,89164802;;;;;
3,694454497;4,84595983;5,751331396;;;;;;319200,8685;600,000153;13,6656102;16,21875867;;319200,8685;0,066721292;0,069059744;66,72129233;69,05974418;;;;;
3,701398943;4,793817416;5,699136636;;;;;;319800,8687;600,000153;13,51856856;16,07156941;;319800,8687;0,066861403;0,069226315;66,86140291;69,22631484;;;;;
3,708343389;4,734817077;5,643417915;;;;;;320400,8688;600,000153;13,35218756;15,91444258;;320400,8688;0,066999789;0,069391257;66,99978905;69,39125698;;;;;
3,715287835;4,684368146;5,589842226;;;;;;321000,869;600,000153;13,20992154;15,7633591;;321000,869;0,067136701;0,069554633;67,13670071;69,55463325;;;;;
3,722232281;4,635948693;5,541434919;;;;;;321600,8691;600,000153;13,07337865;15,62685046;;321600,8691;0,067272197;0,069716595;67,2721972;69,7165947;;;;;
3,729176728;4,584928457;5,496336574;;;;;;322200,8693;600,000153;12,92950154;15,49967309;;322200,8693;0,067406203;0,069877238;67,4062025;69,87723804;;;;;
3,736121174;4,531213935;5,456495408;;;;;;322800,8694;600,000153;12,77802656;15,38732097;;322800,8694;0,067538638;0,070036717;67,53863787;70,03671693;;;;;
3,74306562;4,482142315;5,402063813;;;;;;323400,8696;600,000153;12,63964455;15,23382384;;323400,8696;0,067669639;0,070194605;67,66963901;70,19460493;;;;;
3,750010066;4,433388024;5,346161229;;;;;;324000,8697;600,000153;12,50215741;15,07617851;;324000,8697;0,067799215;0,070350859;67,79921518;70,35085905;;;;;
3,756954513;4,384995766;5,304042049;;;;;;324600,8699;600,000153;12,36569121;14,95740239;;324600,8699;0,067927377;0,070505882;67,92737698;70,50588214;;;;;
3,763898959;4,336179199;5,254552879;;;;;;325200,87;600,000153;12,22802846;14,8178429;;325200,87;0,068054112;0,070659459;68,054112;70,65945879;;;;;
3,770843405;4,287994292;5,203368099;;;;;;325800,8702;600,000153;12,09214699;14,67350178;;325800,8702;0,068179439;0,070811539;68,17943871;70,81153944;;;;;
3,777787851;4,239045322;5,152830225;;;;;;326400,8703;600,000153;11,95411085;14,53098494;;326400,8703;0,068303335;0,070962143;68,30333476;70,962143;;;;;
3,784732297;5,963861783;6,281632613;;;;;;327000,8705;600,000153;16,81809451;17,71420848;;327000,8705;0,068477643;0,071145738;68,47764263;71,14573847;;;;;
3,791676744;10,34054402;9,673908333;;;;;;327600,8706;600,000153;29,16034157;27,28042846;;327600,8706;0,068779869;0,071428481;68,77986931;71,42848116;;;;;
3,79862119;10,90495131;10,15042352;;;;;;328200,8708;600,000153;30,75197052;28,62420163;;328200,8708;0,069098592;0,071725151;69,09859213;71,72515112;;;;;
3,805565636;10,97153017;10,30703448;;;;;;328800,871;600,000153;30,93972298;29,06584463;;328800,871;0,069419261;0,072026398;69,41926086;72,02639841;;;;;
3,812510082;10,9687706;10,37511991;;;;;;329400,8711;600,000153;30,93194099;29,2578456;;329400,8711;0,069739849;0,072329636;69,73984894;72,32963566;;;;;
3,819454528;10,93647201;10,39923393;;;;;;330000,8713;600,000153;30,84085892;29,32584716;;330000,8713;0,070059493;0,072633578;70,05949302;72,63357769;;;;;
3,826398975;10,89789375;10,42661554;;;;;;330600,8714;600,000153;30,73206822;29,40306332;;330600,8714;0,07037801;0,07293832;70,37800956;72,93832002;;;;;
3,833343421;10,87177128;10,41437015;;;;;;331200,8716;600,000153;30,65840282;29,3685313;;331200,8716;0,070695763;0,073242704;70,69576261;73,24270444;;;;;
3,840287867;10,8434337;10,43211621;;;;;;331800,8717;600,000153;30,57849084;29,41857521;;331800,8717;0,071012687;0,073547608;71,01268742;73,54760754;;;;;
3,847232313;10,79822937;10,461348;;;;;;332400,8719;600,000153;30,45101457;29,50100888;;332400,8719;0,071328291;0,073853365;71,32829104;73,853365;;;;;
3,85417676;10,76111107;10,42849393;;;;;;333000,872;600,000153;30,34634095;29,40836039;;333000,872;0,07164281;0,074158162;71,64280978;74,15816223;;;;;
3,861121206;10,71908021;10,40039096;;;;;;333600,8722;600,000153;30,2278139;29,32910999;;333600,8722;0,0719561;0,074462138;71,95610007;74,46213808;;;;;
3,868065652;10,68074308;10,40835328;;;;;;334200,8723;600,000153;30,11970317;29,35156372;;334200,8723;0,07226827;0,074766347;72,26826987;74,76634665;;;;;
3,875010098;10,63709047;10,42113591;;;;;;334800,8725;600,000153;29,99660278;29,38761076;;334800,8725;0,072579164;0,075070929;72,57916382;75,07092882;;;;;
3,881954544;10,58352569;10,40275243;;;;;;335400,8726;600,000153;29,84555005;29,33576932;;335400,8726;0,072888492;0,075374974;72,88849222;75,37497369;;;;;
3,888898991;10,52673684;10,40578636;;;;;;336000,8728;600,000153;29,68540544;29,34432501;;336000,8728;0,073196161;0,075679107;73,19616082;75,67910723;;;;;
3,895843437;10,47365065;10,39110267;;;;;;336600,8729;600,000153;29,53570237;29,30291699;;336600,8729;0,073502278;0,075982812;73,50227786;75,98281161;;;;;
3,902787883;10,40516628;10,38083508;;;;;;337200,8731;600,000153;29,34257638;29,2739624;;337200,8731;0,073806393;0,076286216;73,80639328;76,2862159;;;;;
3,909732329;10,3420149;10,36931069;;;;;;337800,8732;600,000153;29,16448945;29,24146359;;337800,8732;0,074108663;0,076589283;74,10866295;76,58928335;;;;;
3,916676775;10,27946284;10,34410149;;;;;;338400,8734;600,000153;28,9880926;29,17037363;;338400,8734;0,074409104;0,076891614;74,4091044;76,89161401;;;;;
3,923621222;10,20632648;10,31591667;;;;;;339000,8736;600,000153;28,78184801;29,09089242;;339000,8736;0,074707408;0,077193121;74,70740826;77,1931209;;;;;
3,930565668;10,13780495;10,29699212;;;;;;339600,8737;600,000153;28,58861725;29,03752519;;339600,8737;0,075003709;0,077494075;75,00370941;77,49407468;;;;;
3,937510114;10,0417326;10,29239043;;;;;;340200,8739;600,000153;28,31769315;29,0245484;;340200,8739;0,075297203;0,077794894;75,29720263;77,79489396;;;;;
3,94445456;9,94836884;10,26032834;;;;;;340800,874;600,000153;28,05440728;28,9341333;;340800,874;0,075587967;0,078094776;75,58796708;78,09477616;;;;;
3,951399007;9,853986555;10,22886823;;;;;;341400,8742;600,000153;27,78824917;28,84541575;;341400,8742;0,075875973;0,078393739;75,87597298;78,39373885;;;;;
3,958343453;9,740880225;10,19997639;;;;;;342000,8743;600,000153;27,46928924;28,76394074;;342000,8743;0,076160673;0,078691857;76,16067308;78,69185712;;;;;
3,965287899;9,642106467;10,1797369;;;;;;342600,8745;600,000153;27,19074717;28,70686537;;342600,8745;0,076442486;0,078989384;76,44248628;78,98938383;;;;;
3,972232345;9,534311831;10,15158409;;;;;;343200,8746;600,000153;26,88676622;28,62747442;;343200,8746;0,076721149;0,079286088;76,72114894;79,28608772;;;;;
3,979176791;9,450087961;10,11810998;;;;;;343800,8748;600,000153;26,64925485;28,53307742;;343800,8748;0,07699735;0,079581813;76,99734995;79,58181325;;;;;
3,986121238;9,365974295;10,08474719;;;;;;344400,8749;600,000153;26,41205425;28,43899432;;344400,8749;0,077271093;0,079876564;77,27109255;79,87656367;;;;;
3,993065684;9,290072794;10,0542907;;;;;;345000,8751;600,000153;26,19801196;28,35310699;;345000,8751;0,077542617;0,080170424;77,54261674;80,17042392;;;;;
4,00001013;9,19871542;10,02851669;;;;;;345600,8752;600,000153;25,9403841;28,28042426;;345600,8752;0,077811471;0,080463531;77,8114708;80,46353088;;;;;
4,006954576;9,117691021;10,00712174;;;;;;346200,8754;600,000153;25,71189523;28,2200905;;346200,8754;0,078077957;0,080756013;78,07795673;80,75601251;;;;;
4,013899022;9,040787862;9,96882767;;;;;;346800,8755;600,000153;25,49502827;28,1121012;;346800,8755;0,078342195;0,081047375;78,34219499;81,04737491;;;;;
4,020843469;8,962487505;9,930825331;;;;;;347400,8757;600,000153;25,27422121;28,00493457;;347400,8757;0,078604145;0,081337627;78,60414474;81,3376266;;;;;
4,027787915;8,882463294;9,908115206;;;;;;348000,8758;600,000153;25,04855287;27,94089201;;348000,8758;0,078863756;0,081627215;78,86375559;81,62721454;;;;;
4,034732361;8,801028886;9,861445348;;;;;;348600,876;600,000153;24,81890779;27,80928297;;348600,876;0,079120986;0,081915438;79,12098633;81,91543844;;;;;
4,041676807;8,720873479;9,809788257;;;;;;349200,8762;600,000153;24,59286948;27,66360994;;349200,8762;0,079375874;0,082202153;79,37587433;82,20215254;;;;;
4,048621254;8,646011834;9,769536629;;;;;;349800,8763;600,000153;24,38175959;27,55010032;;349800,8763;0,079628574;0,08248769;79,62857434;82,48769019;;;;;
4,0555657;8,562751146;9,713261971;;;;;;350400,8765;600,000153;24,14696439;27,39140574;;350400,8765;0,079878841;0,082771583;79,87884085;82,77158308;;;;;
4,062510146;8,484458864;9,66401646;;;;;;351000,8766;600,000153;23,9261801;27,25253336;;351000,8766;0,080126819;0,083054037;80,12681908;83,05403666;;;;;
4,069454592;8,402190956;9,616719847;;;;;;351600,8768;600,000153;23,69418454;27,11915688;;351600,8768;0,080372393;0,083335108;80,37239285;83,33510788;;;;;
4,076399038;8,323314449;9,553777628;;;;;;352200,8769;600,000153;23,47175273;26,94165978;;352200,8769;0,080615661;0,083614339;80,61566126;83,61433947;;;;;
4,083343485;8,248220173;9,486866812;;;;;;352800,8771;600,000153;23,25998682;26,75297123;;352800,8771;0,080856735;0,083891615;80,85673486;83,89161543;;;;;
4,090287931;8,169107974;9,421734969;;;;;;353400,8772;600,000153;23,03689036;26,56929939;;353400,8772;0,081095496;0,084166988;81,09549623;84,16698777;;;;;
4,097232377;8,084637595;9,366567832;;;;;;354000,8774;600,000153;22,79868383;26,41372802;;354000,8774;0,081331789;0,084440748;81,33178875;84,44074771;;;;;
4,104176823;8,020704144;9,298355045;;;;;;354600,8775;600,000153;22,61839145;26,22136791;;354600,8775;0,081566213;0,084712514;81,56621266;84,71251397;;;;;
4,111121269;7,943570426;9,219537233;;;;;;355200,8777;600,000153;22,40087431;25,99910163;;355200,8777;0,081798382;0,084981977;81,79838217;84,9819766;;;;;
4,118065716;7,871374582;9,136284078;;;;;;355800,8778;600,000153;22,19728198;25,76432767;;355800,8778;0,082028442;0,085249006;82,02844157;85,24900596;;;;;
4,125010162;7,799058175;9,057284305;;;;;;356400,878;600,000153;21,99334966;25,54154825;;356400,878;0,082256387;0,085513726;82,25638736;85,51372636;;;;;
4,131954608;7,720486054;8,994557745;;;;;;357000,8781;600,000153;21,77177622;25,36465931;;357000,8781;0,082482037;0,085776613;82,4820367;85,77661344;;;;;
4,138899054;7,643251263;8,919663862;;;;;;357600,8783;600,000153;21,55397406;25,1534585;;357600,8783;0,082705429;0,086037312;82,70542867;86,03731156;;;;;
4,145843501;7,563540389;8,84267327;;;;;;358200,8784;600,000153;21,32918933;24,93634498;;358200,8784;0,082926491;0,086295759;82,9264909;86,29575945;;;;;
4,152787947;7,493937515;8,760156796;;;;;;358800,8786;600,000153;21,13290918;24,70364846;;358800,8786;0,083145519;0,086551796;83,14551882;86,55179561;;;;;
4,159732393;7,422432456;8,679762518;;;;;;359400,8788;600,000153;20,93126486;24,47693654;;359400,8788;0,083362457;0,086805482;83,36245684;86,80548205;;;;;
4,166676839;7,340720427;8,602088551;;;;;;360000,8789;600,000153;20,70083688;24,2578959;;360000,8789;0,083577007;0,087056898;83,57700664;87,05689829;;;;;
4,173621285;7,26415661;8,526890583;;;;;;360600,8791;600,000153;20,48492686;24,04583757;;360600,8791;0,083789319;0,087306117;83,78931867;87,30611669;;;;;
4,180565732;7,184195363;8,440520766;;;;;;361200,8792;600,000153;20,25943609;23,80227463;;361200,8792;0,083999294;0,087552811;83,99929366;87,55281074;;;;;
4,187510178;7,107127195;8,341144713;;;;;;361800,8794;600,000153;20,0421038;23,52203409;;361800,8794;0,084207016;0,0877966;84,20701614;87,79660028;;;;;
4,194454624;7,033026306;8,241559337;;;;;;362400,8795;600,000153;19,83313924;23,24120325;;362400,8795;0,084412573;0,088037479;84,41257285;88,03747921;;;;;
4,20139907;6,958640386;8,162890405;;;;;;363000,8797;600,000153;19,62337089;23,01935681;;363000,8797;0,084615955;0,088276059;84,61595546;88,27605885;;;;;
4,208343516;6,887122264;8,071175066;;;;;;363600,8798;600,000153;19,42168974;22,76071949;;363600,8798;0,084817248;0,088511958;84,81724778;88,5119579;;;;;
4,215287963;6,813714514;7,959539431;;;;;;364200,88;600,000153;19,21467983;22,44590692;;364200,88;0,085016395;0,088744594;85,01639459;88,74459413;;;;;
4,222232409;6,739761596;7,870771497;;;;;;364800,8801;600,000153;19,00613255;22,19558128;;364800,8801;0,08521338;0,088974636;85,21337995;88,97463591;;;;;
4,229176855;6,676820024;7,761008742;;;;;;365400,8803;600,000153;18,82863727;21,88605023;;365400,8803;0,085408526;0,08920147;85,40852569;89,20146962;;;;;
4,236121301;6,61581671;7,676493716;;;;;;366000,8804;600,000153;18,65660788;21,6477178;;366000,8804;0,085601888;0,089425833;85,60188848;89,42583317;;;;;
4,243065748;6,542541329;7,607844278;;;;;;366600,8806;600,000153;18,44997125;21,45412633;;366600,8806;0,08579311;0,08964819;85,79310961;89,64819029;;;;;
4,250010194;6,472783287;7,527733378;;;;;;367200,8807;600,000153;18,25325352;21,22821354;;367200,8807;0,085982292;0,089868206;85,9822919;89,86820598;;;;;
4,25695464;6,405250567;7,450849318;;;;;;367800,8809;600,000153;18,0628112;21,01140043;;367800,8809;0,0861695;0,090085975;86,16950039;90,08597455;;;;;
4,263899086;6,335317614;7,380810178;;;;;;368400,881;600,000153;17,86560023;20,81389001;;368400,881;0,086354665;0,090301696;86,35466493;90,30169606;;;;;
4,270843532;6,265647437;7,309652695;;;;;;369000,8812;600,000153;17,66913028;20,61322586;;369000,8812;0,086537793;0,090515338;86,53779319;90,51533782;;;;;
4,277787979;6,203680379;7,232141988;;;;;;369600,8814;600,000153;17,49438313;20,39464561;;369600,8814;0,08671911;0,090726714;86,71911032;90,72671416;;;;;
4,284732425;6,134677879;7,163935428;;;;;;370200,8815;600,000153;17,29979603;20,20230306;;370200,8815;0,086898411;0,090936097;86,89841069;90,936097;;;;;
4,291676871;6,069026931;7,082664363;;;;;;370800,8817;600,000153;17,11466031;19,9731186;;370800,8817;0,087075792;0,091143104;87,07579225;91,1431045;;;;;
4,298621317;6,010787043;7,010776826;;;;;;371400,8818;600,000153;16,95042378;19,77039569;;371400,8818;0,087251472;0,091348011;87,25147162;91,34801091;;;;;
4,305565763;5,946948059;6,937598032;;;;;;372000,882;600,000153;16,7703978;19,56403144;;372000,882;0,087425285;0,091550779;87,42528514;91,55077851;;;;;
4,31251021;5,882381767;6,872498388;;;;;;372600,8821;600,000153;16,58832081;19,38045039;;372600,8821;0,087597212;0,091751643;87,59721157;91,75164341;;;;;
4,319454656;5,819768058;6,796376589;;;;;;373200,8823;600,000153;16,41175011;19,16578687;;373200,8823;0,087767308;0,091950283;87,76730795;91,95028348;;;;;
4,326399102;5,753313726;6,725879296;;;;;;373800,8824;600,000153;16,22434884;18,96698445;;373800,8824;0,087935462;0,092146863;87,93546206;92,1468631;;;;;
4,333343548;5,694621465;6,661629683;;;;;;374400,8826;600,000153;16,05883662;18,7858005;;374400,8826;0,088101901;0,092341565;88,10190075;92,34156487;;;;;
4,340287995;5,633183865;6,595185373;;;;;;375000,8827;600,000153;15,88558255;18,59842749;;375000,8827;0,088266544;0,092534325;88,26654377;92,53432465;;;;;
4,347232441;5,571867303;6,529067347;;;;;;375600,8829;600,000153;15,7126698;18,41197461;;375600,8829;0,088429395;0,092725152;88,42939468;92,72515198;;;;;
4,354176887;5,521690391;6,456180549;;;;;;376200,883;600,000153;15,57117087;18,20643379;;376200,883;0,088590779;0,092913849;88,59077905;92,91384902;;;;;
4,361121333;5,4599374;6,390124828;;;;;;376800,8832;600,000153;15,39702739;18,02015661;;376800,8832;0,088750359;0,093100615;88,75035854;93,10061542;;;;;
4,368065779;5,399315662;6,32708929;;;;;;377400,8833;600,000153;15,22607405;17,84239635;;377400,8833;0,088908166;0,093285539;88,90816622;93,28553947;;;;;
4,375010226;5,336807513;6,260250776;;;;;;378000,8835;600,000153;15,04980102;17,65391169;;378000,8835;0,089064147;0,09346851;89,06414696;93,46851;;;;;
4,381954672;5,282416041;6,194350121;;;;;;378600,8836;600,000153;14,89641703;17,46807179;;378600,8836;0,089218538;0,093649554;89,21853797;93,64955443;;;;;
4,388899118;5,226376646;6,133020363;;;;;;379200,8838;600,000153;14,7383859;17,29512183;;379200,8838;0,089371291;0,093828806;89,3712911;93,82880635;;;;;
4,395843564;5,170383525;6,062516914;;;;;;379800,884;600,000153;14,58048526;17,09630205;;379800,884;0,089522408;0,094005998;89,5224077;94,00599764;;;;;
4,402788011;5,12091305;6,012108421;;;;;;380400,8841;600,000153;14,44097848;16,95415007;;380400,8841;0,089672078;0,094181716;89,67207841;94,18171563;;;;;
4,409732457;5,06813696;5,956647748;;;;;;381000,8843;600,000153;14,29214987;16,79775093;;381000,8843;0,089820207;0,094355813;89,82020662;94,35581265;;;;;
4,416676903;5,014798311;5,904600711;;;;;;381600,8844;600,000153;14,14173484;16,65097825;;381600,8844;0,089966776;0,094528388;89,96677588;94,52838848;;;;;
4,423621349;4,964426508;5,844150071;;;;;;382200,8846;600,000153;13,99968632;16,4805074;;382200,8846;0,090111873;0,094699197;90,1118729;94,69919749;;;;;
4,430565795;4,911307816;5,790588947;;;;;;382800,8847;600,000153;13,84989157;16,32946499;;382800,8847;0,090255417;0,094868441;90,25541741;94,86844105;;;;;
4,437510242;4,859942696;5,732900318;;;;;;383400,8849;600,000153;13,7050419;16,16678302;;383400,8849;0,090397461;0,095035999;90,39746065;95,03599852;;;;;
4,444454688;4,812847954;5,67606285;;;;;;384000,885;600,000153;13,57223469;16,00650132;;384000,885;0,090538127;0,095201895;90,53812743;95,20189479;;;;;
4,451399134;4,767777975;5,623596649;;;;;;384600,8852;600,000153;13,44513732;15,85854659;;384600,8852;0,090677477;0,095366258;90,67747694;95,36625761;;;;;
4,45834358;4,719671549;5,563675283;;;;;;385200,8853;600,000153;13,30947716;15,6895683;;385200,8853;0,09081542;0,095528869;90,81542042;95,52886908;;;;;
4,465288026;4,669060761;5,503277499;;;;;;385800,8855;600,000153;13,1667547;15,5192465;;385800,8855;0,090951885;0,095689715;90,95188469;95,68971529;;;;;
4,472232473;4,622813998;5,445315855;;;;;;386400,8856;600,000153;13,0363388;15,35579463;;386400,8856;0,091086997;0,095848867;91,08699728;95,84886744;;;;;
4,479176919;4,579327765;5,395040631;;;;;;387000,8858;600,000153;12,91370759;15,21401846;;387000,8858;0,091220839;0,09600655;91,22083889;96,00655017;;;;;
4,486121365;4,531563645;5,344058629;;;;;;387600,8859;600,000153;12,77901274;15,07024918;;387600,8859;0,091353284;0,096162743;91,35328448;96,16274283;;;;;
4,493065811;4,483417398;5,291530238;;;;;;388200,8861;600,000153;12,64324029;14,92211908;;388200,8861;0,091484323;0,0963174;91,48432289;96,31740023;;;;;
4,500010258;4,438147845;5,240899596;;;;;;388800,8862;600,000153;12,51558011;14,77934063;;388800,8862;0,091614038;0,096470578;91,61403818;96,47057783;;;;;
4,506954704;4,39569144;5,193205177;;;;;;389400,8864;600,000153;12,39585302;14,64484233;;389400,8864;0,091742513;0,096622361;91,74251258;96,62236145;;;;;
4,51389915;4,352115018;5,144902586;;;;;;390000,8866;600,000153;12,27296748;14,50862899;;390000,8866;0,091869713;0,096772733;91,86971337;96,77273331;;;;;
4,520843596;4,309142446;5,097027848;;;;;;390600,8867;600,000153;12,1517848;14,3736222;;390600,8867;0,091995658;0,096921706;91,99565818;96,92170592;;;;;
4,527788042;4,268322718;5,04835254;;;;;;391200,8869;600,000153;12,03667313;14,23635779;;391200,8869;0,09212041;0,097069256;92,12040993;97,06925588;;;;;
4,534732489;4,227057798;5,002446785;;;;;;391800,887;600,000153;11,92030603;14,10690353;;391800,887;0,092243956;0,097215464;92,24395562;97,21546413;;;;;
4,541676935;4,186435354;4,959379691;;;;;;392400,8872;600,000153;11,80575071;13,98545429;;392400,8872;0,092366314;0,097360414;92,36631403;97,36041365;;;;;
4,548621381;4,146120219;4,915016924;;;;;;393000,8873;600,000153;11,692062;13,86035126;;393000,8873;0,092487494;0,097504067;92,48749413;97,50406656;;;;;
4,555565827;4,105156288;4,868140946;;;;;;393600,8875;600,000153;11,57654368;13,72816097;;393600,8875;0,092607477;0,097646349;92,60747696;97,64634942;;;;;
4,562510273;4,064048093;4,821127504;;;;;;394200,8876;600,000153;11,46061854;13,59558303;;394200,8876;0,092726258;0,097787258;92,72625831;97,78725819;;;;;
4,56945472;4,021161928;4,780391791;;;;;;394800,8878;600,000153;11,33967953;13,48070829;;394800,8878;0,092843786;0,097926976;92,84378621;97,92697637;;;;;
4,576399166;3,982634034;4,733292618;;;;;;395400,8879;600,000153;11,23103084;13,34788858;;395400,8879;0,092960188;0,098065318;92,96018804;98,06531796;;;;;
4,583343612;3,9455494;4,688600981;;;;;;396000,8881;600,000153;11,12645215;13,22185814;;396000,8881;0,093075506;0,098202353;93,07550599;98,20235333;;;;;
4,590288058;3,905291375;4,643007471;;;;;;396600,8882;600,000153;11,01292449;13,09328441;;396600,8882;0,093189647;0,098338056;93,1896473;98,33805613;;;;;
4,597232505;3,865358695;4,596673148;;;;;;397200,8884;600,000153;10,9003143;12,96262158;;397200,8884;0,093302621;0,098472405;93,30262149;98,4724047;;;;;
4,604176951;3,825598194;4,550911937;;;;;;397800,8885;600,000153;10,78818966;12,83357493;;397800,8885;0,093414434;0,098605416;93,41443358;98,60541579;;;;;
4,611121397;3,78611846;4,509216528;;;;;;398400,8887;600,000153;10,67685678;12,71599385;;398400,8887;0,093525092;0,098737208;93,52509178;98,73720823;;;;;
4,618065843;3,748702343;4,476178561;;;;;;399000,8888;600,000153;10,5713433;12,62282676;;399000,8888;0,093634656;0,098868035;93,63465641;98,86803506;;;;;
4,625010289;3,709107149;4,432494637;;;;;;399600,889;600,000153;10,45968483;12,49963806;;399600,889;0,093743064;0,098997585;93,74306378;98,99758513;;;;;
4,631954736;3,671722802;4,395266128;;;;;;400200,8892;600,000153;10,35426094;12,39465364;;400200,8892;0,093850379;0,099126047;93,8503785;99,1260471;;;;;
4,638899182;3,631256945;4,357341116;;;;;;400800,8893;600,000153;10,2401472;12,28770508;;400800,8893;0,093956511;0,099253401;93,95651052;99,25340063;;;;;
4,645843628;3,596738424;4,314959718;;;;;;401400,8895;600,000153;10,14280494;12,16818951;;401400,8895;0,094061634;0,099379515;94,06163364;99,37951546;;;;;
4,652788074;3,561938882;4,272620667;;;;;;402000,8896;600,000153;10,04467021;12,04879335;;402000,8896;0,09416574;0,099504393;94,16573967;99,50439284;;;;;
4,65973252;3,526692712;4,229836876;;;;;;402600,8898;600,000153;9,945275983;11,92814303;;402600,8898;0,094268816;0,09962802;94,26881555;99,62801975;;;;;
4,666676967;3,490624259;4,194492559;;;;;;403200,8899;600,000153;9,84356292;11,82847203;;403200,8899;0,094370837;0,099750614;94,37083724;99,75061365;;;;;
4,673621413;3,457219071;4,158924562;;;;;;403800,8901;600,000153;9,749360266;11,72817025;;403800,8901;0,094471883;0,099872168;94,47188259;99,87216798;;;;;
4,680565859;3,423292842;4,118506052;;;;;;404400,8902;600,000153;9,653688275;11,61419003;;404400,8902;0,094571936;0,099992541;94,57193636;99,992541;;;;;
4,687510305;3,392072199;4,080126535;;;;;;405000,8904;600,000153;9,56564604;11,50595976;;405000,8904;0,094671078;0,100111792;94,67107764;100,1117923;;;;;
4,694454752;3,360879291;4,044438049;;;;;;405600,8905;600,000153;9,477682016;11,40531821;;405600,8905;0,094769307;0,10023;94,76930723;100,2300005;;;;;
4,701399198;3,326702881;4,01090962;;;;;;406200,8907;600,000153;9,381304517;11,31076801;;406200,8907;0,094866538;0,100347229;94,86653793;100,3472287;;;;;
4,708343644;3,294100809;3,9758661;;;;;;406800,8908;600,000153;9,289366649;11,21194526;;406800,8908;0,094962816;0,100463433;94,96281576;100,4634328;;;;;
4,71528809;3,262967961;3,940128546;;;;;;407400,891;600,000153;9,201571996;11,11116533;;407400,891;0,095058184;0,100578592;95,05818367;100,5785923;;;;;
4,722232536;3,231459584;3,90233294;;;;;;408000,8911;600,000153;9,11271835;11,0045817;;408000,8911;0,095152631;0,100692647;95,15263066;100,6926471;;;;;
4,729176983;3,199110859;3,862939208;;;;;;408600,8913;600,000153;9,021494922;10,89349134;;408600,8913;0,095246132;0,100805551;95,24613219;100,8055506;;;;;
4,736121429;3,16817578;3,828934813;;;;;;409200,8915;600,000153;8,934257976;10,79759893;;409200,8915;0,09533873;0,10091746;95,33872957;100,9174602;;;;;
4,743065875;3,136733147;3,79774716;;;;;;409800,8916;600,000153;8,845589729;10,70964972;;409800,8916;0,095430408;0,101028458;95,43040796;101,0284583;;;;;
4,750010321;3,103122955;3,76587231;;;;;;410400,8918;600,000153;8,750808963;10,61976262;;410400,8918;0,095521104;0,101138525;95,52110401;101,1385247;;;;;
4,756954767;3,07112219;3,735093758;;;;;;411000,8919;600,000153;8,660566783;10,53296708;;411000,8919;0,095610865;0,101247692;95,61086477;101,2476916;;;;;
4,763899214;3,040683485;3,701896525;;;;;;411600,8921;600,000153;8,574729614;10,43935086;;411600,8921;0,095699736;0,101355888;95,69973589;101,3558882;;;;;
4,77084366;3,008789444;3,667959937;;;;;;412200,8922;600,000153;8,484788395;10,34364966;;412200,8922;0,095787675;0,101463093;95,78767483;101,463093;;;;;
4,777788106;2,981097994;3,631192239;;;;;;412800,8924;600,000153;8,406698488;10,23996472;;412800,8924;0,095874804;0,101569223;95,87480442;101,5692231;;;;;
4,784732552;2,952791833;3,60094268;;;;;;413400,8925;600,000153;8,326875092;10,15466095;;413400,8925;0,095961107;0,101674469;95,96110669;101,6744691;;;;;
4,791676999;2,923866788;3,567903128;;;;;;414000,8927;600,000153;8,245306444;10,06148938;;414000,8927;0,096046564;0,101778749;96,04656357;101,7787495;;;;;
4,798621445;2,894488867;3,538806511;;;;;;414600,8928;600,000153;8,162460685;9,979436905;;414600,8928;0,096131162;0,101882179;96,1311618;101,8821794;;;;;
4,805565891;3,493956256;4,059129951;;;;;;415200,893;600,000153;9,852959153;11,44674938;;415200,893;0,096233281;0,102000817;96,23328088;102,000817;;;;;
4,812510337;8,471620453;9,500207868;;;;;;415800,8931;600,000153;23,88997577;26,79059302;;415800,8931;0,096480884;0,102278483;96,48088388;102,2784829;;;;;
4,819454783;10,60321913;11,09529815;;;;;;416400,8933;600,000153;29,90108556;31,28874875;;416400,8933;0,096790788;0,102602769;96,79078786;102,602769;;;;;
4,82639923;10,94807842;11,36195368;;;;;;417000,8934;600,000153;30,87358901;32,04071756;;417000,8934;0,097110771;0,102934849;97,11077117;102,9348488;;;;;
4,833343676;10,98356148;11,4447356;;;;;;417600,8936;600,000153;30,97365128;32,27416261;;417600,8936;0,097431792;0,103269348;97,43179154;103,2693481;;;;;
4,840288122;10,97492488;11,48738694;;;;;;418200,8937;600,000153;30,94929605;32,39443943;;418200,8937;0,097752559;0,103605094;97,7525595;103,6050939;;;;;
4,847232568;10,94631736;11,49153501;;;;;;418800,8939;600,000153;30,86862281;32,40613699;;418800,8939;0,098072491;0,103940961;98,07249133;103,940961;;;;;
4,854177014;10,91409047;11,48498481;;;;;;419400,8941;600,000153;30,77774299;32,38766543;;419400,8941;0,098391481;0,104276637;98,39148126;104,2766367;;;;;
4,861121461;10,88218482;11,46769352;;;;;;420000,8942;600,000153;30,68776903;32,33890398;;420000,8942;0,098709539;0,104611807;98,70953866;104,611807;;;;;
4,868065907;10,83710732;11,44994844;;;;;;420600,8944;600,000153;30,56065042;32,28886284;;420600,8944;0,099026279;0,104946459;99,02627858;104,9464586;;;;;
4,875010353;10,7828259;11,42634225;;;;;;421200,8945;600,000153;30,40757678;32,22229337;;421200,8945;0,099341432;0,10528042;99,34143199;105,2804203;;;;;
4,881954799;10,73949232;11,39762734;;;;;;421800,8947;600,000153;30,28537607;32,1413173;;421800,8947;0,099655319;0,105613543;99,65531887;105,6135427;;;;;
4,888899246;10,70583818;11,38366081;;;;;;422400,8948;600,000153;30,19047135;32,10193166;;422400,8948;0,099968222;0,105946257;99,96822213;105,9462569;;;;;
4,895843692;10,66706734;11,36339898;;;;;;423000,895;600,000153;30,08113756;32,0447933;;423000,895;0,100279992;0,106278379;100,2799922;106,278379;;;;;
4,902788138;10,61748478;11,34941237;;;;;;423600,8951;600,000153;29,94131471;32,00535105;;423600,8951;0,100590313;0,106610092;100,5903132;106,6100922;;;;;
4,909732584;10,55990244;11,3441619;;;;;;424200,8953;600,000153;29,77893246;31,9905447;;424200,8953;0,100898951;0,106941652;100,8989511;106,941652;;;;;
4,91667703;10,51115189;11,32313022;;;;;;424800,8954;600,000153;29,64145589;31,93123537;;424800,8954;0,101206164;0,107272597;101,2061642;107,272597;;;;;
4,923621477;10,45134485;11,28480136;;;;;;425400,8956;600,000153;29,47279998;31,82314796;;425400,8956;0,101511629;0,107602422;101,5116293;107,6024219;;;;;
4,930565923;10,39446503;11,27211696;;;;;;426000,8957;600,000153;29,31239887;31,78737794;;426000,8957;0,101815432;0,107931876;101,815432;107,931876;;;;;
4,937510369;10,344914;11,26551848;;;;;;426600,8959;600,000153;29,17266491;31,7687702;;426600,8959;0,102117786;0,108261137;102,1177864;108,2611372;;;;;
4,944454815;10,283102;11,23896896;;;;;;427200,896;600,000153;28,99835502;31,69390056;;427200,896;0,102418334;0,108589622;102,4183342;108,5896224;;;;;
4,951399261;10,21167146;11,22222583;;;;;;427800,8962;600,000153;28,79692087;31,6466849;;427800,8962;0,102716794;0,108917618;102,7167942;108,9176184;;;;;
4,958343708;10,12152849;11,2142461;;;;;;428400,8963;600,000153;28,54271762;31,62418207;;428400,8963;0,10301262;0,109245381;103,0126197;109,245381;;;;;
4,965288154;10,03447511;11,20201064;;;;;;429000,8965;600,000153;28,29722704;31,58967806;;429000,8965;0,103305901;0,109572786;103,3059008;109,5727861;;;;;
4,9722326;9,939476332;11,20022378;;;;;;429600,8967;600,000153;28,0293304;31,58463912;;429600,8967;0,103596405;0,109900139;103,5964053;109,9001389;;;;;
4,979177046;9,861049814;11,1520893;;;;;;430200,8968;600,000153;27,80816757;31,44889983;;430200,8968;0,103884618;0,110226085;103,8846177;110,2260849;;;;;
4,986121493;9,78005023;11,12106522;;;;;;430800,897;600,000153;27,57974868;31,36141192;;430800,897;0,104170463;0,110551124;104,1704626;110,5511242;;;;;
4,993065939;9,717733912;11,04570078;;;;;;431400,8971;600,000153;27,40401662;31,14888414;;431400,8971;0,104454486;0,110873961;104,4544862;110,8739607;;;;;
5,000010385;9,632529627;11,04576631;;;;;;432000,8973;600,000153;27,16374047;31,14906893;;432000,8973;0,104736019;0,111196799;104,7360195;111,1967992;;;;;
5,006954831;9,565412289;11,03543052;;;;;;432600,8974;600,000153;26,97446953;31,11992201;;432600,8974;0,105015591;0,111519336;105,0155911;111,5193356;;;;;
5,013899277;9,501513962;11,01616918;;;;;;433200,8976;600,000153;26,79427621;31,06560499;;433200,8976;0,105293295;0,111841309;105,2932952;111,841309;;;;;
5,020843724;9,426973013;10,9940393;;;;;;433800,8977;600,000153;26,58407067;31,00319872;;433800,8977;0,105568821;0,112162636;105,5688206;112,1626356;;;;;
5,02778817;9,347516955;10,968491;;;;;;434400,8979;600,000153;26,36000453;30,93115251;;434400,8979;0,105842024;0,112483216;105,8420238;112,4832155;;;;;
5,034732616;9,283847075;10,9273483;;;;;;435000,898;600,000153;26,18045543;30,81513007;;435000,898;0,106113366;0,112802593;106,113366;112,8025929;;;;;
5,041677062;9,217452073;10,933735;;;;;;435600,8982;600,000153;25,99322147;30,83314056;;435600,8982;0,106382768;0,113122157;106,3827677;113,122157;;;;;
5,048621508;9,14800656;10,89682849;;;;;;436200,8983;600,000153;25,79738508;30,72906417;;436200,8983;0,10665014;0,113440642;106,6501397;113,4406424;;;;;
5,055565955;9,077314468;10,87752242;;;;;;436800,8985;600,000153;25,59803333;30,67462103;;436800,8985;0,106915445;0,113758564;106,9154455;113,7585636;;;;;
5,062510401;9,012684124;10,87063295;;;;;;437400,8986;600,000153;25,41577571;30,65519272;;437400,8986;0,107178862;0,114076283;107,1788623;114,0762833;;;;;
5,069454847;8,935002008;10,86142054;;;;;;438000,8988;600,000153;25,19671209;30,62921373;;438000,8988;0,107440009;0,114393734;107,4400088;114,3937339;;;;;
5,076399293;8,867848028;10,81966514;;;;;;438600,8989;600,000153;25,00733781;30,51146347;;438600,8989;0,107699192;0,114709964;107,6991924;114,709964;;;;;
5,08334374;8,801698618;10,78274807;;;;;;439200,8991;600,000153;24,82079643;30,40735731;;439200,8991;0,107956443;0,115025115;107,9564428;115,0251151;;;;;
5,090288186;8,739201875;10,75269095;;;;;;439800,8993;600,000153;24,64455557;30,3225962;;439800,8993;0,108211866;0,115339388;108,2118665;115,3393878;;;;;
5,097232632;8,665062734;10,70053492;;;;;;440400,8994;600,000153;24,43548314;30,17551616;;440400,8994;0,108465123;0,115652136;108,4651233;115,652136;;;;;
5,104177078;8,598104828;10,6671567;;;;;;441000,8996;600,000153;24,2466618;30,08138955;;441000,8996;0,108716423;0,115963909;108,7164231;115,9639087;;;;;
5,111121524;8,542297433;10,63118248;;;;;;441600,8997;600,000153;24,0892849;29,97994224;;441600,8997;0,108966092;0,11627463;108,9660918;116,27463;;;;;
5,118065971;8,484973256;10,60174842;;;;;;442200,8999;600,000153;23,92763068;29,89693816;;442200,8999;0,109214085;0,116584491;109,214085;116,584491;;;;;
5,125010417;8,418729154;10,55453321;;;;;;442800,9;600,000153;23,74082227;29,76379123;;442800,9;0,109460142;0,116892972;109,4601422;116,892972;;;;;
5,131954863;8,349999741;10,51395422;;;;;;443400,9002;600,000153;23,54700527;29,64935846;;443400,9002;0,109704191;0,117200267;109,7041905;117,200267;;;;;
5,138899309;8,293618563;10,45569362;;;;;;444000,9003;600,000153;23,38801031;29,48506353;;444000,9003;0,109946591;0,117505859;109,946591;117,5058592;;;;;
5,145843755;8,239542115;10,40912094;;;;;;444600,9005;600,000153;23,23551469;29,35372853;;444600,9005;0,110187411;0,11781009;110,187411;117,8100902;;;;;
5,152788202;8,170889626;10,36342439;;;;;;445200,9006;600,000153;23,04191462;29,22486422;;445200,9006;0,110426224;0,118112986;110,4262244;118,1129856;;;;;
5,159732648;8,099322058;10,31364885;;;;;;445800,9008;600,000153;22,84009403;29,08449717;;445800,9008;0,110662946;0,118414426;110,6629461;118,4144263;;;;;
5,166677094;8,034898833;10,25617759;;;;;;446400,9009;600,000153;22,65842048;28,92242817;;446400,9009;0,110897785;0,118714187;110,8977849;118,7141871;;;;;
5,17362154;7,969090547;10,18834024;;;;;;447000,9011;600,000153;22,47284107;28,7311268;;447000,9011;0,1111307;0,119011965;111,1307003;119,0119653;;;;;
5,180565987;7,902895085;10,12432827;;;;;;447600,9012;600,000153;22,28616982;28,550613;;447600,9012;0,111361681;0,119307873;111,361681;119,3078726;;;;;
5,187510433;7,842809638;10,06804588;;;;;;448200,9014;600,000153;22,11672882;28,39189663;;448200,9014;0,111590905;0,119602135;111,5909055;119,6021349;;;;;
5,194454879;7,77233502;10,00760902;;;;;;448800,9015;600,000153;21,91799034;28,22146463;;448800,9015;0,11181807;0,119894631;111,8180702;119,8946307;;;;;
5,201399325;7,699519651;9,95084265;;;;;;449400,9017;600,000153;21,71265095;28,06138343;;449400,9017;0,112043107;0,120185467;112,0431068;120,1854675;;;;;
5,208343771;7,632748074;9,884290759;;;;;;450000,9019;600,000153;21,52435506;27,87370705;;450000,9019;0,112266192;0,120474359;112,2661918;120,4743591;;;;;
5,215288218;7,575654651;9,827925908;;;;;;450600,902;600,000153;21,36335156;27,71475813;;450600,902;0,112487608;0,120761603;112,4876081;120,7616033;;;;;
5,222232664;7,510792733;9,770651722;;;;;;451200,9022;600,000153;21,18044091;27,55324488;;451200,9022;0,112707129;0,121047174;112,7071286;121,0471736;;;;;
5,22917711;7,445419;9,700084557;;;;;;451800,9023;600,000153;20,99608693;27,35424542;;451800,9023;0,112924738;0,121330681;112,9247385;121,3306813;;;;;
5,236121556;7,383113419;9,635396241;;;;;;452400,9025;600,000153;20,82038515;27,17182433;;452400,9025;0,113140527;0,121612298;113,1405273;121,6122984;;;;;
5,243066003;7,324521759;9,566639618;;;;;;453000,9026;600,000153;20,65515663;26,9779306;;453000,9026;0,113354604;0,121891906;113,3546037;121,8919059;;;;;
5,250010449;7,269211124;9,496759928;;;;;;453600,9028;600,000153;20,4991806;26,78086982;;453600,9028;0,113567063;0,122169471;113,5670634;122,169471;;;;;
5,256954895;7,20839672;9,426079501;;;;;;454200,9029;600,000153;20,32768393;26,58155097;;454200,9029;0,113777746;0,12244497;113,7777458;122,4449703;;;;;
5,263899341;7,153918297;9,353709968;;;;;;454800,9031;600,000153;20,17405474;26,37746883;;454800,9031;0,113986836;0,122718354;113,9868358;122,7183545;;;;;
5,270843787;7,089183839;9,263373585;;;;;;455400,9032;600,000153;19,99150352;26,12272017;;455400,9032;0,114194034;0,122989098;114,1940339;122,9890983;;;;;
5,277788234;7,020126964;9,184845117;;;;;;456000,9034;600,000153;19,79676309;25,90126983;;456000,9034;0,114399214;0,123257547;114,3992136;123,257547;;;;;
5,28473268;6,957052407;9,116816935;;;;;;456600,9035;600,000153;19,61889279;25,70943031;;456600,9035;0,11460255;0,123524007;114,6025498;123,5240074;;;;;
5,291677126;6,902075173;9,012759998;;;;;;457200,9037;600,000153;19,46385695;25,41598967;;457200,9037;0,114804279;0,123787426;114,8042791;123,7874264;;;;;
5,298621572;6,847635308;8,922906892;;;;;;457800,9038;600,000153;19,31033649;25,16260385;;457800,9038;0,115004417;0,124048219;115,0044173;124,0482194;;;;;
5,305566018;6,787453814;8,828356768;;;;;;458400,904;600,000153;19,14062464;24,89597243;;458400,904;0,115202797;0,124306249;115,2027966;124,3062488;;;;;
5,312510465;6,727846947;8,717345808;;;;;;459000,9041;600,000153;18,97253323;24,58292145;;459000,9041;0,115399434;0,124561034;115,3994337;124,5610337;;;;;
5,319454911;6,67088112;8,616944573;;;;;;459600,9043;600,000153;18,81188955;24,29978989;;459600,9043;0,115594406;0,124812884;115,5944059;124,8128842;;;;;
5,326399357;6,617581314;8,493743772;;;;;;460200,9045;600,000153;18,66158406;23,95236354;;460200,9045;0,11578782;0,125061134;115,7878203;125,0611338;;;;;
5,333343803;6,560529947;8,369223323;;;;;;460800,9046;600,000153;18,50069917;23,60121579;;460800,9046;0,115979567;0,125305744;115,9795672;125,305744;;;;;
5,34028825;6,504208415;8,216814055;;;;;;461400,9048;600,000153;18,34187241;23,17142154;;461400,9048;0,116169668;0,1255459;116,1696679;125,5458997;;;;;
5,347232696;6,448328452;8,065766252;;;;;;462000,9049;600,000153;18,18429087;22,74546663;;462000,9049;0,116358135;0,125781641;116,3581355;125,7816406;;;;;
5,354177142;6,394058535;7,970482395;;;;;;462600,9051;600,000153;18,03124967;22,47676608;;462600,9051;0,116545017;0,126014597;116,5450168;126,0145967;;;;;
5,361121588;6,336922269;7,878887565;;;;;;463200,9052;600,000153;17,87012535;22,2184686;;463200,9052;0,116730228;0,126244876;116,7302283;126,2448757;;;;;
5,368066034;6,279458933;7,786057398;;;;;;463800,9054;600,000153;17,70807871;21,95668746;;463800,9054;0,11691376;0,126472441;116,9137602;126,4724415;;;;;
5,375010481;6,232740659;7,696115155;;;;;;464400,9055;600,000153;17,57633314;21,70305027;;464400,9055;0,117095927;0,126697379;117,0959267;126,6973785;;;;;
5,381954927;6,182762982;7,607284982;;;;;;465000,9057;600,000153;17,43539605;21,45254912;;465000,9057;0,117276632;0,126919719;117,2766325;126,9197193;;;;;
5,388899373;6,135206871;7,524449744;;;;;;465600,9058;600,000153;17,30128779;21,21895369;;465600,9058;0,117455948;0,127139639;117,4559483;127,139639;;;;;
5,395843819;6,084054582;7,433799442;;;;;;466200,906;600,000153;17,1570383;20,96331977;;466200,906;0,117633769;0,127356909;117,6337691;127,3569093;;;;;
5,402788265;6,033849271;7,350210634;;;;;;466800,9061;600,000153;17,01545928;20,72759927;;466800,9061;0,117810122;0,127571736;117,8101225;127,5717364;;;;;
5,409732712;5,982344227;7,271622632;;;;;;467400,9063;600,000153;16,87021502;20,50598105;;467400,9063;0,117984971;0,127784267;117,9849706;127,7842667;;;;;
5,416677158;5,93343673;7,189492083;;;;;;468000,9064;600,000153;16,73229584;20,27437284;;468000,9064;0,118158389;0,127994396;118,1583892;127,9943965;;;;;
5,423621604;5,886580375;7,100300445;;;;;;468600,9066;600,000153;16,60016089;20,02285236;;468600,9066;0,118330438;0,128201919;118,3304383;128,2019194;;;;;
5,43056605;5,839598663;7,015925952;;;;;;469200,9067;600,000153;16,46767243;19,78491623;;469200,9067;0,118501114;0,128406976;118,5011143;128,4069763;;;;;
5,437510497;5,793783412;6,944199065;;;;;;469800,9069;600,000153;16,33847339;19,58264635;;469800,9069;0,118670451;0,128609937;118,6704512;128,6099369;;;;;
5,444454943;5,747220432;6,87286695;;;;;;470400,9071;600,000153;16,20716575;19,38148974;;470400,9071;0,118838427;0,128810813;118,8384272;128,8108125;;;;;
5,451399389;5,701756717;6,797742836;;;;;;471000,9072;600,000153;16,07895804;19,16963969;;471000,9072;0,119005074;0,129009493;119,0050745;129,0094925;;;;;
5,458343835;5,659466418;6,717099186;;;;;;471600,9074;600,000153;15,95969937;18,94222453;;471600,9074;0,119170486;0,129205816;119,1704857;129,2058155;;;;;
5,465288281;5,613928533;6,642405329;;;;;;472200,9075;600,000153;15,8312825;18,7315878;;472200,9075;0,119334566;0,129399955;119,3345659;129,3999554;;;;;
5,472232728;5,564862145;6,577342872;;;;;;472800,9077;600,000153;15,69291525;18,54811163;;472800,9077;0,119497212;0,129592194;119,4972121;129,5921937;;;;;
5,479177174;5,519439767;6,509171182;;;;;;473400,9078;600,000153;15,56482411;18,35586741;;473400,9078;0,119658531;0,12978244;119,6585307;129,7824395;;;;;
5,48612162;5,471489039;6,434182781;;;;;;474000,908;600,000153;15,42960302;18,14440007;;474000,908;0,119818448;0,129970494;119,8184478;129,9704936;;;;;
5,493066066;5,426825015;6,365094498;;;;;;474600,9081;600,000153;15,30365044;17,94957106;;474600,9081;0,119977059;0,130156528;119,9770595;130,1565285;;;;;
5,500010512;5,382691201;6,296080012;;;;;;475200,9083;600,000153;15,17919306;17,75495016;;475200,9083;0,120134381;0,130340546;120,1343813;130,3405462;;;;;
5,506954959;5,339388559;6,226331705;;;;;;475800,9084;600,000153;15,05707957;17,55825988;;475800,9084;0,120290437;0,130522525;120,2904375;130,5225254;;;;;
5,513899405;5,290248763;6,168286246;;;;;;476400,9086;600,000153;14,91850531;17,39457165;;476400,9086;0,120445057;0,130702808;120,4450574;130,702808;;;;;
5,520843851;5,245064369;6,089687699;;;;;;477000,9087;600,000153;14,79108529;17,17292369;;477000,9087;0,120598357;0,130880793;120,5983567;130,8807934;;;;;
5,527788297;5,201152061;6,020482885;;;;;;477600,9089;600,000153;14,66725255;16,97776606;;477600,9089;0,120750373;0,131056756;120,7503726;131,0567562;;;;;
5,534732744;5,156386446;5,959406196;;;;;;478200,909;600,000153;14,54101348;16,80552976;;478200,909;0,12090108;0,131230934;120,9010801;131,2309338;;;;;
5,54167719;5,11295294;5,89331724;;;;;;478800,9092;600,000153;14,41853097;16,61915885;;478800,9092;0,121050518;0,13140318;121,0505182;131,4031799;;;;;
5,548621636;5,070902454;5,835686133;;;;;;479400,9093;600,000153;14,29994856;16,45663909;;479400,9093;0,121198727;0,131573742;121,1987272;131,5737415;;;;;
5,555566082;5,032339522;5,780549459;;;;;;480000,9095;600,000153;14,19120107;16,30115363;;480000,9095;0,121345809;0,131742692;121,3458091;131,7426916;;;;;
5,562510528;4,991992315;5,7233446;;;;;;480600,9097;600,000153;14,07742192;16,13983589;;480600,9097;0,121491712;0,13190997;121,4917118;131,9099698;;;;;
5,569454975;4,947199563;5,664256032;;;;;;481200,9098;600,000153;13,95110632;15,97320608;;481200,9098;0,121636305;0,132075521;121,6363054;132,075521;;;;;
5,576399421;4,909517629;5,604885973;;;;;;481800,91;600,000153;13,84484324;15,80578247;;481800,91;0,121779798;0,132239337;121,7797975;132,239337;;;;;
5,583343867;4,869241965;5,547075361;;;;;;482400,9101;600,000153;13,73126584;15,64275651;;482400,9101;0,121922113;0,132401463;121,9221126;132,4014633;;;;;
5,590288313;4,831119894;5,493816221;;;;;;483000,9103;600,000153;13,62376158;15,49256569;;483000,9103;0,122063313;0,132562033;122,0633134;132,562033;;;;;
5,597232759;4,787801981;5,432034408;;;;;;483600,9104;600,000153;13,50160503;15,31834094;;483600,9104;0,122203248;0,132720797;122,2032482;132,7207969;;;;;
5,604177206;4,746999007;5,371759928;;;;;;484200,9106;600,000153;13,38654061;15,14836686;;484200,9106;0,12234199;0,132877799;122,3419904;132,8777992;;;;;
5,611121652;4,707637428;5,318070269;;;;;;484800,9107;600,000153;13,27554093;14,99696198;;484800,9107;0,122479582;0,133033232;122,4795821;133,0332323;;;;;
5,618066098;4,664186473;5,264534095;;;;;;485400,9109;600,000153;13,15300921;14,84598993;;485400,9109;0,122615904;0,133187101;122,6159039;133,1871007;;;;;
5,625010544;4,623572588;5,210362003;;;;;;486000,911;600,000153;13,03847802;14,6932246;;486000,911;0,122751039;0,133339386;122,7510387;133,3393858;;;;;
5,631954991;4,583926333;5,148952263;;;;;;486600,9112;600,000153;12,92667555;14,52004908;;486600,9112;0,122885015;0,133489876;122,8850147;133,489876;;;;;
5,638899437;4,543181049;5,0986507;;;;;;487200,9113;600,000153;12,81177382;14,37819864;;487200,9113;0,1230178;0,133638896;123,0177998;133,638896;;;;;
5,645843883;4,500827761;5,053157216;;;;;;487800,9115;600,000153;12,69233752;14,24990698;;487800,9115;0,123149347;0,133786586;123,1493471;133,7865864;;;;;
5,652788329;4,461090421;5,001130829;;;;;;488400,9116;600,000153;12,5802782;14,10319253;;488400,9116;0,123279733;0,133932756;123,2797329;133,9327562;;;;;
5,659732775;4,418822555;4,944313614;;;;;;489000,9118;600,000153;12,46108278;13,94296795;;489000,9118;0,123408883;0,134077265;123,4088834;134,0772654;;;;;
5,666677222;4,379712746;4,892343604;;;;;;489600,9119;600,000153;12,35079309;13,79641248;;489600,9119;0,123536891;0,134220256;123,5368908;134,2202556;;;;;
5,673621668;4,342469869;4,840679713;;;;;;490200,9121;600,000153;12,24576815;13,65072027;;490200,9121;0,12366381;0,134361736;123,6638097;134,3617358;;;;;
5,680566114;4,304340886;4,791662769;;;;;;490800,9123;600,000153;12,13824439;13,51249245;;490800,9123;0,123789614;0,134501783;123,7896141;134,5017834;;;;;
5,68751056;4,266975058;4,743154446;;;;;;491400,9124;600,000153;12,03287273;13,37569895;;491400,9124;0,123914327;0,134640413;123,9143265;134,6404133;;;;;
5,694455006;4,232636158;4,692627965;;;;;;492000,9126;600,000153;11,93603701;13,23321423;;492000,9126;0,124038035;0,134777566;124,0380352;134,7775663;;;;;
5,701399453;4,1955897;4,638404346;;;;;;492600,9127;600,000153;11,83156597;13,08030359;;492600,9127;0,124160661;0,134913135;124,1606612;134,9131346;;;;;
5,708343899;4,161367912;4,595268745;;;;;;493200,9129;600,000153;11,7350605;12,95866116;;493200,9129;0,124282287;0,135047442;124,282287;135,0474421;;;;;
5,715288345;4,127566485;4,548843302;;;;;;493800,913;600,000153;11,63974046;12,82774138;;493800,913;0,124402925;0,135180393;124,4029248;135,1803927;;;;;
5,722232791;4,08975633;4,501650233;;;;;;494400,9132;600,000153;11,53311579;12,69465689;;494400,9132;0,124522458;0,135311964;124,5224575;135,311964;;;;;
5,729177238;4,054123847;4,450877056;;;;;;495000,9133;600,000153;11,43263216;12,5514765;;495000,9133;0,124640949;0,135442051;124,6409488;135,4420514;;;;;
5,736121684;4,021244447;4,406379856;;;;;;495600,9135;600,000153;11,33991223;12,42599436;;495600,9135;0,124758479;0,135570838;124,7584791;135,5708382;;;;;
5,74306613;3,989148182;4,365179892;;;;;;496200,9136;600,000153;11,24940074;12,30981043;;496200,9136;0,124875071;0,135698421;124,8750713;135,6984208;;;;;
5,750010576;3,95642649;4,318212838;;;;;;496800,9138;600,000153;11,15712555;12,17736331;;496800,9138;0,124990707;0,135824631;124,9907072;135,8246307;;;;;
5,756955022;3,921215351;4,273954979;;;;;;497400,9139;600,000153;11,05783011;12,05255611;;497400,9139;0,125105314;0,135949547;125,1053139;135,9495471;;;;;
5,763899469;3,888132621;4,231930543;;;;;;498000,9141;600,000153;10,96453679;11,93404717;;498000,9141;0,125218954;0,136073235;125,2189537;136,0732352;;;;;
5,770843915;3,85637927;4,187532796;;;;;;498600,9142;600,000153;10,87499231;11,8088455;;498600,9142;0,125331665;0,136195626;125,3316655;136,1956257;;;;;
5,777788361;3,825342913;4,144839589;;;;;;499200,9144;600,000153;10,78746977;11,68845062;;499200,9144;0,12544347;0,136316768;125,4434701;136,3167684;;;;;
5,784732807;3,789533827;4,097302967;;;;;;499800,9145;600,000153;10,68648812;11,55439731;;499800,9145;0,125554228;0,136436522;125,5542281;136,4365217;;;;;
5,791677253;3,772079981;4,063730006;;;;;;500400,9147;600,000153;10,63726826;11,45972154;;500400,9147;0,125664476;0,136555294;125,664476;136,5552937;;;;;
5,7986217;3,743453489;4,04495261;;;;;;501000,9149;600,000153;10,55654153;11,40676927;;501000,9149;0,125773887;0,136673517;125,7738872;136,6735169;;;;;
5,805566146;5,043363146;5,337502291;;;;;;501600,915;600,000153;14,2222877;15,0517603;;501600,915;0,125921291;0,136829518;125,9212914;136,829518;;;;;
5,812510592;7,755685063;9,787742095;;;;;;502200,9152;600,000153;21,87103745;27,60143974;;502200,9152;0,126147969;0,137115588;126,1479695;137,1155877;;;;;
5,819455038;8,712682077;10,95954792;;;;;;502800,9153;600,000153;24,56976972;30,905933;;502800,9153;0,126402618;0,137435906;126,4026181;137,4359063;;;;;
5,826399485;8,982335477;11,13879221;;;;;;503400,9155;600,000153;25,3301925;31,41140204;;503400,9155;0,126665148;0,137761464;126,6651479;137,7614636;;;;;
5,833343931;9,03631382;11,17820463;;;;;;504000,9156;600,000153;25,48241147;31,52254508;;504000,9156;0,126929255;0,138088173;126,9292554;138,0881729;;;;;
5,840288377;9,033189097;11,19520204;;;;;;504600,9158;600,000153;25,47359975;31,5704778;;504600,9158;0,127193272;0,138415379;127,1932716;138,415379;;;;;
5,847232823;8,953232096;11,12398913;;;;;;505200,9159;600,000153;25,24812095;31,36965734;;505200,9159;0,127454951;0,138740504;127,4549508;138,7405037;;;;;
5,854177269;9,114683172;11,17483324;;;;;;505800,9161;600,000153;25,7034131;31,51303777;;505800,9161;0,127721349;0,139067114;127,7213488;139,0671144;;;;;
5,861121716;9,10383391;11,14152506;;;;;;506400,9162;600,000153;25,67281817;31,41910869;;506400,9162;0,12798743;0,139392752;127,9874298;139,3927517;;;;;
5,868066162;9,077727216;11,11355729;;;;;;507000,9164;600,000153;25,59919727;31,34023956;;507000,9164;0,128252748;0,139717571;128,2527477;139,7175715;;;;;
5,875010608;9,067458401;11,0780094;;;;;;507600,9165;600,000153;25,57023921;31,23999449;;507600,9165;0,128517765;0,140041352;128,5177654;140,0413523;;;;;
5,881955054;9,064330922;11,0540516;;;;;;508200,9167;600,000153;25,56141972;31,17243347;;508200,9167;0,128782692;0,140364433;128,7826918;140,3644329;;;;;
5,8888995;9,050440534;11,01255994;;;;;;508800,9168;600,000153;25,52224881;31,05542695;;508800,9168;0,129047212;0,140686301;129,0472122;140,6863009;;;;;
5,895843947;9,032084678;10,97954856;;;;;;509400,917;600,000153;25,47048528;30,96233482;;509400,917;0,129311196;0,141007204;129,3111961;141,007204;;;;;
5,902788393;9,015960366;10,94459569;;;;;;510000,9171;600,000153;25,42501472;30,86376771;;510000,9171;0,129574709;0,141327085;129,5747087;141,3270855;;;;;
5,909732839;8,991316717;10,91276822;;;;;;510600,9173;600,000153;25,35551961;30,77401421;;510600,9173;0,129837501;0,141646037;129,837501;141,6460368;;;;;
5,916677285;8,964958135;10,86298382;;;;;;511200,9175;600,000153;25,28118839;30,63362218;;511200,9175;0,130099523;0,141963533;130,099523;141,963533;;;;;
5,923621732;8,94106985;10,82186558;;;;;;511800,9176;600,000153;25,21382341;30,51766873;;511800,9176;0,130360847;0,142279827;130,3608467;142,2798274;;;;;
5,930566178;8,910332293;10,79483479;;;;;;512400,9178;600,000153;25,12714347;30,44144187;;512400,9178;0,130621272;0,142595332;130,6212721;142,5953318;;;;;
5,937510624;8,878895845;10,74959102;;;;;;513000,9179;600,000153;25,03849267;30,31385442;;513000,9179;0,130880779;0,142909514;130,8807787;142,9095138;;;;;
5,94445507;8,852059153;10,68873857;;;;;;513600,9181;600,000153;24,96281318;30,14225044;;513600,9181;0,131139501;0,143221917;131,1395009;143,2219173;;;;;
5,951399516;8,818340446;10,62087776;;;;;;514200,9182;600,000153;24,8677264;29,95088293;;514200,9182;0,131397238;0,143532337;131,3972376;143,5323374;;;;;
5,958343963;8,780544076;10,57739117;;;;;;514800,9184;600,000153;24,76114061;29,8282507;;514800,9184;0,13165387;0,143841487;131,6538697;143,8414865;;;;;
5,965288409;8,748927588;10,53016497;;;;;;515400,9185;600,000153;24,67198209;29,69507278;;515400,9185;0,131909578;0,144149255;131,9095776;144,1492553;;;;;
5,972232855;8,711472157;10,46323246;;;;;;516000,9187;600,000153;24,56635775;29,50632305;;516000,9187;0,132164191;0,144455068;132,1641909;144,4550679;;;;;
5,979177301;8,67255496;10,37820398;;;;;;516600,9188;600,000153;24,45661122;29,26654268;;516600,9188;0,132417667;0,144758395;132,4176666;144,7583952;;;;;
5,986121747;8,636927459;10,32075161;;;;;;517200,919;600,000153;24,35614164;29,10452695;;517200,919;0,132670101;0,145060043;132,6701011;145,0600435;;;;;
5,993066194;8,60235721;10,24016881;;;;;;517800,9191;600,000153;24,25865352;28,87728342;;517800,9191;0,132921525;0,145359336;132,9215252;145,3593364;;;;;
6,00001064;8,5615592;10,15774105;;;;;;518400,9193;600,000153;24,1436031;28,64483706;;518400,9193;0,133171757;0,14565622;133,1717569;145,6562203;;;;;
6,006955086;8,521730692;10,08793072;;;;;;519000,9194;600,000153;24,03128668;28,44797189;;519000,9194;0,133420824;0,145951064;133,4208245;145,9510637;;;;;
6,013899532;8,479852859;10,00178155;;;;;;519600,9196;600,000153;23,91319116;28,20503115;;519600,9196;0,133668668;0,146243389;133,6686681;146,2433893;;;;;
6,020843979;8,439454777;9,922111517;;;;;;520200,9197;600,000153;23,79926854;27,98036161;;520200,9197;0,133915331;0,146533386;133,915331;146,5333863;;;;;
6,027788425;8,397775582;9,827229412;;;;;;520800,9199;600,000153;23,68173318;27,71279401;;520800,9199;0,134160776;0,14682061;134,1607757;146,8206102;;;;;
6,034732871;8,358167913;9,740436899;;;;;;521400,9201;600,000153;23,57003952;27,46803906;;521400,9201;0,134405063;0,147105297;134,4050628;147,1052973;;;;;
6,041677317;8,316055266;9,664733121;;;;;;522000,9202;600,000153;23,45128183;27,25455435;;522000,9202;0,134648119;0,147387772;134,648119;147,3877718;;;;;
6,048621763;8,275547127;9,577180825;;;;;;522600,9204;600,000153;23,33704885;27,00765681;;522600,9204;0,134889991;0,147667687;134,8899913;147,6676874;;;;;
6,05556621;8,227423515;9,482363891;;;;;;523200,9205;600,000153;23,20134023;26,74027299;;523200,9205;0,135130457;0,147944832;135,1304571;147,9448318;;;;;
6,062510656;8,180234874;9,379113279;;;;;;523800,9207;600,000153;23,06826822;26,44910619;;523800,9207;0,135369544;0,148218958;135,3695437;148,2189584;;;;;
6,069455101;8,136967439;9,302772409;;;;;;524400,9208;600,0000991;22,94625197;26,23382253;;524400,9208;0,135607366;0,148490854;135,6073656;148,4908537;;;;;
6,076399547;8,092900378;9,196343983;;;;;;525000,9208;600,0000669;22,82198161;25,93369292;;525000,9208;0,1358439;0,148759638;135,8438996;148,7596385;;;;;
6,083343992;8,051118222;9,108345748;;;;;;525600,9209;600,0000669;22,70415592;25,68553787;;525600,9209;0,136079212;0,149025851;136,0792124;149,0258512;;;;;
6,090288437;8,001647925;9,024196302;;;;;;526200,921;600,0000669;22,56464966;25,44823641;;526200,921;0,136313079;0,149289605;136,3130794;149,2896045;;;;;
6,097232882;7,950840803;8,93254051;;;;;;526800,921;600,0000669;22,42137356;25,18976704;;526800,921;0,136545461;0,149550679;136,5454613;149,5506789;;;;;
6,104177328;7,911869273;8,854216446;;;;;;527400,9211;600,0000669;22,31147384;24,96889316;;527400,9211;0,136776704;0,149809464;136,7767042;149,8094642;;;;;
6,111121773;7,862370084;8,764365856;;;;;;528000,9212;600,0000669;22,17188611;24,71551447;;528000,9212;0,1370065;0,150065623;137,0065004;150,0656233;;;;;
6,118066218;7,813443134;8,659898168;;;;;;528600,9212;600,0000669;22,03391209;24,42091556;;528600,9212;0,137234867;0,150318729;137,2348666;150,3187291;;;;;
6,125010663;7,76913217;8,571992142;;;;;;529200,9213;600,0000669;21,90895516;24,17302053;;529200,9213;0,137461938;0,150569266;137,4619377;150,5692657;;;;;
6,131955108;7,725596334;8,505333008;;;;;;529800,9214;600,0000669;21,78618409;23,98504176;;529800,9214;0,137687736;0,150817854;137,6877364;150,817854;;;;;
6,138899554;7,677067194;8,397579179;;;;;;530400,9214;600,0000669;21,6493319;23,68117592;;530400,9214;0,137912117;0,151063293;137,9121167;151,0632929;;;;;
6,145843999;7,632915789;8,308634702;;;;;;531000,9215;600,0000669;21,52482492;23,43035247;;531000,9215;0,138135207;0,151306132;138,1352065;151,3061323;;;;;
6,152788444;7,597099391;8,221641632;;;;;;531600,9216;600,0000669;21,42382267;23,18503198;;531600,9216;0,13835725;0,151546429;138,3572496;151,546429;;;;;
6,159732889;7,550222035;8,120422126;;;;;;532200,9216;600,0000669;21,29162851;22,89959295;;532200,9216;0,138577923;0,151783767;138,5779225;151,7837674;;;;;
6,166677335;7,499127231;8,030525977;;;;;;532800,9217;600,0000669;21,14754115;22,64608578;;532800,9217;0,138797102;0,152018478;138,7971021;152,0184783;;;;;
6,17362178;7,455785012;7,945133771;;;;;;533400,9218;600,0000669;21,02531608;22,40527973;;533400,9218;0,139015015;0,152250693;139,0150149;152,2506935;;;;;
6,180566225;7,406286168;7,863798391;;;;;;534000,9218;600,0000669;20,88572932;22,17591393;;534000,9218;0,139231481;0,152480531;139,231481;152,4805314;;;;;
6,18751067;7,366076465;7,787655254;;;;;;534600,9219;600,0000669;20,77233795;21,96119026;;534600,9219;0,139446772;0,152708144;139,4467718;152,7081439;;;;;
6,194455115;7,323251198;7,689809212;;;;;;535200,922;600,0000669;20,65157068;21,68526439;;535200,922;0,139660811;0,152932897;139,660811;152,9328966;;;;;
6,201399561;7,273678637;7,605111711;;;;;;535800,922;600,0000669;20,51177604;21,44641742;;535800,922;0,139873401;0,153155174;139,8734013;153,1551738;;;;;
6,208344006;7,229319112;7,517318245;;;;;;536400,9221;600,0000669;20,38668217;21,19883981;;536400,9221;0,140084695;0,153374885;140,0846951;153,3748851;;;;;
6,215288451;7,181018255;7,434761844;;;;;;537000,9222;600,0000669;20,25047374;20,96603074;;537000,9222;0,140294577;0,153592183;140,2945772;153,5921834;;;;;
6,222232896;7,137273956;7,340109601;;;;;;537600,9222;600,0000669;20,1271148;20,69911138;;537600,9222;0,140503181;0,153806715;140,5031808;153,8067153;;;;;
6,229177341;7,093629934;7,256937628;;;;;;538200,9223;600,0000669;20,00403864;20,46456639;;538200,9223;0,140710509;0,154018816;140,7105087;154,0188164;;;;;
6,236121787;7,046001898;7,187743478;;;;;;538800,9224;600,0000669;19,86972757;20,26943887;;538800,9224;0,140916445;0,154228895;140,9164447;154,228895;;;;;
6,243066232;7,00491356;7,094618535;;;;;;539400,9224;600,0000669;19,75385844;20,0068265;;539400,9224;0,14112118;0,154436252;141,1211797;154,4362519;;;;;
6,250010677;6,958152178;7,000146121;;;;;;540000,9225;600,0000669;19,62199133;19,74041426;;540000,9225;0,141324548;0,154640848;141,324548;154,6408476;;;;;
6,256955122;6,909416161;6,928200222;;;;;;540600,9226;600,0000669;19,48455575;19,5375268;;540600,9226;0,141526492;0,15484334;141,5264919;154,8433404;;;;;
6,263899568;6,863705748;6,846971204;;;;;;541200,9226;600,0000669;19,35565237;19,30846095;;541200,9226;0,1417271;0,155043459;141,7270998;155,0434592;;;;;
6,270844013;6,823868227;6,764654411;;;;;;541800,9227;600,0000669;19,24331054;19,07632756;;541800,9227;0,141926543;0,155241172;141,9265433;155,2411721;;;;;
6,277788458;6,78129838;6,669505739;;;;;;542400,9228;600,0000669;19,12326356;18,80800828;;542400,9228;0,142124743;0,155436104;142,1247426;155,4361041;;;;;
6,284732903;6,734280239;6,594425593;;;;;;543000,9228;600,0000669;18,99067239;18,59628224;;543000,9228;0,142321568;0,155628842;142,3215678;155,6288416;;;;;
6,291677348;6,689813387;6,514026886;;;;;;543600,9229;600,0000669;18,86527585;18,36955787;;543600,9229;0,142517093;0,155819229;142,5170933;155,8192293;;;;;
6,298621794;6,642442177;6,447162772;;;;;;544200,923;600,0000669;18,73168903;18,18100104;;544200,923;0,142711234;0,156007663;142,7112342;156,0076628;;;;;
6,305566239;6,595750901;6,357388007;;;;;;544800,923;600,0000669;18,60001961;17,92783618;;544800,923;0,14290401;0,156193472;142,9040105;156,1934723;;;;;
6,312510684;6,546316971;6,287138819;;;;;;545400,9231;600,0000669;18,46061592;17,72973345;;545400,9231;0,143095342;0,156377229;143,0953419;156,3772287;;;;;
6,319455129;6,496559201;6,212516427;;;;;;546000,9232;600,0000669;18,32029899;17,51929828;;546000,9232;0,143285219;0,156558804;143,2852191;156,5588041;;;;;
6,326399575;6,450707893;6,155629249;;;;;;546600,9232;600,0000669;18,19099828;17,35887642;;546600,9232;0,143473756;0,156738717;143,4737562;156,7387167;;;;;
6,33334402;6,401196092;6,07432093;;;;;;547200,9233;600,0000669;18,05137499;17,12958693;;547200,9233;0,143660846;0,156916253;143,6608461;156,916253;;;;;
6,340288465;6,350185231;6,002805782;;;;;;547800,9234;600,0000669;17,90752435;16,92791419;;547800,9234;0,143846445;0,157091699;143,8464452;157,0916991;;;;;
6,34723291;6,295807699;5,942643996;;;;;;548400,9234;600,0000669;17,75417969;16,75825794;;548400,9234;0,144030455;0,157265387;144,0304549;157,2653868;;;;;
6,354177355;6,244259991;5,867105411;;;;;;549000,9235;600,0000669;17,60881514;16,5452391;;549000,9235;0,144212958;0,157436867;144,2129581;157,4368667;;;;;
6,361121801;6,203895988;5,806013694;;;;;;549600,9236;600,0000669;17,49498864;16,37296044;;549600,9236;0,144394281;0,157606561;144,3942815;157,6065611;;;;;
6,368066246;6,160901572;5,733679854;;;;;;550200,9236;600,0000669;17,37374437;16,16897899;;550200,9236;0,144574348;0,157774141;144,5743483;157,7741413;;;;;
6,375010691;6,110522758;5,676069248;;;;;;550800,9237;600,0000669;17,2316761;16,00651706;;550800,9237;0,144752943;0,157940038;144,7529426;157,9400377;;;;;
6,381955136;6,053246681;5,597945141;;;;;;551400,9238;600,0000669;17,07015754;15,78620706;;551400,9238;0,144929863;0,158103651;144,9298629;158,1036508;;;;;
6,388899581;5,999088289;5,546956885;;;;;;552000,9238;600,0000669;16,91743086;15,64242016;;552000,9238;0,1451052;0,158265774;145,1052004;158,2657736;;;;;
6,395844027;5,943169109;5,481458026;;;;;;552600,9239;600,0000669;16,75973875;15,45771336;;552600,9239;0,145278903;0,158425982;145,2789034;158,4259821;;;;;
6,402788472;5,888925909;5,418050415;;;;;;553200,924;600,0000669;16,60677291;15,27890387;;553200,924;0,145451021;0,158584337;145,4510211;158,5843373;;;;;
6,409732917;5,830728342;5,35911956;;;;;;553800,924;600,0000669;16,44265576;15,11271884;;553800,924;0,145621438;0,15874097;145,6214378;158,7409701;;;;;
6,416677362;5,774199093;5,293375573;;;;;;554400,9241;600,0000669;16,28324326;14,92732078;;554400,9241;0,145790202;0,158895681;145,7902023;158,8956814;;;;;
6,423621808;5,715771386;5,242190803;;;;;;555000,9242;600,0000669;16,1184771;14,78297971;;555000,9242;0,145957259;0,159048897;145,9572591;159,0488968;;;;;
6,430566253;5,651917439;5,179691595;;;;;;555600,9242;600,0000669;15,93840895;14,60673193;;555600,9242;0,14612245;0,159200285;146,1224496;159,2002854;;;;;
6,437510698;5,593801297;5,115469616;;;;;;556200,9243;600,0000669;15,77452142;14,42562593;;556200,9243;0,146285942;0,159349797;146,2859416;159,349797;;;;;
6,444455143;5,532427663;5,061512628;;;;;;556800,9244;600,0000669;15,60144775;14,2734672;;556800,9244;0,14644764;0,159497732;146,4476398;159,4977316;;;;;
6,451399588;5,471182887;5,005269415;;;;;;557400,9244;600,0000669;15,42873746;14,11486132;;557400,9244;0,146607548;0,159644022;146,6075479;159,6440223;;;;;
6,458344034;5,413917819;4,942752517;;;;;;558000,9245;600,0000669;15,26724995;13,93856365;;558000,9245;0,146765782;0,159788486;146,7657823;159,7884858;;;;;
6,465288479;5,353676544;4,884212251;;;;;;558600,9246;600,0000669;15,09736954;13,77348008;;558600,9246;0,146922256;0,159931238;146,9222561;159,9312384;;;;;
6,472232924;5,297592027;4,849986761;;;;;;559200,9246;600,0000669;14,93921118;13,67696419;;559200,9246;0,147077091;0,160072991;147,0770906;160,0729906;;;;;
6,479177369;5,24047851;4,796496425;;;;;;559800,9247;600,0000669;14,77815105;13,52612143;;559800,9247;0,147230256;0,160213179;147,2302559;160,2131795;;;;;
6,486121815;5,183782851;4,736091031;;;;;;560400,9248;600,0000669;14,61826927;13,35577819;;560400,9248;0,147381764;0,160351603;147,3817641;160,3516028;;;;;
6,49306626;5,131681722;4,687949159;;;;;;561000,9248;600,0000669;14,47134407;13,2200181;;561000,9248;0,14753175;0,160488619;147,5317495;160,4886191;;;;;
6,500010705;5,078693364;4,640708611;;;;;;561600,9249;600,0000669;14,32191688;13,08679974;;561600,9249;0,147680186;0,160624255;147,6801863;160,6242547;;;;;
6,50695515;5,027689827;4,593942017;;;;;;562200,925;600,0000669;14,17808689;12,95491793;;562200,925;0,147827132;0,160758523;147,8271323;160,7585234;;;;;
6,513899595;4,97884438;4,545584236;;;;;;562800,925;600,0000669;14,04034272;12,81854897;;562800,925;0,147972651;0,160891379;147,9726507;160,8913788;;;;;
6,520844041;4,930705635;4,495975865;;;;;;563400,9251;600,0000669;13,90459144;12,67865335;;563400,9251;0,148116762;0,161022784;148,1167621;161,0227842;;;;;
6,527788486;4,881113491;4,44835655;;;;;;564000,9252;600,0000669;13,76474158;12,54436687;;564000,9252;0,148259424;0,161152798;148,2594241;161,1527979;;;;;
6,534732931;4,832961888;4,406338092;;;;;;564600,9252;600,0000669;13,62895404;12,42587481;;564600,9252;0,148400679;0,161281583;148,4006787;161,2815834;;;;;
6,541677376;4,788432152;4,356753442;;;;;;565200,9253;600,0000669;13,50338017;12,28604607;;565200,9253;0,148540632;0,16140892;148,5406319;161,4089198;;;;;
6,548621822;4,739797945;4,313611635;;;;;;565800,9254;600,0000669;13,3662317;12,16438617;;565800,9254;0,148679164;0,161534995;148,6791636;161,5349952;;;;;
6,555566267;4,700999093;4,27150865;;;;;;566400,9254;600,0000669;13,25681892;12,04565574;;566400,9254;0,148816561;0,16165984;148,8165613;161,65984;;;;;
6,562510712;4,658983474;4,224749077;;;;;;567000,9255;600,0000669;13,13833486;11,91379373;;567000,9255;0,148952731;0,161783318;148,952731;161,7833182;;;;;
6,569455157;4,616912183;4,17899907;;;;;;567600,9256;600,0000669;13,01969381;11,78477869;;567600,9256;0,149087671;0,161905459;149,0876711;161,9054593;;;;;
6,576399602;4,576271537;4,137556391;;;;;;568200,9256;600,0000669;12,90508717;11,66791032;;568200,9256;0,149221423;0,162026389;149,2214234;162,0263891;;;;;
6,583344048;4,535464854;4,093413252;;;;;;568800,9257;600,0000669;12,79001231;11,54342666;;568800,9257;0,149353983;0,162146029;149,353983;162,1460287;;;;;
6,590288493;4,496245215;4,053399102;;;;;;569400,9258;600,0000669;12,67941292;11,43058674;;569400,9258;0,149485396;0,162264499;149,4853963;162,2644987;;;;;
6,597232938;4,456110445;4,013753696;;;;;;570000,9258;600,0000669;12,56623286;11,31878668;;570000,9258;0,149615637;0,16238181;149,6156366;162,3818101;;;;;
6,604177383;4,417236615;3,974831739;;;;;;570600,9259;600,0000669;12,45660864;11,20902675;;570600,9259;0,149744741;0,162497984;149,7447406;162,4979839;;;;;
6,611121828;4,379976914;3,936697154;;;;;;571200,926;600,0000669;12,35153627;11,10148721;;571200,926;0,149872756;0,162613043;149,8727557;162,6130431;;;;;
6,618066274;4,344926996;3,897642992;;;;;;571800,926;600,0000669;12,25269549;10,99135446;;571800,926;0,149999746;0,162726961;149,9997464;162,7269608;;;;;
6,625010719;4,307548458;3,858141137;;;;;;572400,9261;600,0000669;12,147288;10,87995922;;572400,9261;0,150125645;0,162839724;150,1256446;162,8397241;;;;;
6,631955164;4,269844195;3,815526571;;;;;;573000,9262;600,0000669;12,04096197;10,75978613;;573000,9262;0,150250441;0,162951242;150,2504408;162,9512418;;;;;
6,638899609;4,234618352;3,77997029;;;;;;573600,9262;600,0000669;11,94162508;10,6595174;;573600,9262;0,150374207;0,16306172;150,3742075;163,0617203;;;;;
6,645844055;4,195830146;3,747935353;;;;;;574200,9263;600,0000669;11,83224233;10,56917887;;574200,9263;0,15049684;0,163171262;150,4968404;163,1712625;;;;;
6,6527885;4,158848978;3,712147008;;;;;;574800,9264;600,0000669;11,72795542;10,46825573;;574800,9264;0,150618393;0,163279759;150,6183926;163,2797587;;;;;
6,659732945;4,125580754;3,674853088;;;;;;575400,9264;600,0000669;11,63413902;10,36308686;;575400,9264;0,150738972;0,163387165;150,7389723;163,3871649;;;;;
6,66667739;4,092126305;3,635837804;;;;;;576000,9265;600,0000669;11,53979747;10,25306375;;576000,9265;0,150858574;0,163493431;150,8585743;163,4934307;;;;;
6,673621835;4,058047358;3,6015784;;;;;;576600,9266;600,0000669;11,44369483;10,15645222;;576600,9266;0,15097718;0,163598695;150,9771803;163,5986953;;;;;
6,680566281;4,021500709;3,568916948;;;;;;577200,9266;600,0000669;11,34063326;10,06434692;;577200,9266;0,151094718;0,163703005;151,094718;163,7030053;;;;;
6,687510726;3,987602689;3,532214332;;;;;;577800,9267;600,0000669;11,24504084;9,960845527;;577800,9267;0,151211265;0,163806243;151,2112651;163,8062425;;;;;
6,694455171;3,956085655;3,496198175;;;;;;578400,9268;600,0000669;11,15616279;9,859279953;;578400,9268;0,151326891;0,163908427;151,326891;163,9084271;;;;;
6,701399616;3,922682407;3,463881326;;;;;;579000,9268;600,0000669;11,06196562;9,768146427;;579000,9268;0,151441541;0,164009667;151,4415405;164,0096672;;;;;
6,708344062;3,890617204;3,428744783;;;;;;579600,9269;600,0000669;10,97154174;9,669061366;;579600,9269;0,151555253;0,16410988;151,555253;164,1098803;;;;;
6,715288507;3,855909582;3,398930213;;;;;;580200,927;600,0000669;10,87366623;9,584984269;;580200,927;0,151667951;0,164209222;151,667951;164,209222;;;;;
6,722232952;3,821465454;3,367039164;;;;;;580800,9271;600,0000669;10,77653378;9,495051501;;580800,9271;0,151779642;0,164307632;151,7796422;164,3076316;;;;;
6,729177397;3,789402949;3,335277046;;;;;;581400,9271;600,0000669;10,68611751;9,405482318;;581400,9271;0,151890396;0,164405113;151,8903964;164,4051129;;;;;
6,736121842;3,756919052;3,303799862;;;;;;582000,9272;600,0000669;10,59451291;9,316716648;;582000,9272;0,152000201;0,164501674;152,0002012;164,5016742;;;;;
6,743066288;3,726197878;3,270714438;;;;;;582600,9273;600,0000669;10,50787919;9,223415743;;582600,9273;0,152109108;0,164597268;152,1091081;164,5972685;;;;;
6,750010733;3,698268024;3,242210673;;;;;;583200,9273;600,0000669;10,42911699;9,143035117;;583200,9273;0,152217199;0,16469203;152,2171986;164,6920297;;;;;
6,756955178;3,670316844;3,21311846;;;;;;583800,9274;600,0000669;10,35029465;9,060995066;;583800,9274;0,152324472;0,164785941;152,3244722;164,7859406;;;;;
6,763899623;3,640211367;3,183346181;;;;;;584400,9275;600,0000669;10,2653972;8,977037231;;584400,9275;0,152430866;0,164878981;152,4308659;164,8789813;;;;;
6,770844068;3,610232999;3,154333216;;;;;;585000,9275;600,0000669;10,18085819;8,89522066;;585000,9275;0,152536383;0,164971174;152,5363835;164,9711741;;;;;
6,777788514;3,580435379;3,126942248;;;;;;585600,9276;600,0000669;10,09682889;8,817978123;;585600,9276;0,15264103;0,165062566;152,6410301;165,0625663;;;;;
6,784732959;3,554486166;3,101268039;;;;;;586200,9277;600,0000669;10,0236521;8,745576846;;586200,9277;0,152744918;0,165153208;152,7449183;165,1532082;;;;;
6,791677404;3,525839992;3,071868724;;;;;;586800,9277;600,0000669;9,942869885;8,662670768;;586800,9277;0,152847969;0,165242991;152,8479692;165,2429907;;;;;
6,798621849;3,497694009;3,045838597;;;;;;587400,9278;600,0000669;9,863498204;8,5892658;;587400,9278;0,152950198;0,165332013;152,9501975;165,3320125;;;;;
6,805566295;3,566422147;3,01661364;;;;;;588000,9279;600,0000669;10,05731158;8,506851412;;588000,9279;0,153054435;0,16542018;153,0544346;165,4201801;;;;;
6,81251074;4,697613675;3,384412988;;;;;;588600,9279;600,0000669;13,24727204;9,544045689;;588600,9279;0,153191733;0,165519098;153,1917333;165,5190975;;;;;
6,819455185;5,159462502;3,999077417;;;;;;589200,928;600,0000669;14,54968588;11,27739957;;589200,928;0,153342531;0,16563598;153,3425307;165,6359799;;;;;
6,82639963;5,320329518;4,282722378;;;;;;589800,9281;600,0000669;15,00333091;12,07727845;;589800,9281;0,15349803;0,165761153;153,4980298;165,7611525;;;;;
6,833344075;5,39341833;4,424031477;;;;;;590400,9281;600,0000669;15,20944138;12,47577015;;590400,9281;0,153655665;0,165890455;153,6556651;165,8904552;;;;;
6,840288521;5,416645956;4,481281404;;;;;;591000,9282;600,0000669;15,2749433;12,63721497;;591000,9282;0,153813979;0,166021431;153,8139793;166,0214312;;;;;
6,847232966;5,421301421;4,485279025;;;;;;591600,9283;600,0000669;15,28807171;12,64848826;;591600,9283;0,15397243;0,166152524;153,9724295;166,152524;;;;;
6,854177411;5,402394169;4,46441669;;;;;;592200,9283;600,0000669;15,23475325;12,58965647;;592200,9283;0,154130327;0,166283007;154,1303272;166,283007;;;;;
6,861121856;5,390326905;4,441055565;;;;;;592800,9284;600,0000669;15,20072357;12,52377809;;592800,9284;0,154287872;0,166412807;154,2878721;166,4128073;;;;;
6,868066302;5,375106226;4,401396025;;;;;;593400,9285;600,0000669;15,15780125;12,41193817;;593400,9285;0,154444972;0,166541448;154,4449722;166,5414484;;;;;
6,875010747;5,351823431;4,366533735;;;;;;594000,9285;600,0000669;15,09214376;12,3136265;;594000,9285;0,154601392;0,166669071;154,6013918;166,6690706;;;;;
6,881955192;5,324063282;4,325456756;;;;;;594600,9286;600,0000669;15,01386013;12,19778941;;594600,9286;0,154757;0,166795492;154,757;166,7954922;;;;;
6,888899637;5,294298643;4,297709555;;;;;;595200,9287;600,0000669;14,92992384;12,11954229;;595200,9287;0,154911738;0,166921103;154,9117383;166,9211028;;;;;
6,895844082;5,269449512;4,25950838;;;;;;595800,9287;600,0000669;14,85984928;12,01181497;;595800,9287;0,15506575;0,167045597;155,0657503;167,0455969;;;;;
6,902788528;5,250873624;4,225975203;;;;;;596400,9288;600,0000669;14,80746527;11,9172514;;596400,9288;0,155219219;0,167169111;155,2192194;167,169111;;;;;
6,909732973;5,226835543;4,189447356;;;;;;597000,9289;600,0000669;14,73967787;11,81424286;;597000,9289;0,155371986;0,167291557;155,3719859;167,2915574;;;;;
6,916677418;5,189927061;4,155565133;;;;;;597600,9289;600,0000669;14,63559594;11,71869498;;597600,9289;0,155523674;0,167413014;155,5236737;167,4130135;;;;;
6,923621863;5,155811964;4,107891838;;;;;;598200,929;600,0000669;14,53939136;11,58425627;;598200,929;0,155674364;0,167533076;155,6743644;167,5330763;;;;;
6,930566309;5,144322669;4,083073963;;;;;;598800,9291;600,0000669;14,50699154;11,51426986;;598800,9291;0,155824719;0,167652414;155,8247193;167,6524137;;;;;
6,937510754;5,123252173;4,046259349;;;;;;599400,9291;600,0000669;14,44757274;11,41045263;;599400,9291;0,155974458;0,167770675;155,9744583;167,7706751;;;;;
6,944455199;5,112782339;4,008440292;;;;;;600000,9292;600,0000669;14,4180478;11,30380288;;600000,9292;0,156123891;0,167887831;156,1238914;167,8878312;;;;;
6,951399644;5,081228305;3,975356316;;;;;;600600,9293;600,0000669;14,32906542;11,21050606;;600600,9293;0,156272402;0,16800402;156,2724022;168,0040203;;;;;
6,958344089;5,052576359;3,94890213;;;;;;601200,9293;600,0000669;14,24826692;11,13590525;;601200,9293;0,156420076;0,168119436;156,4200756;168,1194362;;;;;
6,965288535;5,027621778;3,910030403;;;;;;601800,9294;600,0000669;14,17789499;11,02628697;;601800,9294;0,15656702;0,168233716;156,5670196;168,233716;;;;;
6,97223298;5,00354425;3,878915662;;;;;;602400,9295;600,0000669;14,10999636;10,93854339;;602400,9295;0,15671326;0,168347086;156,7132599;168,3470864;;;;;
6,979177425;4,983995406;3,841900923;;;;;;603000,9295;600,0000669;14,05486861;10,83416181;;603000,9295;0,156858929;0,168459375;156,8589289;168,459375;;;;;
6,98612187;4,966061492;3,80909248;;;;;;603600,9296;600,0000669;14,00429497;10,74164199;;603600,9296;0,157004074;0,168570705;157,0040737;168,5707046;;;;;
6,993066315;4,943224032;3,778987013;;;;;;604200,9297;600,0000669;13,93989333;10,65674456;;604200,9297;0,157148551;0,168681154;157,148551;168,6811544;;;;;
7,000010761;4,925150298;3,752122846;;;;;;604800,9297;600,0000669;13,88892539;10,58098761;;604800,9297;0,1572925;0,168790819;157,2925001;168,790819;;;;;
7,006955206;4,89876913;3,72411068;;;;;;605400,9298;600,0000669;13,81453049;10,50199329;;605400,9298;0,157435678;0,168899665;157,4356781;168,8996649;;;;;
7,013899651;4,874352025;3,690797354;;;;;;606000,9299;600,0000669;13,74567424;10,4080497;;606000,9299;0,157578142;0,169007537;157,5781424;169,0075371;;;;;
7,020844096;4,855725407;3,659702616;;;;;;606600,9299;600,0000669;13,69314717;10,32036253;;606600,9299;0,157720062;0,1691145;157,7200624;169,1145004;;;;;
7,027788542;4,829723797;3,629164381;;;;;;607200,93;600,0000669;13,61982262;10,23424469;;607200,93;0,157861222;0,169220571;157,8612224;169,2205713;;;;;
7,034732987;4,802251861;3,599684112;;;;;;607800,9301;600,0000669;13,54235176;10,15111033;;607800,9301;0,158001579;0,16932578;158,0015795;169,3257805;;;;;
7,041677432;4,776000268;3,568810938;;;;;;608400,9301;600,0000669;13,46832226;10,06404797;;608400,9301;0,158141169;0,169430087;158,1411693;169,4300874;;;;;
7,048621877;4,748770569;3,549210335;;;;;;609000,9302;600,0000669;13,3915345;10,00877426;;609000,9302;0,158279963;0,169533821;158,2799632;169,5338213;;;;;
7,055566322;4,720367103;3,518484145;;;;;;609600,9303;600,0000669;13,31143671;9,922126394;;609600,9303;0,158417927;0,169636657;158,417927;169,6366573;;;;;
7,062510768;4,691444893;3,491326123;;;;;;610200,9303;600,0000669;13,22987607;9,845540763;;610200,9303;0,158555045;0,169738699;158,5550455;169,7386995;;;;;
7,069455213;4,665051241;3,470326213;;;;;;610800,9304;600,0000669;13,15544597;9,786321011;;610800,9304;0,158691393;0,169840128;158,6913925;169,8401279;;;;;
7,076399658;4,637612673;3,437897522;;;;;;611400,9305;600,0000669;13,0780692;9,694872093;;611400,9305;0,158826938;0,169940609;158,8269376;169,9406085;;;;;
7,083344103;4,609546266;3,419145054;;;;;;612000,9305;600,0000669;12,99892192;9,641990126;;612000,9305;0,158961662;0,170040541;158,9616624;170,040541;;;;;
7,090288549;4,583041295;3,392306661;;;;;;612600,9306;600,0000669;12,92417789;9,566305849;;612600,9306;0,159095613;0,170139689;159,0956126;170,1396892;;;;;
7,097232994;4,553911388;3,367233319;;;;;;613200,9307;600,0000669;12,84203154;9,495599017;;613200,9307;0,159228711;0,170238104;159,2287113;170,2381045;;;;;
7,104177439;4,522217492;3,342470574;;;;;;613800,9307;600,0000669;12,75265475;9,425768069;;613800,9307;0,159360884;0,170335796;159,3608837;170,335796;;;;;
7,111121884;4,496288083;3,317985917;;;;;;614400,9308;600,0000669;12,67953381;9,356721328;;614400,9308;0,159492298;0,170432772;159,4922983;170,4327719;;;;;
7,118066329;4,468112978;3,296945568;;;;;;615000,9309;600,0000669;12,60008;9,297387539;;615000,9309;0,159622889;0,170529133;159,6228893;170,5291329;;;;;
7,125010775;4,439081507;3,275642423;;;;;;615600,9309;600,0000669;12,51821125;9,237312661;;615600,9309;0,159752632;0,170624871;159,7526319;170,6248712;;;;;
7,13195522;4,413193094;3,250001217;;;;;;616200,931;600,0000669;12,44520591;9,165004453;;616200,931;0,159881618;0,17071986;159,8816178;170,7198601;;;;;
7,138899665;4,379913576;3,230168386;;;;;;616800,9311;600,0000669;12,35135766;9,109075864;;616800,9311;0,160009631;0,170814269;160,0096311;170,8142693;;;;;
7,14584411;4,354592148;3,209869136;;;;;;617400,9311;600,0000669;12,27995123;9,051831971;;617400,9311;0,160136904;0,170908085;160,1369042;170,9080853;;;;;
7,152788556;4,327028121;3,190645205;;;;;;618000,9312;600,0000669;12,20222066;8,997620481;;618000,9312;0,160263372;0,171001339;160,2633718;171,0013394;;;;;
7,159733001;4,294953798;3,166963003;;;;;;618600,9313;600,0000669;12,11177106;8,930836662;;618600,9313;0,160388902;0,171093901;160,3889019;171,0939013;;;;;
7,166677446;4,26383354;3,146479916;;;;;;619200,9313;600,0000669;12,02401192;8,873074351;;619200,9313;0,160513522;0,171185865;160,5135224;171,1858646;;;;;
7,173621891;4,244273443;3,12540551;;;;;;619800,9314;600,0000669;11,96885244;8,813644521;;619800,9314;0,160637571;0,171277212;160,6375712;171,2772119;;;;;
7,180566336;4,210097069;3,108109741;;;;;;620400,9315;600,0000669;11,87247506;8,764870445;;620400,9315;0,160760621;0,171368054;160,7606212;171,3680536;;;;;
7,187510782;4,18254976;3,093250279;;;;;;621000,9315;600,0000669;11,79479164;8,722966758;;621000,9315;0,160882866;0,171458461;160,882866;171,4584611;;;;;
7,194455227;4,15347303;3,070242673;;;;;;621600,9316;600,0000669;11,71279525;8,658085302;;621600,9316;0,161004261;0,171548196;161,004261;171,5481962;;;;;
7,201399672;4,125520015;3,053291908;;;;;;622200,9317;600,0000669;11,63396774;8,610284141;;622200,9317;0,161124839;0,171637436;161,124839;171,6374358;;;;;
7,208344117;4,094254938;3,034473937;;;;;;622800,9317;600,0000669;11,54580021;8,557217457;;622800,9317;0,161244503;0,171726125;161,2445032;171,7261254;;;;;
7,215288562;4,067842114;3,020059802;;;;;;623400,9318;600,0000669;11,47131604;8,516569591;;623400,9318;0,161363395;0,171814394;161,3633954;171,8143937;;;;;
7,222233008;4,036282276;3,000412024;;;;;;624000,9319;600,0000669;11,38231729;8,46116285;;624000,9319;0,161481365;0,171902088;161,4813652;171,9020878;;;;;
7,229177453;4,014276425;2,985891577;;;;;;624600,9319;600,0000669;11,32026078;8,420215185;;624600,9319;0,161598692;0,171989357;161,5986919;171,9893575;;;;;
7,236121898;3,987525218;2,963656665;;;;;;625200,932;600,0000669;11,24482237;8,357512727;;625200,932;0,161715237;0,172075977;161,7152366;172,0759773;;;;;
7,243066343;3,958078292;2,943293476;;;;;;625800,9321;600,0000669;11,16178203;8,300088526;;625800,9321;0,161830921;0,172162002;161,8309208;172,162002;;;;;
7,250010789;3,926458905;2,928794471;;;;;;626400,9321;600,0000669;11,07261535;8,259201328;;626400,9321;0,161945681;0,172247603;161,9456807;172,2476028;;;;;
7,256955234;3,900730777;2,916943625;;;;;;627000,9322;600,0000669;11,00006202;8,225781938;;627000,9322;0,162059689;0,172332857;162,0596887;172,3328574;;;;;
7,263899679;3,872000756;2,892573904;;;;;;627600,9323;600,0000669;10,91904335;8,157059318;;627600,9323;0,162172857;0,1724174;162,172857;172,4173996;;;;;
7,270844124;3,846717902;2,880725589;;;;;;628200,9323;600,0000669;10,84774569;8,123647065;;628200,9323;0,162285286;0,172501596;162,2852864;172,5015956;;;;;
7,277788569;3,816699777;2,867713149;;;;;;628800,9324;600,0000669;10,76309457;8,086951981;;628800,9324;0,162396838;0,172585411;162,3968384;172,5854112;;;;;
7,284733015;3,796405561;2,851867459;;;;;;629400,9325;600,0000669;10,70586488;8,042267131;;629400,9325;0,162507797;0,172668764;162,5077972;172,6687637;;;;;
7,29167746;3,763613875;2,835150785;;;;;;630000,9325;600,0000669;10,61339231;7,995126106;;630000,9325;0,162617798;0,172751628;162,6177977;172,7516276;;;;;
7,298621905;3,735909463;2,821966258;;;;;;630600,9326;600,0000669;10,53526586;7,957945735;;630600,9326;0,162726988;0,172834106;162,7269884;172,8341062;;;;;
7,30556635;3,711968023;2,811293264;;;;;;631200,9327;600,0000669;10,46775099;7,927847888;;631200,9327;0,162835479;0,172916273;162,8354793;172,9162729;;;;;
7,312510796;3,684525444;2,7918463;;;;;;631800,9327;600,0000669;10,39036291;7,873007444;;631800,9327;0,162943168;0,172997871;162,9431682;172,9978711;;;;;
7,319455241;3,659162973;2,783228005;;;;;;632400,9328;600,0000669;10,31884073;7,848703848;;632400,9328;0,163050116;0,173079217;163,0501158;173,0792175;;;;;
7,326399686;3,630075616;2,771103081;;;;;;633000,9329;600,0000669;10,23681438;7,814511559;;633000,9329;0,163156213;0,173160209;163,1562133;173,1602095;;;;;
7,333344131;3,608060923;2,757996942;;;;;;633600,9329;600,0000669;10,17473294;7,777552244;;633600,9329;0,163261667;0,173240818;163,2616674;173,2408184;;;;;
7,340288576;3,584752988;2,743375929;;;;;;634200,933;600,0000669;10,10900455;7,736320981;;634200,933;0,16336644;0,173321;163,3664402;173,321;;;;;
7,347233022;3,557538305;2,732693696;;;;;;634800,9331;600,0000669;10,03225914;7,706197082;;634800,9331;0,163470418;0,173400869;163,4704176;173,4008694;;;;;
7,354177467;3,532436388;2,717538913;;;;;;635400,9331;600,0000669;9,961471724;7,663460588;;635400,9331;0,163573661;0,173480296;163,5736613;173,4802958;;;;;
7,361121912;3,508812801;2,708975946;;;;;;636000,9332;600,0000669;9,894853202;7,63931302;;636000,9332;0,163676215;0,173559472;163,6762146;173,559472;;;;;
7,368066357;3,486001583;2,696344383;;;;;;636600,9333;600,0000669;9,83052556;7,603692006;;636600,9333;0,163778101;0,173638279;163,7781011;173,638279;;;;;
7,375010802;3,460823439;2,685215471;;;;;;637200,9333;600,0000669;9,759523186;7,572308471;;637200,9333;0,163879252;0,173716761;163,8792518;173,7167607;;;;;
7,381955248;3,43623129;2,672377906;;;;;;637800,9334;600,0000669;9,690173317;7,536106534;;637800,9334;0,163979684;0,173794867;163,9796837;173,7948672;;;;;
7,388899693;3,413412871;2,663935858;;;;;;638400,9335;600,0000669;9,625825368;7,512299956;;638400,9335;0,164079449;0,173872727;164,0794487;173,872727;;;;;
7,395844138;3,391807041;2,653242198;;;;;;639000,9335;600,0000669;9,564896923;7,482143832;;639000,9335;0,164178582;0,173950274;164,1785822;173,9502742;;;;;
7,402788583;3,366716822;2,641073964;;;;;;639600,9336;600,0000669;9,494142496;7,447829409;;639600,9336;0,164276982;0,174027466;164,2769824;174,0274658;;;;;
7,409733029;3,343721613;2,631420651;;;;;;640200,9337;600,0000669;9,429296;7,420607064;;640200,9337;0,164374711;0,174104375;164,3747105;174,1043752;;;;;
7,416677474;3,317095129;2,620808377;;;;;;640800,9337;600,0000669;9,354209305;7,390680448;;640800,9337;0,16447166;0,174180974;164,4716604;174,1809745;;;;;
7,423621919;3,292515597;2,609946952;;;;;;641400,9338;600,0000669;9,284895018;7,360051224;;641400,9338;0,164567892;0,174257256;164,5678919;174,2572563;;;;;
7,430566364;3,271606684;2,601676985;;;;;;642000,9339;600,0000669;9,225931878;7,336729914;;642000,9339;0,164663512;0,174333296;164,6635123;174,3332964;;;;;
7,437510809;3,245504981;2,590724858;;;;;;642600,9339;600,0000669;9,152325067;7,305844913;;642600,9339;0,16475837;0,174409016;164,7583698;174,4090164;;;;;
7,444455255;3,223426274;2,58222209;;;;;;643200,934;600,0000669;9,090063104;7,281867105;;643200,934;0,164852582;0,174484488;164,852582;174,4844879;;;;;
7,4513997;3,204208034;2,571092044;;;;;;643800,9341;600,0000669;9,035867663;7,250480373;;643800,9341;0,164946232;0,174559634;164,9462325;174,5596341;;;;;
7,458344145;3,17870078;2,56296848;;;;;;644400,9341;600,0000669;8,963937198;7,227571919;;644400,9341;0,165039137;0,174634543;165,0391374;174,6345429;;;;;
7,46528859;3,157542188;2,55303732;;;;;;645000,9342;600,0000669;8,904269962;7,199566044;;645000,9342;0,165131424;0,174709161;165,131424;174,7091614;;;;;
7,472233036;3,13706409;2,545760195;;;;;;645600,9343;600,0000669;8,84652172;7,17904455;;645600,9343;0,165223112;0,174783567;165,2231121;174,7835672;;;;;
7,479177481;3,115840561;2,536899337;;;;;;646200,9343;600,0000669;8,786671362;7,154056928;;646200,9343;0,16531418;0,174857714;165,3141798;174,857714;;;;;
7,486121926;3,094488611;2,527074569;;;;;;646800,9344;600,0000669;8,726458856;7,126351079;;646800,9344;0,165404623;0,174931574;165,4046235;174,9315737;;;;;
7,493066371;3,072364441;2,519540075;;;;;;647400,9345;600,0000669;8,664068689;7,105103802;;647400,9345;0,165494421;0,175005213;165,4944205;175,0052131;;;;;
7,500010816;3,049819946;2,509945407;;;;;;648000,9345;600,0000669;8,600493207;7,078046837;;648000,9345;0,165583559;0,175078572;165,5835587;175,0785722;;;;;
7,506955262;3,029244897;2,504195649;;;;;;648600,9346;600,0000669;8,542471563;7,061832516;;648600,9346;0,165672095;0,175151763;165,6720955;175,1517632;;;;;
7,513899707;3,007962348;2,49360934;;;;;;649200,9347;600,0000669;8,482454768;7,031979122;;649200,9347;0,16576001;0,175224645;165,7600102;175,2246447;;;;;
7,520844152;2,989155324;2,487003361;;;;;;649800,9347;600,0000669;8,429418954;7,013350259;;649800,9347;0,165847375;0,175297333;165,8473753;175,2973332;;;;;
7,527788597;2,968653951;2,478432188;;;;;;650400,9348;600,0000669;8,371605074;6,989179548;;650400,9348;0,165934141;0,175369771;165,9341412;175,3697712;;;;;
7,534733043;2,950680408;2,468808564;;;;;;651000,9349;600,0000669;8,320919677;6,962040926;;651000,9349;0,166020382;0,175441928;166,0203817;175,441928;;;;;
7,541677488;2,930724082;2,458577689;;;;;;651600,9349;600,0000669;8,264642832;6,933189857;;651600,9349;0,166106039;0,175513786;166,106039;175,5137857;;;;;
7,548621933;2,909474203;2,450743266;;;;;;652200,935;600,0000669;8,204718167;6,911096781;;652200,935;0,166191075;0,175585414;166,1910752;175,5854144;;;;;
7,555566378;2,891755199;2,443745042;;;;;;652800,9351;600,0000669;8,154750571;6,891361787;;652800,9351;0,166275594;0,175656839;166,2755935;175,6568385;;;;;
7,562510823;2,872780995;2,437634429;;;;;;653400,9351;600,0000669;8,101243309;6,874129856;;653400,9351;0,166359557;0,175728084;166,3595573;175,7280841;;;;;
7,569455269;2,853362941;2,42962343;;;;;;654000,9352;600,0000669;8,04648439;6,851538835;;654000,9352;0,166442954;0,175799096;166,4429535;175,7990956;;;;;
7,576399714;2,830581751;2,423947589;;;;;;654600,9353;600,0000669;7,982241427;6,835532962;;654600,9353;0,166525684;0,175869941;166,5256839;175,8699411;;;;;
7,583344159;2,81290677;2,417431192;;;;;;655200,9353;600,0000669;7,932397976;6,81715672;;655200,9353;0,166607898;0,175940596;166,6078977;175,9405962;;;;;
7,590288604;2,793922309;2,409260896;;;;;;655800,9354;600,0000669;7,87886179;6,794116484;;655800,9354;0,166689557;0,176011013;166,6895566;176,0110125;;;;;
7,597233049;2,77821141;2,401411317;;;;;;656400,9355;600,0000669;7,834557048;6,771980668;;656400,9355;0,166770756;0,176081199;166,7707564;176,0811994;;;;;
7,604177495;2,76122001;2,397656969;;;;;;657000,9355;600,0000669;7,786641295;6,761393405;;657000,9355;0,166851459;0,176151277;166,8514595;176,1512765;;;;;
7,61112194;2,744547378;2,386792207;;;;;;657600,9356;600,0000669;7,739624468;6,730754774;;657600,9356;0,166931675;0,176221036;166,9316753;176,2210361;;;;;
7,618066385;2,726214115;2,38097769;;;;;;658200,9357;600,0000669;7,687924661;6,714357834;;658200,9357;0,167011355;0,176290626;167,0113553;176,2906258;;;;;
7,62501083;2,706684266;2,377192493;;;;;;658800,9357;600,0000669;7,632850481;6,703683577;;658800,9357;0,167090465;0,176360105;167,0904645;176,3601048;;;;;
7,631955276;2,690276174;2,370295563;;;;;;659400,9358;600,0000669;7,586579655;6,684234232;;659400,9358;0,167169094;0,176429382;167,1690941;176,4293823;;;;;
7,638899721;2,672874156;2,365084101;;;;;;660000,9359;600,0000669;7,537505961;6,669537909;;660000,9359;0,167247215;0,176498507;167,2472151;176,4985074;;;;;
7,645844166;2,656319552;2,356970992;;;;;;660600,9359;600,0000669;7,49082197;6,646658938;;660600,9359;0,167324852;0,176567395;167,3248523;176,5673954;;;;;
7,652788611;2,637320108;2,350803336;;;;;;661200,936;600,0000669;7,437243533;6,629266145;;661200,936;0,167401934;0,176636103;167,4019342;176,6361031;;;;;
7,659733056;2,621173917;2,341908372;;;;;;661800,9361;600,0000669;7,39171127;6,604182345;;661800,9361;0,167478544;0,176704551;167,4785441;176,7045509;;;;;
7,666677502;2,604610895;2,336646678;;;;;;662400,9361;600,0000669;7,345003544;6,589344365;;662400,9361;0,16755467;0,176772845;167,55467;176,7728449;;;;;
7,673621947;2,588663629;2,330421623;;;;;;663000,9362;600,0000669;7,300032247;6,57178971;;663000,9362;0,16763033;0,176840957;167,6303298;176,8409569;;;;;
7,680566392;2,573471539;2,323214063;;;;;;663600,9363;600,0000669;7,25719055;6,551464388;;663600,9363;0,167705545;0,176908858;167,7055455;176,9088583;;;;;
7,687510837;2,556461836;2,315624537;;;;;;664200,9363;600,0000669;7,20922318;6,530061921;;664200,9363;0,167780264;0,176976538;167,7802641;176,9765378;;;;;
7,694455283;2,539015905;2,310335469;;;;;;664800,9364;600,0000669;7,160025649;6,515146748;;664800,9364;0,167854473;0,177044063;167,8544728;177,0440628;;;;;
7,701399728;2,523884067;2,302638415;;;;;;665400,9365;600,0000669;7,117353862;6,493441055;;665400,9365;0,167928239;0,177111363;167,9282392;177,1113628;;;;;
7,708344173;2,506891895;2,297121953;;;;;;666000,9365;600,0000669;7,069435932;6,477884629;;666000,9365;0,168001509;0,177178502;168,001509;177,1785016;;;;;
7,715288618;2,490708132;2,28986914;;;;;;666600,9366;600,0000669;7,023797715;6,457431694;;666600,9366;0,168074306;0,177245428;168,0743058;177,2454284;;;;;
7,722233063;2,4751899;2,28315485;;;;;;667200,9367;600,0000669;6,980036295;6,438497394;;667200,9367;0,168146649;0,177312159;168,146649;177,3121589;;;;;
7,729177509;2,458915004;2,275246105;;;;;;667800,9367;600,0000669;6,934141085;6,416194732;;667800,9367;0,168218517;0,177378658;168,2185166;177,3786583;;;;;
7,736121954;2,443599995;2,269881606;;;;;;668400,9368;600,0000669;6,890952753;6,401066843;;668400,9368;0,168289936;0,177445001;168,2899365;177,4450009;;;;;
7,743066399;2,429859708;2,262767003;;;;;;669000,9369;600,0000669;6,852205141;6,381003658;;669000,9369;0,168360955;0,177511136;168,3609548;177,5111356;;;;;
7,750010844;2,412989094;2,256594835;;;;;;669600,9369;600,0000669;6,804630003;6,363598145;;669600,9369;0,16843148;0,17757709;168,4314801;177,5770899;;;;;
7,756955289;2,398407885;2,25118023;;;;;;670200,937;600,0000669;6,763510991;6,348328957;;670200,937;0,168501579;0,177642886;168,5015792;177,6428859;;;;;
7,763899735;2,383367639;2,244494748;;;;;;670800,9371;600,0000669;6,721097491;6,329475896;;670800,9371;0,168571239;0,177708487;168,5712387;177,7084865;;;;;
7,77084418;2,367557317;2,238053852;;;;;;671400,9371;600,0000669;6,676512377;6,311312566;;671400,9371;0,168640436;0,177773899;168,6404361;177,7738989;;;;;
7,777788625;2,35130512;2,231337874;;;;;;672000,9372;600,0000669;6,630681176;6,292373507;;672000,9372;0,168709159;0,177839115;168,7091585;177,839115;;;;;
7,78473307;2,33587157;2,223562644;;;;;;672600,9373;600,0000669;6,587158562;6,270447356;;672600,9373;0,16877743;0,177904104;168,7774298;177,9041038;;;;;
7,791677516;2,321032612;2,218938937;;;;;;673200,9373;600,0000669;6,545312696;6,2574085;;673200,9373;0,168845267;0,177968957;168,8452675;177,9689575;;;;;
7,798621961;2,306021331;2,213348973;;;;;;673800,9374;600,0000669;6,502980878;6,241644799;;673800,9374;0,168912666;0,178033648;168,9126663;178,0336478;;;;;
7,805566406;2,292084748;2,207403812;;;;;;674400,9375;600,0000669;6,46367971;6,224879442;;674400,9375;0,168979658;0,178098164;168,9796579;178,0981644;;;;;
7,812510851;2,276522279;2,200644011;;;;;;675000,9375;600,0000669;6,419793543;6,205816803;;675000,9375;0,169046195;0,178162483;169,0461946;178,1624833;;;;;
7,819455296;2,261915217;2,193971744;;;;;;675600,9376;600,0000669;6,378601624;6,187001006;;675600,9376;0,169112304;0,178226607;169,1123044;178,2266073;;;;;
7,826399742;2,248015457;2,188191728;;;;;;676200,9377;600,0000669;6,339404295;6,170701361;;676200,9377;0,169178008;0,178290562;169,1780079;178,2905623;;;;;
7,833344187;2,234266286;2,182617611;;;;;;676800,9377;600,0000669;6,300631628;6,15498235;;676800,9377;0,16924331;0,178354354;169,2433096;178,3543545;;;;;
7,840288632;2,220077606;2,176566335;;;;;;677400,9378;600,0000669;6,260619548;6,137917748;;677400,9378;0,169308197;0,17841797;169,3081965;178,4179697;;;;;
7,847233077;2,206074758;2,170082604;;;;;;678000,9379;600,0000669;6,221131512;6,119633626;;678000,9379;0,169372674;0,178481395;169,3726742;178,4813955;;;;;
7,854177523;2,193852453;2,163462068;;;;;;678600,9379;600,0000669;6,186664607;6,100963713;;678600,9379;0,169436795;0,178544628;169,4367947;178,5446277;;;;;
7,861121968;2,180651568;2,156633192;;;;;;679200,938;600,0000669;6,149438107;6,08170628;;679200,938;0,169500529;0,17860766;169,5005294;178,6076604;;;;;
7,868066413;2,166499441;2,152579181;;;;;;679800,9381;600,0000669;6,109529103;6,070273967;;679800,9381;0,16956385;0,178670575;169,5638504;178,6705745;;;;;
7,875010858;2,153756998;2,146350174;;;;;;680400,9381;600,0000669;6,07359541;6,052708166;;680400,9381;0,169626799;0,178733307;169,626799;178,7333067;;;;;
7,881955303;2,140209719;2,140975225;;;;;;681000,9382;600,0000669;6,03539208;6,037550808;;681000,9382;0,169689352;0,178795882;169,6893516;178,7958817;;;;;
7,888899749;2,128647323;2,135694323;;;;;;681600,9383;600,0000669;6,00278612;6,022658662;;681600,9383;0,169751566;0,178858302;169,7515664;178,8583024;;;;;
7,895844194;2,115723747;2,131461174;;;;;;682200,9383;600,0000669;5,966341632;6,010721181;;682200,9383;0,169813403;0,178920599;169,8134033;178,9205993;;;;;
7,902788639;2,103599998;2,127171543;;;;;;682800,9384;600,0000669;5,932152654;5,99862442;;682800,9384;0,169874886;0,178982771;169,874886;178,9827709;;;;;
7,909733084;2,091313623;2,120385274;;;;;;683400,9385;600,0000669;5,897505075;5,979487138;;683400,9385;0,16993601;0,179044744;169,9360095;179,0447441;;;;;
7,91667753;2,078627843;2,11582204;;;;;;684000,9386;600,0000669;5,86173117;5,966618818;;684000,9386;0,169996762;0,179106584;169,9967623;179,106584;;;;;
7,923621975;2,067442131;2,112368269;;;;;;684600,9386;600,0000669;5,830187459;5,956879183;;684600,9386;0,170057188;0,179168323;170,0571881;179,1683229;;;;;
7,93056642;2,054357333;2,103654516;;;;;;685200,9387;600,0000669;5,793288326;5,932306396;;685200,9387;0,170117232;0,179229807;170,1172315;179,2298071;;;;;
7,937510865;2,041858107;2,100318898;;;;;;685800,9388;600,0000669;5,758040504;5,922899953;;685800,9388;0,17017691;0,179291194;170,1769096;179,2911939;;;;;
7,94445531;2,031170384;2,094942852;;;;;;686400,9388;600,0000669;5,72790112;5,907739501;;686400,9388;0,170236275;0,179352423;170,2362754;179,3524235;;;;;
7,951399756;2,018669406;2,09030286;;;;;;687000,9389;600,0000669;5,692648358;5,894654722;;687000,9389;0,170295276;0,179413517;170,2952757;179,4135175;;;;;
7,958344201;2,00609468;2,08663145;;;;;;687600,939;600,0000669;5,657187629;5,884301345;;687600,939;0,170353909;0,179474504;170,3539085;179,4745042;;;;;
7,965288646;1,994886734;2,080378976;;;;;;688200,939;600,0000669;5,625581217;5,866669366;;688200,939;0,170412214;0,179535308;170,4122138;179,5353081;;;;;
7,972233091;1,983890813;2,075855758;;;;;;688800,9391;600,0000669;5,594572716;5,853913889;;688800,9391;0,170470198;0,17959598;170,4701976;179,5959799;;;;;
7,979177536;1,970353426;2,070420997;;;;;;689400,9392;600,0000669;5,556397279;5,838587862;;689400,9392;0,170527786;0,179656493;170,5277858;179,6564928;;;;;
7,986121982;1,959531205;2,066556455;;;;;;690000,9392;600,0000669;5,525878613;5,827689852;;690000,9392;0,170585058;0,179716893;170,5850577;179,7168927;;;;;
7,993066427;1,949130841;2,062309679;;;;;;690600,9393;600,0000669;5,496549585;5,815713942;;690600,9393;0,170642026;0,179777169;170,6420256;179,7771686;;;;;
8,000010872;1,937597745;2,05923743;;;;;;691200,9394;600,0000669;5,464026251;5,8070502;;691200,9394;0,170698656;0,179837355;170,6986565;179,8373546;;;;;
8,006955317;1,928110238;2,05444655;;;;;;691800,9394;600,0000669;5,437271478;5,793539916;;691800,9394;0,17075501;0,179897401;170,75501;179,8974006;;;;;
8,013899763;1,917651498;2,048655709;;;;;;692400,9395;600,0000669;5,407777828;5,777209744;;692400,9395;0,170811058;0,179957277;170,8110579;179,9572774;;;;;
8,020844208;1,906145334;2,044722946;;;;;;693000,9396;600,0000669;5,375330442;5,766119351;;693000,9396;0,170866769;0,180017039;170,8667694;180,0170392;;;;;
8,027788653;1,895554718;2,038886204;;;;;;693600,9396;600,0000669;5,345464901;5,749659737;;693600,9396;0,170922171;0,18007663;170,9221715;180,0766305;;;;;
8,034733098;1,885992539;2,035514875;;;;;;694200,9397;600,0000669;5,318499551;5,740152587;;694200,9397;0,170977294;0,180136123;170,977294;180,1361231;;;;;
8,041677543;1,875275847;2,03230169;;;;;;694800,9398;600,0000669;5,288278477;5,731091404;;694800,9398;0,171032103;0,180195522;171,0321034;180,1955219;;;;;
8,048621989;1,864954854;2,02677858;;;;;;695400,9398;600,0000669;5,259173274;5,715516231;;695400,9398;0,171086611;0,180254759;171,086611;180,2547593;;;;;
8,055566434;1,854282406;2,022139983;;;;;;696000,9399;600,0000669;5,229076967;5,702435387;;696000,9399;0,171140807;0,180313861;171,1408068;180,3138611;;;;;
8,062510879;1,844058851;2,017624234;;;;;;696600,94;600,0000669;5,200246541;5,689700975;;696600,94;0,171194704;0,180372831;171,1947037;180,3728309;;;;;
8,069455324;1,834159323;2,015418759;;;;;;697200,94;600,0000669;5,172329867;5,683481534;;697200,94;0,171248311;0,180431736;171,2483113;180,4317362;;;;;
8,07639977;1,823578576;2,00915803;;;;;;697800,9401;600,0000669;5,142492157;5,665826277;;697800,9401;0,17130161;0,180490459;171,3016097;180,4904586;;;;;
8,083344215;1,812531759;2,005228874;;;;;;698400,9402;600,0000669;5,111340131;5,654746055;;698400,9402;0,171354585;0,180549066;171,3545852;180,5490661;;;;;
8,09028866;1,803262698;2,001620904;;;;;;699000,9402;600,0000669;5,085201375;5,644571577;;699000,9402;0,17140729;0,180607568;171,4072898;180,6075681;;;;;
8,097233105;1,79403177;1,997024197;;;;;;699600,9403;600,0000669;5,059170155;5,631608864;;699600,9403;0,171459725;0,180665936;171,4597245;180,6659358;;;;;
8,10417755;1,783893338;1,994156715;;;;;;700200,9404;600,0000669;5,030579773;5,623522564;;700200,9404;0,171511863;0,18072422;171,511863;180,7242198;;;;;
8,111121996;1,774809753;1,99051076;;;;;;700800,9404;600,0000669;5,004964062;5,613240969;;700800,9404;0,171563736;0,180782397;171,563736;180,7823971;;;;;
8,118066441;1,765501744;1,98751686;;;;;;701400,9405;600,0000669;4,978715474;5,604798169;;701400,9405;0,171615337;0,180840487;171,6153369;180,8404869;;;;;
8,125010886;1,755099683;1,983479225;;;;;;702000,9406;600,0000669;4,949381659;5,593412037;;702000,9406;0,171666634;0,180898459;171,6666338;180,8984588;;;;;
8,131955331;1,744894644;1,981246217;;;;;;702600,9406;600,0000669;4,920603444;5,587114956;;702600,9406;0,171717632;0,180956365;171,7176324;180,9563653;;;;;
8,138899777;1,736150172;1,977534771;;;;;;703200,9407;600,0000669;4,895944031;5,576648675;;703200,9407;0,171768376;0,181014163;171,7683755;181,0141634;;;;;
8,145844222;1,727282629;1,973276246;;;;;;703800,9408;600,0000669;4,870937556;5,564639634;;703800,9408;0,171818859;0,181071837;171,8188594;181,071837;;;;;
8,152788667;1,717413717;1,969730446;;;;;;704400,9408;600,0000669;4,843107222;5,554640476;;704400,9408;0,171869055;0,181129407;171,8690548;181,129407;;;;;
8,159733112;1,707345962;1,967281764;;;;;;705000,9409;600,0000669;4,814716149;5,547735192;;705000,9409;0,171918956;0,181186905;171,918956;181,1869055;;;;;
8,166677557;1,698767967;1,964413626;;;;;;705600,941;600,0000669;4,790526201;5,539647042;;705600,941;0,171968606;0,18124432;171,9686065;181,24432;;;;;
8,173622003;1,688419915;1,962556589;;;;;;706200,941;600,0000669;4,76134469;5,534410197;;706200,941;0,172017955;0,18130168;172,0179545;181,3016804;;;;;
8,180566448;1,679546955;1,960378134;;;;;;706800,9411;600,0000669;4,736322941;5,528266955;;706800,9411;0,172067043;0,181358977;172,0670432;181,358977;;;;;
8,187510893;1,671257063;1,957189892;;;;;;707400,9412;600,0000669;4,712945443;5,51927611;;707400,9412;0,17211589;0,18141618;172,1158896;181,4161805;;;;;
8,194455338;1,662545792;1,952896467;;;;;;708000,9412;600,0000669;4,688379655;5,507168651;;708000,9412;0,172164481;0,181473258;172,1644814;181,4732585;;;;;
8,201399783;1,653565014;1,951808645;;;;;;708600,9413;600,0000669;4,663053859;5,504100991;;708600,9413;0,172212811;0,181530305;172,2128107;181,5303046;;;;;
8,208344229;1,645319915;1,947715187;;;;;;709200,9414;600,0000669;4,639802676;5,49255744;;709200,9414;0,172260899;0,181587231;172,2608991;181,5872312;;;;;
8,215288674;1,635849112;1,944926729;;;;;;709800,9414;600,0000669;4,613095011;5,484693986;;709800,9414;0,172308711;0,181644076;172,3087106;181,6440762;;;;;
8,222233119;1,62826017;1,943208112;;;;;;710400,9415;600,0000669;4,591694191;5,479847486;;710400,9415;0,1723563;0,181700871;172,3563003;181,700871;;;;;
8,229177564;1,618779165;1,939276229;;;;;;711000,9416;600,0000669;4,564957753;5,468759575;;711000,9416;0,172403613;0,181757551;172,4036129;181,7575509;;;;;
8,23612201;1,610630074;1,936068769;;;;;;711600,9416;600,0000669;4,541977314;5,459714537;;711600,9416;0,172450687;0,181814137;172,4506874;181,8141371;;;;;
8,243066455;1,602430798;1,93283136;;;;;;712200,9417;600,0000669;4,518855354;5,450585044;;712200,9417;0,172497522;0,181870629;172,4975222;181,8706286;;;;;
8,2500109;1,594685448;1,930654775;;;;;;712800,9418;600,0000669;4,497013463;5,444447073;;712800,9418;0,172544131;0,181927057;172,5441306;181,9270565;;;;;
8,256955345;1,586649397;1,928510387;;;;;;713400,9418;600,0000669;4,474351799;5,438399897;;713400,9418;0,172590504;0,181983422;172,5905041;181,9834218;;;;;
8,26389979;1,578448371;1,926828066;;;;;;714000,9419;600,0000669;4,451224903;5,433655752;;714000,9419;0,172636638;0,182039738;172,636638;182,0397378;;;;;
8,270844236;1,570700606;1,924102954;;;;;;714600,942;600,0000669;4,429376203;5,425970934;;714600,942;0,172682545;0,182095974;172,6825454;182,0959742;;;;;
8,277788681;1,563677558;1,922156108;;;;;;715200,942;600,0000669;4,409571204;5,420480827;;715200,942;0,172728248;0,182152154;172,7282475;182,1521538;;;;;
8,284733126;1,555517804;1,920236978;;;;;;715800,9421;600,0000669;4,386560697;5,415068881;;715800,9421;0,172773711;0,182208277;172,7737112;182,2082772;;;;;
8,291677571;1,547910682;1,917729638;;;;;;716400,9422;600,0000669;4,365108611;5,407998182;;716400,9422;0,172818953;0,182264327;172,8189525;182,2643273;;;;;
8,298622017;1,540874491;1,915011783;;;;;;717000,9422;600,0000669;4,345266548;5,400333829;;717000,9422;0,172863988;0,182320298;172,8639882;182,320298;;;;;
8,305566462;1,533846213;1,91217905;;;;;;717600,9423;600,0000669;4,325446802;5,392345521;;717600,9423;0,172908818;0,182376186;172,9088184;182,376186;;;;;
8,312510907;1,525563455;1,909299071;;;;;;718200,9424;600,0000669;4,302089423;5,384223981;;718200,9424;0,172953407;0,18243199;172,9534066;182,4319897;;;;;
8,319455352;1,518081381;1,907159824;;;;;;718800,9424;600,0000669;4,280989971;5,378191304;;718800,9424;0,172997776;0,182487731;172,9977761;182,4877309;;;;;
8,326399797;1,510620037;1,905412348;;;;;;719400,9425;600,0000669;4,259948978;5,37326342;;719400,9425;0,173041928;0,182543421;173,0419275;182,5434211;;;;;
8,333344243;1,503387948;1,903641414;;;;;;720000,9426;600,0000669;4,239554485;5,368269386;;720000,9426;0,173085868;0,182599059;173,0858675;182,5990594;;;;;
8,340288688;1,497090512;1,900619651;;;;;;720600,9426;600,0000669;4,221795714;5,359748014;;720600,9426;0,173129624;0,18265461;173,1296235;182,6546095;;;;;
8,347233133;1,488982708;1,899224855;;;;;;721200,9427;600,0000669;4,198931704;5,355814688;;721200,9427;0,173173143;0,182710119;173,1731425;182,7101188;;;;;
8,354177578;1,481692241;1,895748465;;;;;;721800,9428;600,0000669;4,178372585;5,346011268;;721800,9428;0,173216448;0,182765526;173,2164485;182,7655265;;;;;
8,361122023;1,474929754;1,893527743;;;;;;722400,9428;600,0000669;4,15930237;5,339748829;;722400,9428;0,173259557;0,182820869;173,2595567;182,8208693;;;;;
8,368066469;1,468429665;1,891723566;;;;;;723000,9429;600,0000669;4,140972117;5,33466105;;723000,9429;0,173302475;0,182876159;173,302475;182,8761593;;;;;
8,375010914;1,461143168;1,890683553;;;;;;723600,943;600,0000669;4,120424192;5,331728214;;723600,943;0,17334518;0,182931419;173,3451804;182,931419;;;;;
8,381955359;1,453521535;1,888895964;;;;;;724200,943;600,0000669;4,098931185;5,326687212;;724200,943;0,173387663;0,182986626;173,387663;182,9866264;;;;;
8,388899804;1,446452614;1,888405388;;;;;;724800,9431;600,0000669;4,078996826;5,325303788;;724800,9431;0,173429939;0,183041819;173,4299389;183,0418195;;;;;
8,39584425;1,439158014;1,884582877;;;;;;725400,9432;600,0000669;4,05842605;5,314524306;;725400,9432;0,173472002;0,183096901;173,4720017;183,0969008;;;;;
8,402788695;1,431892618;1,882279507;;;;;;726000,9432;600,0000669;4,037937634;5,308028801;;726000,9432;0,173513852;0,183151915;173,5138521;183,1519149;;;;;
8,40973314;1,42493465;1,879822244;;;;;;726600,9433;600,0000669;4,01831616;5,301099317;;726600,9433;0,173555499;0,183206857;173,5554992;183,2068571;;;;;
8,416677585;1,418418701;1,879207428;;;;;;727200,9434;600,0000669;3,999941183;5,299365537;;727200,9434;0,173596956;0,183261781;173,5969558;183,2617813;;;;;
8,42362203;1,412336529;1,878149931;;;;;;727800,9434;600,0000669;3,982789455;5,296383396;;727800,9434;0,173638235;0,183316675;173,6382346;183,3166747;;;;;
8,430566476;1,405588304;1,875534665;;;;;;728400,9435;600,0000669;3,96375946;5,289008346;;728400,9435;0,173679316;0,183371492;173,6793162;183,3714916;;;;;
8,437510921;1,398957568;1,873559748;;;;;;729000,9436;600,0000669;3,945060781;5,283439078;;729000,9436;0,173720204;0,183426251;173,720204;183,4262507;;;;;
8,444455366;1,39247554;1,872699302;;;;;;729600,9436;600,0000669;3,926781459;5,281012619;;729600,9436;0,173760902;0,183480985;173,7609024;183,4809848;;;;;
8,451399811;1,38600256;1,870814081;;;;;;730200,9437;600,0000669;3,908527655;5,275696297;;730200,9437;0,173801412;0,183535664;173,8014116;183,5356637;;;;;
8,458344257;1,379662213;1,868523008;;;;;;730800,9438;600,0000669;3,890647875;5,269235469;;730800,9438;0,173841735;0,183590276;173,8417354;183,5902757;;;;;
8,465288702;1,373404933;1,866556684;;;;;;731400,9438;600,0000669;3,873002342;5,263690436;;731400,9438;0,173881876;0,18364483;173,8818764;183,6448301;;;;;
8,472233147;1,366981858;1,86481463;;;;;;732000,9439;600,0000669;3,854889268;5,258777842;;732000,9439;0,17392183;0,183699334;173,9218297;183,6993337;;;;;
8,479177592;1,360414642;1,864314355;;;;;;732600,944;600,0000669;3,836369719;5,257367067;;732600,944;0,173961591;0,183753823;173,961591;183,7538227;;;;;
8,486122037;1,354479213;1,863133209;;;;;;733200,944;600,0000669;3,819631806;5,254036235;;733200,944;0,174001179;0,183808277;174,0011788;183,8082771;;;;;
8,493066483;1,348434838;1,862083578;;;;;;733800,9441;600,0000669;3,802586668;5,251076275;;733800,9441;0,17404059;0,183862701;174,04059;183,8627009;;;;;
8,500010928;1,342202716;1,860582403;;;;;;734400,9442;600,0000669;3,785012082;5,246842962;;734400,9442;0,174079819;0,183917081;174,079819;183,9170808;;;;;
8,506955373;1,335604089;1,859378001;;;;;;735000,9442;600,0000669;3,76640395;5,243446547;;735000,9442;0,174118855;0,183971425;174,1188552;183,9714254;;;;;
8,513899818;1,329741024;1,858212694;;;;;;735600,9443;600,0000669;3,749870106;5,24016038;;735600,9443;0,17415772;0,184025736;174,15772;184,0257361;;;;;
8,520844264;1,323739904;1,856299011;;;;;;736200,9444;600,0000669;3,732946945;5,234763795;;736200,9444;0,174196409;0,184079991;174,1964094;184,0799908;;;;;
8,527788709;1,318322983;1,855636347;;;;;;736800,9444;600,0000669;3,717671226;5,232895082;;736800,9444;0,17423494;0,184134226;174,2349404;184,1342261;;;;;
8,534733154;1,311675058;1,855021058;;;;;;737400,9445;600,0000669;3,698924077;5,231159966;;737400,9445;0,174273277;0,184188443;174,2732772;184,1884434;;;;;
8,541677599;1,305621479;1,852575663;;;;;;738000,9446;600,0000669;3,68185298;5,224263952;;738000,9446;0,174311437;0,184242589;174,3114371;184,2425893;;;;;
8,548622044;1,29963318;1,851973969;;;;;;738600,9446;600,0000669;3,664965975;5,222567175;;738600,9446;0,174349422;0,184296718;174,3494219;184,2967176;;;;;
8,55556649;1,293900324;1,851058262;;;;;;739200,9447;600,0000669;3,648799321;5,21998488;;739200,9447;0,174387239;0,184350819;174,3872392;184,3508191;;;;;
8,562510935;1,288179059;1,850346499;;;;;;739800,9448;600,0000669;3,632665351;5,217977708;;739800,9448;0,174424889;0,1844049;174,4248892;184,4048998;;;;;
8,56945538;1,282833203;1,848216363;;;;;;740400,9448;600,0000669;3,617590037;5,211970726;;740400,9448;0,174462383;0,184458918;174,462383;184,4589182;;;;;
8,576399825;1,27684441;1,846192419;;;;;;741000,9449;600,0000669;3,600701639;5,206263202;;741000,9449;0,174499702;0,184512878;174,4997018;184,5128775;;;;;
8,58334427;1,271362037;1,846046125;;;;;;741600,945;600,0000669;3,585241343;5,205850653;;741600,945;0,17453686;0,184566833;174,5368603;184,5668326;;;;;
8,590288716;1,26585314;1,844775955;;;;;;742200,945;600,0000669;3,569706254;5,202268773;;742200,945;0,174573858;0,18462075;174,5738579;184,6207505;;;;;
8,597233161;1,260261658;1,843473854;;;;;;742800,9451;600,0000669;3,553938271;5,198596849;;742800,9451;0,174610692;0,18467463;174,610692;184,6746303;;;;;
8,604177606;1,25500824;1,842718892;;;;;;743400,9452;600,0000669;3,539123633;5,196467855;;743400,9452;0,174647373;0,184728488;174,6473725;184,7284881;;;;;
8,611122051;1,250084465;1,841680803;;;;;;744000,9452;600,0000669;3,525238585;5,193540444;;744000,9452;0,174683909;0,184782316;174,6839092;184,7823155;;;;;
8,618066497;1,244902959;1,839248531;;;;;;744600,9453;600,0000669;3,510626736;5,186681435;;744600,9453;0,174720294;0,184836072;174,7202944;184,8360719;;;;;
8,625010942;1,240010862;1,839339984;;;;;;745200,9454;600,0000669;3,49683102;5,186939333;;745200,9454;0,174756537;0,184889831;174,7565366;184,8898309;;;;;
8,631955387;1,234968107;1,838174889;;;;;;745800,9454;600,0000669;3,48261045;5,183653764;;745800,9454;0,174792631;0,184943556;174,7926314;184,9435559;;;;;
8,638899832;1,229796943;1,837336126;;;;;;746400,9455;600,0000669;3,468027767;5,181288452;;746400,9455;0,174828575;0,184997256;174,8285751;184,9972563;;;;;
8,645844277;1,224915573;1,835914329;;;;;;747000,9456;600,0000669;3,454262301;5,177278985;;747000,9456;0,174864376;0,185050915;174,8643762;185,0509152;;;;;
8,652788723;1,21942198;1,835031073;;;;;;747600,9456;600,0000669;3,438770365;5,174788204;;747600,9456;0,174900017;0,185104548;174,9000166;185,1045483;;;;;
8,659733168;1,214258139;1,83439245;;;;;;748200,9457;600,0000669;3,424208334;5,172987286;;748200,9457;0,174935506;0,185158163;174,9355062;185,1581627;;;;;
8,666677613;1,209233848;1,8344767;;;;;;748800,9458;600,0000669;3,410039831;5,173224871;;748800,9458;0,174970849;0,18521178;174,9708489;185,2117796;;;;;
8,673622058;1,204158337;1,834122254;;;;;;749400,9458;600,0000669;3,39572689;5,172225333;;749400,9458;0,175006043;0,185265386;175,0060432;185,2653861;;;;;
8,680566504;1,19922765;1,832603362;;;;;;750000,9459;600,0000669;3,381822351;5,167942058;;750000,9459;0,175041093;0,185318948;175,0410935;185,3189483;;;;;
8,687510949;1,194442312;1,831854908;;;;;;750600,946;600,0000669;3,368327695;5,165831415;;750600,946;0,175076004;0,185372489;175,0760038;185,3724885;;;;;
8,694455394;1,190079322;1,831252198;;;;;;751200,946;600,0000669;3,356024061;5,164131772;;751200,946;0,175110787;0,185426011;175,1107867;185,4260112;;;;;
8,701399839;1,185114901;1,829915918;;;;;;751800,9461;600,0000669;3,342024393;5,160363463;;751800,9461;0,175145424;0,185479495;175,1454245;185,4794948;;;;;
8,708344284;1,179922369;1,829538098;;;;;;752400,9462;600,0000669;3,327381451;5,159298012;;752400,9462;0,17517991;0,185532967;175,1799104;185,5329673;;;;;
8,71528873;1,175813776;1,828440279;;;;;;753000,9462;600,0000669;3,315795217;5,15620216;;753000,9462;0,175214276;0,185586408;175,2142764;185,5864077;;;;;
8,722233175;1,171122392;1,82896084;;;;;;753600,9463;600,0000669;3,302565512;5,157670144;;753600,9463;0,175248505;0,185639863;175,2485052;185,6398634;;;;;
8,72917762;1,166514443;1,827570263;;;;;;754200,9464;600,0000669;3,289571097;5,153748715;;754200,9464;0,175282599;0,185693278;175,2825993;185,6932784;;;;;
8,736122065;1,162235136;1,827710265;;;;;;754800,9464;600,0000669;3,277503449;5,154143521;;754800,9464;0,175316568;0,185746698;175,3165683;185,7466976;;;;;
8,74306651;1,157201581;1,826748078;;;;;;755400,9465;600,0000669;3,263308822;5,151430155;;755400,9465;0,17535039;0,185800089;175,3503903;185,8000886;;;;;
8,750010956;1,152931995;1,826524646;;;;;;756000,9466;600,0000669;3,251268587;5,150800077;;756000,9466;0,175384087;0,185853473;175,3840874;185,853473;;;;;
8,756955401;1,148549851;1,825379086;;;;;;756600,9466;600,0000669;3,23891094;5,147569596;;756600,9466;0,175417656;0,185906824;175,4176565;185,906824;;;;;
8,763899846;1,144208285;1,825743213;;;;;;757200,9467;600,0000669;3,226667725;5,148596436;;757200,9467;0,175451099;0,185960186;175,4510986;185,9601856;;;;;
8,770844291;1,139588102;1,824492263;;;;;;757800,9468;600,0000669;3,213638805;5,145068755;;757800,9468;0,175484406;0,186013511;175,4844058;186,0135107;;;;;
8,777788737;1,135126242;1,824457061;;;;;;758400,9468;600,0000669;3,201056358;5,144969486;;758400,9468;0,175517582;0,186066835;175,5175825;186,0668347;;;;;
8,784733182;1,130867113;1,823694666;;;;;;759000,9469;600,0000669;3,189045614;5,14281953;;759000,9469;0,175550635;0,186120136;175,5506347;186,1201365;;;;;
8,791677627;1,126379725;1,823861119;;;;;;759600,947;600,0000669;3,176391179;5,143288929;;759600,947;0,175583556;0,186173443;175,5835558;186,1734431;;;;;
8,798622072;1,121845417;1,823074746;;;;;;760200,947;600,0000669;3,163604429;5,141071357;;760200,947;0,175616344;0,186226727;175,6163444;186,2267267;;;;;
8,805566517;1,117752627;1,822382648;;;;;;760800,9471;600,0000669;3,152062759;5,139119641;;760800,9471;0,175649013;0,18627999;175,6490133;186,2799901;;;;;
8,812510963;1,113714963;1,821582629;;;;;;761400,9472;600,0000669;3,140676545;5,136863586;;761400,9472;0,175681564;0,18633323;175,6815642;186,3332302;;;;;
8,819455408;1,109722574;1,821737212;;;;;;762000,9472;600,0000669;3,129418008;5,137299511;;762000,9472;0,175713998;0,186386475;175,7139985;186,3864747;;;;;
8,826399853;1,105962774;1,821083441;;;;;;762600,9473;600,0000669;3,118815371;5,135455875;;762600,9473;0,175746323;0,1864397;175,7463228;186,4397001;;;;;
8,833344298;1,102046626;1,821070255;;;;;;763200,9474;600,0000669;3,107771831;5,135418691;;763200,9474;0,175778533;0,186492925;175,7785327;186,4929252;;;;;
8,840288744;1,09864387;1,820178008;;;;;;763800,9474;600,0000669;3,098176058;5,132902555;;763800,9474;0,175810643;0,186546124;175,8106432;186,5461241;;;;;
8,847233189;1,094972582;1,819806103;;;;;;764400,9475;600,0000669;3,087823025;5,131853782;;764400,9475;0,175842646;0,186599312;175,8426463;186,5993122;;;;;
8,854177634;1,091122011;1,819556736;;;;;;765000,9476;600,0000669;3,076964413;5,131150566;;765000,9476;0,175874537;0,186652493;175,8745369;186,6524931;;;;;
8,861122079;1,087419214;1,819175338;;;;;;765600,9476;600,0000669;3,066522526;5,130075025;;765600,9476;0,175906319;0,186705663;175,9063193;186,7056627;;;;;
8,868066524;1,083602895;1,818780064;;;;;;766200,9477;600,0000669;3,055760504;5,128960351;;766200,9477;0,17593799;0,186758821;175,9379901;186,7588208;;;;;
8,87501097;1,079257987;1,818197677;;;;;;766800,9478;600,0000669;3,043507862;5,127318022;;766800,9478;0,175969534;0,186811962;175,969534;186,8119619;;;;;
8,881955415;1,075630902;1,817768173;;;;;;767400,9478;600,0000669;3,03327948;5,12610682;;767400,9478;0,176000972;0,18686509;176,0009718;186,8650905;;;;;
8,88889986;1,072015145;1,817093182;;;;;;768000,9479;600,0000669;3,023083045;5,124203343;;768000,9479;0,176032304;0,186918199;176,032304;186,9181993;;;;;
8,895844305;1,068538185;1,816357902;;;;;;768600,948;600,0000669;3,013278018;5,122129855;;768600,948;0,176063535;0,186971287;176,0635345;186,9712866;;;;;
8,902788751;1,064805971;1,816739715;;;;;;769200,948;600,0000669;3,002753174;5,123206567;;769200,948;0,176094656;0,187024385;176,094656;187,0243851;;;;;
8,909733196;1,061067459;1,815614583;;;;;;769800,9481;600,0000669;2,992210569;5,120033695;;769800,9481;0,176125668;0,187077451;176,1256681;187,0774507;;;;;
8,916677641;1,057694728;1,816015215;;;;;;770400,9482;600,0000669;2,982699464;5,121163476;;770400,9482;0,176156582;0,187130528;176,1565817;187,130528;;;;;
8,923622086;1,053763742;1,814900254;;;;;;771000,9482;600,0000669;2,971614084;5,118019287;;771000,9482;0,17618738;0,187183573;176,1873805;187,1835727;;;;;
8,930566531;1,050469901;1,81508871;;;;;;771600,9483;600,0000669;2,962325452;5,118550733;;771600,9483;0,176218083;0,187236623;176,2180829;187,2366229;;;;;
8,937510977;1,046994363;1,814667212;;;;;;772200,9484;600,0000669;2,952524434;5,117362107;;772200,9484;0,176248684;0,187289661;176,2486838;187,2896608;;;;;
8,944455422;1,044219073;1,81500617;;;;;;772800,9484;600,0000669;2,944698115;5,118317969;;772800,9484;0,176279204;0,187342709;176,2792035;187,3427086;;;;;
8,951399867;1,041192899;1,81378859;;;;;;773400,9485;600,0000669;2,936164301;5,114884393;;773400,9485;0,176309635;0,187395721;176,3096348;187,3957208;;;;;
8,958344312;1,035735415;1,812931005;;;;;;774000,9486;600,0000669;2,920774195;5,112466004;;774000,9486;0,176339907;0,187448708;176,3399066;187,448708;;;;;
8,965288757;1,03434815;1,812948395;;;;;;774600,9486;600,0000669;2,916862107;5,112515044;;774600,9486;0,176370138;0,187501696;176,3701379;187,5016957;;;;;
8,972233203;1,030954559;1,812476984;;;;;;775200,9487;600,0000669;2,907292181;5,111185665;;775200,9487;0,17640027;0,18755467;176,4002699;187,5546695;;;;;
8,979177648;1,027013242;1,812105472;;;;;;775800,9488;600,0000669;2,896177666;5,110138;;775800,9488;0,176430287;0,187607633;176,4302868;187,6076326;;;;;
8,986122093;1,024072178;1,811947285;;;;;;776400,9488;600,0000669;2,887883863;5,109691913;;776400,9488;0,176460218;0,187660591;176,4602177;187,660591;;;;;
8,993066538;1,020920617;1,811492742;;;;;;777000,9489;600,0000669;2,878996461;5,108410102;;777000,9489;0,176490057;0,187713536;176,4900565;187,7135361;;;;;
9,000010984;1,017103593;1,811099527;;;;;;777600,949;600,0000669;2,868232452;5,107301235;;777600,949;0,176519784;0,18776647;176,5197838;187,7664697;;;;;
9,006955429;1,014228359;1,810638129;;;;;;778200,949;600,0000669;2,860124292;5,106000092;;778200,949;0,176549427;0,18781939;176,549427;187,8193899;;;;;
9,013899874;1,011020648;1,81110928;;;;;;778800,9491;600,0000669;2,851078546;5,107328739;;778800,9491;0,176578976;0,187872324;176,5789764;187,8723238;;;;;
9,020844319;1,008239284;1,810827222;;;;;;779400,9492;600,0000669;2,843235098;5,106533336;;779400,9492;0,176608445;0,187925249;176,6084446;187,9252495;;;;;
9,027788764;1,004983966;1,810726505;;;;;;780000,9492;600,0000669;2,834055101;5,106249313;;780000,9492;0,176637818;0,187978172;176,6378176;187,9781722;;;;;
9,03473321;1,001945454;1,809822785;;;;;;780600,9493;600,0000669;2,825486496;5,103700822;;780600,9493;0,176667102;0,188031069;176,6671018;188,0310685;;;;;
9,041677655;0,998504692;1,80950404;;;;;;781200,9494;600,0000669;2,815783546;5,102801962;;781200,9494;0,176696285;0,188083955;176,6962854;188,0839555;;;;;
9,0486221;0,995537623;1,809970295;;;;;;781800,9494;600,0000669;2,807416409;5,1041168;;781800,9494;0,176725382;0,188136856;176,7253823;188,1368561;;;;;
9,055566545;0,992576516;1,809420681;;;;;;782400,9495;600,0000669;2,799066086;5,102566889;;782400,9495;0,176754393;0,188189741;176,7543927;188,1897407;;;;;
9,062510991;0,989837043;1,809176083;;;;;;783000,9496;600,0000669;2,791340772;5,101877123;;783000,9496;0,176783323;0,188242618;176,783323;188,2426181;;;;;
9,069455436;0,986506471;1,80948295;;;;;;783600,9496;600,0000669;2,781948559;5,102742488;;783600,9496;0,176812156;0,188295504;176,812156;188,2955045;;;;;
9,076399881;0,983509262;1,808822597;;;;;;784200,9497;600,0000669;2,773496429;5,100880293;;784200,9497;0,176840901;0,188348372;176,8409013;188,3483716;;;;;
9,083344326;0,980481996;1,80873212;;;;;;784800,9498;600,0000669;2,764959536;5,100625147;;784800,9498;0,176869558;0,188401236;176,8695582;188,401236;;;;;
9,090288771;0,977549654;1,807819073;;;;;;785400,9499;600,0000669;2,756690331;5,098050355;;785400,9499;0,176898129;0,188454074;176,8981294;188,4540737;;;;;
9,097233217;0,974547983;1,807986312;;;;;;786000,9499;600,0000669;2,748225619;5,098521968;;786000,9499;0,176926613;0,188506916;176,9266129;188,5069164;;;;;
9,104177662;0,971242479;1,807687967;;;;;;786600,95;600,0000669;2,738904097;5,097680636;;786600,95;0,176955;0,18855975;176,9549997;188,5597503;;;;;
9,111122107;0,968401262;1,807250766;;;;;;787200,9501;600,0000669;2,730891862;5,096447729;;787200,9501;0,176983303;0,188612571;176,9833035;188,6125714;;;;;
9,118066552;0,965746863;1,807561702;;;;;;787800,9501;600,0000669;2,723406456;5,097324568;;787800,9501;0,17701153;0,188665402;177,0115297;188,6654017;;;;;
9,125010998;0,963016009;1,80715956;;;;;;788400,9502;600,0000669;2,715705448;5,096190528;;788400,9502;0,177039676;0,18871822;177,0396761;188,7182201;;;;;
9,131955443;0,960459901;1,807264899;;;;;;789000,9503;600,0000669;2,708497224;5,096487584;;789000,9503;0,177067748;0,188771042;177,0677478;188,7710417;;;;;
9,138899888;0,956140264;1,807269223;;;;;;789600,9503;600,0000669;2,696315844;5,096499778;;789600,9503;0,177095693;0,188823863;177,0956932;188,8238634;;;;;
9,145844333;0,954697666;1,80703908;;;;;;790200,9504;600,0000669;2,692247718;5,095850773;;790200,9504;0,177123597;0,188876678;177,1235965;188,8766783;;;;;
9,152788778;0,95191149;1,807490955;;;;;;790800,9505;600,0000669;2,6843907;5,097125061;;790800,9505;0,177151418;0,188929506;177,1514184;188,9295065;;;;;
9,159733224;0,948927541;1,807449344;;;;;;791400,9505;600,0000669;2,675975963;5,097007718;;791400,9505;0,177179153;0,188982333;177,179153;188,9823334;;;;;
9,166677669;0,946227026;1,806689648;;;;;;792000,9506;600,0000669;2,668360511;5,094865374;;792000,9506;0,177206809;0,189035138;177,2068087;189,0351382;;;;;
9,173622114;0,943671686;1,806911259;;;;;;792600,9507;600,0000669;2,661154451;5,095490317;;792600,9507;0,17723439;0,189087949;177,2343897;189,0879494;;;;;
9,180566559;0,940907402;1,807208638;;;;;;793200,9507;600,0000669;2,653359169;5,096328926;;793200,9507;0,17726189;0,189140769;177,2618899;189,1407693;;;;;
9,187511004;0,938350385;1,806490599;;;;;;793800,9508;600,0000669;2,64614838;5,094304056;;793800,9508;0,177289315;0,189193568;177,2893154;189,1935682;;;;;
9,19445545;0,935697134;1,80669205;;;;;;794400,9509;600,0000669;2,638666213;5,09487215;;794400,9509;0,177316663;0,189246373;177,3166634;189,246373;;;;;
9,201399895;0,932948483;1,80695753;;;;;;795000,9509;600,0000669;2,630915014;5,095620802;;795000,9509;0,177343931;0,189299186;177,343931;189,2991856;;;;;
9,20834434;0,930148225;1,806471092;;;;;;795600,951;600,0000669;2,623018287;5,094249048;;795600,951;0,177371117;0,189351984;177,3711167;189,351984;;;;;
9,215288785;0,927362009;1,80664238;;;;;;796200,9511;600,0000669;2,615161158;5,094732079;;796200,9511;0,177398221;0,189404787;177,3982211;189,4047873;;;;;
9,222233231;0,924822763;1,80671698;;;;;;796800,9511;600,0000669;2,608000483;5,094942451;;796800,9511;0,177425251;0,189457593;177,4252512;189,4575929;;;;;
9,229177676;0,922516553;1,807149299;;;;;;797400,9512;600,0000669;2,601496968;5,096161592;;797400,9512;0,177452214;0,189510411;177,4522139;189,510411;;;;;
9,236122121;0,919776674;1,806968214;;;;;;798000,9513;600,0000669;2,593770509;5,095650932;;798000,9513;0,177479097;0,189563224;177,4790965;189,5632239;;;;;
9,243066566;0,917593047;1,80698464;;;;;;798600,9513;600,0000669;2,587612681;5,095697253;;798600,9513;0,177505915;0,189616037;177,5059153;189,6160373;;;;;
9,250011011;0,91462944;1,806753308;;;;;;799200,9514;600,0000669;2,579255307;5,095044896;;799200,9514;0,177532648;0,189668844;177,5326475;189,6688439;;;;;
9,256955457;0,912262267;1,806718074;;;;;;799800,9515;600,0000669;2,572579879;5,094945537;;799800,9515;0,177559311;0,189721649;177,5593105;189,7216494;;;;;
9,263899902;0,90998677;1,807422352;;;;;;800400,9515;600,0000669;2,566162976;5,096931601;;800400,9515;0,177585907;0,189774476;177,585907;189,7744756;;;;;
9,270844347;0,907571022;1,807830371;;;;;;801000,9516;600,0000669;2,559350566;5,098082214;;801000,9516;0,177612433;0,189827314;177,6124329;189,8273137;;;;;
9,277788792;0,905311805;1,807517346;;;;;;801600,9517;600,0000669;2,552979574;5,097199485;;801600,9517;0,177638893;0,189880143;177,6388928;189,8801426;;;;;
9,284733238;0,902811593;1,807536743;;;;;;802200,9517;600,0000669;2,545928975;5,097254184;;802200,9517;0,17766528;0,189932972;177,6652796;189,9329721;;;;;
9,291677683;0,9000165;1,807291341;;;;;;802800,9518;600,0000669;2,538046812;5,09656215;;802800,9518;0,177691585;0,189985794;177,6915847;189,9857944;;;;;
9,298622128;0,897745324;1,807966931;;;;;;803400,9519;600,0000669;2,531642096;5,098467313;;803400,9519;0,177717823;0,190038637;177,7178234;190,0386365;;;;;
9,305566573;0,895525;1,807748603;;;;;;804000,9519;600,0000669;2,525380781;5,097851628;;804000,9519;0,177743997;0,190091472;177,7439972;190,0914722;;;;;
9,312511018;0,893294517;1,807666044;;;;;;804600,952;600,0000669;2,519090819;5,097618813;;804600,952;0,177770106;0,190144305;177,7701058;190,1443055;;;;;
9,319455464;0,890996288;1,809070752;;;;;;805200,9521;600,0000669;2,512609813;5,101580088;;805200,9521;0,177796147;0,19019718;177,7961473;190,1971798;;;;;
9,326399909;0,888876467;1,808942187;;;;;;805800,9521;600,0000669;2,506631917;5,101217536;;805800,9521;0,177822127;0,19025005;177,8221268;190,2500504;;;;;
9,333344354;0,886461947;1,808790196;;;;;;806400,9522;600,0000669;2,499822968;5,100788921;;806400,9522;0,177848036;0,190302917;177,8480357;190,3029165;;;;;
9,340288799;0,884025733;1,80812166;;;;;;807000,9523;600,0000669;2,492952845;5,098903649;;807000,9523;0,177873873;0,190355763;177,8738734;190,3557631;;;;;
9,347233244;0,882018164;1,80875421;;;;;;807600,9523;600,0000669;2,4872915;5,100687442;;807600,9523;0,177899652;0,190408628;177,8996525;190,4086282;;;;;
9,35417769;0,879557353;1,808962079;;;;;;808200,9524;600,0000669;2,480352012;5,101273632;;808200,9524;0,17792536;0,190461499;177,9253596;190,4614994;;;;;
9,361122135;0,877460858;1,809444176;;;;;;808800,9525;600,0000669;2,474439896;5,102633144;;808800,9525;0,177951005;0,190514385;177,9510054;190,5143846;;;;;
9,36806658;0,87527512;1,808863067;;;;;;809400,9525;600,0000669;2,468276114;5,100994416;;809400,9525;0,177976587;0,190567253;177,9765874;190,5672529;;;;;
9,375011025;0,873336943;1,808692431;;;;;;810000,9526;600,0000669;2,462810455;5,100513224;;810000,9526;0,178002113;0,190620116;178,0021127;190,6201161;;;;;
9,381955471;0,87129642;1,809662879;;;;;;810600,9527;600,0000669;2,457056179;5,103249888;;810600,9527;0,178027578;0,190673008;178,0275784;190,6730078;;;;;
9,388899916;0,869384754;1,809669416;;;;;;811200,9527;600,0000669;2,451665279;5,103268321;;811200,9527;0,178052988;0,1907259;178,0529882;190,7258996;;;;;
9,395844361;0,867150739;1,809219375;;;;;;811800,9528;600,0000669;2,445365356;5,101999205;;811800,9528;0,178078333;0,190778778;178,0783327;190,7787783;;;;;
9,402788806;0,86499609;1,809630423;;;;;;812400,9529;600,0000669;2,439289247;5,103158363;;812400,9529;0,178103614;0,190831669;178,1036143;190,831669;;;;;
9,409733251;0,86304708;1,809750766;;;;;;813000,9529;600,0000669;2,433793036;5,103497729;;813000,9529;0,178128839;0,190884563;178,1288388;190,8845632;;;;;
9,416677697;0,861195778;1,810057118;;;;;;813600,953;600,0000669;2,428572366;5,10436164;;813600,953;0,178154009;0,190937466;178,1540093;190,9374664;;;;;
9,423622142;0,858615503;1,810442289;;;;;;814200,9531;600,0000669;2,421295988;5,105447823;;814200,9531;0,178179104;0,190990381;178,1791044;190,9903808;;;;;
9,430566587;0,856746304;1,810413675;;;;;;814800,9531;600,0000669;2,416024847;5,105367133;;814800,9531;0,178204145;0,191043294;178,2041448;191,0432944;;;;;
9,437511032;0,854664799;1,810458299;;;;;;815400,9532;600,0000669;2,410155002;5,105492973;;815400,9532;0,178229124;0,191096209;178,2291244;191,0962093;;;;;
9,444455478;0,852744287;1,810699944;;;;;;816000,9533;600,0000669;2,404739156;5,106174411;;816000,9533;0,178254048;0,191149131;178,2540478;191,1491312;;;;;
9,451399923;0,85069174;1,81058922;;;;;;816600,9533;600,0000669;2,398950974;5,105862171;;816600,9533;0,178278911;0,19120205;178,2789113;191,2020499;;;;;
9,458344368;0,848416804;1,809804343;;;;;;817200,9534;600,0000669;2,392535653;5,103648816;;817200,9534;0,178303708;0,191254946;178,3037082;191,2549457;;;;;
9,465288813;0,846615347;1,809650779;;;;;;817800,9535;600,0000669;2,387455545;5,103215766;;817800,9535;0,178328453;0,191307837;178,3284526;191,307837;;;;;
9,472233258;0,844937346;1,808993904;;;;;;818400,9535;600,0000669;2,382723581;5,101363377;;818400,9535;0,178353148;0,191360709;178,3531478;191,3607091;;;;;
9,479177704;0,843429862;1,809202502;;;;;;819000,9536;600,0000669;2,378472477;5,101951624;;819000,9536;0,178377799;0,191413587;178,377799;191,4135872;;;;;
9,486122149;0,841602277;1,809848948;;;;;;819600,9537;600,0000669;2,373318687;5,103774601;;819600,9537;0,178402397;0,191466484;178,4023968;191,4664843;;;;;
9,493066594;0,839972181;1,810137877;;;;;;820200,9537;600,0000669;2,368721813;5,104589381;;820200,9537;0,178426947;0,19151939;178,426947;191,5193899;;;;;
9,500011039;0,838243544;1,809799047;;;;;;820800,9538;600,0000669;2,363847057;5,103633881;;820800,9538;0,178451447;0,191572285;178,4514466;191,5722855;;;;;
9,506955485;0,836443332;1,810101431;;;;;;821400,9539;600,0000669;2,358770458;5,104486605;;821400,9539;0,178475894;0,19162519;178,4758937;191,6251899;;;;;
9,51389993;0,834739149;1,810640469;;;;;;822000,9539;600,0000669;2,353964663;5,106006692;;822000,9539;0,178500291;0,19167811;178,5002909;191,6781101;;;;;
9,520844375;0,832955372;1,810314054;;;;;;822600,954;600,0000669;2,348934411;5,105086201;;822600,954;0,178524636;0,191731021;178,5246359;191,7310208;;;;;
9,52778882;0,831104169;1,810665264;;;;;;823200,9541;600,0000669;2,343714017;5,106076613;;823200,9541;0,178548927;0,191783942;178,5489269;191,7839418;;;;;
9,534733265;0,829445741;1,811511416;;;;;;823800,9541;600,0000669;2,339037249;5,108462763;;823800,9541;0,178573169;0,191836887;178,5731694;191,8368874;;;;;
9,541677711;0,827860924;1,811317266;;;;;;824400,9542;600,0000669;2,334568066;5,107915259;;824400,9542;0,178597366;0,191889827;178,5973656;191,8898274;;;;;
9,548622156;0,825857194;1,811557458;;;;;;825000,9543;600,0000669;2,328917548;5,108592602;;825000,9543;0,178621503;0,191942774;178,6215032;191,9427744;;;;;
9,555566601;0,824419781;1,81243141;;;;;;825600,9543;600,0000669;2,324864041;5,111057146;;825600,9543;0,178645599;0,191995747;178,6455988;191,995747;;;;;
9,562511046;0,822557214;1,811865889;;;;;;826200,9544;600,0000669;2,319611602;5,109462375;;826200,9544;0,17866964;0,192048703;178,66964;192,048703;;;;;
9,569455491;0,820968258;1,812514791;;;;;;826800,9545;600,0000669;2,315130745;5,11129228;;826800,9545;0,178693635;0,192101678;178,6936347;192,101678;;;;;
9,576399937;0,819299327;1,811898709;;;;;;827400,9545;600,0000669;2,310424358;5,109554928;;827400,9545;0,178717581;0,192154635;178,7175806;192,154635;;;;;
9,583344382;0,817714841;1,812364866;;;;;;828000,9546;600,0000669;2,30595611;5,110869492;;828000,9546;0,17874148;0,192207606;178,7414803;192,2076056;;;;;
9,590288827;0,816109658;1,813280143;;;;;;828600,9547;600,0000669;2,301429493;5,113450573;;828600,9547;0,178765333;0,192260603;178,765333;192,260603;;;;;
9,597233272;0,814729743;1,813822324;;;;;;829200,9547;600,0000669;2,29753813;5,114979524;;829200,9547;0,178789145;0,192313616;178,7891454;192,3136162;;;;;
9,604177718;0,813084841;1,812945764;;;;;;829800,9548;600,0000669;2,292899507;5,112507623;;829800,9548;0,17881291;0,192366604;178,8129097;192,3666038;;;;;
9,611122163;0,811350336;1,813678642;;;;;;830400,9549;600,0000669;2,288008203;5,114574341;;830400,9549;0,178836623;0,192419613;178,8366233;192,4196128;;;;;
9,618066608;0,809768427;1,814439986;;;;;;831000,9549;600,0000669;2,283547219;5,116721331;;831000,9549;0,178860291;0,192472644;178,8602907;192,472644;;;;;
9,625011053;0,808523505;1,814330785;;;;;;831600,955;600,0000669;2,280036538;5,116413384;;831600,955;0,178883922;0,192525672;178,8839217;192,5256721;;;;;
9,631955498;0,806723441;1,814176577;;;;;;832200,9551;600,0000669;2,274960356;5,115978518;;832200,9551;0,1789075;0,192578696;178,9075;192,5786957;;;;;
9,638899944;0,805426314;1,81426717;;;;;;832800,9551;600,0000669;2,271302458;5,11623399;;832800,9551;0,178931041;0,192631722;178,9310405;192,6317219;;;;;
9,645844389;0,80373055;1,814426396;;;;;;833400,9552;600,0000669;2,266520403;5,116683008;;833400,9552;0,178954531;0,192684753;178,9545314;192,6847527;;;;;
9,652788834;0,802293879;1,815192562;;;;;;834000,9553;600,0000669;2,262468992;5,118843596;;834000,9553;0,17897798;0,192737806;178,9779803;192,737806;;;;;
9,659733279;0,800728931;1,815608115;;;;;;834600,9553;600,0000669;2,258055837;5,120015454;;834600,9553;0,179001384;0,192790871;179,0013835;192,7908714;;;;;
9,666677725;0,799417606;1,814871826;;;;;;835200,9554;600,0000669;2,254357899;5,11793912;;835200,9554;0,179024748;0,192843915;179,0247484;192,8439153;;;;;
9,67362217;0,797911537;1,814505129;;;;;;835800,9555;600,0000669;2,250110786;5,116905033;;835800,9555;0,179048069;0,192896948;179,0480692;192,8969485;;;;;
9,680566615;0,796420833;1,81430611;;;;;;836400,9555;600,0000669;2,245907;5,116343799;;836400,9555;0,179071346;0,192949976;179,0713465;192,9499758;;;;;
9,68751106;0,794938696;1,813990542;;;;;;837000,9556;600,0000669;2,241727371;5,115453898;;837000,9556;0,17909458;0,193002994;179,0945804;193,0029939;;;;;
9,694455505;0,793864513;1,813845205;;;;;;837600,9557;600,0000669;2,238698177;5,115044047;;837600,9557;0,179117783;0,193056008;179,117783;193,0560078;;;;;
9,701399951;0,792312389;1,814031059;;;;;;838200,9557;600,0000669;2,234321186;5,115568155;;838200,9557;0,17914094;0,193109027;179,1409402;193,1090271;;;;;
9,708344396;0,790961554;1,813997462;;;;;;838800,9558;600,0000669;2,23051183;5,115473412;;838800,9558;0,179164058;0,193162045;179,1640579;193,1620455;;;;;
9,715288841;0,7896756;1,813499772;;;;;;839400,9559;600,0000669;2,226885439;5,114069927;;839400,9559;0,179187138;0,193215049;179,187138;193,2150492;;;;;
9,722233286;0,788367612;1,813852935;;;;;;840000,9559;600,0000669;2,223196914;5,115065847;;840000,9559;0,17921018;0,193268063;179,2101799;193,2680633;;;;;
9,729177731;0,787059748;1,813340562;;;;;;840600,956;600,0000669;2,219508738;5,113620955;;840600,956;0,179233184;0,193321062;179,2331835;193,3210625;;;;;
9,736122177;0,78583165;1,813512536;;;;;;841200,9561;600,0000669;2,216045499;5,114105922;;841200,9561;0,179256151;0,193374067;179,2561513;193,3740666;;;;;
9,743066622;0,784708414;1,813662054;;;;;;841800,9561;600,0000669;2,212877974;5,114527561;;841800,9561;0,179279086;0,193427075;179,2790863;193,4270751;;;;;
9,750011067;0,783338265;1,812915058;;;;;;842400,9562;600,0000669;2,209014154;5,112421034;;842400,9562;0,179301981;0,193480062;179,3019812;193,4800618;;;;;
9,756955512;0,78129444;1,811694271;;;;;;843000,9563;600,0000669;2,203250566;5,108978414;;843000,9563;0,179324816;0,193533013;179,3248163;193,5330129;;;;;
9,763899958;0,779874457;1,811920302;;;;;;843600,9563;600,0000669;2,199246214;5,10961582;;843600,9563;0,17934761;0,19358597;179,34761;193,5859705;;;;;
9,770844403;0,778691511;1,811383346;;;;;;844200,9564;600,0000669;2,195910307;5,108101605;;844200,9564;0,179370369;0,193638912;179,3703691;193,6389124;;;;;
9,777788848;0,774099644;1,799278166;;;;;;844800,9565;600,0000669;2,18296124;5,073964994;;844800,9565;0,179392994;0,193691501;179,3929939;193,6915005;;;;;
9,784733293;0,781701932;1,814847451;;;;;;845400,9565;600,0000669;2,204399693;5,117870382;;845400,9565;0,179415841;0,193744544;179,415841;193,7445437;;;;;
9,791677738;0,791526783;1,83612121;;;;;;846000,9566;600,0000669;2,232105778;5,177862391;;846000,9566;0,179438975;0,193798209;179,4389752;193,7982086;;;;;
9,798622184;0,792099718;1,839234758;;;;;;846600,9567;600,0000669;2,233721454;5,186642595;;846600,9567;0,179462126;0,193851965;179,4621262;193,8519646;;;;;
9,805566629;0,791735436;1,839373084;;;;;;847200,9567;600,0000669;2,232694179;5,187032675;;847200,9567;0,179485267;0,193905725;179,4852665;193,9057246;;;;;
9,812511074;0,791207323;1,840522641;;;;;;847800,9568;600,0000669;2,2312049;5,190274427;;847800,9568;0,179508391;0,193959518;179,5083914;193,9595182;;;;;
9,819455519;0,854260417;1,840930285;;;;;;848400,9569;600,0000669;2,409014645;5,191423981;;848400,9569;0,179533359;0,194013324;179,5333592;194,0133237;;;;;
9,826399965;1,074203408;1,840490874;;;;;;849000,9569;600,0000669;3,029253948;5,190184842;;849000,9569;0,179564755;0,194067116;179,5647553;194,0671163;;;;;
9,83334441;1,180950701;1,84019421;;;;;;849600,957;600,0000669;3,330281348;5,18934825;;849600,957;0,179599271;0,1941209;179,5992714;194,1209003;;;;;
9,840288855;1,25922228;1,8407628;;;;;;850200,9571;600,0000669;3,551007227;5,190951676;;850200,9571;0,179636075;0,194174701;179,6360751;194,1747009;;;;;
9,8472333;1,323353644;1,840971627;;;;;;850800,9571;600,0000669;3,731857692;5,191540567;;850800,9571;0,179674753;0,194228508;179,6747532;194,2285076;;;;;
9,854177745;1,37592523;1,840603105;;;;;;851400,9572;600,0000669;3,88010958;5,190501334;;851400,9572;0,179714968;0,194282304;179,7149678;194,2823036;;;;;
9,861122191;1,416710182;1,840707651;;;;;;852000,9573;600,0000669;3,995123159;5,190796155;;852000,9573;0,179756375;0,194336103;179,7563745;194,3361026;;;;;
9,868066636;1,446362886;1,839850184;;;;;;852600,9573;600,0000669;4,078743794;5,188378097;;852600,9573;0,179798648;0,194389877;179,7986479;194,3898765;;;;;
9,875011081;1,46968962;1,839711137;;;;;;853200,9574;600,0000669;4,144525191;5,187985984;;853200,9574;0,179841603;0,194443646;179,841603;194,4436464;;;;;
9,881955526;1,487759067;1,838859125;;;;;;853800,9575;600,0000669;4,195481037;5,185583309;;853800,9575;0,179885086;0,194497391;179,8850862;194,4973913;;;;;
9,888899972;1,500643331;1,838823051;;;;;;854400,9575;600,0000669;4,231814666;5,18548158;;854400,9575;0,179928946;0,194551135;179,928946;194,5511353;;;;;
9,895844417;1,511327001;1,839312289;;;;;;855000,9576;600,0000669;4,261942617;5,186861232;;855000,9576;0,179973118;0,194604893;179,9731181;194,6048935;;;;;
9,902788862;1,519828809;1,839286178;;;;;;855600,9577;600,0000669;4,285917719;5,1867876;;855600,9577;0,180017539;0,194658651;180,0175387;194,6586509;;;;;
9,909733307;1,525716046;1,839525699;;;;;;856200,9577;600,0000669;4,302519728;5,187463048;;856200,9577;0,180062131;0,194712415;180,0621313;194,7124154;;;;;
9,916677752;1,530756694;1,838837175;;;;;;856800,9578;600,0000669;4,316734358;5,185521411;;856800,9578;0,180106871;0,19476616;180,1068713;194,7661597;;;;;
9,923622198;1,534649454;1,839083587;;;;;;857400,9579;600,0000669;4,327711941;5,186216292;;857400,9579;0,180151725;0,194819911;180,151725;194,8199112;;;;;
9,930566643;1,536838308;1,839280815;;;;;;858000,9579;600,0000669;4,333884512;5,186772477;;858000,9579;0,180196643;0,194873669;180,1966427;194,8736685;;;;;
9,937511088;1,538840503;1,838870661;;;;;;858600,958;600,0000669;4,339530702;5,185615843;;858600,958;0,180241619;0,194927414;180,2416189;194,9274138;;;;;
9,944455533;1,540202808;1,839386216;;;;;;859200,9581;600,0000669;4,343372402;5,187069707;;859200,9581;0,180286635;0,194981174;180,2866349;194,9811742;;;;;
9,951399978;1,540882417;1,839255026;;;;;;859800,9581;600,0000669;4,345288901;5,18669975;;859800,9581;0,180331671;0,195034931;180,3316708;195,0349307;;;;;
9,958344424;1,541165204;1,838517063;;;;;;860400,9582;600,0000669;4,346086358;5,184618694;;860400,9582;0,180376715;0,195088666;180,376715;195,0886657;;;;;
9,965288869;1,541182415;1,838617814;;;;;;861000,9583;600,0000669;4,346134895;5,184902813;;861000,9583;0,18042176;0,195142404;180,4217597;195,1424036;;;;;
9,972233314;1,542726876;1,837859953;;;;;;861600,9583;600,0000669;4,350490276;5,182765646;;861600,9583;0,180466849;0,195196119;180,4668495;195,1961194;;;;;
9,979177759;1,542890456;1,837355408;;;;;;862200,9584;600,0000669;4,350951571;5,181342827;;862200,9584;0,180511944;0,19524982;180,5119441;195,2498204;;;;;
9,986122205;1,543082865;1,836566672;;;;;;862800,9585;600,0000669;4,351494164;5,179118592;;862800,9585;0,180557044;0,195303498;180,5570443;195,3034984;;;;;
9,99306665;1,54210714;1,836558111;;;;;;863400,9585;600,0000669;4,34874262;5,179094449;;863400,9585;0,180602116;0,195357176;180,602116;195,3571761;;;;;
10,0000111;1,541592502;1,836309497;;;;;;864000,9586;600,0000669;4,347291339;5,178393359;;864000,9586;0,180647173;0,195410847;180,6471726;195,4108466;;;;;
10,00695554;1,541806756;1,835158517;;;;;;864600,9587;600,0000669;4,347895535;5,175147595;;864600,9587;0,180692236;0,195464483;180,6922356;195,4644834;;;;;
10,01389999;1,541132294;1,835736108;;;;;;865200,9587;600,0000669;4,345993554;5,176776401;;865200,9587;0,180737279;0,195518137;180,7372788;195,5181371;;;;;
10,02084443;1,540113058;1,834473574;;;;;;865800,9588;600,0000669;4,343119308;5,173216054;;865800,9588;0,180782292;0,195571754;180,7822922;195,5717538;;;;;
10,02778888;1,539239558;1,833816285;;;;;;866400,9589;600,0000669;4,340656037;5,1713625;;866400,9589;0,18082728;0,195625351;180,8272801;195,6253514;;;;;
10,03473332;1,538347633;1,833077767;;;;;;867000,9589;600,0000669;4,338140809;5,169279878;;867000,9589;0,180872242;0,195678927;180,8722419;195,6789274;;;;;
10,04167777;1,537695591;1,832852354;;;;;;867600,959;600,0000669;4,33630205;5,168644214;;867600,959;0,180917185;0,195732497;180,9171846;195,7324968;;;;;
10,04862221;1,537748346;1,833602112;;;;;;868200,9591;600,0000669;4,336450819;5,170758532;;868200,9591;0,180962129;0,195786088;180,9621289;195,7860881;;;;;
10,05556666;1,536741251;1,83336135;;;;;;868800,9591;600,0000669;4,333610811;5,170079584;;868800,9591;0,181007044;0,195839672;181,0070438;195,8396724;;;;;
10,0625111;1,534153186;1,832432634;;;;;;869400,9592;600,0000669;4,326312465;5,167460603;;869400,9592;0,181051883;0,19589323;181,051883;195,8932296;;;;;
10,06945555;1,532997359;1,831593509;;;;;;870000,9593;600,0000669;4,323053035;5,16509427;;870000,9593;0,181096688;0,195946762;181,0966885;195,9467622;;;;;
10,07639999;1,531925559;1,831334989;;;;;;870600,9593;600,0000669;4,320030558;5,164365245;;870600,9593;0,181141463;0,196000287;181,1414626;196,0002872;;;;;
10,08334271;1,531473279;1,831413978;;;;;;871200,8098;599,850467;4,317678319;5,163300292;;871200,8098;0,181186212;0,196053801;181,1862123;196,0538013;;;;;
10,09028716;1,530550291;1,831265506;;;;;;871800,8107;600,0008669;4,316158057;5,164176189;;871800,8107;0,181230946;0,196107324;181,2309463;196,1073244;;;;;
10,09723161;1,529374975;1,830583328;;;;;;872400,8107;600,0000669;4,31283791;5,16224556;;872400,8107;0,181275646;0,196160827;181,2756459;196,1608274;;;;;
10,10417605;1,527716534;1,829145871;;;;;;873000,8108;600,0000669;4,308161107;5,158191931;;873000,8108;0,181320297;0,196214289;181,320297;196,2142885;;;;;
10,1111205;1,52642925;1,828969994;;;;;;873600,8109;600,0000669;4,304530966;5,157695958;;873600,8109;0,18136491;0,196267744;181,3649104;196,2677445;;;;;
10,11806494;1,525698033;1,828805954;;;;;;874200,8109;600,0000669;4,302468934;5,157233366;;874200,8109;0,181409503;0,196321196;181,4095025;196,3211956;;;;;
10,12500939;1,52437753;1,829276481;;;;;;874800,811;600,0000669;4,298745113;5,158560251;;874800,811;0,181454056;0,19637466;181,4540561;196,3746605;;;;;
10,13195383;1,522418249;1,828014632;;;;;;875400,8111;600,0000669;4,293219941;5,155001837;;875400,8111;0,181498552;0,196428089;181,4985523;196,4280885;;;;;
10,13889828;1,520661042;1,827671885;;;;;;876000,8111;600,0000669;4,288264617;5,154035291;;876000,8111;0,181542997;0,196481507;181,5429972;196,4815065;;;;;
10,14584272;1,518463873;1,827009013;;;;;;876600,8112;600,0000669;4,282068598;5,15216599;;876600,8112;0,181587378;0,196534905;181,5873778;196,5349051;;;;;
10,15278717;1,517385877;1,826989554;;;;;;877200,8113;600,0000669;4,279028651;5,152111118;;877200,8113;0,181631727;0,196588303;181,631727;196,5883032;;;;;
10,15973161;1,516225164;1,82681266;;;;;;877800,8113;600,0000669;4,275755438;5,151612276;;877800,8113;0,181676042;0,196641696;181,6760422;196,6416961;;;;;
10,16667606;1,515395918;1,827155919;;;;;;878400,8114;600,0000669;4,273416966;5,152580267;;878400,8114;0,181720333;0,196695099;181,7203332;196,695099;;;;;
10,1736205;1,513590149;1,827488675;;;;;;879000,8115;600,0000669;4,268324695;5,153518639;;879000,8115;0,181764571;0,196748512;181,7645715;196,7485116;;;;;
10,18056495;1,511950786;1,827487215;;;;;;879600,8115;600,0000669;4,263701692;5,15351452;;879600,8115;0,181808762;0,196801924;181,8087618;196,8019242;;;;;
10,18750939;1,510003777;1,826888464;;;;;;880200,8116;600,0000669;4,258211124;5,151826043;;880200,8116;0,181852895;0,196855319;181,8528952;196,8553193;;;;;
10,19445384;1,508229386;1,826695909;;;;;;880800,8117;600,0000669;4,253207343;5,151283037;;880800,8117;0,181896977;0,196908709;181,8969767;196,9087088;;;;;
10,20139828;1,5073225;1,825661488;;;;;;881400,8117;600,0000669;4,250649924;5,148365971;;881400,8117;0,181941032;0,196962068;181,9410317;196,962068;;;;;
10,20834273;1,505234614;1,825858937;;;;;;882000,8118;600,0000669;4,244762083;5,148922777;;882000,8118;0,181985026;0,197015433;181,9850257;197,015433;;;;;
10,21528717;1,502669483;1,824748813;;;;;;882600,8119;600,0000669;4,237528415;5,145792225;;882600,8119;0,182028945;0,197068766;182,0289448;197,0687656;;;;;
10,22223162;1,500837316;1,824209233;;;;;;883200,8119;600,0000669;4,232361703;5,14427061;;883200,8119;0,18207281;0,197122082;182,0728103;197,1220824;;;;;
10,22917606;1,498931492;1,823592627;;;;;;883800,812;600,0000669;4,22698728;5,142531782;;883800,812;0,18211662;0,197175381;182,1166201;197,1753812;;;;;
10,23612051;1,497121937;1,823071405;;;;;;884400,8121;600,0000669;4,221884334;5,141061936;;884400,8121;0,182160377;0,197228665;182,160377;197,2286647;;;;;
10,24306496;1,4959451;1,822720368;;;;;;885000,8121;600,0000669;4,218565651;5,140072011;;885000,8121;0,182204099;0,197281938;182,2040995;197,281938;;;;;
10,2500094;1,494050337;1,821907396;;;;;;885600,8122;600,0000669;4,21322242;5,13777943;;885600,8122;0,182247767;0,197335187;182,2477666;197,3351875;;;;;
10,25695385;1,491614762;1,821512759;;;;;;886200,8123;600,0000669;4,206354097;5,136666553;;886200,8123;0,182291363;0,197388425;182,2913625;197,3884255;;;;;
10,26389829;1,490438347;1,821510364;;;;;;886800,8123;600,0000669;4,203036606;5,1366598;;886800,8123;0,182334924;0,197441663;182,3349241;197,4416634;;;;;
10,27084274;1,488809009;1,820609721;;;;;;887400,8124;600,0000669;4,198441872;5,134119984;;887400,8124;0,182378438;0,197494875;182,378438;197,494875;;;;;
10,27778718;1,486180866;1,820790638;;;;;;888000,8125;600,0000669;4,191030509;5,134630171;;888000,8125;0,182421875;0,197548092;182,4218751;197,5480918;;;;;
10,28473163;1,483652306;1,819726041;;;;;;888600,8126;600,0000669;4,18389997;5,131628009;;888600,8126;0,182465238;0,197601278;182,4652384;197,6012776;;;;;
10,29167607;1,48173784;1,818994273;;;;;;889200,8126;600,0000669;4,178501173;5,129564423;;889200,8126;0,182508546;0,197654442;182,5085456;197,654442;;;;;
10,29862052;1,480484889;1,818794043;;;;;;889800,8127;600,0000669;4,174967853;5,128999773;;889800,8127;0,182551816;0,1977076;182,5518163;197,7076005;;;;;
10,30556496;1,478155377;1,817955386;;;;;;890400,8128;600,0000669;4,168398627;5,126634759;;890400,8128;0,182595019;0,197760734;182,5950188;197,7607345;;;;;
10,31250941;1,475724233;1,817816461;;;;;;891000,8128;600,0000669;4,161542802;5,126242991;;891000,8128;0,18263815;0,197813864;182,6381503;197,8138644;;;;;
10,31945385;1,474046842;1,816715677;;;;;;891600,8129;600,0000669;4,156812557;5,123138779;;891600,8129;0,182681233;0,197866962;182,6812328;197,8669622;;;;;
10,3263983;1,472631183;1,816446528;;;;;;892200,813;600,0000669;4,152820398;5,122379779;;892200,813;0,182724274;0,197920052;182,7242739;197,9200521;;;;;
10,33334274;1,469649734;1,816249595;;;;;;892800,813;600,0000669;4,144412711;5,121824428;;892800,813;0,182767228;0,197973136;182,7672278;197,9731363;;;;;
10,34028719;1,467022251;1,815035299;;;;;;893400,8131;600,0000669;4,137003209;5,118400113;;893400,8131;0,182810105;0,198026185;182,810105;198,0261849;;;;;
10,34723163;1,465072473;1,814949156;;;;;;894000,8132;600,0000669;4,131504834;5,118157189;;894000,8132;0,182852925;0,198079231;182,8529252;198,0792311;;;;;
10,35417608;1,462827081;1,813902879;;;;;;894600,8132;600,0000669;4,125172827;5,11520669;;894600,8132;0,18289568;0,198132247;182,8956797;198,1322466;;;;;
10,36112052;1,460880983;1,813869392;;;;;;895200,8133;600,0000669;4,11968483;5,115112256;;895200,8133;0,182938377;0,198185261;182,9383774;198,1852612;;;;;
10,36806497;1,458416443;1,812922652;;;;;;895800,8134;600,0000669;4,112734827;5,112442448;;895800,8134;0,182981003;0,198238248;182,981003;198,2382481;;;;;
10,37500941;1,456078612;1,812651945;;;;;;896400,8134;600,0000669;4,106142144;5,111679054;;896400,8134;0,18302356;0,198291227;183,0235604;198,2912271;;;;;
10,38195386;1,453789384;1,81153203;;;;;;897000,8135;600,0000669;4,099686521;5,108520893;;897000,8135;0,183066051;0,198344173;183,0660508;198,3441734;;;;;
10,38889831;1,451527664;1,811902047;;;;;;897600,8136;600,0000669;4,093308468;5,109564343;;897600,8136;0,183108475;0,19839713;183,1084751;198,3971305;;;;;
10,39584275;1,448876167;1,811622196;;;;;;898200,8136;600,0000669;4,085831246;5,108775161;;898200,8136;0,183150822;0,198450079;183,1508219;198,4500794;;;;;
10,4027872;1,446699544;1,810908573;;;;;;898800,8137;600,0000669;4,079693169;5,106762744;;898800,8137;0,183193105;0,198503007;183,193105;198,5030075;;;;;
10,40973164;1,444454695;1,810270649;;;;;;899400,8138;600,0000669;4,073362694;5,104963798;;899400,8138;0,183235323;0,198555917;183,2353226;198,5559169;;;;;
10,41667609;1,441475243;1,808676798;;;;;;900000,8138;600,0000669;4,064960639;5,100469138;;900000,8138;0,183277453;0,19860878;183,2774531;198,6087797;;;;;
10,42362053;1,439518566;1,808831571;;;;;;900600,8139;600,0000669;4,059442809;5,100905599;;900600,8139;0,183319526;0,198661647;183,3195264;198,661647;;;;;
10,43056498;1,43662332;1,806930296;;;;;;901200,814;600,0000669;4,051278214;5,095544004;;901200,814;0,183361515;0,198714459;183,3615151;198,7144588;;;;;
10,43750942;1,434289329;1,806177725;;;;;;901800,814;600,0000669;4,044696358;5,093421753;;901800,814;0,183403436;0,198767249;183,4034356;198,7672486;;;;;
10,44445387;1,430725325;1,804712481;;;;;;902400,8141;600,0000669;4,034645865;5,089289763;;902400,8141;0,183445252;0,198819996;183,4452519;198,8199955;;;;;
10,45139831;1,427748298;1,804379801;;;;;;903000,8142;600,0000669;4,026250649;5,088351607;;903000,8142;0,183486981;0,198872733;183,4869812;198,8727328;;;;;
10,45834276;1,425050932;1,802900777;;;;;;903600,8142;600,0000669;4,018644076;5,084180757;;903600,8142;0,183528632;0,198925427;183,5286316;198,9254268;;;;;
10,4652872;1,421984856;1,802593731;;;;;;904200,8143;600,0000669;4,009997742;5,083314889;;904200,8143;0,183570192;0,198978112;183,5701925;198,9781118;;;;;
10,47223165;1,418743505;1,801651477;;;;;;904800,8144;600,0000669;4,00085713;5,08065773;;904800,8144;0,183611659;0,199030769;183,6116586;199,0307693;;;;;
10,47917609;1,416833795;1,800190633;;;;;;905400,8144;600,0000669;3,995471748;5,07653815;;905400,8144;0,183653069;0,199083384;183,6530689;199,0833841;;;;;
10,48612054;1,414527626;1,800409883;;;;;;906000,8145;600,0000669;3,98896835;5,077156435;;906000,8145;0,183694412;0,199136005;183,6944117;199,1360053;;;;;
10,49306498;1,41250186;1,800319874;;;;;;906600,8146;600,0000669;3,983255688;5,07690261;;906600,8146;0,183735695;0,199188624;183,7356954;199,1886238;;;;;
10,50000943;1,409614006;1,800047888;;;;;;907200,8146;600,0000669;3,97511194;5,076135609;;907200,8146;0,183776895;0,199241234;183,7768947;199,2412344;;;;;
10,50695387;1,406785749;1,799399318;;;;;;907800,8147;600,0000669;3,967136255;5,074306643;;907800,8147;0,183818011;0,199293826;183,8180113;199,2938261;;;;;
10,51389832;1,403803276;1,798798045;;;;;;908400,8148;600,0000669;3,958725679;5,072611053;;908400,8148;0,183859041;0,1993464;183,8590407;199,3464002;;;;;
10,52084276;1,400951255;1,798340727;;;;;;909000,8148;600,0000669;3,950682978;5,071321415;;909000,8148;0,183899987;0,199398961;183,8999868;199,3989609;;;;;
10,52778721;1,398313658;1,797479756;;;;;;909600,8149;600,0000669;3,943244955;5,068893476;;909600,8149;0,183940856;0,199451496;183,9408558;199,4514965;;;;;
10,53473165;1,395732749;1,797042344;;;;;;910200,815;600,0000669;3,935966791;5,067659974;;910200,815;0,183981649;0,199504019;183,9816494;199,5040193;;;;;
10,5416761;1,393262232;1,796391183;;;;;;910800,815;600,0000669;3,928999931;5,0658237;;910800,815;0,184022371;0,199556523;184,0223707;199,556523;;;;;
10,54862055;1,390524002;1,795320085;;;;;;911400,8151;600,0000669;3,921278124;5,062803203;;911400,8151;0,184063012;0,199608995;184,0630121;199,6089954;;;;;
10,55556499;1,387129991;1,795116352;;;;;;912000,8152;600,0000669;3,911707009;5,062228676;;912000,8152;0,184103554;0,199661462;184,1035542;199,6614619;;;;;
10,56250944;1,384820341;1,794732153;;;;;;912600,8152;600,0000669;3,905193796;5,061145235;;912600,8152;0,184144029;0,199713917;184,1440288;199,7139172;;;;;
10,56945388;1,38162974;1,794910145;;;;;;913200,8153;600,0000669;3,896196302;5,061647172;;913200,8153;0,18418441;0,199766378;184,1844102;199,7663776;;;;;
10,57639833;1,378974257;1,79411595;;;;;;913800,8154;600,0000669;3,888707838;5,059407543;;913800,8154;0,184224714;0,199818815;184,2247139;199,8188149;;;;;
10,58334277;1,375541248;1,793489623;;;;;;914400,8154;600,0000669;3,87902675;5,057641299;;914400,8154;0,184264917;0,199871234;184,2649174;199,8712338;;;;;
10,59028722;1,372720073;1,792527799;;;;;;915000,8155;600,0000669;3,871071038;5,054928956;;915000,8155;0,184305038;0,199923625;184,3050383;199,9236246;;;;;
10,59723166;1,369910913;1,791705244;;;;;;915600,8156;600,0000669;3,863149206;5,05260935;;915600,8156;0,184345077;0,199975991;184,3450772;199,9759914;;;;;
10,60417611;1,366854238;1,790388088;;;;;;916200,8156;600,0000669;3,854529382;5,048894972;;916200,8156;0,184385027;0,20002832;184,3850267;200,0283197;;;;;
10,61112055;1,364482084;1,789554175;;;;;;916800,8157;600,0000669;3,847839907;5,046543336;;916800,8157;0,184424907;0,200080624;184,4249069;200,0806236;;;;;
10,618065;1,361546504;1,78933404;;;;;;917400,8158;600,0000669;3,83956157;5,045922555;;917400,8158;0,184464701;0,200132921;184,4647013;200,1329211;;;;;
10,62500944;1,357647714;1,788647769;;;;;;918000,8158;600,0000669;3,828566979;5,043987269;;918000,8158;0,184504382;0,200185199;184,5043817;200,1851985;;;;;
10,63195389;1,354880303;1,788394997;;;;;;918600,8159;600,0000669;3,820762881;5,043274453;;918600,8159;0,184543981;0,200237469;184,5439813;200,2374686;;;;;
10,63889833;1,351573919;1,787372545;;;;;;919200,816;600,0000669;3,811438875;5,040391138;;919200,816;0,184583484;0,200289709;184,5834842;200,2897087;;;;;
10,64584278;1,348163269;1,786701812;;;;;;919800,816;600,0000669;3,801820842;5,038499671;;919800,816;0,184622887;0,200341929;184,6228874;200,3419293;;;;;
10,65278722;1,345093434;1,785210226;;;;;;920400,8161;600,0000669;3,793163906;5,034293399;;920400,8161;0,184662201;0,200394106;184,6622009;200,3941062;;;;;
10,65973167;1,341362577;1,784878315;;;;;;921000,8162;600,0000669;3,782642887;5,033357408;;921000,8162;0,184701405;0,200446273;184,7014054;200,4462735;;;;;
10,66667611;1,338361437;1,784196195;;;;;;921600,8162;600,0000669;3,774179674;5,03143383;;921600,8162;0,184740522;0,200498421;184,7405221;200,4984208;;;;;
10,67362056;1,335233724;1,783048717;;;;;;922200,8163;600,0000669;3,765359522;5,028197941;;922200,8163;0,184779547;0,200550535;184,7795475;200,5505346;;;;;
10,680565;1,332242381;1,782541165;;;;;;922800,8164;600,0000669;3,756923934;5,026766646;;922800,8164;0,184818485;0,200602634;184,8184854;200,6026335;;;;;
10,68750945;1,329063833;1,781284823;;;;;;923400,8164;600,0000669;3,747960425;5,02322376;;923400,8164;0,18485733;0,200654696;184,8573304;200,6546958;;;;;
10,69445389;1,325562671;1,78118482;;;;;;924000,8165;600,0000669;3,738087148;5,022941753;;924000,8165;0,184896073;0,200706755;184,8960731;200,7067551;;;;;
10,70139834;1,321991183;1,779748607;;;;;;924600,8166;600,0000669;3,728015552;5,01889163;;924600,8166;0,184934711;0,200758772;184,9347113;200,7587724;;;;;
10,70834279;1,318866813;1,778590156;;;;;;925200,8166;600,0000669;3,719204827;5,015624798;;925200,8166;0,184973258;0,200810756;184,9732583;200,8107558;;;;;
10,71528723;1,315026374;1,777729563;;;;;;925800,8167;600,0000669;3,708374788;5,013197925;;925800,8167;0,185011693;0,200862714;185,0116931;200,8627142;;;;;
10,72223168;1,311715676;1,776963598;;;;;;926400,8168;600,0000669;3,699038617;5,011037903;;926400,8168;0,185050031;0,20091465;185,050031;200,9146501;;;;;
10,72917612;1,309184822;1,776210086;;;;;;927000,8168;600,0000669;3,691901609;5,008913002;;927000,8168;0,185088295;0,200966564;185,088295;200,966564;;;;;
10,73612057;1,305406494;1,775614479;;;;;;927600,8169;600,0000669;3,681246724;5,00723339;;927600,8169;0,185126449;0,20101846;185,1264486;201,0184605;;;;;
10,74306501;1,301604274;1,774921414;;;;;;928200,817;600,0000669;3,670524463;5,005278945;;928200,817;0,185164491;0,201070337;185,164491;201,0703367;;;;;
10,75000946;1,298725682;1,77360937;;;;;;928800,817;600,0000669;3,662406831;5,00157898;;928800,817;0,185202449;0,201122175;185,2024493;201,1221746;;;;;
10,7569539;1,295138386;1,773241826;;;;;;929400,8171;600,0000669;3,652290655;5,000542507;;929400,8171;0,185240303;0,201174002;185,2403028;201,1740018;;;;;
10,76389835;1,291228913;1,771661396;;;;;;930000,8172;600,0000669;3,64126594;4,996085695;;930000,8172;0,185278042;0,201225783;185,278042;201,2257827;;;;;
10,77084279;1,287149355;1,771382784;;;;;;930600,8172;600,0000669;3,629761584;4,995300009;;930600,8172;0,185315662;0,201277556;185,3156619;201,2775555;;;;;
10,77778724;1,283722055;1,770065101;;;;;;931200,8173;600,0000669;3,620096599;4,991584142;;931200,8173;0,185353182;0,20132929;185,3531817;201,3292898;;;;;
10,78197062;1,281361578;1,769580954;;;;;;931562,2619;361,4445583;2,176763498;3,00614541;;931562,2619;0,185375742;0,201360446;185,3757423;201,3604465;;;;;
;;;;;;;;;;17885,9785;19428,26268;;;;;;;;;;;
