Ewe/V;BA1_C;Ewe/V;BA2_C;<--CV_beggining
-0,600312948;-0,138576992;-0,599606335;-0,151399183;
-0,599907875;-0,127196235;-0,600341558;-0,139887699;
-0,599361062;-0,121618036;-0,598092377;-0,13321848;
-0,598910391;-0,117044383;-0,59809041;-0,129542142;
-0,598436236;-0,113208035;-0,595909476;-0,126053385;
-0,597832024;-0,109651607;-0,596719801;-0,125265468;
-0,597371221;-0,108240239;-0,594107032;-0,123293029;
-0,596948147;-0,107311994;-0,594214141;-0,123469618;
-0,596252501;-0,105997044;-0,592193305;-0,120151846;
-0,595945179;-0,104083222;-0,591906071;-0,11970758;
-0,59526974;-0,103340836;-0,589456379;-0,117776507;
-0,59484756;-0,101708844;-0,590099692;-0,117602688;
-0,594357967;-0,101566374;-0,587560117;-0,114060269;
-0,594025075;-0,101145964;-0,587550044;-0,111543567;
-0,593530297;-0,100702483;-0,586474419;-0,113869799;
-0,592672586;-0,099870319;-0,585653305;-0,112067747;
-0,592393696;-0,099174251;-0,584386587;-0,110389433;
-0,591754496;-0,098423421;-0,583458424;-0,110073152;
-0,591336787;-0,098454855;-0,583202779;-0,108984739;
-0,59092617;-0,098357509;-0,581209958;-0,109190186;
-0,590381503;-0,096675796;-0,581099093;-0,108174585;
-0,590029716;-0,096644624;-0,579562962;-0,105381318;
-0,58941257;-0,096000501;-0,57885015;-0,106265315;
-0,588776469;-0,095767362;-0,576879203;-0,105235971;
-0,58843106;-0,095257997;-0,577458918;-0,104844201;
-0,587893367;-0,095013784;-0,574839175;-0,102476106;
-0,587193549;-0,093010112;-0,575189531;-0,102624119;
-0,586896956;-0,093911173;-0,572549939;-0,102911171;
-0,586448133;-0,093789708;-0,573576808;-0,101171471;
-0,585870743;-0,093618538;-0,570477664;-0,101183944;
-0,585543156;-0,092342328;-0,570940614;-0,100077611;
-0,584859133;-0,091705564;-0,569674671;-0,097015609;
-0,584472299;-0,091456192;-0,56898129;-0,095772817;
-0,583892226;-0,091106738;-0,567147613;-0,09496089;
-0,583335817;-0,090185894;-0,567849398;-0,093953038;
-0,582978547;-0,091097713;-0,564987302;-0,098275018;
-0,582299709;-0,090622043;-0,564420521;-0,094637887;
-0,581850827;-0,089635394;-0,563468218;-0,093365974;
-0,581463695;-0,08918496;-0,562320352;-0,092644362;
-0,581045806;-0,088929348;-0,560808718;-0,090467339;
-0,580489933;-0,088295211;-0,560634732;-0,091183166;
-0,579775631;-0,088582695;-0,5595963;-0,089509125;
-0,579237103;-0,087979414;-0,558290303;-0,090079791;
-0,578981519;-0,086367315;-0,557537615;-0,087753394;
-0,57832849;-0,086273616;-0,55660677;-0,086863066;
-0,577970147;-0,086410878;-0,555970252;-0,086812223;
-0,577514529;-0,086197087;-0,555036724;-0,086001707;
-0,576897681;-0,084890321;-0,554414034;-0,083550526;
-0,576359272;-0,084775974;-0,552165627;-0,084078202;
-0,575915873;-0,08390747;-0,551601708;-0,081917557;
-0,575295627;-0,084544328;-0,550609171;-0,081909063;
-0,574945569;-0,084039796;-0,549599886;-0,082103353;
-0,574204743;-0,083825274;-0,548046947;-0,08011119;
-0,573894143;-0,083112277;-0,547871172;-0,07987538;
-0,573320746;-0,083123562;-0,546298683;-0,078061475;
-0,572823584;-0,082591201;-0,546007752;-0,076902879;
-0,572399259;-0,082047429;-0,544460297;-0,074733214;
-0,571805418;-0,081952192;-0,544260859;-0,074914218;
-0,571580052;-0,081018471;-0,541995823;-0,07182696;
-0,57106024;-0,081427014;-0,54218477;-0,07224523;
-0,570299864;-0,079895364;-0,539664149;-0,069712106;
-0,569949389;-0,079862347;-0,539758682;-0,06929885;
-0,569205165;-0,079401883;-0,538146198;-0,06735289;
-0,568944275;-0,078722479;-0,5377087;-0,066506617;
-0,568472505;-0,078824706;-0,535907865;-0,066266791;
-0,567912579;-0,078473338;-0,536239326;-0,064014154;
-0,567380428;-0,077045487;-0,534208357;-0,062472519;
-0,566839814;-0,076513075;-0,534197867;-0,061373;
-0,566305935;-0,076604806;-0,532190144;-0,060846061;
-0,565955758;-0,07662007;-0,532799661;-0,058497266;
-0,565476835;-0,075988763;-0,52970624;-0,056696983;
-0,564855218;-0,075276902;-0,530763865;-0,054882718;
-0,564355791;-0,074500761;-0,528241277;-0,05463816;
-0,563853443;-0,073311477;-0,527821422;-0,050675126;
-0,563341498;-0,073488707;-0,52606976;-0,049596306;
-0,562829256;-0,072865672;-0,526785076;-0,047809516;
-0,562324941;-0,072170926;-0,524053097;-0,044935606;
-0,562096238;-0,071433374;-0,524114847;-0,043195431;
-0,561396241;-0,070978808;-0,522070289;-0,041300041;
-0,56095314;-0,070636743;-0,522357881;-0,038778086;
-0,560302973;-0,070543576;-0,519712925;-0,038007784;
-0,559913933;-0,069818107;-0,520163059;-0,032031141;
-0,559372306;-0,069449285;-0,518120408;-0,030769707;
-0,558708847;-0,069172847;-0,518095553;-0,029249124;
-0,558756232;-0,067758542;-0,515938878;-0,025472522;
-0,557990909;-0,067651301;-0,515705049;-0,022897688;
-0,557430446;-0,067180441;-0,514223516;-0,020284721;
-0,556970596;-0,066855724;-0,514014304;-0,019656592;
-0,556397319;-0,065005595;-0,512038171;-0,015988079;
-0,555838704;-0,064900191;-0,511676431;-0,012148432;
-0,555395365;-0,063610709;-0,510390282;-0,009030867;
-0,554962993;-0,063144989;-0,509888053;-0,006389611;
-0,554492474;-0,062643406;-0,51206243;-0,002555284;
-0,553999662;-0,062469146;-0,50869894;-0,002869571;
-0,553305089;-0,060914586;-0,505703866;-0,001630803;
-0,552964866;-0,060134489;-0,507630467;0,001823684;
-0,552517235;-0,060132662;-0,50618881;0,005239673;
-0,551814318;-0,059449331;-0,505843222;0,007556654;
-0,551559985;-0,05895312;-0,504875481;0,011555171;
-0,550791442;-0,058145959;-0,503619015;0,016242747;
-0,550624669;-0,057529987;-0,502561808;0,018846012;
-0,549977183;-0,05695587;-0,501090586;0,024257839;
-0,54959482;-0,055342783;-0,500851154;0,029280771;
-0,548922539;-0,054496043;-0,498650551;0,032630736;
-0,548277617;-0,053320638;-0,49993825;0,038791632;
-0,547679782;-0,05224366;-0,49731493;0,041511894;
-0,547453761;-0,052393678;-0,497092158;0,047840621;
-0,546969473;-0,050880211;-0,495312124;0,051759;
-0,54643631;-0,050186641;-0,495578378;0,057912785;
-0,546002626;-0,049091206;-0,492971659;0,060704472;
-0,545362294;-0,048158844;-0,493354917;0,064866752;
-0,544950247;-0,047434115;-0,491288424;0,0730872;
-0,544423103;-0,046255803;-0,49142313;0,076266798;
-0,543836594;-0,044999089;-0,488517523;0,082775656;
-0,54347223;-0,044167387;-0,489499778;0,090306172;
-0,542841375;-0,043238891;-0,486676961;0,093143585;
-0,542355955;-0,042550524;-0,487119138;0,096994454;
-0,541944683;-0,040891838;-0,485008299;0,103246717;
-0,541366875;-0,040340669;-0,485096306;0,10848555;
-0,540923715;-0,039234568;-0,483410865;0,116711028;
-0,540459216;-0,037563497;-0,483324766;0,125600201;
-0,540000141;-0,036420083;-0,481270701;0,128795787;
-0,539429903;-0,035521589;-0,481817305;0,135013174;
-0,538879752;-0,034451811;-0,479629904;0,139604602;
-0,538397372;-0,033129388;-0,47905165;0,142956681;
-0,537981808;-0,03173315;-0,477542192;0,149195338;
-0,537403941;-0,030659973;-0,476782501;0,154208115;
-0,536905766;-0,028981565;-0,475809872;0,163352692;
-0,536481559;-0,027461133;-0,474338502;0,168337108;
-0,535956681;-0,025822985;-0,473780185;0,172158966;
-0,535429835;-0,02445643;-0,471985549;0,180634535;
-0,535018384;-0,022913402;-0,471956879;0,187870932;
-0,534324348;-0,021671309;-0,469239086;0,194457147;
-0,53395319;-0,02053702;-0,470307052;0,201114726;
-0,533302307;-0,019251651;-0,468333155;0,205849229;
-0,533097625;-0,017624999;-0,468118846;0,211789257;
-0,532500923;-0,01629245;-0,466356128;0,220334037;
-0,531889737;-0,01471842;-0,466719598;0,224218581;
-0,531661034;-0,012833244;-0,464188457;0,23460999;
-0,530893922;-0,01180767;-0,464013457;0,235897704;
-0,5316239;-0,008080068;-0,462973863;0,245586796;
-0,530536175;-0,013504529;-0,462400824;0,252966106;
-0,530650675;-0,007996629;-0,46026662;0,258622084;
-0,530173659;-0,010165828;-0,459611118;0,266147929;
-0,53101325;-0,007151821;-0,458804756;0,275149661;
-0,530218363;-0,009257529;-0,456957906;0,280420136;
-0,52986002;-0,007469631;-0,456746042;0,289274134;
-0,529114664;-0,005767714;-0,454915792;0,293635069;
-0,528895199;-0,004263368;-0,454845637;0,303929587;
-0,528159738;-0,002797611;-0,452615947;0,305572638;
-0,528437078;0,001618451;-0,453767985;0,318538215;
-0,528360724;-0,00566712;-0,451152503;0,323827633;
-0,529601097;0,00212194;-0,451231509;0,327596983;
-0,528017282;-0,005452629;-0,449439675;0,333311745;
-0,528322577;0,002143959;-0,449520409;0,343295214;
-0,52822715;-0,005735852;-0,447293609;0,352614061;
-0,527807355;0,001961222;-0,447362691;0,364874132;
-0,528265357;-0,005859327;-0,445800066;0,368812173;
-0,529124022;0,002055242;-0,444763213;0,37661029;
-0,528017282;-0,005645382;-0,443652958;0,381356618;
-0,527368426;0,002432557;-0,442145765;0,392262572;
-0,528150856;-0,005154187;-0,441305369;0,391993926;
-0,527769208;0,003035019;-0,440250933;0,406620038;
-0,526681483;-0,004443685;-0,439650804;0,418674252;
-0,52822715;0,003815978;-0,438093185;0,424542018;
-0,527692854;-0,004025075;-0,438393146;0,432964815;
-0,527731001;0,004140767;-0,435839981;0,445884007;
-0,527635634;-0,003350557;-0,436299354;0,43356731;
-0,527292132;0,004756759;-0,434162021;0,447112644;
-0,52755928;-0,002939976;-0,434673071;0,463500199;
-0,52878058;0,005110656;-0,432660729;0,473386394;
-0,528322577;-0,002597504;-0,432392299;0,484858242;
-0,526910484;0,005556147;-0,430092394;0,493115641;
-0,527215779;-0,00233321;-0,430537969;0,488170764;
-0,527082205;0,005609734;-0,428166002;0,50155966;
-0,526185334;-0,002006179;-0,427762806;0,513894164;
-0,527196705;0,006174749;-0,426064461;0,531234753;
-0,527616501;-0,001305399;-0,425832331;0,531506483;
-0,52677691;0,006762407;-0,424070209;0,543596996;
-0,527101278;-0,001154594;-0,423284054;0,552370361;
-0,526700556;0,006962263;-0,422749192;0,558302823;
-0,527044058;-0,000437913;-0,421466798;0,572531538;
-0,527502;0,007566184;-0,421086878;0,582157225;
-0,527692854;3,86844E-05;-0,418933541;0,595765553;
-0,526261687;0,007878915;-0,41996783;0,600384162;
-0,52683413;0,000482003;-0,417131305;0,60719327;
-0,526318908;0,008375923;-0,417200118;0,623889469;
-0,525402963;0,001068406;-0,415606827;0,635056175;
-0,525803685;0,008565419;-0,415621668;0,637597345;
-0,527063131;0,001690796;-0,412888944;0,648464085;
-0,52610898;0,009205041;-0,412835896;0,657238422;
-0,526528835;0,002206874;-0,411365598;0,671243973;
-0,526128054;0,009648218;-0,411206186;0,689086186;
-0,526223481;0,002773578;-0,408765495;0,69427996;
-0,525727332;0,009918272;-0,408855706;0,710436057;
-0,527101278;0,003387357;-0,40738228;0,709703605;
-0,525822759;0,010436382;-0,406799823;0,723866884;
-0,52610898;0,00373067;-0,40599969;0,737868799;
-0,526070833;0,010553361;-0,40490517;0,751242208;
-0,525154889;0,004212337;-0,403982967;0,764705992;
-0,526643336;0,011051249;-0,402800471;0,768376424;
-0,525879979;0,004735731;-0,402194738;0,774184344;
-0,525879979;0,01104032;-0,400821865;0,790886392;
-0,525803685;0,004950746;-0,39986515;0,79259976;
-0,525460184;0,011434833;-0,398696244;0,821066967;
-0,525555611;0,005220004;-0,397777498;0,829894753;
-0,524506032;0,011586864;-0,395918876;0,844802888;
-0,525574684;0,006154419;-0,395684451;0,86034303;
-0,525784612;0,011977836;-0,394243836;0,870683233;
-0,525422037;0,006613067;-0,394136846;0,88817726;
-0,525307536;0,012604265;-0,391927004;0,899549618;
-0,525860906;0,007643006;-0,392775655;0,914864502;
-0,524849534;0,012970883;-0,389791667;0,920309992;
-0,525345683;0,007769561;-0,390291214;0,932061171;
-0,525612831;0,013341244;-0,388292253;0,947740853;
-0,525250256;0,008508963;-0,388662845;0,953106608;
-0,525116682;0,013582038;-0,386321574;0,96471019;
-0,525402963;0,008891204;-0,386481762;0,971499304;
-0,523952663;0,013783525;-0,384261489;0,991395862;
-0,525002182;0,009271911;-0,38398239;1,003867986;
-0,525002182;0,013751808;-0,382036895;1,021944523;
-0,524582386;0,009746854;-0,382194877;1,032637526;
-0,524315238;0,014222825;-0,379589796;1,048502443;
-0,525212109;0,010252404;-0,380038291;1,053460546;
-0,52399081;0,014421987;-0,378130019;1,080933847;
-0,52477324;0,011116224;-0,37809065;1,092881359;
-0,524868608;0,014850085;-0,376668215;1,074049676;
-0,524429739;0,01136739;-0,376062304;1,125152939;
-0,524639606;0,015002531;-0,374498665;1,120201458;
-0,525612831;0,011901877;-0,374497712;1,125400001;
-0,523170292;0,015159392;-0,372407794;1,137969811;
-0,524486959;0,01217881;-0,371636838;1,155029655;
-0,524372458;0,015441461;-0,370864272;1,166649835;
-0,524277091;0,013067346;-0,369197696;1,183821666;
-0,524391592;0,016105085;-0,368544638;1,211561846;
-0,524696887;0,013535417;-0,367085606;1,233179727;
-0,523361087;0,01591905;-0,366831809;1,232093505;
-0,523933589;0,013755071;-0,365092278;1,247014606;
-0,52404809;0,01620977;-0,36572212;1,266659253;
-0,523628235;0,014187438;-0,362668782;1,29511438;
-0,524009883;0,016621764;-0,363502145;1,293677781;
-0,525173962;0,014610963;-0,361616969;1,302879964;
-0,523418367;0,016558547;-0,360695153;1,342903579;
-0,523571014;0,015313886;-0,359253407;1,352136954;
-0,523742735;0,017052818;-0,359042406;1,349792191;
-0,523780942;0,01614688;-0,35741511;1,383388613;
-0,522960365;0,017629005;-0,356575847;1,380954854;
-0,524830461;0,016680275;-0,356257737;1,406310168;
-0,523742735;0,017684352;-0,35375303;1,423637012;
-0,52338016;0,017165127;-0,354275048;1,438356199;
-0,523475587;0,018446037;-0,352411181;1,458058719;
-0,523704588;0,01786696;-0,352032602;1,486934876;
-0,52332294;0,018353646;-0,350182354;1,467435761;
-0,52460146;0,017883459;-0,35042274;1,474809918;
-0,523093939;0,018658224;-0,348051161;1,514685589;
-0,522807717;0,018669437;-0,348157257;1,529817496;
-0,522998512;0,019157729;-0,345868886;1,544893244;
-0,523189306;0,020545528;-0,346795112;1,554420109;
-0,522180498;0,022472224;-0,344438165;1,56468077;
-0,521782935;0,024111936;-0,343931943;1,593359157;
-0,521222949;0,02673734;-0,3423343;1,609385717;
-0,520808399;0,028683688;-0,342346817;1,64023851;
-0,520376861;0,031315546;-0,340290159;1,624666869;
-0,519990683;0,033567079;-0,33971265;1,641764535;
-0,519336939;0,036327549;-0,338788003;1,658897021;
-0,518863857;0,038973867;-0,337543637;1,680703314;
-0,518360615;0,041197104;-0,336878508;1,695668581;
-0,517796576;0,04429797;-0,335537612;1,72447746;
-0,517458141;0,046651484;-0,334822118;1,728682947;
-0,516833961;0,049796235;-0,333452046;1,749937282;
-0,516313374;0,051885245;-0,333143324;1,7692236;
-0,515794992;0,054164069;-0,330938935;1,800331272;
-0,515307307;0,056874534;-0,331060946;1,785027228;
-0,514725327;0,059082036;-0,329234034;1,817380509;
-0,514242113;0,061390843;-0,329298884;1,835496492;
-0,513935626;0,06477458;-0,326941848;1,846019852;
-0,51335144;0,067539231;-0,327935725;1,834345554;
-0,512801111;0,070379344;-0,325082153;1,885327833;
-0,512435138;0,073772554;-0,324996173;1,895869102;
-0,511759162;0,076942442;-0,323364645;1,930055135;
-0,511321306;0,07926699;-0,323549122;1,923448029;
-0,510837734;0,082634187;-0,320693463;1,958424916;
-0,510222971;0,085732602;-0,321060508;1,990820156;
-0,509855926;0,088906511;-0,319177896;1,99240303;
-0,509248614;0,092719998;-0,319164813;1,984852548;
-0,508802176;0,094685644;-0,316627055;1,996149184;
-0,508459687;0,09742505;-0,317643613;2,045214801;
-0,507959127;0,101468838;-0,314737678;2,052110856;
-0,507512271;0,104209942;-0,31490773;2,060755048;
-0,506788135;0,107309483;-0,313825667;2,072521455;
-0,506300211;0,111236226;-0,31368652;2,108291827;
-0,505826354;0,114464264;-0,31114918;2,13170295;
-0,505482435;0,117602837;-0,310757935;2,127999753;
-0,505016208;0,120328846;-0,309676766;2,109011465;
-0,504424036;0,125810442;-0,308549106;2,193334767;
-0,504063308;0,127744463;-0,308068514;2,163932636;
-0,50334549;0,131674575;-0,306568533;2,174643803;
-0,502830863;0,134510007;-0,305628657;2,204901088;
-0,502299428;0,137975968;-0,304535985;2,241042592;
-0,501790226;0,142601524;-0,303956807;2,267437978;
-0,501326084;0,145338522;-0,302415103;2,273490698;
-0,50079608;0,148421985;-0,302031368;2,305297242;
-0,500624239;0,152857243;-0,300656497;2,337830086;
-0,49982512;0,155931757;-0,300557882;2,350700423;
-0,499513268;0,159712594;-0,298070252;2,362120878;
-0,498911053;0,164360774;-0,298412353;2,35550226;
-0,49836278;0,167416623;-0,296278536;2,376336769;
-0,498006731;0,171462401;-0,295961142;2,388116129;
-0,497225285;0,177162165;-0,294075161;2,436450442;
-0,496929407;0,179586696;-0,293944627;2,425656042;
-0,496282965;0,184331909;-0,292333275;2,44377946;
-0,495853841;0,185843673;-0,292288721;2,475581988;
-0,495520443;0,189918788;-0,290416449;2,512650188;
-0,494999498;0,195297107;-0,290766448;2,52059144;
-0,494494379;0,197628527;-0,288137704;2,533064768;
-0,493712157;0,202538855;-0,288384885;2,531654579;
-0,493155479;0,205378401;-0,285967261;2,549746413;
-0,492927581;0,209783377;-0,286195606;2,612319233;
-0,49236244;0,214947653;-0,284057796;2,626962538;
-0,491849601;0,219216132;-0,283961564;2,601512239;
-0,491376579;0,223304257;-0,282481372;2,61686394;
-0,490885913;0,227586931;-0,282377422;2,664223921;
-0,490194857;0,228962871;-0,279751062;2,67732691;
-0,490053773;0,23360551;-0,280517757;2,716801654;
-0,489261776;0,23885284;-0,278259337;2,727929851;
-0,48890987;0,242977778;-0,278273076;2,721996868;
-0,488276809;0,246854814;-0,276263833;2,722122999;
-0,487744451;0,250736656;-0,276771933;2,796620251;
-0,487365186;0,253946425;-0,273867428;2,800792901;
-0,486829668;0,260897008;-0,273789942;2,816649873;
-0,486480594;0,264422686;-0,272391826;2,863947997;
-0,485857487;0,265352728;-0,272138298;2,855705924;
-0,485396534;0,271843508;-0,270190626;2,884568676;
-0,4850052;0,275574211;-0,270177871;2,900967003;
-0,484331936;0,279712807;-0,268255562;2,921543142;
-0,483957738;0,28485228;-0,268880486;2,948008167;
-0,483265668;0,287892882;-0,26613611;2,971375153;
-0,482808501;0,29338211;-0,266102195;2,993383321;
-0,482358932;0,297964717;-0,26409936;3,002147138;
-0,481826663;0,298836179;-0,264755845;2,986831441;
-0,481391251;0,303094499;-0,261837661;2,980831353;
-0,480897307;0,309579752;-0,261674792;3,009024396;
-0,480490923;0,31367885;-0,26030159;3,047697008;
-0,48003;0,317737654;-0,259656608;3,07696783;
-0,479493678;0,324267033;-0,258410394;3,088358129;
-0,478803128;0,326443803;-0,257804394;3,128797583;
-0,478426754;0,329826799;-0,257318288;3,143694186;
-0,477885097;0,332704007;-0,255643517;3,150836608;
-0,477339;0,340055889;-0,254969865;3,20109863;
-0,47712186;0,34357356;-0,253672451;3,211928412;
-0,476397634;0,34681702;-0,253064632;3,212606834;
-0,476154834;0,351172276;-0,25148803;3,218325432;
-0,475427032;0,355117083;-0,251114815;3,190986764;
-0,474795163;0,361822199;-0,248953909;3,275103632;
-0,474337697;0,366390574;-0,248803183;3,285479303;
-0,473826796;0,367299383;-0,246964872;3,270297529;
-0,473230302;0,377957656;-0,247121707;3,362900923;
-0,472873181;0,376534222;-0,244718015;3,401108669;
-0,472534597;0,38273889;-0,245591864;3,410593991;
-0,471926123;0,386389141;-0,24281171;3,35609719;
-0,47133553;0,390937549;-0,243007943;3,399206035;
-0,470729321;0,393082861;-0,241505951;3,390792846;
-0,470392495;0,399548554;-0,241525993;3,452431215;
-0,469884396;0,404493066;-0,239130259;3,446161708;
-0,469234347;0,407552418;-0,239906102;3,455468791;
-0,468812674;0,411778174;-0,237110823;3,480530781;
-0,468335569;0,41665899;-0,237089768;3,579105503;
-0,467983484;0,422688445;-0,235134512;3,560223529;
-0,46757862;0,428007079;-0,235185266;3,54885324;
-0,466953188;0,43117289;-0,232695654;3,591003686;
-0,466550112;0,436534655;-0,232836738;3,58369802;
-0,465800494;0,441653365;-0,231422931;3,698463213;
-0,465308964;0,443793137;-0,231340975;3,620498096;
-0,464751154;0,444996349;-0,229225248;3,647907668;
-0,464383304;0,453405619;-0,229261786;3,683594546;
-0,463897616;0,453102509;-0,227692798;3,690975219;
-0,463303864;0,459410461;-0,227358639;3,688253311;
-0,462960303;0,465423036;-0,225709051;3,682969245;
-0,462485552;0,466823917;-0,224877387;3,746922119;
-0,461847156;0,47081803;-0,223280802;3,766160356;
-0,461399972;0,479000864;-0,223031521;3,784440291;
-0,460873067;0,480011764;-0,220803782;3,819481052;
-0,460350484;0,486112648;-0,220818624;3,858268819;
-0,459918022;0,49450228;-0,219874471;3,824336692;
-0,459291309;0,497395495;-0,218948409;3,886300192;
-0,45901677;0,501499935;-0,217514098;3,825512443;
-0,45833832;0,499708587;-0,217712536;3,883630935;
-0,457901627;0,506411373;-0,215316117;3,91305736;
-0,457430899;0,509775265;-0,214865386;3,940274018;
-0,456898361;0,518414937;-0,213386461;3,996939508;
-0,456466138;0,52173268;-0,213021994;3,99719216;
-0,455925465;0,525020331;-0,210916847;4,034281791;
-0,455361217;0,529901797;-0,211046293;4,050521916;
-0,45491606;0,533005691;-0,209136814;4,087908214;
-0,454292506;0,54217806;-0,209370181;4,059901659;
-0,453815728;0,543048626;-0,207625747;4,148066726;
-0,453519851;0,547407721;-0,207156226;4,138957224;
-0,453044832;0,55241967;-0,205424964;4,141462215;
-0,452436149;0,556943001;-0,20537509;4,187804248;
-0,451853365;0,562376613;-0,203045502;4,19350613;
-0,451231271;0,565277532;-0,20282574;4,2388155;
-0,450885594;0,574468962;-0,201385319;4,199997345;
-0,450404137;0,576773341;-0,200794309;4,263260937;
-0,450160325;0,57848785;-0,199354902;4,292573231;
-0,44958365;0,578644822;-0,199201092;4,29757819;
-0,448860765;0,584600719;-0,197869733;4,352433505;
-0,448489457;0,592645318;-0,197012603;4,359583833;
-0,447878748;0,595902253;-0,195924163;4,370036565;
-0,447344631;0,601336536;-0,195631385;4,372552689;
-0,446938872;0,606607954;-0,193121463;4,393109533;
-0,446443439;0,610818199;-0,193108782;4,422652321;
-0,445948243;0,616851084;-0,191251218;4,523844882;
-0,445509434;0,6212205;-0,190638244;4,448390896;
-0,444822401;0,624484215;-0,189045757;4,493623921;
-0,444422781;0,629880189;-0,188966215;4,518689311;
-0,443902105;0,640073001;-0,187225387;4,475633601;
-0,443393171;0,636974769;-0,187696412;4,481335318;
-0,442834705;0,643758857;-0,184977248;4,517325897;
-0,442341834;0,643480396;-0,185713738;4,53134782;
-0,442044765;0,652704882;-0,18322289;4,561984058;
-0,441632479;0,653738951;-0,182947069;4,615705911;
-0,44090119;0,661528601;-0,181230664;4,665958115;
-0,440240711;0,667905118;-0,180521086;4,572795501;
-0,439734817;0,667806656;-0,179157794;4,695496498;
-0,439371139;0,674659541;-0,179276705;4,746913849;
-0,439061433;0,674832828;-0,177132666;4,727359391;
-0,438431084;0,686703442;-0,177675813;4,694104034;
-0,43801558;0,685928616;-0,175054729;4,745844818;
-0,437570095;0,689121534;-0,175021634;4,781572229;
-0,436724007;0,697252504;-0,172991812;4,806740733;
-0,436305523;0,698781862;-0,173129112;4,720660785;
-0,435876012;0,697216668;-0,171046704;4,768323828;
-0,435442328;0,706201394;-0,170647755;4,710064007;
-0,435001194;0,711980176;-0,169916928;4,751903266;
-0,434397042;0,716338791;-0,168780878;4,831026709;
-0,433906257;0,723060697;-0,167848304;4,805442425;
-0,433368802;0,725427115;-0,166471347;4,876733542;
-0,432822645;0,731003732;-0,165818945;4,880337444;
-0,432402819;0,732827484;-0,164560795;4,897654299;
-0,431889862;0,733049836;-0,164018676;4,908466952;
-0,431339651;0,740980558;-0,162359595;4,928106436;
-0,430911243;0,74840354;-0,162217438;4,969319258;
-0,430523366;0,752205824;-0,160128653;4,907292732;
-0,42994231;0,755085863;-0,160869107;4,930903021;
-0,429371834;0,75946257;-0,158368573;5,042837398;
-0,428907663;0,765916417;-0,157805458;5,104396013;
-0,428379834;0,766523201;-0,156193331;5,113931314;
-0,428005338;0,779215037;-0,155776098;5,126924982;
-0,427321732;0,78329117;-0,154189065;5,146083241;
-0,426935792;0,782118018;-0,153719008;5,204782434;
-0,426455438;0,791270914;-0,152627528;5,204153862;
-0,425942212;0,794132477;-0,151931629;5,308208134;
-0,42539531;0,794646411;-0,150422066;5,246745864;
-0,425016731;0,799834203;-0,1493655;5,286331605;
-0,424412519;0,809956791;-0,14867042;5,361427612;
-0,423876166;0,81463767;-0,147864431;5,344327254;
-0,423446715;0,812946458;-0,146559671;5,262903625;
-0,4228701;0,820023541;-0,145637751;5,285466447;
-0,422448158;0,816548572;-0,144478261;5,342949476;
-0,421999544;0,828150233;-0,143639147;5,356330899;
-0,421535462;0,828973825;-0,142937928;5,345873223;
-0,420924574;0,840521344;-0,141867518;5,48846388;
-0,420406371;0,844551344;-0,140673086;5,486791537;
-0,419774532;0,845220172;-0,13950707;5,571895963;
-0,419418275;0,851055571;-0,138976797;5,500593444;
-0,418961167;0,856296309;-0,136965483;5,454318011;
-0,418551892;0,864438888;-0,137224287;5,522184196;
-0,418115377;0,861502268;-0,13561821;5,573778503;
-0,417303234;0,869923398;-0,134822354;5,655487743;
-0,417066485;0,875181409;-0,133274853;5,606152313;
-0,416411728;0,875008408;-0,13326107;5,581998607;
-0,415946186;0,884650781;-0,131209567;5,605951607;
-0,415357649;0,888996191;-0,1312996;5,717731008;
-0,415128797;0,894018892;-0,129302025;5,727336753;
-0,41460824;0,89867061;-0,129722148;5,773286576;
-0,413916916;0,896113028;-0,127374545;5,837955299;
-0,413597971;0,902754253;-0,127055287;5,860324982;
-0,412853807;0,910511589;-0,124797784;5,752014225;
-0,412495255;0,913003546;-0,12493103;5,84154141;
-0,411759377;0,915868093;-0,123021953;5,918026741;
-0,411378294;0,923467586;-0,123345509;5,884742677;
-0,410963595;0,928694841;-0,121624842;5,935580335;
-0,410575628;0,929211035;-0,121235527;5,961671147;
-0,409999788;0,935427972;-0,120081335;5,973092262;
-0,409486771;0,938369969;-0,118317172;5,840699952;
-0,409004509;0,944751444;-0,117653318;6,005213373;
-0,408225924;0,952857653;-0,116397075;5,987777276;
-0,407952547;0,953434974;-0,115719214;6,04345846;
-0,407451063;0,960297577;-0,114819586;6,098613345;
-0,406853586;0,965147908;-0,114008099;6,103267541;
-0,406521589;0,971815962;-0,112419039;6,10822034;
-0,406094164;0,968892136;-0,11274571;6,193114264;
-0,405562967;0,977663213;-0,109843299;6,094810848;
-0,405018508;0,984779666;-0,109589718;6,140224219;
-0,404220015;0,985879186;-0,107930616;6,14725579;
-0,403808504;0,987743538;-0,108107448;6,17424481;
-0,403603762;0,996110311;-0,106467739;6,191180777;
-0,402896911;1,000864372;-0,105865188;6,212239174;
-0,402396768;1,006983641;-0,104561374;6,220227519;
-0,402111351;1,010750631;-0,103840068;6,303365547;
-0,401399851;1,016517218;-0,102373019;6,314529968;
-0,400838107;1,02339159;-0,101149805;6,322098295;
-0,400352776;1,024506844;-0,100952484;6,369013949;
-0,399784207;1,028472251;-0,099062093;6,191805064;
-0,399468362;1,03937429;-0,099802554;6,329805399;
-0,398948878;1,034656747;-0,096959665;6,386683708;
-0,398411393;1,041005852;-0,097267173;6,350700183;
-0,397875279;1,047134068;-0,095240064;6,435041312;
-0,397520095;1,046786569;-0,095242061;6,558499698;
-0,396885872;1,055285474;-0,093356967;6,56892017;
-0,396397263;1,059505546;-0,092830062;6,590647027;
-0,395972073;1,062771897;-0,091440052;6,530191542;
-0,39539519;1,066565524;-0,090931244;6,506274668;
-0,394988179;1,073534748;-0,089332178;6,516767879;
-0,394445479;1,07143975;-0,088828288;6,567544041;
-0,394023567;1,087361852;-0,087909617;6,590575474;
-0,393339902;1,086961821;-0,086456276;6,625559826;
-0,393110633;1,098251571;-0,086079478;6,678084952;
-0,392358154;1,090925483;-0,083954841;6,749372087;
-0,391834587;1,105088332;-0,083850875;6,787761147;
-0,391397506;1,103581157;-0,082036309;6,702089783;
-0,390917361;1,111418982;-0,082644731;6,76520024;
-0,390266836;1,107843744;-0,080216326;6,820888573;
-0,389990807;1,119474501;-0,080128439;6,801467919;
-0,389568806;1,132911793;-0,078112863;6,873480287;
-0,388872385;1,128791082;-0,078085281;6,940320961;
-0,388451487;1,129108647;-0,076123811;7,01888825;
-0,387996435;1,132758757;-0,075524479;6,926922612;
-0,387201875;1,142286116;-0,074946292;6,917060567;
-0,386913151;1,142504734;-0,07341864;7,046516437;
-0,386506945;1,151900679;-0,073657386;7,048058765;
-0,386194408;1,152125239;-0,070698738;7,051673612;
-0,385553867;1,164881156;-0,071159363;7,117762231;
-0,38486284;1,163396969;-0,068866685;6,950800922;
-0,384385914;1,171313146;-0,069370449;6,966746363;
-0,383895069;1,180313675;-0,067751758;7,015271199;
-0,383468747;1,185963862;-0,066808678;7,1018339;
-0,382981509;1,189130556;-0,065968171;7,144058306;
-0,382742435;1,193402871;-0,064011276;7,159502184;
-0,381923914;1,188913231;-0,063822635;7,207781091;
-0,381461501;1,197161486;-0,062547326;7,084467814;
-0,381049395;1,204895688;-0,06250596;7,226552497;
-0,380570233;1,214874339;-0,060266808;7,241653879;
-0,379764706;1,223200512;-0,060077727;7,228686984;
-0,379433781;1,228214091;-0,058501247;7,286203702;
-0,378896177;1,226049697;-0,057968803;7,341368351;
-0,378424227;1,230768887;-0,056550469;7,391368539;
-0,378103524;1,233429637;-0,055279609;7,352595716;
-0,377563775;1,233757335;-0,054847848;7,447361968;
-0,377025902;1,243989997;-0,053506818;7,512229604;
-0,37650016;1,245346046;-0,052980788;7,581581819;
-0,375814289;1,255754652;-0,051111422;7,593489621;
-0,375409424;1,261455084;-0,050962035;7,628454393;
-0,374915272;1,263646321;-0,049212728;7,666775643;
-0,374601513;1,261679216;-0,048423611;7,540893264;
-0,37397179;1,268928954;-0,047919579;7,656336434;
-0,373676091;1,283378295;-0,046448138;7,593354857;
-0,373063445;1,286836352;-0,046207398;7,621500315;
-0,372380376;1,278251481;-0,044118628;7,67818003;
-0,371844172;1,299067086;-0,044263087;7,623642059;
-0,371396899;1,299896568;-0,042068057;7,657576867;
-0,371012926;1,297035963;-0,041945003;7,694140668;
-0,370305806;1,304297694;-0,040239185;7,757113168;
-0,370066345;1,319364257;-0,040435437;7,824764851;
-0,369482309;1,316393845;-0,038784757;7,856134873;
-0,368894935;1,323360351;-0,037849136;7,800458168;
-0,368503571;1,325336418;-0,036570877;7,888362128;
-0,368038267;1,33207455;-0,035293601;7,844462369;
-0,367448956;1,334529489;-0,034802441;7,873870264;
-0,366963357;1,352255096;-0,033183616;7,859576839;
-0,366556078;1,349566766;-0,033187859;7,824415913;
-0,365951717;1,352905831;-0,030843118;7,895205039;
-0,365424097;1,359654839;-0,031675119;7,933750241;
-0,365000904;1,36596472;-0,02910699;7,993648517;
-0,364459217;1,377573057;-0,029017743;8,0248173;
-0,364095449;1,388930975;-0,02722919;8,090020471;
-0,36344263;1,382400525;-0,026810078;8,120075083;
-0,362894535;1,38842435;-0,025878755;8,090856238;
-0,36240682;1,398127762;-0,024611574;8,189488046;
-0,361966699;1,40111745;-0,024007453;8,174625601;
-0,361484468;1,40078698;-0,022187073;8,169489272;
-0,36095348;1,414606955;-0,021997295;8,217613754;
-0,360506922;1,422084501;-0,02049081;8,19056255;
-0,360043466;1,434600751;-0,02008638;8,237640629;
-0,35945645;1,432195385;-0,018268375;8,203810038;
-0,358842552;1,447634202;-0,01812304;8,274783562;
-0,358523309;1,431807916;-0,016411815;8,413283408;
-0,357895762;1,449832683;-0,015860295;8,330806352;
-0,35735938;1,456198223;-0,015109678;8,298604238;
-0,35702458;1,460797882;-0,013225199;8,338053023;
-0,356434077;1,456397043;-0,013066074;8,390493398;
-0,355996311;1,470364527;-0,011056866;8,433417055;
-0,355533123;1,482390917;-0,0117167;8,308776929;
-0,355017722;1,481664395;-0,009078647;8,368408757;
-0,35449177;1,489127503;-0,008781389;8,433817605;
-0,353944659;1,484192245;-0,007032563;8,517513731;
-0,353404135;1,499558652;-0,007090429;8,506635126;
-0,352834612;1,496779488;-0,005306117;8,557957343;
-0,352544963;1,507314969;-0,00456965;8,484753148;
-0,352093637;1,517048335;-0,003800802;8,619869412;
-0,351642042;1,519060031;-0,002441703;8,697936903;
-0,351118445;1,519824404;-0,002486436;8,726252046;
-0,350485176;1,53056619;1,81786E-05;8,756917064;
-0,349952102;1,543373721;-9,85954E-05;8,702565926;
-0,349348754;1,541477426;0,002307444;8,72108971;
-0,349026561;1,561579477;0,001847256;8,747976249;
-0,348434925;1,556473967;0,003459503;8,85187469;
-0,347995996;1,565344206;0,004219056;8,737247266;
-0,347609997;1,569545474;0,004624502;8,84319415;
-0,347058058;1,572823298;0,006780954;8,92182143;
-0,346538603;1,587074592;0,006979184;8,849001393;
-0,346021563;1,584897167;0,00903097;8,878967258;
-0,34557277;1,599016664;0,008817743;8,783172657;
-0,344967246;1,609788839;0,010863018;8,925210232;
-0,344451249;1,609235584;0,010881052;8,978079304;
-0,344084263;1,615750033;0,012204928;9,034920629;
-0,343225747;1,618712527;0,013551154;9,141505961;
-0,343100488;1,619283797;0,013716171;9,15230166;
-0,342553377;1,636983474;0,01618625;9,121882683;
-0,342085809;1,647985763;0,015992118;9,170647806;
-0,341407627;1,642130041;0,017900469;9,050433394;
-0,340943217;1,644624872;0,017627914;9,188785372;
-0,34049359;1,656321859;0,019423835;9,217645512;
-0,339907348;1,66459608;0,020473054;9,202855253;
-0,339448512;1,664808683;0,021142436;9,244099106;
-0,339055061;1,674929178;0,022430902;9,212428422;
-0,338555813;1,677663741;0,023167556;9,280421446;
-0,337998927;1,685820405;0,024297683;9,216482567;
-0,337581277;1,69114658;0,024927467;9,149866943;
-0,336936861;1,706107822;0,026799832;9,337946165;
-0,336377233;1,710050553;0,027150881;9,354890436;
-0,336008132;1,710803602;0,028642491;9,478598213;
-0,335476846;1,733390226;0,029045269;9,444962139;
-0,335026622;1,731571739;0,030191297;9,561611491;
-0,334442437;1,724659404;0,031507783;9,477696755;
-0,333963245;1,739465557;0,032214291;9,390187504;
-0,33342883;1,747157413;0,03399118;9,470607788;
-0,33305341;1,751049487;0,033911731;9,383239436;
-0,332465172;1,761584697;0,035807315;9,485598414;
-0,33189708;1,772428764;0,035674814;9,571755934;
-0,331627488;1,776207772;0,037352942;9,631121683;
-0,330972314;1,784671757;0,038406342;9,746667975;
-0,330507219;1,789095632;0,038712721;9,656012229;
-0,329916596;1,793909601;0,040635142;9,700844984;
-0,329635531;1,793142215;0,041070279;9,487593965;
-0,328874201;1,799626012;0,042827874;9,658329604;
-0,328485489;1,806585538;0,04311005;9,566676595;
-0,327987075;1,8171012;0,044107303;9,6444007;
-0,327545047;1,814272582;0,045320813;9,740615286;
-0,327117592;1,824849856;0,046032175;9,757152676;
-0,326607645;1,82002228;0,047977131;9,763311436;
-0,326031297;1,832168778;0,047753293;9,860531668;
-0,32537815;1,84094278;0,04954499;9,906308389;
-0,324972987;1,850633977;0,049906772;9,958789263;
-0,324571311;1,855652139;0,051397514;9,849297935;
-0,324006468;1,865007867;0,05276252;9,895640569;
-0,323505968;1,87953073;0,053211421;9,986766019;
-0,323070109;1,880083072;0,054735657;9,929099097;
-0,32283783;1,884326305;0,054499101;9,981279217;
-0,32185629;1,881415913;0,056366146;10,18368844;
-0,321468264;1,892976514;0,057401527;10,09387206;
-0,320877671;1,909379811;0,058282509;10,1497648;
-0,320605099;1,913529905;0,059496652;10,1411605;
-0,31997025;1,906132504;0,059800055;10,09212071;
-0,319665283;1,9293378;0,061512314;10,13182411;
-0,319196403;1,932339604;0,062123265;10,20130524;
-0,318411529;1,938470653;0,063297629;10,250084;
-0,317962259;1,955711185;0,064238548;10,26996797;
-0,317552984;1,950231265;0,065064937;10,34337021;
-0,31694141;1,952760924;0,066637792;10,31881949;
-0,316467404;1,955812556;0,067022167;10,38009797;
-0,316053867;1,972108653;0,068770833;10,30036258;
-0,315587521;1,991492989;0,068818145;10,32318579;
-0,314959228;1,995549248;0,071054369;10,31966327;
-0,314652771;1,998867925;0,070503801;10,44231893;
-0,313937932;2,003788698;0,072798371;10,4380294;
-0,313550085;2,013674986;0,073259413;10,34251341;
-0,312999815;2,023805958;0,074452206;10,33299018;
-0,312534302;2,02915188;0,075765982;10,47922697;
-0,312136739;2,04364623;0,075461052;10,57492065;
-0,3116723;2,052383219;0,07785321;10,58681696;
-0,311117709;2,042791872;0,078154229;10,58130013;
-0,310498744;2,053898748;0,07980407;10,64232476;
-0,310087502;2,062889857;0,079866961;10,56312448;
-0,309369147;2,069363942;0,082078487;10,58909277;
-0,309045315;2,070102075;0,081714623;10,6946665;
-0,308486611;2,083917278;0,083528884;10,78173407;
-0,308094352;2,09815855;0,083771572;10,50842643;
-0,307467997;2,099342903;0,085559838;10,59290462;
-0,307042927;2,093397101;0,086660206;10,65832888;
-0,306582481;2,106161918;0,086869188;10,75386219;
-0,306100219;2,105051049;0,089234442;10,85683817;
-0,305414319;2,121860533;0,088220678;10,83621893;
-0,305133313;2,134446913;0,091118909;10,82115228;
-0,304444402;2,138551552;0,090922609;10,90662443;
-0,303991705;2,143839087;0,09311109;10,88112162;
-0,303538918;2,15730288;0,093050636;10,845729;
-0,303242266;2,162422196;0,094200574;10,83558915;
-0,30243662;2,167407927;0,095640101;10,87879923;
-0,302016526;2,171363294;0,095423698;10,96526941;
-0,301577777;2,182393829;0,09810552;11,14479585;
-0,30100742;2,187706625;0,097804196;11,02895501;
-0,300512254;2,192756214;0,100122094;11,07009164;
-0,30015263;2,19680705;0,09984374;11,22229732;
-0,299442738;2,216333186;0,101315536;11,13407256;
-0,298973888;2,216205001;0,102281876;11,09118734;
-0,298609108;2,214789345;0,103130609;10,8553698;
-0,298088789;2,22660972;0,104607284;11,10406734;
-0,297495216;2,238272455;0,104602009;11,1371259;
-0,297078699;2,241989566;0,106893368;11,21892605;
-0,296507061;2,257947431;0,10724666;11,33449843;
-0,295974761;2,253008754;0,108551435;11,18701416;
-0,295451283;2,249194887;0,109103076;11,29902459;
-0,295063257;2,273307341;0,110361181;11,37628973;
-0,294511884;2,282464115;0,111340351;11,20598923;
-0,294086814;2,298627393;0,112345107;11,29637668;
-0,293793082;2,291082902;0,114022128;11,41219395;
-0,293023765;2,296463039;0,114052244;11,33695403;
-0,292492181;2,304186456;0,11546804;11,39616619;
-0,291909665;2,320391567;0,116197884;11,39645363;
-0,291512698;2,335927527;0,116997764;11,32273206;
-0,290838629;2,347923933;0,118209228;11,37611139;
-0,290575862;2,340807304;0,119052283;11,42518408;
-0,290216029;2,346459373;0,120649107;11,44830077;
-0,289451659;2,358084435;0,12054728;11,64845978;
-0,289122373;2,368340174;0,122646555;11,6085838;
-0,288618207;2,356451064;0,123149492;11,61197138;
-0,288203776;2,3737301;0,124394834;11,61659341;
-0,287629545;2,38996745;0,124993213;11,66870704;
-0,286926687;2,393330383;0,126530334;11,48781634;
-0,286396563;2,392140024;0,127422497;11,54101761;
-0,286034167;2,406363811;0,128047332;11,64612693;
-0,285684973;2,410096971;0,129788205;11,61107542;
-0,285140365;2,415202484;0,129538849;11,67988083;
-0,284702748;2,432169242;0,131615952;11,79117295;
-0,28409788;2,438278893;0,132200465;11,84467824;
-0,28340137;2,422753426;0,13373442;11,87747465;
-0,282966822;2,44086232;0,134152353;11,95330401;
-0,282466561;2,45530716;0,135081679;11,91508994;
-0,28216964;2,467250838;0,136663377;11,84780427;
-0,281602293;2,482660767;0,136424676;11,92792273;
-0,281077713;2,463926875;0,139002487;11,94593172;
-0,280510873;2,481250643;0,13936317;12,06724194;
-0,279936135;2,486108261;0,140509918;11,9209479;
-0,279438734;2,499088938;0,141046882;11,90153777;
-0,279037029;2,514848797;0,142083138;11,92810677;
-0,278491974;2,523972161;0,143888652;11,96686589;
-0,277973682;2,513990118;0,143930048;12,0757885;
-0,277580142;2,540514107;0,145873472;12,0956309;
-0,277102053;2,549648121;0,14583385;12,12026913;
-0,276552022;2,550948617;0,147588834;12,18844088;
-0,276194602;2,549765682;0,148330346;12,19583443;
-0,275580972;2,561840026;0,148677289;12,33289541;
-0,275080562;2,561897548;0,150664166;12,1858037;
-0,274591625;2,57150049;0,151029304;12,2415821;
-0,274055183;2,586671072;0,15265429;12,29719595;
-0,273504078;2,601339071;0,152526975;12,224011;
-0,272932619;2,607717084;0,15460515;12,37174102;
-0,272594362;2,607691168;0,155381665;12,37575164;
-0,272095084;2,61700924;0,156074315;12,29457268;
-0,271658301;2,614698536;0,157687917;12,21495303;
-0,271096528;2,631023366;0,15781945;12,24450477;
-0,270516664;2,631009842;0,159666345;12,3698885;
-0,270024836;2,643225676;0,159870028;12,44849064;
-0,269569784;2,638781757;0,161005154;12,3725625;
-0,268970191;2,651282774;0,162379935;12,47829473;
-0,268456787;2,668394838;0,163378328;12,53296835;
-0,268024057;2,687802023;0,164760441;12,59981247;
-0,267661542;2,68145195;0,164222598;12,67679901;
-0,267001271;2,691366614;0,166242301;12,71355752;
-0,266730607;2,691346141;0,166974381;12,58758106;
-0,26608628;2,699575141;0,168305442;12,51628196;
-0,265665323;2,692599735;0,169460952;12,56872569;
-0,264787763;2,706535871;0,169739962;12,57083784;
-0,264647454;2,727837254;0,171533749;12,72802691;
-0,263994783;2,740067727;0,171951801;12,69651805;
-0,263512284;2,739633697;0,17350404;12,66013172;
-0,26307559;2,746705956;0,174001306;12,61229112;
-0,262686461;2,754672472;0,175362349;12,69161366;
-0,262243867;2,759411393;0,176487431;12,7541892;
-0,26175338;2,7621597;0,176562145;12,60829328;
-0,26094228;2,770410592;0,17901969;12,61978199;
-0,260615528;2,794262661;0,178988278;12,65842522;
-0,259916842;2,808132;0,180861965;12,72449148;
-0,259576738;2,80060169;0,180953979;12,79612575;
-0,258999825;2,79913164;0,182824209;12,79705262;
-0,258751124;2,822185116;0,183250159;12,8719944;
-0,258199662;2,834191501;0,184140697;12,89731018;
-0,257629275;2,837541585;0,185782179;12,97449696;
-0,257090807;2,841837934;0,185400963;12,97002612;
-0,256607503;2,849156835;0,187664777;12,77659558;
-0,256224632;2,87770521;0,188248023;12,88871318;
-0,255575806;2,876242867;0,18991904;12,81254388;
-0,254962206;2,880492096;0,190150306;12,67085036;
-0,254562408;2,886531378;0,191055179;12,85321775;
-0,254120052;2,89845336;0,192749336;12,93321138;
-0,253543735;2,916159256;0,193324402;12,97555826;
-0,253133506;2,90523452;0,194983438;12,9799714;
-0,252672285;2,923132994;0,195407897;13,11479649;
-0,251950145;2,926090001;0,196705148;13,06802487;
-0,251557887;2,947353888;0,1970658;13,11828642;
-0,251000375;2,945983629;0,198050335;13,01192724;
-0,25054872;2,943421139;0,19995445;13,10064407;
-0,25016284;2,95790366;0,200126335;13,15698937;
-0,249527797;2,952184168;0,201945633;13,26597939;
-0,24918665;2,975437984;0,201393127;13,1175956;
-0,24867864;2,9872523;0,203856185;13,1095258;
-0,24809733;2,988486587;0,204364315;13,19985617;
-0,247623861;2,988818474;0,205165282;13,22941803;
-0,247147769;2,989284995;0,206504002;13,03398999;
-0,246591166;3,004136453;0,206865355;13,19684856;
-0,246139452;3,026371006;0,209019244;13,12523348;
-0,245678425;3,031247281;0,209070131;13,19384599;
-0,244982973;3,022922904;0,210785627;13,26843548;
-0,244580403;3,043073365;0,211346686;13,36384239;
-0,2440954;3,064229218;0,212272868;13,37996069;
-0,243564337;3,075780435;0,213780224;13,39217434;
-0,243153587;3,067074888;0,213877872;13,40717485;
-0,242693111;3,075009671;0,215769261;13,33253406;
-0,241985828;3,08734579;0,215996295;13,53150103;
-0,241660342;3,116319477;0,217402041;13,25250331;
-0,241024584;3,108150213;0,218451023;13,36369631;
-0,24057579;3,114437601;0,219442442;13,34862311;
-0,240045801;3,122561615;0,22081247;13,22138151;
-0,239655778;3,140152467;0,220836833;13,33677967;
-0,239161789;3,149603547;0,222559914;13,24603421;
-0,238640219;3,154468126;0,223412544;13,39513923;
-0,238168612;3,180065019;0,224390492;13,4513464;
-0,237564206;3,16685954;0,225485384;13,63246447;
-0,237302288;3,169709993;0,22572726;13,48293983;
-0,236500695;3,188760772;0,227603644;13,40638835;
-0,235919714;3,186546015;0,2284154;13,38817522;
-0,235675722;3,213381026;0,229474261;13,53737595;
-0,23496668;3,221027601;0,230218828;13,72188134;
-0,234477818;3,206393073;0,230945483;13,5959142;
-0,234149069;3,210320036;0,232823148;13,73084106;
-0,233782426;3,229669106;0,233183816;13,69281501;
-0,23315388;3,235856242;0,234339073;13,6942821;
-0,232664838;3,243473331;0,235167563;13,70606863;
-0,232005805;3,233058374;0,2362113;13,65405257;
-0,231432348;3,248822906;0,237567186;13,74918109;
-0,231071755;3,2725505;0,238136813;13,76404108;
-0,230672136;3,272377932;0,239693001;13,74167484;
-0,230176002;3,286857912;0,240017682;13,82466229;
-0,229713842;3,284961642;0,241406232;13,53613941;
-0,229007661;3,265024051;0,242685646;13,7557705;
-0,228568807;3,294582085;0,24329032;13,78107663;
-0,228085116;3,294881374;0,244764835;13,5945616;
-0,227687776;3,326905338;0,244974926;13,72245106;
-0,2269869;3,323887084;0,246584192;13,71694773;
-0,226506606;3,320309952;0,247089162;13,71421114;
-0,226087078;3,337376314;0,248550981;13,82716157;
-0,225711688;3,337829595;0,249592751;13,7553157;
-0,225105301;3,338772264;0,249763519;13,8169094;
-0,224631473;3,347653836;0,251529753;13,74422251;
-0,224114046;3,372082893;0,251861781;13,89254228;
-0,223565891;3,38277789;0,253875196;13,91938684;
-0,223056078;3,394049679;0,254082114;13,945614;
-0,22254926;3,382545505;0,254940331;13,83921597;
-0,222166374;3,399635984;0,257011175;13,86164509;
-0,221551523;3,417913847;0,2567586;13,86120873;
-0,221088544;3,432468988;0,258837849;13,97445438;
-0,220698267;3,439727457;0,258535475;13,95063641;
-0,220156327;3,464884886;0,26036644;13,76187678;
-0,219522506;3,447339728;0,262014836;13,81019;
-0,219165251;3,45532103;0,261750817;13,87299795;
-0,218593866;3,46538416;0,264097542;13,9879259;
-0,218062848;3,486382789;0,263991296;13,73961237;
-0,217689425;3,492499347;0,265457392;13,8247153;
-0,21718815;3,507920881;0,266425073;13,89240257;
-0,216491714;3,525881117;0,26690644;13,89888802;
-0,216153309;3,527973844;0,269246012;13,9271408;
-0,215588287;3,511934399;0,26887536;13,96342459;
-0,215130508;3,526359084;0,270590425;13,82579501;
-0,21461302;3,524642238;0,271897525;13,86355281;
-0,214008555;3,565004972;0,271988899;13,94988433;
-0,213679954;3,538871339;0,273592889;14,00768933;
-0,213105276;3,541077062;0,273536652;14,01047297;
-0,212660238;3,566853045;0,275622249;14,08168778;
-0,212125644;3,572520734;0,276659727;13,80224742;
-0,211838365;3,589490726;0,277027845;13,94548719;
-0,211198434;3,608774095;0,278800309;14,07063393;
-0,210565522;3,605879016;0,279239625;14,0221302;
-0,210200667;3,63345885;0,28033632;14,10575351;
-0,209354401;3,641652258;0,28138569;14,06171202;
-0,209042236;3,656199735;0,28183338;14,14204995;
-0,208556592;3,63749706;0,283745766;14,14327691;
-0,208288029;3,644310799;0,284241408;14,11585622;
-0,207728028;3,657747024;0,285791397;14,05277603;
-0,207190856;3,668052447;0,286374778;14,16053255;
-0,206723362;3,66131665;0,286930621;14,1176016;
-0,206179559;3,677607053;0,288946331;14,17320196;
-0,205698356;3,68185027;0,288706481;14,24645084;
-0,205078945;3,704454509;0,291045457;14,17070512;
-0,204526961;3,718452331;0,290922552;14,19228356;
-0,204126224;3,724576427;0,292493522;14,08455305;
-0,203647956;3,722730119;0,29383868;14,11173297;
-0,203291684;3,731365918;0,29354912;14,11255979;
-0,202747881;3,755943914;0,296250165;14,21292019;
-0,202224091;3,758378845;0,295746118;14,33709227;
-0,201659039;3,756688992;0,298112899;14,23145653;
-0,200975358;3,764786792;0,298338801;14,12564361;
-0,200653806;3,765351892;0,299051672;14,11299664;
-0,20005928;3,787022011;0,301148921;14,24246894;
-0,199569732;3,806673856;0,300748974;14,15577924;
-0,199171841;3,805730586;0,302765489;14,21233565;
-0,198706359;3,815412793;0,303247213;14,17931169;
-0,198161587;3,84380661;0,304487348;14,13545113;
-0,197646499;3,8167135;0,306041211;14,16283284;
-0,196964607;3,850111373;0,305511057;14,17825059;
-0,196657211;3,846146052;0,30788514;14,21446873;
-0,196199179;3,85388658;0,308238447;14,18847042;
-0,195531487;3,857084059;0,309594184;14,19376418;
-0,19513917;3,884148537;0,310846716;14,15844352;
-0,194647223;3,871917535;0,310832143;14,21672332;
-0,194056705;3,888106362;0,312672615;14,06484383;
-0,193627596;3,913179237;0,313294321;14,11940367;
-0,193208799;3,918709717;0,314677626;14,1428548;
-0,192645326;3,934565175;0,315768033;14,1098199;
-0,192207992;3,940925596;0,315865785;14,13814207;
-0,191586733;3,930091922;0,317754984;14,13966549;
-0,191154018;3,93026124;0,3180691;14,14482353;
-0,190649346;3,956489704;0,319656193;13,96222027;
-0,190195754;3,972219197;0,320338219;14,11580984;
-0,189489678;3,969355542;0,320745528;14,0361179;
-0,189056367;3,95607525;0,322838545;14,13214727;
-0,188734755;3,981181675;0,323174864;14,13504867;
-0,188039154;3,990800399;0,324537009;14,13202086;
-0,187768206;4,006316522;0,325579762;14,21715558;
-0,187230259;3,984547376;0,326243818;14,14587759;
-0,186786026;4,01429033;0,327743858;14,17121683;
-0,186311588;4,02354983;0,327993155;14,18789865;
-0,18560648;4,039452142;0,329517603;14,21691553;
-0,185060367;4,045932395;0,330682367;14,26234089;
-0,184515417;4,067945318;0,331109852;14,20110636;
-0,184055403;4,072810719;0,332982361;14,18937779;
-0,183559477;4,084244067;0,332202524;14,07359405;
-0,183247551;4,065966223;0,335029453;14,20680497;
-0,182876438;4,080816379;0,335534573;14,14680115;
-0,182049632;4,113994054;0,336144537;14,22860736;
-0,181679443;4,089590513;0,338060439;14,23317251;
-0,181282192;4,120738364;0,337466329;14,15955629;
-0,180632144;4,136745904;0,339711994;14,14394901;
-0,180248246;4,139913961;0,340525776;14,21337918;
-0,179468274;4,138495006;0,340796769;14,26642135;
-0,179015264;4,158100296;0,343185276;14,24149673;
-0,178693101;4,171569245;0,342999607;14,20369658;
-0,178269997;4,172963731;0,344493181;14,21245263;
-0,177745417;4,174751222;0,34553501;14,16025946;
-0,177291498;4,193068642;0,346037984;14,14632092;
-0,176815495;4,200517269;0,347964317;14,17569695;
-0,176023871;4,225981497;0,348192364;14,20626825;
-0,175616205;4,226673267;0,349454761;14,09733664;
-0,175120473;4,242658503;0,350437075;14,14776212;
-0,174469531;4,248920548;0,351273805;14,17389311;
-0,174193725;4,219338656;0,352692366;14,12884897;
-0,173699826;4,251766529;0,353015959;14,19550602;
-0,173168778;4,270537139;0,354327083;14,17821621;
-0,172666237;4,300592237;0,35521397;14,03214095;
-0,172156364;4,287711513;0,356343776;14,13972307;
-0,171663284;4,292321181;0,35777691;14,12106028;
-0,171130106;4,306455897;0,358114004;14,18324829;
-0,170731738;4,295040293;0,359463662;14,16053403;
-0,170044288;4,328564693;0,360504329;13,99041633;
-0,169640452;4,333946475;0,361173689;14,08540378;
-0,169168815;4,314748134;0,363122463;14,07402988;
-0,168677911;4,34061488;0,36282438;14,14246804;
-0,168245286;4,347928746;0,364696711;14,14700735;
-0,167770281;4,356943657;0,365680128;14,07578302;
-0,167137548;4,376954379;0,366264671;14,23343653;
-0,166751787;4,386879369;0,36785689;14,16428039;
-0,166186661;4,39043787;0,367634475;14,06636726;
-0,165681913;4,413804884;0,369428039;14,09775211;
-0,165128618;4,409538943;0,370619297;14,17789523;
-0,164684728;4,394146855;0,370989621;14,20813652;
-0,164135203;4,414964866;0,373059243;14,13498524;
-0,16359964;4,448616865;0,373188168;14,20608584;
-0,163169429;4,428205051;0,374176264;14,14899264;
-0,162559912;4,452298453;0,375766456;14,17998532;
-0,162314624;4,45564703;0,376037985;14,18796441;
-0,161762476;4,473415452;0,377779901;14,18781606;
-0,161305949;4,482582092;0,378078878;14,17902474;
-0,160743937;4,483953217;0,378886372;14,18473215;
-0,160224244;4,505656113;0,380860537;14,20833418;
-0,159607321;4,501713266;0,380674899;14,12597877;
-0,159090057;4,522390402;0,382421017;14,15936006;
-0,15863502;4,52754094;0,383476555;14,23203265;
-0,158153892;4,528406444;0,383422434;14,1569055;
-0,157489091;4,547152526;0,386374742;14,18364574;
-0,157310158;4,573631718;0,385832638;14,24270578;
-0,15663895;4,567124321;0,387221247;14,21232165;
-0,156195879;4,564971451;0,38874653;14,12696624;
-0,155755773;4,560255548;0,38890481;14,16523953;
-0,155285284;4,573464918;0,391076148;14,15776798;
-0,154802829;4,567018499;0,391402006;14,10945417;
-0,15417169;4,584511454;0,391871959;14,22738371;
-0,153642029;4,596705849;0,393781394;14,23973307;
-0,153018743;4,60473705;0,393789917;14,08329829;
-0,152603999;4,619613094;0,395779938;14,1312941;
-0,152202159;4,644083842;0,396656275;14,15138332;
-0,151625514;4,660795744;0,397136807;14,13341849;
-0,15116331;4,679344454;0,398758739;14,14395714;
-0,150740311;4,672922497;0,398554116;14,18018655;
-0,150147542;4,670214666;0,400364071;14,07827131;
-0,14975208;4,67153553;0,401539266;14,01883049;
-0,14918296;4,702650925;0,402181119;14,1105237;
-0,148712099;4,706070808;0,403411657;14,07403745;
-0,148184404;4,727593865;0,403725654;14,06482717;
-0,147752687;4,718313705;0,405292422;14,04065357;
-0,147153929;4,735484609;0,406223863;14,13734216;
-0,146549553;4,76889727;0,407129943;14,08550747;
-0,146200836;4,773514175;0,408878088;14,06079292;
-0,14577128;4,779830836;0,408848375;14,06998728;
-0,145102397;4,783641042;0,411061287;14,00842162;
-0,144767463;4,792701311;0,410936117;13,99638653;
-0,144113213;4,788929404;0,412160277;14,05009294;
-0,143682778;4,815387673;0,413982749;14,00154555;
-0,143195331;4,831490694;0,413875759;14,00655766;
-0,142693982;4,833193272;0,415666342;13,98786096;
-0,142263174;4,825681705;0,416086346;14,06536119;
-0,141655877;4,837926672;0,41717571;14,05155817;
-0,14122352;4,875592156;0,419011116;14,02605831;
-0,140564099;4,887525944;0,418358564;14,02758913;
-0,140140966;4,863217052;0,420284092;14,05601647;
-0,139694527;4,894204546;0,421572983;13,98608076;
-0,139078826;4,85810098;0,422182947;13,97287358;
-0,138758451;4,858812707;0,423844188;14,00374316;
-0,138289794;4,875809695;0,42397058;14,0106762;
-0,137560695;4,909460311;0,425577641;13,91997862;
-0,137344047;4,912296548;0,426766813;13,99666919;
-0,1367843;4,931040611;0,426796496;13,97656143;
-0,136351883;4,935905614;0,428547919;13,9681709;
-0,135753229;4,938631464;0,428988218;13,95954457;
-0,135110795;4,967008791;0,430300444;13,91587056;
-0,134723485;4,962632325;0,431785583;13,97459718;
-0,134129837;4,987801963;0,431726158;13,93646859;
-0,133695483;5,000972176;0,433931619;13,98809479;
-0,133101583;5,000481061;0,433880448;13,92682745;
-0,132677585;5,018011946;0,435387105;13,95998512;
-0,132164538;5,010987314;0,436534107;13,84774841;
-0,131555885;5,023857863;0,436793745;13,95879798;
-0,131139293;5,033467683;0,439216703;13,94006391;
-0,130808324;5,051818018;0,439363986;13,94547926;
-0,130149215;5,051584828;0,43998155;13,90518778;
-0,129807577;5,076265856;0,441863447;13,85631301;
-0,12928167;5,083859781;0,442183793;13,91526034;
-0,128654286;5,097730735;0,44352892;13,88269389;
-0,128241792;5,103785253;0,444614917;13,89929731;
-0,127743885;5,107296227;0,444272518;13,89883417;
-0,127206147;5,100213184;0,446612835;13,92274354;
-0,12671195;5,119558103;0,447070032;13,86657;
-0,126223385;5,154405514;0,448359966;13,87088303;
-0,125657171;5,116211214;0,449544936;13,84468317;
-0,125200182;5,14188391;0,450007349;13,86839304;
-0,12465024;5,151148545;0,451331407;13,83288894;
-0,124234602;5,174561283;0,452199101;13,83136102;
-0,123601452;5,179211401;0,453451902;13,82843097;
-0,123250768;5,179150077;0,454555184;13,83247997;
-0,122653969;5,207797152;0,454928577;13,84134259;
-0,122099578;5,218249057;0,456941247;13,77031609;
-0,121744335;5,220120308;0,456713974;13,83069538;
-0,121250242;5,220564698;0,458251953;13,82138012;
-0,120659739;5,248705167;0,459970713;13,7397;
-0,12020912;5,262111727;0,459793568;13,81193994;
-0,119597651;5,230089001;0,461824834;13,70958279;
-0,119095914;5,256050887;0,461716861;13,81185455;
-0,118724838;5,280005469;0,463264793;13,77038478;
-0,118288249;5,262150532;0,464928001;13,77777694;
-0,117609918;5,309875899;0,464452714;13,76533916;
-0,117423363;5,29465917;0,466461807;13,73743371;
-0,116962872;5,32359181;0,467385888;13,66948309;
-0,116051279;5,337222677;0,468450814;13,75321862;
-0,11567267;5,335976458;0,47015357;13,71696766;
-0,115276322;5,357498161;0,469533026;13,7088708;
-0,114691027;5,362640896;0,471393675;13,70698897;
-0,114065595;5,364795263;0,472525626;13,72165343;
-0,113812238;5,36413518;0,473029494;13,67513914;
-0,113111459;5,398933657;0,474568754;13,69241334;
-0,112771921;5,419780044;0,475226998;13,69645399;
-0,112337798;5,427625172;0,476017833;13,65708477;
-0,111709021;5,437135256;0,478016466;13,63776577;
-0,111367032;5,425103148;0,478044838;13,71822066;
-0,110935919;5,44865691;0,47966823;13,70736902;
-0,110122129;5,463409635;0,480015397;13,65772719;
-0,109659649;5,463245432;0,480876416;13,69149822;
-0,109185636;5,465292231;0,482965231;13,70005897;
-0,108636603;5,463251357;0,483063847;13,62937256;
-0,108126812;5,476552864;0,484978676;13,64612076;
-0,107728206;5,491558092;0,485330939;13,64092296;
-0,10723494;5,502210163;0,485912204;13,64452347;
-0,10668043;5,488711275;0,487965941;13,61053897;
-0,106283233;5,518830207;0,488412201;13,66450484;
-0,105662942;5,536502089;0,489346087;13,62158327;
-0,105185688;5,543452455;0,490504622;13,68519948;
-0,10476841;5,580925663;0,491069943;13,63268232;
-0,10426677;5,549134809;0,493020833;13,54108424;
-0,103576489;5,574942053;0,493201166;13,61978167;
-0,103257485;5,608742413;0,494080573;13,5972975;
-0,102621458;5,608476033;0,495471179;13,62631408;
-0,102161214;5,629730644;0,495788485;13,64012115;
-0,101684213;5,628378572;0,497426331;13,58996692;
-0,101222008;5,631843491;0,498864919;13,62676882;
-0,100628346;5,643334828;0,498519093;13,6454943;
-0,100185215;5,668873161;0,501430392;13,6211536;
-0,099660553;5,663297158;0,501060784;13,62230808;
-0,099147238;5,679764002;0,5022856;13,56163773;
-0,098714665;5,678411364;0,503978074;13,57602975;
-0,098498508;5,685207416;0,503372312;13,59197254;
-0,097666293;5,694839169;0,505312383;13,57699542;
-0,097319268;5,744983199;0,506222725;13,58309092;
-0,096850134;5,722456107;0,506993294;13,59925299;
-0,09614072;5,740107005;0,509078503;13,55977298;
-0,095759958;5,742848807;0,509107232;13,55607817;
-0,095114522;5,729893932;0,510725856;13,56998672;
-0,094721086;5,669578099;0,511088789;13,57468891;
-0,094249234;5,719649835;0,512339652;13,61516336;
-0,093846366;5,71525489;0,513603985;13,5566068;
-0,093288697;5,750506701;0,513625979;13,50424523;
-0,092704721;5,751629946;0,51572144;13,5440098;
-0,092378139;5,770805249;0,516230583;13,57479075;
-0,091924474;5,785062879;0,51725322;13,53967728;
-0,091226645;5,785316105;0,518257856;13,54492897;
-0,090846561;5,815636643;0,519262135;13,4951764;
-0,090172976;5,8179136;0,520527005;13,53876715;
-0,089802891;5,830174463;0,521104038;13,54786548;
-0,089269884;5,84162957;0,522177994;13,52490351;
-0,088690102;5,857015455;0,523629963;13,51964097;
-0,08803694;5,866857669;0,523715436;13,52341567;
-0,087713555;5,869965343;0,5258587;13,48476156;
-0,087263219;5,906299488;0,525987029;13,51490434;
-0,086770222;5,936929928;0,526670337;13,50648263;
-0,086157449;5,909220528;0,529219389;13,48621488;
-0,085856132;5,927460098;0,529215455;13,46340411;
-0,085176609;5,958502904;0,530542254;13,47826637;
-0,084720008;5,967086102;0,531103432;13,45000449;
-0,084347501;5,960257726;0,532216251;13,44683518;
-0,083670132;5,971095819;0,5341236;13,45507252;
-0,083216712;5,966091081;0,533396542;13,46993181;
-0,082807168;5,985995068;0,535409331;13,41849009;
-0,082159296;6,019422476;0,536618948;13,46894095;
-0,081736289;5,976536825;0,536827683;13,44731497;
-0,081176825;5,995907997;0,538938701;13,4168408;
-0,080667801;6,005868529;0,539419532;13,45475578;
-0,080128193;6,02801647;0,540454626;13,44651481;
-0,079585575;6,04447611;0,541442811;13,38613315;
-0,079292864;6,038094996;0,541754127;13,43851224;
-0,078620799;6,078047115;0,543521464;13,43134185;
-0,078317523;6,073072225;0,544687212;13,44887837;
-0,077870183;6,104713246;0,54477644;13,37752557;
-0,077268787;6,102591659;0,547218442;13,42564892;
-0,076973118;6,124117374;0,546494961;13,43770871;
-0,076476283;6,091912045;0,548615515;13,43847281;
-0,075642854;6,111664541;0,549590886;13,41923117;
-0,075266369;6,145623041;0,549534261;13,39926712;
-0,074791372;6,145390553;0,552094936;13,39345348;
-0,074222147;6,13982395;0,552517295;13,43725631;
-0,073748276;6,160177685;0,552926779;13,40113001;
-0,073126264;6,175978311;0,554694116;13,40737912;
-0,072694257;6,214666399;0,554898798;13,3741302;
-0,072178155;6,176305951;0,55635196;13,38702335;
-0,071785174;6,217503516;0,557348251;13,37892598;
-0,071161553;6,196245778;0,5580495;13,38835435;
-0,070857294;6,196210808;0,559459388;13,39251418;
-0,070405655;6,188655852;0,560152054;13,24291478;
-0,069844991;6,23797788;0,561131537;13,3484915;
-0,069209903;6,258356051;0,562783957;13,36242317;
-0,06878788;6,260055908;0,562799573;13,33736677;
-0,068210199;6,289819744;0,564848304;13,35717626;
-0,067776732;6,292225084;0,565148532;13,36743106;
-0,067262106;6,299870491;0,56595999;13,3468631;
-0,066624016;6,268776372;0,567892909;13,4022968;
-0,06620656;6,3304081;0,568529427;13,29032756;
-0,065811083;6,33480178;0,56868428;13,33254284;
-0,065247931;6,32738987;0,571010649;13,31501526;
-0,064734966;6,359805447;0,571226895;13,31199482;
-0,064151958;6,371809581;0,572581828;13,35352177;
-0,063829452;6,360364701;0,573466182;13,30392069;
-0,063216798;6,370712603;0,574198484;13,32096162;
-0,062704898;6,378235299;0,575665593;13,28130784;
-0,062347509;6,402412247;0,576639533;13,28283084;
-0,061663639;6,401916938;0,57701391;13,31675588;
-0,061344545;6,407874883;0,578705728;13,27439469;
-0,060786013;6,430149891;0,578951061;13,25914222;
-0,060202919;6,439223208;0,580928385;13,31688775;
-0,059751239;6,468971092;0,581876695;13,30948852;
-0,059375957;6,452021538;0,581987023;13,29815388;
-0,058713257;6,487125811;0,583385468;13,24212078;
-0,05830615;6,51027464;0,584794044;13,26742921;
-0,057721958;6,516636141;0,584894538;13,28000635;
-0,05719623;6,527336707;0,586678028;13,26779479;
-0,056671631;6,536210226;0,587274313;13,26492643;
-0,056246199;6,546417357;0,588324904;13,27416394;
-0,055654787;6,548868203;0,589715242;13,27630579;
-0,055148419;6,568679947;0,590244412;13,27775453;
-0,054948755;6,535645229;0,591553628;13,28389659;
-0,054265935;6,57637318;0,592268586;13,26536685;
-0,053767897;6,58260861;0,592930436;13,27791682;
-0,053331986;6,607264904;0,59517318;13,24500039;
-0,052957542;6,594833547;0,595392942;13,2138959;
-0,052412018;6,608465365;0,596292377;13,21300814;
-0,05195041;6,622906187;0,597840726;13,27816394;
-0,05118509;6,595407496;0,59808141;13,22112556;
-0,050784558;6,620956068;0,598859727;13,30112254;
-0,05019927;6,642790651;0,597938716;13,19275503;
-0,049766675;6,677745926;0,597504854;13,26076864;
-0,049212523;6,685373014;0,596598923;13,22325953;
-0,048660811;6,709681643;0,594692767;13,20562945;
-0,048158355;6,703675268;0,594635367;13,19878177;
-0,047809709;6,705498213;0,593437731;13,20768902;
-0,047178935;6,727142676;0,591618061;13,2183163;
-0,046857532;6,696034829;0,59178704;13,1741428;
-0,046238482;6,704968571;0,590000927;13,16541206;
-0,045778416;6,726144669;0,588928044;13,12675563;
-0,045317244;6,7524785;0,588412821;13,15474799;
-0,044814702;6,756810661;0,58701396;13,16418822;
-0,044273142;6,755861062;0,585958838;13,13917922;
-0,043775972;6,748044322;0,585870087;13,15511465;
-0,043239307;6,780914616;0,584025979;13,13202363;
-0,042776097;6,782258703;0,583278775;13,12743062;
-0,04233427;6,797191419;0,582704127;13,17498916;
-0,041706525;6,829988771;0,581101298;13,15998704;
-0,041351233;6,8396697;0,580062866;13,13187784;
-0,04084143;6,863914974;0,579918504;13,13250309;
-0,040374931;6,86832011;0,57823503;13,09235068;
-0,039863944;6,847157143;0,577532828;13,13859957;
-0,039236229;6,876253713;0,575884163;13,09410149;
-0,038638484;6,879527179;0,574971199;13,1076818;
-0,03818886;6,89941701;0,57497716;13,03353494;
-0,037703272;6,930709566;0,572717428;13,08697731;
-0,037298568;6,915646604;0,571718276;13,06741378;
-0,036661308;6,927967004;0,571686089;13,05604342;
-0,036349434;6,954363427;0,569916725;13,08965536;
-0,035866983;6,955678016;0,569014192;13,09162349;
-0,035242707;6,979233577;0,56869781;13,08752611;
-0,034851443;6,973961878;0,56704855;13,07240468;
-0,034447338;6,952493872;0,566520214;13,04954239;
-0,033941232;6,987476253;0,565413833;13,09363998;
-0,033470217;7,015770301;0,564111054;13,01032496;
-0,032681145;7,026686037;0,563034296;13,06900843;
-0,032404877;7,021341103;0,562319279;13,05161548;
-0,031785682;7,048258603;0,560770512;13,04763147;
-0,031212039;7,061752831;0,560921609;13,05181643;
-0,030842395;7,073337887;0,55918777;13,02873197;
-0,030188857;7,088814958;0,558000088;13,02582162;
-0,029742714;7,106464203;0,557655931;13,00169657;
-0,029262606;7,088128385;0,556026638;13,03039899;
-0,02873015;7,100513951;0,554599166;13,02281028;
-0,028271079;7,126299046;0,55475992;13,01582738;
-0,027886597;7,120054213;0,553064406;13,02533224;
-0,027198412;7,144388921;0,551999629;12,98649191;
-0,026724311;7,162553424;0,551716566;13,01254004;
-0,026304694;7,173858624;0,549276471;12,97902762;
-0,02577778;7,16557177;0,549284995;13,04902334;
-0,025191359;7,167966961;0,548817337;12,98966437;
-0,024833146;7,197793791;0,54703176;12,9368867;
-0,024126293;7,198422551;0,546289921;12,9802943;
-0,023779368;7,232103041;0,545773566;12,98751793;
-0,02324173;7,257888043;0,543996096;12,99868097;
-0,02281604;7,246719137;0,542925894;13,01260921;
-0,022383196;7,23482482;0,542508364;12,95957606;
-0,021828409;7,259739726;0,540947795;12,94903168;
-0,021413203;7,250908923;0,540681601;12,96746763;
-0,020900268;7,259389926;0,539164662;12,91569268;
-0,020376518;7,285041307;0,538188934;12,96898124;
-0,019864285;7,285003158;0,537547946;12,9468882;
-0,019287625;7,313745974;0,536597311;12,94992573;
-0,018915461;7,346896555;0,535145104;12,94918262;
-0,018513568;7,343743933;0,534248829;12,95569095;
-0,017785629;7,347170895;0,533307791;12,90283021;
-0,017222535;7,366084322;0,531655073;12,92672351;
-0,01681211;7,360965333;0,531633496;12,92209849;
-0,01622683;7,373618936;0,530232489;12,9067414;
-0,015823906;7,41071411;0,529168665;12,92397667;
-0,01535536;7,38412959;0,528716564;12,93563485;
-0,014632579;7,42257262;0,527347386;12,90747457;
-0,014210448;7,421526582;0,525839865;12,92146716;
-0,013791896;7,452446527;0,525977492;12,92573859;
-0,013169628;7,472651387;0,523767591;12,9030484;
-0,012801599;7,429835902;0,523030519;12,91696183;
-0,012268523;7,467323288;0,52276957;12,91474988;
-0,011801935;7,479367196;0,520889997;12,88634009;
-0,011330243;7,488599286;0,520129204;12,86306426;
-0,010840232;7,486519284;0,519926369;12,88343017;
-0,010300702;7,53040611;0,51779002;12,86993769;
-0,009854469;7,570684322;0,517425418;12,90684899;
-0,009353117;7,52764393;0,516666532;12,86646253;
-0,008871437;7,561393434;0,515074313;12,86362922;
-0,008254479;7,579187826;0,513821185;12,8741472;
-0,007831813;7,567428757;0,513605118;12,8630416;
-0,007267506;7,562453531;0,511782944;12,85432251;
-0,006860434;7,561464389;0,511472821;12,82674568;
-0,006342257;7,564507223;0,51090312;12,86997517;
-0,005728159;7,593649509;0,508930087;12,78405884;
-0,005202367;7,6311448;0,508786798;12,88047852;
-0,004791035;7,659496026;0,507761478;12,85351541;
-0,004163775;7,668103065;0,505314708;12,85055517;
-0,00382735;7,666253862;0,50550884;12,86154797;
-0,003410554;7,676009563;0,504387677;12,84203802;
-0,00281084;7,699493496;0,502789915;12,86881747;
-0,002436683;7,729773226;0,502316415;12,82406691;
-0,001758271;7,743321945;0,501689851;12,82685231;
-0,001497403;7,751539066;0,499740064;12,8043664;
-0,000850678;7,717946844;0,499873072;12,85308488;
-0,000415957;7,748103516;0,498363167;12,84918528;
7,8296E-05;7,772185874;0,496616036;12,83018535;
0,000668367;7,794487871;0,496630788;12,80520685;
0,001284349;7,792500109;0,495487779;12,81950845;
0,001688489;7,813362952;0,494109184;12,79726733;
0,002267422;7,818703425;0,493468523;12,80183232;
0,002634106;7,795632831;0,492488146;12,8179398;
0,003202394;7,824610193;0,490971357;12,74284738;
0,003591503;7,840270263;0,490471542;12,7976445;
0,004212745;7,816495857;0,488819927;12,79896853;
0,004694954;7,835688067;0,48832342;12,78671813;
0,005166862;7,86258593;0,487448096;12,74538127;
0,005620601;7,900759201;0,486123353;12,76774918;
0,006166416;7,91076835;0,484980345;12,80211275;
0,006685993;7,893548464;0,484360218;12,78381452;
0,007066499;7,876515863;0,483209521;12,72573025;
0,007642189;7,898746509;0,481932998;12,73600767;
0,008133058;7,915290365;0,48197332;12,79262347;
0,008686411;7,924569003;0,480161518;12,71229576;
0,009038301;7,931219145;0,478876799;12,78391029;
0,00965347;7,962283159;0,478947401;12,74845651;
0,010142146;7,9991772;0,477226108;12,68616425;
0,010610554;7,998725163;0,476036936;12,7294037;
0,011131275;8,022800516;0,475416571;12,7252174;
0,011564794;7,98915011;0,474170953;12,73748409;
0,012089244;8,026797384;0,473261714;12,68507637;
0,012666416;8,035332043;0,472821593;12,72008782;
0,013220886;8,041891156;0,470351994;12,7377657;
0,013593972;8,038555863;0,470519513;12,72779596;
0,014295683;8,058618755;0,46938026;12,70146238;
0,014650001;8,098100512;0,468158066;12,67186429;
0,015093167;8,0973448;0,467717916;12,72133478;
0,015799917;8,078036797;0,466004908;12,69778877;
0,016077757;8,09244957;0,46492818;12,68830521;
0,016538054;8,129457232;0,46473062;12,71964288;
0,017186405;8,140967449;0,463256121;12,70823969;
0,017588496;8,096774244;0,462395757;12,67332467;
0,018016797;8,101427057;0,461256742;12,67760775;
0,018361444;8,133173035;0,459640801;12,62496131;
0,019147716;8,164838093;0,459598333;12,66495512;
0,019664118;8,153489516;0,458629906;12,66148993;
0,019979212;8,191108403;0,456730932;12,70396565;
0,020772111;8,215838093;0,456736356;12,69557223;
0,021106184;8,194798992;0,45541656;12,67024558;
0,021486789;8,207545594;0,454027981;12,66994245;
0,022336774;8,248111571;0,453621477;12,67914073;
0,02273755;8,233115124;0,451827824;12,63073104;
0,023088405;8,254184997;0,451454252;12,69823574;
0,023753364;8,268667098;0,45044449;12,63574358;
0,024120139;8,29180834;0,448678195;12,70005743;
0,024647845;8,307798232;0,448246002;12,6598477;
0,025185339;8,323880386;0,447120875;12,65288728;
0,02567441;8,323044021;0,445979536;12,66877981;
0,026080159;8,329429709;0,445996404;12,67807497;
0,026665296;8,374186945;0,444214284;12,63817304;
0,027119223;8,355706996;0,442802489;12,62999557;
0,027733957;8,37734799;0,443073809;12,65473807;
0,028061738;8,384391313;0,44125405;12,67782586;
0,028634151;8,388121809;0,439716309;12,60492499;
0,029158978;8,415015389;0,439578533;12,6369532;
0,029568037;8,434513387;0,438093245;12,66757512;
0,030060852;8,447762927;0,437406898;12,56413171;
0,030485965;8,429940235;0,436050355;12,63485975;
0,030917725;8,464594324;0,435028553;12,57045743;
0,031552739;8,484993972;0,434394002;12,66348655;
0,032111119;8,483862613;0,433827668;12,58019139;
0,032514315;8,477606698;0,431845009;12,62497883;
0,033120804;8,501037189;0,431680769;12,56496795;
0,033465069;8,523510523;0,42996946;12,61179747;
0,034289248;8,532705234;0,429258645;12,58796257;
0,034652758;8,548737405;0,42851612;12,61296874;
0,035186946;8,550590352;0,426946044;12,57151945;
0,035823844;8,566119656;0,425653368;12,65197993;
0,036195248;8,5831298;0,425501198;12,60371624;
0,036492933;8,5834311;0,42381832;12,61886706;
0,037226472;8,617720334;0,423255473;12,59728504;
0,037732452;8,599986122;0,422758996;12,54721903;
0,038045056;8,591739376;0,420706332;12,53303582;
0,038737077;8,614989609;0,420606583;12,55109212;
0,039140247;8,668194754;0,419594437;12,58567405;
0,03953363;8,661168781;0,417463362;12,56136115;
0,04017169;8,675639884;0,418032944;12,53196495;
0,040631749;8,686901379;0,416316628;12,57173914;
0,041032564;8,697737273;0,414743364;12,60150879;
0,04158387;8,746968392;0,414724112;12,59892645;
0,042054541;8,723327982;0,412899703;12,47220432;
0,042549826;8,721020596;0,412274808;12,56193351;
0,042995974;8,7517222;0,411383748;12,5501192;
0,04367112;8,767376958;0,41002804;12,54358128;
0,044122938;8,768373666;0,40940845;12,53807781;
0,044607323;8,785050797;0,40834552;12,5573005;
0,045169316;8,791569851;0,406947225;12,44413902;
0,045562688;8,818083153;0,406793565;12,53245628;
0,04588601;8,794130268;0,405160129;12,53668327;
0,046782605;8,816202509;0,403674722;12,49536407;
0,047112711;8,82540425;0,403772295;12,53025265;
0,047663879;8,863399503;0,401997507;12,51135968;
0,048226479;8,870276232;0,401138276;12,47072307;
0,04865925;8,88937551;0,400738358;12,52787131;
0,049087588;8,858323888;0,399017692;12,51923226;
0,049683165;8,908236281;0,398310125;12,44797207;
0,050093595;8,941320342;0,397577047;12,48984506;
0,050561137;8,925297037;0,395540267;12,48929447;
0,051118612;8,95193005;0,395738333;12,4697136;
0,051617928;8,951103381;0,394573867;12,42163685;
0,051975321;8,990462833;0,392793775;12,42177155;
0,052405793;9,002047013;0,392283618;12,46459056;
0,053109698;8,960283448;0,391258806;12,54839714;
0,053501613;8,954809102;0,38975504;12,4341512;
0,053828832;9,000969199;0,389754504;12,46341784;
0,054559946;9,000380671;0,387647688;12,5072167;
0,054981712;8,999066168;0,387083352;12,43305698;
0,055592746;8,971128354;0,386408657;12,36715339;
0,056213994;9,009451382;0,385330915;12,41850145;
0,056623023;9,047366256;0,38438037;12,41241016;
0,057115011;9,092863163;0,38359642;12,40872321;
0,057611134;9,077626788;0,381836772;12,40778192;
0,058020361;9,083175786;0,382162213;12,42306261;
0,058626823;9,101604466;0,380127519;12,4398025;
0,059180252;9,111379895;0,378946841;12,34118611;
0,059532084;9,139656977;0,378904402;12,41834204;
0,060106628;9,163134764;0,377206415;12,41557478;
0,060652573;9,152378444;0,376269251;12,36764101;
0,061081979;9,183665032;0,375327379;12,43001104;
0,061626799;9,211962558;0,374142319;12,3713093;
0,06211568;9,229535482;0,373139739;12,21651238;
0,062613979;9,178184034;0,373105943;12,38819864;
0,063165195;9,142209821;0,370193928;12,32202562;
0,063619114;9,177270471;0,36988312;12,32118875;
0,064067587;9,225585498;0,369944602;12,33986459;
0,064591147;9,215745405;0,367917448;12,36030791;
0,064943314;9,260566874;0,367095262;12,30428977;
0,065570697;9,264275795;0,366754711;12,35948013;
0,065975711;9,283052132;0,365095794;12,29280672;
0,066552624;9,278625001;0,364372134;12,29204622;
0,067144886;9,305994601;0,363014162;12,30201724;
0,067543179;9,353729291;0,362132698;12,34161464;
0,067841589;9,370050686;0,361599058;12,33300574;
0,068652719;9,36313781;0,360241413;12,33238846;
0,068948992;9,397012834;0,359401077;12,33857728;
0,0693959;9,405604762;0,358807981;12,32759048;
0,069929205;9,422326827;0,35674265;12,27731636;
0,070454456;9,400303787;0,356616408;12,3001273;
0,071067497;9,391500834;0,355260581;12,24083235;
0,07167837;9,42109757;0,353952646;12,26946934;
0,072182611;9,442082361;0,353320271;12,25464393;
0,072643042;9,428398225;0,352185309;12,28470885;
0,073053263;9,42571562;0,351304621;12,32396168;
0,073469557;9,469071554;0,35037449;12,25007611;
0,074032612;9,45105721;0,348980516;12,25375;
0,074628532;9,48170303;0,347951621;12,27246214;
0,075095162;9,517574201;0,347766966;12,27017646;
0,075591102;9,515293468;0,345830619;12,28571585;
0,076022848;9,521784348;0,345930725;12,24906851;
0,076569572;9,51764766;0,344164401;12,25499934;
0,077046826;9,555644087;0,34288305;12,32833663;
0,077569433;9,53189434;0,343001723;12,26213017;
0,078219242;9,592981727;0,340710431;12,3016595;
0,078509681;9,603177933;0,339800149;12,19852631;
0,079048268;9,619292785;0,339674979;12,14998216;
0,079702318;9,598294563;0,338214219;12,22011935;
0,080236793;9,642833121;0,33752045;12,21417119;
0,080484934;9,625118593;0,336351216;12,22182876;
0,08116626;9,632050034;0,334989339;12,18253695;
0,081620164;9,604781525;0,334541619;12,16136947;
0,082047597;9,625531227;0,333549589;12,16830082;
0,082630545;9,634118116;0,332005203;12,16776691;
0,082956016;9,665622263;0,331653029;12,02466548;
0,08358033;9,683849108;0,329521805;12,17065243;
0,084124207;9,708011348;0,329907775;12,17330131;
0,084582143;9,720517274;0,328655124;12,19409598;
0,084954329;9,685796782;0,326928109;12,21326046;
0,085566238;9,735369632;0,326293647;12,1773884;
0,085905306;9,762392345;0,325438678;12,10024073;
0,086545549;9,759762443;0,32400316;12,04352457;
0,087080084;9,776687149;0,32378909;11,99283898;
0,087571733;9,772136453;0,321969777;11,89343025;
0,087931328;9,809133348;0,321134955;11,94683572;
0,088534795;9,839165684;0,320491999;11,98281032;
0,088982761;9,861091451;0,318925828;11,88094771;
0,08949808;9,812378965;0,318583608;11,86477253;
0,090119265;9,788118761;0,317036897;11,95124491;
0,090474412;9,853836643;0,315866828;12,02733439;
0,090993971;9,88471438;0,316141576;11,93669627;
0,091543205;9,873707081;0,313319474;11,86151167;
0,092034899;9,919600374;0,313161731;11,87732194;
0,092539623;9,935997961;0,31261009;11,83890248;
0,093177848;9,971099651;0,311028421;11,84308198;
0,093471557;9,950869771;0,310597718;11,87241652;
0,093977228;9,982456695;0,309204757;11,88141068;
0,094447047;9,943648188;0,308104753;11,83563678;
0,094849817;9,979856358;0,307935268;11,80157337;
0,095564201;9,997710725;0,305792898;11,85519016;
0,096077219;10,03005912;0,305471778;11,83651292;
0,096520528;10,02917993;0,304336756;11,83288242;
0,097160794;10,04198573;0,303012788;11,8087588;
0,097573221;10,06563451;0,302355975;11,81722067;
0,09816692;10,05716638;0,301393956;11,79961743;
0,098553598;10,02882565;0,300079614;11,87501301;
0,099232361;10,05062474;0,299843997;11,84758403;
0,099552751;10,08817977;0,2973575;11,87528206;
0,100176699;10,0275806;0,297653317;11,87170553;
0,100551151;10,08944225;0,296515226;11,81628321;
0,100898847;10,10385131;0,294720292;11,8346533;
0,101435296;10,15235729;0,294630438;11,84175185;
0,102017269;10,15400515;0,293117404;11,80153622;
0,102397129;10,15553095;0,291708678;11,82075366;
0,103092313;10,21486513;0,291652411;11,82284535;
0,103499345;10,1953076;0,289831907;11,81053898;
0,103994422;10,20908366;0,289445043;11,83324536;
0,104520597;10,18691154;0,288478404;11,80424836;
0,105071761;10,19035435;0,287188083;11,71766258;
0,105589069;10,21624355;0,286430985;11,70683666;
0,106094755;10,25204942;0,285274029;11,67631083;
0,106491216;10,27589349;0,283915758;11,66797569;
0,106999949;10,29199887;0,283421397;11,66837293;
0,107692137;10,28799306;0,282032996;11,6997302;
0,107969113;10,29699976;0,281856686;11,55264185;
0,108503446;10,3110353;0,279986292;11,54358279;
0,10911379;10,29923703;0,278761178;11,63608366;
0,109548643;10,34084551;0,278834373;11,6206697;
0,110114925;10,3681977;0,277155817;11,60990536;
0,110569596;10,34928628;0,275836527;11,57514823;
0,110994726;10,34354105;0,275854886;11,57432034;
0,111621268;10,37394824;0,274086148;11,59200133;
0,111968108;10,39720086;0,273708493;11,6103437;
0,112482049;10,42556526;0,272295564;11,60867384;
0,112859696;10,42388122;0,270993829;11,51864071;
0,113315307;10,45147201;0,270424485;11,48019118;
0,11406479;10,49421787;0,268884927;11,55423856;
0,114458099;10,51482604;0,267889231;11,59845922;
0,114862114;10,4828568;0,267723501;11,45955368;
0,115591504;10,49241862;0,265726835;11,48196177;
0,116053738;10,49185303;0,265459448;11,40189029;
0,116445862;10,52159626;0,264287263;11,48230464;
0,11716985;10,5220086;0,263130009;11,4736866;
0,117605902;10,53173969;0,262906075;11,48505571;
0,118110746;10,55402595;0,260651797;11,52494677;
0,118645631;10,57012714;0,260217905;11,42215721;
0,119081579;10,59207888;0,259802073;11,46003842;
0,119406141;10,59480805;0,257862151;11,42449235;
0,120179512;10,60607745;0,257192433;11,38838153;
0,120592259;10,6173656;0,256302446;11,40425593;
0,120926395;10,65192763;0,255135596;11,28287475;
0,121529199;10,65267395;0,254692078;11,27143986;
0,122161172;10,62475389;0,252761453;11,35007268;
0,122457251;10,6535952;0,252499342;11,38652879;
0,122893795;10,68276919;0,250890076;11,43960521;
0,123630539;10,68278031;0,250163734;11,38866504;
0,124062248;10,70192187;0,249618158;11,35877059;
0,12443427;10,70103017;0,248194665;11,36695093;
0,125045657;10,69268394;0,247527272;11,20700282;
0,125485852;10,74999987;0,24530603;11,2262866;
0,125952482;10,72870161;0,245688856;11,31958703;
0,126425162;10,73405493;0,243722096;11,18028427;
0,127051577;10,72380174;0,243131205;11,18374322;
0,127548635;10,75434309;0,242262393;11,20082782;
0,127873287;10,76041966;0,241017461;11,26020999;
0,128426835;10,75822332;0,240499288;11,27817239;
0,129068032;10,80955142;0,238772273;11,26452418;
0,129473954;10,78632626;0,238239706;11,20355943;
0,130022287;10,83289411;0,236962527;11,19701368;
0,130686581;10,82400108;0,236492321;11,18092178;
0,131035507;10,83732617;0,23543489;11,09911128;
0,131511852;10,85155504;0,233556181;11,17550912;
0,13219431;10,85776192;0,233784139;11,16046936;
0,132476553;10,8889395;0,231959626;11,17070458;
0,1330733;10,88142001;0,231346518;11,21366211;
0,133571669;10,86706022;0,230161533;11,10335853;
0,13400197;10,90431881;0,229137838;11,1090877;
0,134496242;10,95176821;0,228535309;11,23294018;
0,135016352;10,97019883;0,226967365;11,18168117;
0,135493681;10,97587618;0,226277933;11,13769126;
0,135920867;10,9847156;0,225023925;10,95575596;
0,13639155;11,00268788;0,224277109;10,93072014;
0,13696526;10,96824844;0,223593935;10,96174517;
0,137482375;10,97383218;0,22207588;10,95539005;
0,138000667;10,97826045;0,221775904;11,03105413;
0,138606146;10,97761424;0,219940454;10,9621409;
0,138897896;11,00937906;0,219443783;10,966223;
0,139447913;11,02761433;0,218381062;10,95425566;
0,140059784;11,06422485;0,216932997;10,99041743;
0,14043285;11,09080866;0,216799229;10,99207284;
0,14096804;11,09700777;0,214732856;11,00861779;
0,141640216;11,13033768;0,214692429;11,08623939;
0,141998634;11,13139502;0,213175535;10,89764507;
0,142503247;11,08445005;0,21230036;10,93616252;
0,143060833;11,13064306;0,211970508;10,84126755;
0,14342986;11,15277011;0,209328979;10,83591235;
0,143883571;11,18023517;0,209967792;10,8735752;
0,144563019;11,19843493;0,207780182;10,85950827;
0,145044506;11,16380395;0,207641229;10,95464145;
0,145549193;11,19296337;0,206480667;10,95837654;
0,146059692;11,21046734;0,204624236;10,7865829;
0,146537066;11,26002783;0,205106348;10,7396614;
0,147177309;11,20522736;0,202835664;10,79944969;
0,147490159;11,24443628;0,202314168;10,72516516;
0,148204669;11,25157119;0,201580718;10,75085507;
0,148664668;11,2804727;0,200005397;10,75246943;
0,149053872;11,18448092;0,199867263;10,80617979;
0,149583012;11,25284713;0,197371334;10,83490775;
0,150212675;11,29716921;0,197651178;10,73810089;
0,150357962;11,26545037;0,1963678;10,74533889;
0,151067093;11,28566734;0,195188165;10,65117182;
0,151422307;11,3379698;0,194899544;10,75009789;
0,151890606;11,36748096;0,192684621;10,769445;
0,152402729;11,3851077;0,192805469;10,88261953;
0,152779281;11,38548308;0,190951213;10,75086629;
0,153474763;11,41437246;0,190236211;10,66820135;
0,154129833;11,43671528;0,189746022;10,69274513;
0,154442757;11,42670187;0,187709317;10,62266534;
0,155065909;11,42416242;0,187496409;10,69028581;
0,155408278;11,4200199;0,185443401;10,66063499;
0,155957714;11,46451665;0,185570702;10,6982229;
0,156514242;11,48036993;0,18455866;10,63961511;
0,157072693;11,40613176;0,183031082;10,59155098;
0,15742065;11,46887399;0,182303444;10,66816006;
0,15809682;11,47285492;0,180885032;10,62654404;
0,158422187;11,5166709;0,180212095;10,59608484;
0,158951387;11,54141436;0,179288477;10,63638165;
0,159514472;11,57094528;0,177935928;10,51231789;
0,160050675;11,50360672;0,177361086;10,61430641;
0,160505623;11,51586468;0,176102817;10,44288618;
0,161093116;11,56532031;0,175590307;10,47702609;
0,161515981;11,58288465;0,174334422;10,42777593;
0,162089363;11,59658977;0,172364444;10,39871347;
0,162488014;11,60871334;0,172693431;10,44791127;
0,163005501;11,62305969;0,170655489;10,56896137;
0,163593769;11,61978767;0,170636952;10,51044768;
0,163955227;11,68168427;0,168953896;10,32018716;
0,164471686;11,67337203;0,167968392;10,42822058;
0,164984658;11,7095432;0,168068096;10,47445555;
0,165386543;11,74302623;0,165155068;10,52267339;
0,165920854;11,73745175;0,165399134;10,48508577;
0,166424602;11,75495628;0,164157882;10,28337904;
0,166840255;11,79642339;0,163025975;10,36539796;
0,167487517;11,80092489;0,162944719;10,40447685;
0,16782178;11,83141714;0,16053623;10,30889465;
0,168188453;11,81693382;0,160427243;10,30840886;
0,168922111;11,84231689;0,159312025;10,31207469;
0,169632241;11,82732701;0,157792404;10,40749193;
0,169927195;11,84186817;0,157778084;10,3341626;
0,170479268;11,87701595;0,15585798;10,41805807;
0,170890838;11,9032284;0,155422419;10,34703464;
0,171486512;11,88975068;0,154463008;10,18009465;
0,17197004;11,91419382;0,153217316;10,22209585;
0,172511578;11,92261734;0,152490914;10,18999247;
0,173064098;11,95728997;0,150482774;10,24307401;
0,173496589;11,96458988;0,150500223;9,992773407;
0,173931152;11,94435323;0,148824707;10,05902079;
0,174559742;11,99496032;0,148004398;10,14014805;
0,17502214;12,01319941;0,147656709;10,06503067;
0,175460085;12,0067757;0,145909533;10,08470233;
0,176095992;12,01278858;0,145415187;10,07126319;
0,176420599;12,0269777;0,143957615;10,12289728;
0,176849887;12,01818547;0,143134385;10,20160564;
0,177588701;12,04772824;0,142842695;10,08558837;
0,177984193;12,03296111;0,140976697;10,06854745;
0,178455919;12,07123453;0,140835598;9,92744569;
0,179149136;12,05875522;0,138743654;9,971349259;
0,179654956;12,059991;0,13793464;9,909003124;
0,179983631;12,06646562;0,137504607;9,932958787;
0,180535004;12,09943094;0,136120752;9,973714826;
0,181120127;12,09227587;0,135841221;9,937234101;
0,181519747;12,11772784;0,133441642;10,00264835;
0,181907862;12,1382332;0,13365598;9,934977596;
0,182532459;12,1546551;0,132108167;10,04000879;
0,182932898;12,13359583;0,131563038;9,969724811;
0,183477834;12,18209336;0,130949751;9,813602746;
0,183749184;12,18967327;0,128921449;9,879868121;
0,184495419;12,22266925;0,128820464;9,914700763;
0,18488878;12,25986931;0,126409397;9,89793202;
0,185393527;12,25790676;0,126734927;9,896092991;
0,185900152;12,26670144;0,125174582;9,979730438;
0,186523736;12,31668228;0,124041647;9,887527833;
0,186975151;12,29984485;0,123903915;9,966233171;
0,187483013;12,28511796;0,121483989;9,976065893;
0,187979192;12,30693628;0,122011267;9,921050174;
0,188480631;12,32792564;0,119737871;9,850254685;
0,188970476;12,31024344;0,119263686;9,780929617;
0,189350113;12,29220888;0,118838288;9,741043746;
0,189953044;12,33030297;0,116903342;9,802042368;
0,190591335;12,3377286;0,116844796;9,862290448;
0,190963298;12,31939957;0,114226863;9,823318278;
0,191458538;12,3791563;0,11465399;9,679361205;
0,192103252;12,39015642;0,112976149;9,762280427;
0,192216858;12,38786006;0,112313136;9,783185961;
0,192867339;12,40016991;0,111739308;9,663742001;
0,19357653;12,43058581;0,109273858;9,53043416;
0,193785682;12,35668957;0,109871835;9,619127507;
0,19460094;12,38428353;0,108067706;9,598138717;
0,194917902;12,37725047;0,10764762;9,692756238;
0,195322022;12,43769781;0,1064521;9,707075388;
0,196054339;12,47198007;0,104911745;9,596096192;
0,196577042;12,47211316;0,104748644;9,708333157;
0,196987495;12,50338531;0,102847368;9,542450276;
0,197599187;12,51706244;0,102758259;9,580392368;
0,19797422;12,51972417;0,101355851;9,599983018;
0,198458746;12,54817626;0,100063756;9,609820522;
0,199037611;12,54302026;0,099789247;9,517291625;
0,199463978;12,59093;0,097892247;9,599648;
0,200193167;12,56078714;0,097979233;9,558683853;
0,200622424;12,584857;0,095957302;9,527288782;
0,200934276;12,60428402;0,095165916;9,635258873;
0,201506764;12,58184402;0,094586566;9,55306003;
0,202033371;12,60840336;0,092772685;9,527074319;
0,202467248;12,62007042;0,092996821;9,351217453;
0,203019574;12,62706393;0,090584211;9,398520606;
0,203579217;12,64380653;0,090676494;9,416543399;
0,20393984;12,71158803;0,089354679;9,359601212;
0,204464391;12,73140634;0,088095509;9,287884415;
0,204891801;12,77181441;0,087308176;9,404169613;
0,205497041;12,73438273;0,085321441;9,167730808;
0,206131965;12,75596942;0,085977025;9,125165272;
0,206381202;12,79030487;0,084075861;9,173912149;
0,207081825;12,80404804;0,083661236;9,305731929;
0,20754844;12,82954979;0,0820916;9,271711282;
0,207827255;12,82234436;0,080915824;9,285567306;
0,208357275;12,8383155;0,080553018;9,262671313;
0,208917171;12,84360899;0,07900431;9,216403043;
0,209325984;12,82721024;0,078803718;9,129497488;
0,209921971;12,89153752;0,076962896;9,090028286;
0,210180044;12,92201998;0,07637655;9,147423045;
0,210933581;12,91855437;0,075103551;9,150907373;
0,211590886;12,9282334;0,073987558;9,190234516;
0,21183151;12,96032024;0,073677801;9,140025965;
0,212482139;12,97798827;0,07197424;9,165527612;
0,213055819;13,00443676;0,071595393;9,209026884;
0,213394344;13,0017292;0,070162743;9,224235555;
0,214055583;13,02537848;0,069206402;9,225514932;
0,214586854;13,01487194;0,068242118;9,041926808;
0,214870021;13,07017193;0,066673934;8,996329689;
0,215688094;12,99290912;0,0664334;8,975982174;
0,215991467;13,06174779;0,065107368;8,949714284;
0,21646525;13,0924884;0,064256586;8,92914514;
0,217019647;13,05851363;0,062966622;8,944527058;
0,217559367;13,06570365;0,061741021;8,920789895;
0,217983499;13,06854779;0,061631043;8,932880096;
0,218503952;13,09234115;0,059999418;8,875366684;
0,218968511;13,0869342;0,059644114;8,834068133;
0,21948874;13,06261145;0,058047567;8,811911423;
0,220022053;13,07068066;0,056811698;8,82203149;
0,22029157;13,12017993;0,056431927;8,846171253;
0,221028149;13,14732302;0,055185463;8,883338162;
0,221412882;13,18353767;0,054718688;8,849020933;
0,221865937;13,19148439;0,05295594;8,754680923;
0,222494438;13,21438916;0,052332882;8,75679884;
0,223042175;13,22001871;0,051643349;8,769329609;
0,223288327;13,23123418;0,049972132;8,737728486;
0,223910838;13,20492375;0,050018165;8,719184075;
0,224465996;13,22675465;0,047697764;8,752821939;
0,224801287;13,27068158;0,047960155;8,618919489;
0,225359112;13,27865509;0,046102647;8,676398558;
0,225680888;13,31247699;0,045157552;8,700656388;
0,226346985;13,31625839;0,044610061;8,570908495;
0,227031022;13,30118132;0,042550035;8,59052918;
0,227343559;13,36561573;0,043238413;8,639749437;
0,227787793;13,36393177;0,040902469;8,54051467;
0,228357255;13,41215078;0,040408578;8,573986083;
0,228940696;13,41294661;0,039245453;8,426832305;
0,229354784;13,42955071;0,038222563;8,498805901;
0,230112568;13,43293679;0,03797777;8,481133685;
0,230449826;13,46215583;0,035704415;8,464495775;
0,230899185;13,49807743;0,035683203;8,415093917;
0,231385812;13,49120205;0,033841599;8,471372679;
0,2319749;13,45813194;0,033423662;8,494628141;
0,232486278;13,48052685;0,032392509;8,484877146;
0,233119279;13,47973602;0,031096004;8,351476872;
0,233468965;13,53313222;0,030904176;8,276322113;
0,233921736;13,55482178;0,028779333;8,366336565;
0,234423265;13,55814469;0,028564883;8,293685045;
0,234991357;13,55826994;0,026692687;8,34069803;
0,235480189;13,59070643;0,027157262;8,350755332;
0,235966697;13,5804889;0,025463188;8,336095264;
0,236458614;13,61350375;0,024146698;8,309809281;
0,236938834;13,64555785;0,023770232;8,334697946;
0,237437055;13,64852368;0,021410827;8,19405118;
0,237881318;13,65504233;0,021716287;8,144056547;
0,23862201;13,70347339;0,019636061;8,106583428;
0,23892656;13,54322368;0,01998507;8,082185296;
0,23950018;13,64128353;0,017843042;8,059767888;
0,240093499;13,66142347;0,017027486;8,061307916;
0,240425631;13,66321437;0,016512994;7,999616541;
0,24080646;13,69776444;0,014562124;8,102628654;
0,24133192;13,66979657;0,015125425;8,11554537;
0,241906658;13,72445094;0,012268615;8,026094277;
0,24236244;13,72319091;0,01281388;7,888982369;
0,242822587;13,77683188;0,011047445;7,974653391;
0,243351638;13,8090752;0,010089675;7,933214158;
0,243822396;13,7938259;0,009743704;7,934718742;
0,244364128;13,80482094;0,007861936;7,968210518;
0,244870648;13,83422971;0,007901188;7,970457087;
0,245313942;13,8785902;0,005595147;7,81691685;
0,245851606;13,90691649;0,00579014;7,88612372;
0,246289179;13,8831602;0,004229567;7,794567795;
0,24682048;13,89893284;0,002921663;7,817273316;
0,247471362;13,89772719;0,002826189;7,819770813;
0,247975945;13,87042983;0,000188195;7,697199621;
0,248439237;13,92106461;0,000996261;7,567330966;
0,248925954;13,96051993;-0,001202672;7,631610197;
0,249346867;13,96771779;-0,001200713;7,674286858;
0,24991104;13,9780646;-0,003319186;7,603025174;
0,250377268;13,98758188;-0,004057522;7,637116469;
0,250890374;13,99108371;-0,00427181;7,635878814;
0,251501024;13,81689005;-0,006257858;7,678381227;
0,251902819;13,79605516;-0,005858809;7,605258978;
0,252393663;13,83052009;-0,008327434;7,544138808;
0,252868563;13,8778731;-0,008876865;7,550608414;
0,253311604;13,89232659;-0,009880409;7,578748096;
0,254000694;13,90757719;-0,010945025;7,607637133;
0,254395247;13,93475913;-0,011305099;7,488862504;
0,254892349;13,97337219;-0,013213485;7,48411182;
0,25521481;13,95917486;-0,01334401;7,388870067;
0,255837083;13,99879215;-0,015518708;7,386910921;
0,256330967;14,01018898;-0,015665166;7,394452725;
0,25706017;14,04506186;-0,016439507;7,416706942;
0,257431686;14,00305711;-0,018400306;7,226673494;
0,257929683;14,02024744;-0,017946942;7,238821401;
0,258511364;14,0425912;-0,020200143;7,346691204;
0,258819342;14,05027113;-0,020004587;7,225649308;
0,259434909;14,07864581;-0,022113876;7,230833772;
0,259953588;14,07394218;-0,022548951;7,298350948;
0,26056096;14,09184326;-0,023751795;7,251221333;
0,261000782;14,12242466;-0,025085256;7,309543424;
0,261393249;14,11113952;-0,024901733;7,261094285;
0,261872441;14,15439441;-0,027830679;7,251892705;
0,26253584;14,15665125;-0,02732132;7,21215339;
0,262914628;14,16704127;-0,029145047;7,141011427;
0,263394803;14,19821989;-0,029571641;7,063244361;
0,26398313;14,19354038;-0,030325742;7,093961728;
0,264423162;14,22479569;-0,032047465;7,134825152;
0,264885485;14,25154139;-0,032173973;7,073526511;
0,265381515;14,27154955;-0,034800321;7,040999285;
0,266038775;14,28589659;-0,033699427;6,974879185;
0,266397059;14,30525178;-0,035855841;6,998788049;
0,266920835;14,2959329;-0,036560234;6,810709834;
0,267438084;14,2887552;-0,037470229;6,79397293;
0,267983049;14,29435064;-0,039571926;6,855359042;
0,26839456;14,31100999;-0,039244179;6,897092293;
0,268983811;14,34854488;-0,041196052;6,810952686;
0,269466132;14,3187821;-0,040928721;6,742254097;
0,269937068;14,33823735;-0,043326624;6,767218372;
0,270396799;14,35231289;-0,043989211;6,778468532;
0,270854861;14,38052463;-0,044390235;6,827215222;
0,271365136;14,33263868;-0,046410024;6,769183434;
0,27177617;14,36791387;-0,045833994;6,73896348;
0,272375077;14,38661065;-0,04831297;6,763991907;
0,272803456;14,42999725;-0,048582599;6,718189814;
0,27342695;14,44756005;-0,049965031;6,723974599;
0,273703426;14,41827915;-0,050667122;6,760056605;
0,274142802;14,46217459;-0,051485017;6,725963984;
0,274820954;14,44038129;-0,05321417;6,66628694;
0,275421798;14,45795363;-0,053205684;6,631972346;
0,275721848;14,47316864;-0,055305921;6,641288776;
0,276355982;14,49695152;-0,055159729;6,620021965;
0,276750326;14,47835015;-0,056738105;6,672477572;
0,277325094;14,44772514;-0,058098223;6,620737432;
0,27797693;14,47524455;-0,058494974;6,61675356;
0,278383106;14,49816411;-0,06007579;6,546114092;
0,278925687;14,49304368;-0,060306866;6,506451275;
0,279415607;14,51769056;-0,062149454;6,493672357;
0,279829055;14,51664666;-0,062788136;6,463087368;
0,280268103;14,5000726;-0,064047344;6,446142951;
0,280942112;14,52135414;-0,064983845;6,261333921;
0,281426549;14,55773607;-0,065145299;6,241250584;
0,281904727;14,53662701;-0,067435563;6,250089385;
0,282460332;14,52816703;-0,067765549;6,333931413;
0,282852709;14,51435246;-0,068862446;6,316869883;
0,283308387;14,54895602;-0,070211604;6,287057803;
0,283884019;14,55333051;-0,070094071;6,197965879;
0,284420401;14,55544136;-0,072078064;6,119988954;
0,284712195;14,5619914;-0,072532907;6,199311577;
0,285353601;14,579276;-0,074028678;6,142199351;
0,285769075;14,59204429;-0,074793532;6,175273677;
0,286208332;14,5887325;-0,075424723;6,107350733;
0,286859781;14,57956624;-0,077153891;6,155523585;
0,28748855;14,61646296;-0,077395745;6,126918106;
0,287923306;14,61298619;-0,079836033;6,09498902;
0,288525552;14,59808973;-0,079072915;6,111554726;
0,288838178;14,60081677;-0,080924056;6,035977449;
0,289371639;14,61913513;-0,081604652;5,988515732;
0,28993544;14,63525152;-0,083210148;5,961370847;
0,290348113;14,63991019;-0,083809555;5,844596445;
0,290945828;14,63777388;-0,08440464;5,825206977;
0,291566163;14,65738608;-0,086393684;5,941244002;
0,291814268;14,64279786;-0,086106487;5,832101367;
0,292361081;14,66405469;-0,088171631;5,798737462;
0,293107122;14,66679789;-0,088381752;5,861604326;
0,293406487;14,66493471;-0,090052493;5,852053389;
0,293923706;14,68355635;-0,090998739;5,802778392;
0,294472814;14,67904743;-0,091166504;5,800325052;
0,294846296;14,65249345;-0,093169197;5,76493825;
0,295290262;14,69910727;-0,093448296;5,714782365;
0,296073526;14,65409222;-0,095523179;5,700933558;
0,296400487;14,6660151;-0,095588289;5,644409808;
0,296931416;14,68708415;-0,096506558;5,584409555;
0,297491044;14,71296986;-0,098343909;5,62547992;
0,297786146;14,73620622;-0,098312922;5,619760144;
0,298326612;14,75536064;-0,100702122;5,587659192;
0,298948705;14,76323301;-0,100182213;5,59767933;
0,299340129;14,7537894;-0,101954967;5,580014079;
0,300002784;14,76824099;-0,102557525;5,571767309;
0,300501883;14,76143773;-0,103721663;5,535571613;
0,300691843;14,78067383;-0,105345383;5,484498381;
0,301367015;14,77140807;-0,105388775;5,522873187;
0,302020848;14,81740385;-0,106953599;5,5159108;
0,30240503;14,80726819;-0,107392788;5,451977289;
0,302956223;14,83144217;-0,108734593;5,409750298;
0,303593069;14,81062649;-0,110163659;5,381469955;
0,303721637;14,79957033;-0,110168427;5,385270796;
0,304391444;14,79063917;-0,112037085;5,350967392;
0,305013686;14,81609715;-0,112360634;5,428917133;
0,305502832;14,80697608;-0,114110999;5,42680557;
0,305903584;14,82588039;-0,114541695;5,367855773;
0,306325406;14,83481981;-0,115763895;5,355017848;
0,306777984;14,81441157;-0,117170431;5,289931795;
0,307436168;14,81570561;-0,117628127;5,282685481;
0,307904929;14,82469018;-0,118908055;5,311944547;
0,308340609;14,84551385;-0,119705811;5,292264294;
0,309021264;14,86170248;-0,120701887;5,344614234;
0,309342563;14,84447651;-0,122415178;5,278677703;
0,309821635;14,86629054;-0,122130081;5,182145717;
0,31033361;14,90171683;-0,124148555;5,131470851;
0,310866982;14,90218781;-0,124736257;5,126424406;
0,311370611;14,91613967;-0,125225112;5,108691873;
0,311935604;14,86402275;-0,12746045;5,058144035;
0,31219238;14,87323161;-0,127226263;5,042926855;
0,312722117;14,90426175;-0,12935935;5,013363539;
0,313306183;14,90764951;-0,12913233;5,048666142;
0,313804805;14,94306162;-0,130345762;5,041097626;
0,314377159;14,92536494;-0,132077187;4,996013287;
0,314954758;14,92262575;-0,132386982;4,957665831;
0,315337449;14,95320372;-0,134734541;5,050071562;
0,315715015;14,94164893;-0,133762836;5,019709138;
0,316328973;14,97840193;-0,135558829;4,796484125;
0,316924661;14,98485916;-0,13697502;4,85581794;
0,317401826;14,99148575;-0,137438759;4,838345024;
0,317843765;14,98088062;-0,139177307;4,697590105;
0,318400294;14,95466112;-0,139374003;4,729201542;
0,318806559;14,95465856;-0,140768558;4,736872859;
0,319377929;14,97019309;-0,14240329;4,752035464;
0,31998837;14,98751954;-0,142318979;4,775636975;
0,320370048;15,0024022;-0,143933013;4,627800038;
0,320880175;14,99746107;-0,14474152;4,61255949;
0,32142055;14,98535631;-0,145888105;4,670160551;
0,321859419;15,00487749;-0,146943629;4,683840077;
0,322376996;15,02285684;-0,147434786;4,671922998;
0,322950512;15,0626419;-0,149219111;4,609965258;
0,323323756;15,06598731;-0,149867371;4,575371735;
0,323954552;15,07285845;-0,150741383;4,612604662;
0,324375153;15,02514068;-0,151706755;4,546130268;
0,324819654;15,01040601;-0,152374014;4,548132359;
0,32553494;15,02479371;-0,15435563;4,552617442;
0,325922936;15,03197917;-0,154755607;4,492128028;
0,326277286;15,05820826;-0,155473724;4,48374385;
0,327018052;15,07323155;-0,157088324;4,427684514;
0,327470243;15,08499408;-0,156850249;4,479429722;
0,327818871;15,08904778;-0,15978919;4,438794504;
0,328399777;15,06507379;-0,159401849;4,435627065;
0,328790605;15,06653761;-0,160801247;4,424878614;
0,32935068;15,06931691;-0,161995828;4,382523629;
0,329985708;15,08948059;-0,161859944;4,279141918;
0,330195576;15,11627022;-0,164273337;4,322719287;
0,330729038;15,10284017;-0,164618179;4,288017346;
0,33143267;15,07661821;-0,165606767;4,201561816;
0,331705064;15,11953238;-0,166855633;4,205255458;
0,332274616;15,11250572;-0,167304099;4,237270917;
0,332917839;15,11259638;-0,168990821;4,258835452;
0,333210588;15,12914093;-0,169882476;4,197701717;
0,333694279;15,12153722;-0,170245782;4,167309074;
0,334427685;15,13460301;-0,171709612;4,147986728;
0,334781855;15,15890082;-0,172341973;4,127194303;
0,335258871;15,1637839;-0,173934266;4,113119865;
0,335796356;15,1871927;-0,174837708;4,107334714;
0,336309463;15,11840944;-0,175734505;4,054097024;
0,3368119;15,16138876;-0,176841304;4,035468655;
0,337353438;15,15029835;-0,177552745;4,036555231;
0,33782956;15,13537885;-0,178893656;4,050311459;
0,33822301;15,16584526;-0,179860041;4,020900675;
0,338905871;15,17276896;-0,18050079;3,952723775;
0,339354277;15,19390256;-0,182165697;3,927036036;
0,339799643;15,19607655;-0,18249622;3,957024679;
0,340342283;15,20084416;-0,184157208;3,93363249;
0,340642273;15,19533539;-0,184739858;3,923503378;
0,341185004;15,20791964;-0,18526499;3,933612103;
0,341917276;15,24739047;-0,187073335;3,921861131;
0,342210442;15,24383046;-0,187280566;3,888170591;
0,342793077;15,22460379;-0,18974939;3,888693553;
0,343203187;15,21144843;-0,188939691;3,83445713;
0,343719989;15,23291209;-0,190813109;3,83479269;
0,34424153;15,27198245;-0,191889629;3,837038373;
0,344768107;15,22964827;-0,192616522;3,824281973;
0,345174581;15,22807043;-0,194282398;3,77469635;
0,345832646;15,26389305;-0,193979681;3,802843362;
0,346124858;15,24702853;-0,196456715;3,74315584;
0,346622467;15,2651739;-0,19645308;3,7598665;
0,347369969;15,24280462;-0,198109478;3,689515428;
0,347926348;15,27912604;-0,198858768;3,678682514;
0,34830609;15,28188374;-0,199245632;3,644434285;
0,348830938;15,25558141;-0,201615512;3,65104096;
0,349283338;15,27020845;-0,201160073;3,599902032;
0,349731833;15,27402074;-0,203185529;3,618471874;
0,350272685;15,29222822;-0,203738987;3,602558172;
0,35083437;15,28009159;-0,204512641;3,596928533;
0,351311505;15,2977075;-0,20636484;3,583166516;
0,351878792;15,30529547;-0,206139952;3,547102548;
0,352326781;15,30694353;-0,208256289;3,560273854;
0,352710903;15,28486242;-0,209232166;3,507333573;
0,353479415;15,31027648;-0,209223792;3,485271956;
0,353769898;15,33145757;-0,211209953;3,457182386;
0,354266107;15,32655819;-0,21110782;3,460634771;
0,35483411;15,34064175;-0,213691995;3,455325402;
0,355228603;15,33505947;-0,213600352;3,397749997;
0,355458856;15,30618723;-0,214502454;3,351872139;
0,356353402;15,31928559;-0,21595265;3,366967618;
0,356794506;15,35124884;-0,216379061;3,37698592;
0,35708189;15,36662426;-0,218733042;3,34610219;
0,35783428;15,32705245;-0,218460292;3,373964749;
0,358276248;15,34194124;-0,219856456;3,292606651;
0,358647704;15,36066442;-0,220873937;3,314925099;
0,359251827;15,34015869;-0,221457273;3,242674789;
0,35981676;15,34512007;-0,223314777;3,263782915;
0,360058993;15,33744997;-0,223434642;3,269410768;
0,360801697;15,35472155;-0,2251468;3,243920676;
0,361224651;15,36641664;-0,225700572;3,250845003;
0,361700058;15,37078183;-0,226642594;3,18152298;
0,362315834;15,37839617;-0,227945283;3,140424854;
0,362856537;15,35000915;-0,228469342;3,166145677;
0,363199979;15,37978992;-0,229857937;3,164665336;
0,363840193;15,38623694;-0,231029734;3,096768721;
0,364309996;15,37806665;-0,231385514;3,083676675;
0,364710599;15,37864007;-0,23352465;3,092616191;
0,365269333;15,36679132;-0,23344034;3,066123954;
0,365913719;15,38880598;-0,235079333;3,061855753;
0,366267055;15,39651271;-0,236411512;3,020137164;
0,366878778;15,40493576;-0,235956639;3,014562785;
0,367334664;15,3948536;-0,238149226;2,999316189;
0,367669731;15,4059707;-0,238497347;2,980632289;
0,36835748;15,40698311;-0,240416348;2,987919609;
0,36883679;15,4029446;-0,240907356;2,945294426;
0,369256318;15,40179345;-0,241201386;2,964512557;
0,369784445;15,41019716;-0,243001819;2,932526179;
0,370292366;15,37660271;-0,243364424;2,943811602;
0,370652795;15,40242366;-0,24561654;2,925903748;
0,371207207;15,40278693;-0,245765075;2,861486733;
0,371783286;15,41784044;-0,246367604;2,836524106;
0,372290373;15,41734622;-0,24830173;2,814437521;
0,37267223;15,3939703;-0,248060688;2,77327998;
0,373165488;15,39636262;-0,250126064;2,775877319;
0,373636007;15,42421828;-0,250854909;2,758433932;
0,374262393;15,43081285;-0,251546592;2,743762497;
0,374761641;15,43341412;-0,253572524;2,74271518;
0,375324696;15,41120914;-0,253535628;2,711448294;
0,375786066;15,42753913;-0,255192727;2,674126418;
0,376259059;15,43557471;-0,255714029;2,702349703;
0,376777083;15,41512224;-0,256846488;2,64927733;
0,377337992;15,41245531;-0,258049637;2,662674297;
0,377736837;15,41722541;-0,258452564;2,639449488;
0,378244311;15,42713607;-0,260098428;2,633716601;
0,378814667;15,41812192;-0,261021882;2,576839592;
0,379282445;15,42955692;-0,261122644;2,5888826;
0,379787952;15,4469514;-0,26320067;2,596550807;
0,380225778;15,42291069;-0,263103217;2,560296756;
0,380910754;15,40800495;-0,264938444;2,536785476;
0,381310493;15,41999137;-0,265957922;2,534146639;
0,381764233;15,41705512;-0,266382247;2,528557557;
0,382208526;15,42985964;-0,268742025;2,493320302;
0,382703364;15,4140443;-0,267867416;2,497352722;
0,383246094;15,42189915;-0,26986593;2,474858836;
0,383763522;15,4295522;-0,271058381;2,486803372;
0,384208858;15,40172352;-0,271456391;2,414057285;
0,384832263;15,4016408;-0,27320081;2,422570148;
0,385150462;15,43390782;-0,273281872;2,390370279;
0,385708928;15,4113676;-0,274987698;2,406380339;
0,386191547;15,40339941;-0,276476026;2,374444099;
0,386718243;15,38426776;-0,27618742;2,372683491;
0,387147635;15,4044429;-0,27786994;2,365534202;
0,387769133;15,39503393;-0,278233826;2,315429752;
0,388240516;15,407288;-0,279622525;2,319438087;
0,388763011;15,39215763;-0,280936807;2,300993653;
0,389294386;15,38984589;-0,281508923;2,287576986;
0,389949411;15,3956045;-0,282922685;2,240102338;
0,390209317;15,39201167;-0,283739537;2,226749895;
0,390847594;15,38248272;-0,284901619;2,23692402;
0,391415745;15,35117007;-0,285939664;2,229321248;
0,391749769;15,37165525;-0,286649346;2,217388464;
0,392237484;15,35829958;-0,288344562;2,183289465;
0,392861843;15,34707855;-0,288674504;2,166522111;
0,39325726;15,35593719;-0,289276838;2,138344241;
0,393779993;15,36997788;-0,291646928;2,137782397;
0,394444436;15,36930652;-0,29122144;2,084184999;
0,394822061;15,36290627;-0,293190449;2,115724259;
0,39522475;15,35412208;-0,293383658;2,095950994;
0,395885408;15,31712318;-0,294410825;2,07826532;
0,396393239;15,34424377;-0,296348542;2,087343331;
0,396727085;15,32851335;-0,296215862;2,049350166;
0,397435188;15,32320803;-0,298361987;2,019755089;
0,397732317;15,33731262;-0,298392117;1,998197292;
0,398465425;15,29115904;-0,29970178;1,978390705;
0,39893961;15,28694782;-0,300771117;1,959970724;
0,399408311;15,29820123;-0,301422477;1,933799962;
0,399853051;15,29454155;-0,303369105;1,924809444;
0,400324047;15,29886317;-0,303237796;1,894055562;
0,400809795;15,30507691;-0,304908365;1,89896094;
0,401389569;15,30146922;-0,305996776;1,871256309;
0,40181607;15,28531559;-0,306113958;1,860659071;
0,402452022;15,27684339;-0,308204323;1,836769514;
0,402793199;15,27040836;-0,308188468;1,829736134;
0,403279752;15,25693224;-0,31019339;1,826313063;
0,4037866;15,25747398;-0,310886115;1,793279622;
0,404424697;15,26174014;-0,311171591;1,770636696;
0,404858232;15,24537226;-0,313319653;1,763717337;
0,405365169;15,23891762;-0,313665569;1,7531027;
0,40583998;15,22351952;-0,315444469;1,755492302;
0,406241864;15,21767698;-0,315543175;1,72349515;
0,406792134;15,22428404;-0,31661582;1,712068763;
0,407325268;15,22077324;-0,318119913;1,7143356;
0,407755733;15,21962812;-0,318805158;1,701747174;
0,40831548;15,19885813;-0,319588095;1,684660699;
0,408761978;15,20334399;-0,320826143;1,659879671;
0,409085244;15,19051363;-0,321594119;1,656447952;
0,409836531;15,18017932;-0,323345512;1,651627536;
0,410360605;15,17925249;-0,323691398;1,642805189;
0,410836369;15,15976181;-0,325008929;1,630186395;
0,411315739;15,18145619;-0,325495839;1,601366145;
0,411715627;15,1928163;-0,326572597;1,586245452;
0,412245274;15,16764973;-0,328165948;1,581967422;
0,412753165;15,19113975;-0,32825163;1,548498807;
0,413273007;15,1835794;-0,330425531;1,515810365;
0,41371575;15,19072172;-0,330366313;1,499026188;
0,414299935;15,18746938;-0,331382394;1,507515164;
0,414735913;15,18539964;-0,333123207;1,48753101;
0,41525805;15,19325209;-0,33332175;1,474157648;
0,415713012;15,1752178;-0,335478246;1,469817234;
0,41625607;15,17952355;-0,335667104;1,469800679;
0,41684556;15,19603799;-0,336339623;1,414759227;
0,417258888;15,16685367;-0,338275641;1,419841137;
0,417789757;15,18572235;-0,338374168;1,431852691;
0,41821605;15,18006065;-0,339920968;1,414439437;
0,418735683;15,18664478;-0,340999782;1,405986281;
0,419308126;15,19388307;-0,341417789;1,39450655;
0,419855505;15,19367337;-0,343209326;1,378635216;
0,420336336;15,17057382;-0,343692213;1,337693894;
0,420753837;15,17942599;-0,344894141;1,299669473;
0,421180576;15,17786472;-0,346036613;1,306080157;
0,421644628;15,18247439;-0,346408993;1,299402887;
0,422173917;15,18394884;-0,348093778;1,300127854;
0,422722101;15,19474897;-0,348672777;1,285232312;
0,423385262;15,19238224;-0,349294454;1,275009733;
0,423772246;15,17523756;-0,351656765;1,245916921;
0,424176663;15,18167857;-0,351202875;1,248909394;
0,424784929;15,17056054;-0,353318125;1,227360049;
0,425284177;15,18777525;-0,353619426;1,221405605;
0,425608635;15,19640734;-0,354444742;1,198441298;
0,426181227;15,19124076;-0,356213957;1,170111665;
0,426758617;15,18170531;-0,356094331;1,155102586;
0,427165926;15,14822248;-0,358268917;1,152774069;
0,427705705;15,14591493;-0,359133601;1,147975131;
0,428331941;15,16607113;-0,359409451;1,129672365;
0,428777307;15,15888662;-0,361617029;1,105455149;
0,429435372;15,16334499;-0,36113435;1,0909388;
0,429853261;15,17602926;-0,362764686;1,071295226;
0,430154651;15,18816062;-0,364159852;1,07377111;
0,430678219;15,1732039;-0,364311963;1,06619266;
0,4313429;15,16327267;-0,365994006;1,05805975;
0,431667417;15,16067763;-0,366904169;1,031969684;
0,432230383;15,16241062;-0,367629737;1,018042488;
0,43282181;15,16028413;-0,369291067;1,012752673;
0,433242857;15,16479597;-0,369926453;0,972223124;
0,43372184;15,1656139;-0,370905668;0,980194852;
0,434348255;15,16570059;-0,372765273;0,983382;
0,43466112;15,17143025;-0,371911377;0,947568924;
0,435210139;15,14028292;-0,374729931;0,942734851;
0,435760587;15,16194635;-0,374866456;0,932219957;
0,436131984;15,17040218;-0,375535101;0,910971968;
0,43658644;15,16246244;-0,377437145;0,908781267;
0,437302083;15,1560636;-0,377664208;0,897810879;
0,437780976;15,15036095;-0,378922284;0,893730584;
0,438166797;15,16003406;-0,380201191;0,873836196;
0,438756317;15,15874598;-0,380428702;0,875817639;
0,439227104;15,15637495;-0,382125944;0,855795654;
0,43965885;15,15536615;-0,382769912;0,849508109;
0,440143049;15,15193075;-0,383557051;0,830323933;
0,440749586;15,17341635;-0,38473773;0,825174376;
0,441171587;15,16101419;-0,385905772;0,800312732;
0,441728026;15,16046156;-0,386937469;0,803198342;
0,442157686;15,15754002;-0,388346702;0,790622374;
0,442851871;15,15942346;-0,388149381;0,771686778;
0,443253428;15,14550635;-0,390313327;0,758001003;
0,443762541;15,15813326;-0,390799373;0,746238522;
0,444359332;15,16365127;-0,391810358;0,742668803;
0,444760084;15,14357855;-0,393592477;0,723873195;
0,445210695;15,15632937;-0,393741012;0,715913498;
0,44580543;15,16099356;-0,394505829;0,721950745;
0,446404338;15,16010117;-0,396651924;0,685842831;
0,446799815;15,15009227;-0,396567792;0,690489509;
0,447268695;15,14869683;-0,398299396;0,678845151;
0,447881162;15,12203863;-0,398773581;0,659718079;
0,448369682;15,10334375;-0,399338335;0,645833206;
0,448697507;15,12549134;-0,401154101;0,651982421;
0,449408829;15,13038454;-0,401916981;0,639723892;
0,449814796;15,14208945;-0,402440846;0,633693349;
0,450218916;15,13828;-0,40441823;0,612714848;
0,450874984;15,11494516;-0,404513687;0,602899791;
0,451478481;15,13779922;-0,406469911;0,602688833;
0,451707363;15,12016084;-0,406374156;0,576275756;
0,45218125;15,12585403;-0,407665431;0,560557913;
0,453024685;15,11786421;-0,409093291;0,555409159;
0,453244597;15,13303662;-0,409159571;0,551270484;
0,453717232;15,13686247;-0,411591589;0,542286739;
0,454330862;15,12594444;-0,41127339;0,535980552;
0,454895228;15,12356989;-0,412665129;0,528490758;
0,455190778;15,12585971;-0,414533138;0,521899313;
0,455919147;15,11772764;-0,414152741;0,511928132;
0,456309438;15,12870926;-0,41596958;0,497845829;
0,45678857;15,131486;-0,416880906;0,485702541;
0,457228482;15,11143924;-0,417600125;0,487473919;
0,457799971;15,11352668;-0,418855697;0,465564151;
0,458257914;15,10183406;-0,419598699;0,452506563;
0,458765566;15,0937743;-0,42122072;0,440079905;
0,459259599;15,10677078;-0,422510564;0,440068989;
0,459792078;15,11075558;-0,42244488;0,421065474;
0,460249752;15,09267411;-0,423884451;0,41262955;
0,46081388;15,10392009;-0,424915582;0,407310755;
0,461281598;15,10022577;-0,425776988;0,40024764;
0,461842149;15,07944576;-0,427445561;0,39050991;
0,462209105;15,0833088;-0,427029818;0,381247605;
0,462773144;15,0695406;-0,429359615;0,374316811;
0,463401675;15,08043636;-0,429835707;0,364299702;
0,463796973;15,06786725;-0,430806339;0,358388658;
0,464301676;15,06596797;-0,432151139;0,351718288;
0,464870721;15,06055103;-0,432344556;0,336470166;
0,465308875;15,0587767;-0,434570014;0,327200681;
0,465672612;15,05949873;-0,435047537;0,319117742;
0,466199577;15,05857401;-0,435508966;0,312636911;
0,46680373;15,05100972;-0,437351614;0,306748569;
0,467262715;15,04301915;-0,437504441;0,294094375;
0,46777612;15,0387312;-0,438984782;0,281361401;
0,468358904;15,03070518;-0,44015649;0,28141788;
0,468706697;15,03360813;-0,440942615;0,268694647;
0,469246179;15,03153964;-0,441877127;0,266388562;
0,46985364;15,01627728;-0,442781001;0,254401777;
0,47028929;15,01815877;-0,443856686;0,248934064;
0,470642388;15,01263682;-0,445736438;0,236099092;
0,471307278;15,0154802;-0,445546746;0,230621546;
0,471601099;15,01334732;-0,446758002;0,22070192;
0,472167194;15,00049251;-0,447944015;0,213865889;
0,472773254;14,98792695;-0,448137909;0,208285204;
0,473313957;14,9972477;-0,450531393;0,201503812;
0,47350058;14,98987518;-0,450322628;0,194385427;
0,474225789;14,99403699;-0,451605976;0,184688016;
0,474665791;14,99089821;-0,453712851;0,18094254;
0,475010335;14,98227694;-0,453438163;0,170519421;
0,475645274;14,97248676;-0,454741776;0,163257736;
0,476270795;14,98844032;-0,45627293;0,159370875;
0,476593137;14,97294578;-0,456241846;0,154761152;
0,477129519;14,9651167;-0,458301842;0,146688846;
0,477571785;14,95909585;-0,458847046;0,134573291;
0,478166223;14,97247062;-0,460059732;0,128699153;
0,47862196;14,9549746;-0,461406887;0,122240008;
0,479148984;14,97077578;-0,461355001;0,113835543;
0,479627073;14,94821877;-0,463112175;0,110838779;
0,480236858;14,94371705;-0,464226961;0,102987732;
0,480616361;14,9334147;-0,464657336;0,092214368;
0,481308639;14,93932297;-0,466088057;0,088905956;
0,481725186;14,93569946;-0,466555208;0,083677052;
0,482190698;14,93169661;-0,468580157;0,073851379;
0,482658178;14,93813936;-0,469439626;0,068619874;
0,483255059;14,93543891;-0,469489455;0,061594693;
0,48369509;14,89971326;-0,471644908;0,055269749;
0,484204769;14,93023239;-0,471879482;0,05168716;
0,484745651;14,92365657;-0,473166287;0,047754824;
0,485312879;14,91151297;-0,474271655;0,044553224;
0,485611856;14,92144264;-0,474312544;0,037777547;
0,486256421;14,88121437;-0,476402879;0,028107;
0,486757815;14,90426688;-0,477139056;0,023279464;
0,48708424;14,90333306;-0,477608919;0,015871823;
0,487614393;14,90655917;-0,479694575;0,009883606;
0,488270611;14,88356363;-0,47974357;0,00553016;
0,48857066;14,89596058;-0,480937779;-0,000565563;
0,489049911;14,88675163;-0,480403125;-0,002154126;
0,489678383;14,88644485;-0,480951667;-0,003815188;
0,49013561;14,87880693;-0,482789069;-0,00784367;
0,490585983;14,87819733;-0,483845621;-0,01160336;
0,491238058;14,86145905;-0,483699232;-0,019206471;
0,491566837;14,86802676;-0,485389203;-0,024101331;
0,492279828;14,87027511;-0,486100942;-0,028467833;
0,492534608;14,85549362;-0,487683088;-0,030872246;
0,493087947;14,85825954;-0,488490999;-0,040021441;
0,493788451;14,85640932;-0,48909986;-0,042972871;
0,494248599;14,83720253;-0,490607172;-0,045763849;
0,4947249;14,84603535;-0,49153772;-0,052152706;
0,49529928;14,8358445;-0,492032081;-0,055466579;
0,495750755;14,83217679;-0,493906558;-0,062659873;
0,496069193;14,83630831;-0,493787676;-0,068204846;
0,496722162;14,82695013;-0,495377183;-0,071536732;
0,497270077;14,82231427;-0,496547997;-0,075668358;
0,497590601;14,81472037;-0,496706933;-0,081564064;
0,498258144;14,81267344;-0,49906528;-0,080832354;
0,4988783;14,79785421;-0,499088556;-0,083732166;
0,499259055;14,79577687;-0,499926746;-0,084637756;
0,499612838;14,79830926;-0,501933753;-0,091191183;
0,500363588;14,79325771;-0,502721965;-0,09851085;
0,500804782;14,78593847;-0,502972305;-0,100648029;
0,501308918;14,78700761;-0,504640996;-0,107112481;
0,501712024;14,75633253;-0,504829824;-0,106951158;
0,50232178;14,76561649;-0,506749988;-0,107251479;
0,502787232;14,77106078;-0,50769639;-0,108944708;
0,503277838;14,75927585;-0,507729113;-0,115222989;
0,50388217;14,75905799;-0,510088086;-0,119114086;
0,504239619;14,73380484;-0,510972083;-0,121255309;
0,504663587;14,73736978;-0,510778964;-0,1211737;
0,505209625;14,73954519;-0,512513161;-0,12639426;
0,505863488;14,73433071;-0,513020456;-0,130552875;
0,50632894;14,73968007;-0,514923692;-0,130648958;
0,50668329;14,72714437;-0,515500724;-0,132994472;
0,507154107;14,72063399;-0,515840173;-0,134198985;
0,507721007;14,71139557;-0,517920196;-0,135627202;
0,508313477;14,7048573;-0,518357515;-0,13865193;
0,508711159;14,7065812;-0,519149601;-0,140549552;
0,509261429;14,69486267;-0,520858943;-0,140752924;
0,509755433;14,69440027;-0,520817578;-0,144109867;
0,51016891;14,69817558;-0,522956252;-0,14482249;
0,510542214;14,68715884;-0,523255408;-0,145069974;
0,51127243;14,67116152;-0,524247169;-0,146169272;
0,511671543;14,6886406;-0,526437819;-0,149946818;
0,512194812;14,67090596;-0,52559346;-0,146360207;
0,512634754;14,66816103;-0,526944697;-0,154681924;
0,513060153;14,6656502;-0,528838515;-0,152774269;
0,513512671;14,64191966;-0,528867245;-0,151261209;
0,51421839;14,64933144;-0,530592084;-0,153168808;
0,514689744;14,65398731;-0,53124696;-0,1507824;
0,515129089;14,64392588;-0,532184601;-0,152811047;
0,515624464;14,63867761;-0,534348488;-0,159158603;
0,516067803;14,63253708;-0,534194469;-0,158296129;
0,516517818;14,64024935;-0,53540504;-0,158456065;
0,517059982;14,63188156;-0,536694646;-0,158731503;
0,517645955;14,62583615;-0,536922574;-0,161171718;
0,518159389;14,61463043;-0,538715899;-0,157971051;
0,518632293;14,61732655;-0,539570153;-0,160697527;
0,519105017;14,61317736;-0,53950727;-0,159591883;
0,519667566;14,60619967;-0,542046726;-0,15870469;
0,520188272;14,60083261;-0,542405427;-0,159600528;
0,520641267;14,59775506;-0,543297529;-0,16040202;
0,521126747;14,59199418;-0,544801533;-0,164044031;
0,521715999;14,58729753;-0,544867575;-0,161028158;
0,522274554;14,58425898;-0,546373844;-0,162835408;
0,522650063;14,58317165;-0,547671378;-0,159994744;
0,523120761;14,56948934;-0,54789418;-0,161937553;
0,523761094;14,572643;-0,549388766;-0,16046777;
0,52429229;14,57344982;-0,550683081;-0,160928857;
0,5246948;14,55749793;-0,551490784;-0,162382689;
0,525339425;14,55372685;-0,553270459;-0,163421341;
0,525593281;14,5590513;-0,553116858;-0,164375754;
0,526103854;14,55380674;-0,554126501;-0,164012927;
0,526912808;14,54408506;-0,556015909;-0,163412429;
0,527234375;14,5505808;-0,556338131;-0,163295196;
0,527546704;14,54859445;-0,557355762;-0,164111436;
0,528254926;14,54443715;-0,55828917;-0,166507788;
0,528854191;14,54053293;-0,559092462;-0,16145369;
0,529195011;14,5292787;-0,560705781;-0,162129573;
0,529658616;14,53620162;-0,56127429;-0,158593837;
0,530433834;14,5222422;-0,561839819;-0,1635765;
0,530757725;14,52662643;-0,563809156;-0,16370084;
0,531080365;14,52257991;-0,564431429;-0,161582505;
0,531812608;14,51570833;-0,565015912;-0,159432412;
0,532374799;14,50787455;-0,566987872;-0,162172419;
0,53258276;14,50994532;-0,566923261;-0,167555553;
0,533211112;14,51238988;-0,568477333;-0,163944142;
0,533798218;14,50208587;-0,569920182;-0,16612158;
0,534165323;14,49986357;-0,569811165;-0,161181676;
0,534662366;14,49757816;-0,571625113;-0,162579917;
0,535262644;14,49471945;-0,572424769;-0,162482419;
0,53569299;14,49981971;-0,57294178;-0,162777759;
0,536140323;14,47286161;-0,575075805;-0,165946229;
0,536568761;14,49442688;-0,575243533;-0,161298908;
0,537195146;14,48731885;-0,576312721;-0,163831217;
0,537692428;14,48429316;-0,577926219;-0,163511196;
0,538190424;14,47974949;-0,578199267;-0,16347582;
0,538688958;14,46698559;-0,579449594;-0,161034793;
0,539354563;14,47211719;-0,58051455;-0,160303979;
0,539577305;14,47512129;-0,580260038;-0,166621426;
0,540127695;14,45964824;-0,583245158;-0,164774233;
0,540853679;14,47317184;-0,583674967;-0,16605497;
0,54129076;14,45654013;-0,583704531;-0,162814038;
0,541635156;14,44520438;-0,585627377;-0,164597885;
0,542320788;14,45497003;-0,586254537;-0,159880146;
0,542741597;14,43511399;-0,587346375;-0,166072254;
0,543145835;14,43872737;-0,588273466;-0,163309151;
0,543794394;14,44013521;-0,589353502;-0,166628005;
0,54431951;14,43318578;-0,590359092;-0,165348559;
0,544773161;14,43142296;-0,591772139;-0,164677531;
0,545179248;14,42395618;-0,591501892;-0,165620199;
0,545687079;14,4253196;-0,593426287;-0,16584653;
0,546210468;14,41610601;-0,594547272;-0,166411352;
0,546661079;14,42439221;-0,594965756;-0,164785096;
0,547232687;14,41073069;-0,596886396;-0,16235281;
0,547753215;14,41348929;-0,597285271;-0,162327804;
0,548304319;14,4129388;-0,597980082;-0,168035437;
0,548628986;14,41804065;-0,599924564;-0,168789262;
0,549206436;14,40442306;-0,600341737;-0,165678391;
0,549716592;14,40009991;-0,600366831;-0,166471911;
0,550175786;14,40517902;-0,600280881;-0,164774024;
0,550626993;14,39946419;-0,601791859;-0,166061279;
0,551450729;14,39296569;-0,601082861;-0,165555909;
0,551588058;14,3782715;;;
0,552079558;14,39438984;;;
0,552615106;14,39345612;;;
0,55327028;14,38715246;;;
0,553642213;14,36629173;;;
0,554165065;14,38872545;;;
0,554600716;14,37935349;;;
0,555079818;14,37964813;;;
0,555652261;14,37633718;;;
0,556199431;14,35569056;;;
0,556786656;14,36989283;;;
0,557069659;14,36022913;;;
0,557576418;14,37237447;;;
0,558196485;14,35861066;;;
0,558706701;14,35842274;;;
0,55926013;14,3618234;;;
0,559675574;14,35831249;;;
0,560263693;14,35340499;;;
0,560665727;14,34918779;;;
0,561208308;14,34159219;;;
0,561574399;14,34840004;;;
0,562226295;14,34171578;;;
0,562650323;14,33673532;;;
0,563141942;14,32742921;;;
0,563632965;14,32657409;;;
0,564144373;14,32804089;;;
0,56447351;14,32024314;;;
0,565144777;14,31590216;;;
0,565609813;14,32428192;;;
0,566031873;14,31867488;;;
0,566582263;14,30233393;;;
0,566993833;14,30549606;;;
0,567497313;14,29937422;;;
0,568215907;14,30683948;;;
0,568521798;14,28109763;;;
0,569010973;14,288878;;;
0,569614291;14,2863555;;;
0,569944382;14,28387522;;;
0,570467949;14,28629251;;;
0,571157753;14,27142466;;;
0,571545184;14,27316035;;;
0,572180808;14,2691196;;;
0,572647393;14,26342054;;;
0,573127925;14,26257127;;;
0,573596179;14,26337452;;;
0,574124217;14,25754756;;;
0,574745595;14,25883627;;;
0,57515353;14,23731493;;;
0,575567126;14,25199411;;;
0,576267898;14,2493367;;;
0,576778591;14,24148205;;;
0,577074528;14,24162017;;;
0,57764715;14,2281365;;;
0,578316271;14,23534876;;;
0,578650057;14,22513359;;;
0,579241097;14,23327421;;;
0,579783022;14,23590436;;;
0,580257237;14,23190888;;;
0,580596447;14,21637752;;;
0,581258893;14,22726231;;;
0,58165431;14,21027464;;;
0,58219099;14,20767418;;;
0,582645893;14,21439771;;;
0,583113194;14,20261438;;;
0,583736479;14,17350372;;;
0,584299147;14,18828682;;;
0,584543228;14,19916807;;;
0,585174263;14,20036765;;;
0,585585594;14,19081631;;;
0,586149395;14,19508206;;;
0,58667624;14,18504228;;;
0,587103605;14,1826087;;;
0,587566853;14,18617367;;;
0,588082194;14,15927288;;;
0,58868742;14,17296795;;;
0,589211047;14,16216998;;;
0,589503944;14,15392038;;;
0,590063155;14,16551237;;;
0,590618849;14,15820957;;;
0,591015637;14,1429799;;;
0,591443777;14,15139928;;;
0,592058897;14,14401183;;;
0,592677474;14,13870265;;;
0,593047678;14,14354177;;;
0,593572438;14,13125843;;;
0,594061255;14,14141979;;;
0,594591498;14,12605366;;;
0,59506619;14,1111454;;;
0,595511734;14,12095222;;;
0,596150935;14,11522982;;;
0,596592069;14,10974286;;;
0,597108245;14,10037686;;;
0,597642481;14,1002551;;;
0,59818846;14,09739645;;;
0,598604143;14,09413068;;;
0,599110186;14,10176829;;;
0,599879622;14,10268704;;;
0,599020779;14,08492842;;;
0,598568082;14,08087661;;;
0,598158777;14,0634066;;;
0,597533405;14,06371546;;;
0,597207546;14,0480395;;;
0,596629679;14,05024994;;;
0,596054435;14,05613966;;;
0,595390856;14,04720534;;;
0,595092833;14,03784835;;;
0,594597876;14,0317938;;;
0,594230592;14,04340687;;;
0,593600392;14,03047217;;;
0,593154967;14,03534853;;;
0,592567563;14,01706841;;;
0,592112839;14,02911145;;;
0,591737211;14,0259093;;;
0,591139555;14,00568328;;;
0,590523601;14,01702946;;;
0,590160728;14,01655435;;;
0,589640796;14,00885207;;;
0,589135945;14,00460885;;;
0,5885306;14,00869396;;;
0,588117957;14,00386058;;;
0,58761555;14,00502898;;;
0,587115049;14,00529876;;;
0,586536705;13,99990632;;;
0,586194038;13,99333479;;;
0,585419118;13,98851052;;;
0,584935725;13,98262264;;;
0,584506214;13,98903179;;;
0,583908677;13,97881466;;;
0,583531737;13,99618058;;;
0,583159804;13,98964515;;;
0,58267808;13,97519824;;;
0,582071066;13,97291451;;;
0,581620574;13,93489036;;;
0,58103621;13,97649958;;;
0,580595613;13,97365755;;;
0,580061138;13,95922468;;;
0,579646587;13,95647861;;;
0,579092145;13,96066342;;;
0,578656435;13,96671297;;;
0,578182399;13,95685538;;;
0,577649355;13,95049464;;;
0,577139378;13,95449971;;;
0,576743841;13,94176807;;;
0,576059103;13,95055626;;;
0,575462282;13,93761931;;;
0,575013816;13,94858932;;;
0,57470417;13,94340111;;;
0,573978901;13,93461144;;;
0,573386788;13,93432862;;;
0,573002875;13,93540532;;;
0,572473288;13,93268461;;;
0,571806788;13,93018947;;;
0,571686804;13,91991399;;;
0,570933104;13,9142699;;;
0,57045728;13,91128996;;;
0,570183396;13,92571041;;;
0,569599509;13,92031195;;;
0,568888187;13,91105565;;;
0,568670928;13,9093678;;;
0,568123996;13,89674991;;;
0,567664623;13,89527919;;;
0,567061484;13,89172584;;;
0,566627145;13,8831046;;;
0,566256821;13,88398744;;;
0,565627098;13,88157924;;;
0,565123796;13,87955662;;;
0,564648926;13,87694566;;;
0,564037919;13,86984705;;;
0,563575804;13,86676643;;;
0,563072145;13,86537492;;;
0,562562406;13,8648669;;;
0,56191349;13,85637108;;;
0,561489522;13,84144649;;;
0,561156273;13,86251687;;;
0,560433686;13,84776422;;;
0,560018063;13,84757904;;;
0,559762418;13,84419485;;;
0,559112489;13,83729405;;;
0,558626235;13,83845457;;;
0,558147967;13,84066402;;;
0,557668507;13,82947804;;;
0,55724436;13,8323565;;;
0,55672729;13,82647815;;;
0,556173801;13,81945411;;;
0,555568635;13,82168969;;;
0,555054605;13,82248067;;;
0,554631472;13,81683272;;;
0,554084361;13,81093677;;;
0,55358839;13,81804509;;;
0,553174555;13,8063072;;;
0,552609742;13,80577185;;;
0,551993847;13,80044291;;;
0,551550567;13,8034231;;;
0,551045239;13,80903292;;;
0,550599456;13,80021545;;;
0,550008357;13,80246512;;;
0,549550414;13,79958698;;;
0,549069941;13,79586327;;;
0,548591614;13,79954941;;;
0,548079908;13,79368518;;;
0,547612071;13,7826924;;;
0,547145963;13,79252573;;;
0,546700358;13,78661851;;;
0,546164989;13,7880664;;;
0,545534372;13,78075736;;;
0,545222461;13,77650577;;;
0,544710577;13,78435272;;;
0,544175148;13,78141261;;;
0,543637812;13,77664022;;;
0,543083489;13,77378359;;;
0,542566717;13,7733132;;;
0,54225713;13,7681295;;;
0,541567206;13,76498737;;;
0,541202605;13,7628281;;;
0,54058671;13,75450534;;;
0,539976239;13,75803923;;;
0,539543092;13,74439577;;;
0,539115131;13,75920027;;;
0,538428366;13,74819571;;;
0,538063347;13,74138289;;;
0,537620425;13,74264748;;;
0,537099659;13,73213403;;;
0,536462784;13,73179574;;;
0,536350369;13,73808251;;;
0,535763979;13,72380954;;;
0,535159528;13,72953764;;;
0,534695268;13,73256199;;;
0,534255564;13,71329993;;;
0,533773005;13,72881434;;;
0,533174992;13,72455313;;;
0,532555103;13,71859557;;;
0,532129943;13,70820487;;;
0,531692922;13,71710044;;;
0,53116703;13,69557548;;;
0,530630648;13,71325147;;;
0,530058444;13,70234282;;;
0,529641569;13,7071955;;;
0,529114723;13,68470648;;;
0,528707862;13,6941927;;;
0,528092742;13,70029659;;;
0,527643204;13,71155092;;;
0,527362883;13,6797067;;;
0,526611686;13,69431818;;;
0,526190996;13,68472746;;;
0,525682092;13,69981075;;;
0,525183797;13,69213751;;;
0,524768233;13,68563332;;;
0,524098277;13,69115904;;;
0,523644388;13,68389439;;;
0,523168325;13,68098937;;;
0,522587657;13,67625413;;;
0,522161305;13,66146634;;;
0,521693766;13,67451882;;;
0,521128654;13,67240206;;;
0,520663142;13,66477226;;;
0,520088732;13,64576756;;;
0,519629836;13,66778044;;;
0,519127965;13,6630539;;;
0,518671393;13,65616231;;;
0,518247128;13,65305902;;;
0,517772436;13,64874132;;;
0,517043948;13,65000696;;;
0,51677233;13,64723478;;;
0,516260564;13,63502145;;;
0,515659451;13,62910798;;;
0,515075326;13,64136012;;;
0,514671206;13,63872262;;;
0,513980985;13,63290155;;;
0,513459802;13,6382026;;;
0,513185084;13,6341233;;;
0,512658;13,62687234;;;
0,512097359;13,62982468;;;
0,511620164;13,62597325;;;
0,511174798;13,61990513;;;
0,510626793;13,62495873;;;
0,510076582;13,62929143;;;
0,509646356;13,62196019;;;
0,50924015;13,60272002;;;
0,508603096;13,61433614;;;
0,508134425;13,61439435;;;
0,507759213;13,61865898;;;
0,507031202;13,61032176;;;
0,506663024;13,60608244;;;
0,506227314;13,60854266;;;
0,505458832;13,59737012;;;
0,504953623;13,61506763;;;
0,504640341;13,60765336;;;
0,504177809;13,60264768;;;
0,503544211;13,60417236;;;
0,503154039;13,58858847;;;
0,502702355;13,59759571;;;
0,50208199;13,60031605;;;
0,501650631;13,597346;;;
0,501252949;13,59030462;;;
0,500715613;13,59673577;;;
0,500199258;13,58866457;;;
0,499759287;13,58997474;;;
0,499184817;13,574764;;;
0,498679012;13,5828914;;;
0,498229414;13,57585742;;;
0,497633934;13,5800199;;;
0,497165322;13,57808211;;;
0,4965038;13,56765929;;;
0,495885551;13,57040898;;;
0,495638698;13,56443098;;;
0,49514237;13,56490312;;;
0,49450922;13,57061563;;;
0,494169533;13,56938459;;;
0,493703604;13,56150893;;;
0,493184149;13,55452528;;;
0,492675662;13,54124462;;;
0,492314041;13,5466079;;;
0,491605639;13,55589855;;;
0,491144747;13,54783822;;;
0,490751415;13,54567483;;;
0,490159601;13,53614784;;;
0,489675254;13,53842041;;;
0,489280879;13,53052988;;;
0,488711417;13,54453301;;;
0,488130748;13,52768643;;;
0,487586886;13,5232193;;;
0,48713395;13,53190374;;;
0,486660212;13,52761445;;;
0,486242235;13,52058146;;;
0,485666752;13,51970705;;;
0,485250473;13,51884021;;;
0,484611779;13,50965951;;;
0,484229267;13,51529196;;;
0,483625323;13,51354019;;;
0,483348221;13,51277357;;;
0,482758999;13,51114784;;;
0,482276469;13,49052806;;;
0,481752872;13,49500192;;;
0,48120895;13,50323758;;;
0,480720103;13,49309356;;;
0,480201662;13,50125205;;;
0,479682297;13,48403707;;;
0,479157567;13,48934958;;;
0,478620172;13,49123378;;;
0,478250146;13,48495568;;;
0,477634072;13,47582288;;;
0,477096885;13,48507578;;;
0,476695716;13,48369547;;;
0,476204783;13,47539431;;;
0,475723833;13,47125193;;;
0,475298375;13,4752862;;;
0,474732459;13,46723414;;;
0,474171847;13,46580918;;;
0,473601431;13,47414245;;;
0,473257452;13,47225796;;;
0,472629488;13,46461281;;;
0,472272962;13,4658227;;;
0,471756667;13,46521252;;;
0,471060514;13,45978227;;;
0,470515013;13,45287222;;;
0,46998626;13,46453894;;;
0,469515651;13,44748043;;;
0,46927917;13,45320846;;;
0,468657851;13,44622617;;;
0,468199819;13,44247522;;;
0,467798024;13,45190462;;;
0,467230886;13,4408262;;;
0,466703087;13,44227953;;;
0,466170907;13,4362161;;;
0,465804845;13,43748757;;;
0,46521762;13,43466445;;;
0,464660138;13,42889225;;;
0,464229465;13,43571097;;;
0,463606566;13,43205855;;;
0,463062644;13,42528839;;;
0,462666035;13,42352315;;;
0,462126404;13,4280095;;;
0,461626649;13,40510742;;;
0,461026847;13,34881224;;;
0,460615903;13,41213033;;;
0,460225374;13,40953312;;;
0,459534466;13,40212671;;;
0,459227026;13,40912809;;;
0,458761364;13,41814618;;;
0,458207011;13,41368372;;;
0,457805037;13,39918183;;;
0,457275063;13,40202217;;;
0,456767321;13,40452942;;;
0,456226617;13,37364412;;;
0,455682844;13,38944381;;;
0,455237389;13,39636096;;;
0,454665989;13,39916297;;;
0,45406723;13,40120998;;;
0,453701407;13,39044081;;;
0,453193635;13,39050827;;;
0,452643365;13,39011034;;;
0,452061385;13,38044198;;;
0,451785326;13,38980654;;;
0,451376379;13,38107425;;;
0,450799882;13,38034304;;;
0,450260967;13,38029315;;;
0,449672043;13,3823647;;;
0,44928363;13,37808219;;;
0,448735565;13,3731034;;;
0,448245078;13,37240392;;;
0,447695553;13,36494019;;;
0,447138816;13,36677774;;;
0,44665882;13,36634102;;;
0,446249485;13,35996882;;;
0,445661157;13,35819857;;;
0,445228785;13,34665097;;;
0,444699645;13,36834603;;;
0,444153756;13,35549353;;;
0,443760455;13,35273319;;;
0,443213314;13,36561061;;;
0,442773253;13,33928616;;;
0,442412585;13,35406974;;;
0,441741973;13,34589838;;;
0,441315711;13,35029759;;;
0,440715522;13,34260209;;;
0,440244019;13,33104045;;;
0,439804941;13,33628404;;;
0,439264178;13,32805769;;;
0,438651562;13,32469815;;;
0,438178718;13,323099;;;
0,437878758;13,32860021;;;
0,437252045;13,3230801;;;
0,43674323;13,31524573;;;
0,436304301;13,32240801;;;
0,435712814;13,31831349;;;
0,43514356;13,31267089;;;
0,434685707;13,29839678;;;
0,434354693;13,30437933;;;
0,433733314;13,2928961;;;
0,433106929;13,29748018;;;
0,432762444;13,30487555;;;
0,432177484;13,29227021;;;
0,431735128;13,29176021;;;
0,431298554;13,28595014;;;
0,430866778;13,28470653;;;
0,430244327;13,28427445;;;
0,429684877;13,27645424;;;
0,429291725;13,27268879;;;
0,428826153;13,26896961;;;
0,428174376;13,26662756;;;
0,427887827;13,24608152;;;
0,427281588;13,26954311;;;
0,426822543;13,2589513;;;
0,426318884;13,25406675;;;
0,425808996;13,25061286;;;
0,425378591;13,24467217;;;
0,424767941;13,25024263;;;
0,424199611;13,24862394;;;
0,423648387;13,23602052;;;
0,423275322;13,24329737;;;
0,422777057;13,23158421;;;
0,422161967;13,23782596;;;
0,421691567;13,23861552;;;
0,421263009;13,2410616;;;
0,420749962;13,22533837;;;
0,420122564;13,23561223;;;
0,419748932;13,22609073;;;
0,419336677;13,23033686;;;
0,418728322;13,21382305;;;
0,418249786;13,21403717;;;
0,417760462;13,22437336;;;
0,417271614;13,21503956;;;
0,416722417;13,2147214;;;
0,416337579;13,20241239;;;
0,415753454;13,20533705;;;
0,415227681;13,2146114;;;
0,41481483;13,20306174;;;
0,414297134;13,19793682;;;
0,413832575;13,20014736;;;
0,413329959;13,19904625;;;
0,412750244;13,19120015;;;
0,412236869;13,17833399;;;
0,411761671;13,18375469;;;
0,411157876;13,18870815;;;
0,410758018;13,17274364;;;
0,410312712;13,17796637;;;
0,409719199;13,17621502;;;
0,409263045;13,16028585;;;
0,408621937;13,16999522;;;
0,408309251;13,16178495;;;
0,40780136;13,16420444;;;
0,40721938;13,1556534;;;
0,406704128;13,1350195;;;
0,406304508;13,14731187;;;
0,405856788;13,14597812;;;
0,405195564;13,14545487;;;
0,404897779;13,13739913;;;
0,404334605;13,12439849;;;
0,403703928;13,13786748;;;
0,403207809;13,13247477;;;
0,402862996;13,13070687;;;
0,402380854;13,12749552;;;
0,40176177;13,11585669;;;
0,401344895;13,12894593;;;
0,400663495;13,11230485;;;
0,400162935;13,11821808;;;
0,399621278;13,119312;;;
0,399261951;13,10236795;;;
0,398741096;13,10819324;;;
0,398194224;13,10832221;;;
0,397722423;13,1037886;;;
0,397465765;13,0980313;;;
0,396634847;13,10164971;;;
0,396149278;13,09863721;;;
0,395865202;13,09025087;;;
0,39528507;13,0937746;;;
0,394723296;13,08242317;;;
0,394257843;13,08660458;;;
0,393829644;13,07238522;;;
0,393341035;13,07252321;;;
0,392836541;13,07661554;;;
0,392389119;13,08398364;;;
0,39184919;13,07386067;;;
0,391169906;13,0692489;;;
0,39080593;13,06101428;;;
0,390418828;13,05605727;;;
0,389880776;13,04408797;;;
0,389341027;13,04134852;;;
0,388654172;13,05043725;;;
0,388101816;13,04043805;;;
0,387705088;13,0415249;;;
0,38726747;13,03844844;;;
0,386830449;13,02613665;;;
0,386239171;13,02349451;;;
0,385738641;13,02642758;;;
0,385256976;13,0136341;;;
0,384777158;13,01267116;;;
0,384256631;13,01493911;;;
0,383610785;12,99237648;;;
0,383111864;13,00564456;;;
0,382784039;13,0040415;;;
0,382218719;13,00290857;;;
0,381690174;12,99347079;;;
0,381264836;12,98530522;;;
0,38085565;12,98643321;;;
0,380345881;12,98090845;;;
0,379867435;12,98343226;;;
0,379270732;12,97022246;;;
0,37889421;12,95739844;;;
0,378408641;12,97643125;;;
0,377806723;12,9667009;;;
0,377239525;12,96270358;;;
0,376657635;12,96051523;;;
0,376197398;12,93600744;;;
0,375784874;12,94983759;;;
0,375253916;12,94724696;;;
0,374751031;12,93634766;;;
0,374327451;12,92649373;;;
0,37367633;12,93496161;;;
0,373254091;12,93933576;;;
0,372679025;12,90633681;;;
0,372255832;12,90014341;;;
0,371600419;12,92505872;;;
0,371162027;12,90170483;;;
0,370904028;12,909668;;;
0,370277375;12,91031899;;;
0,369674534;12,9060858;;;
0,369487613;12,858901;;;
0,368881196;12,8828174;;;
0,368282318;12,89019371;;;
0,367757499;12,89009002;;;
0,367291987;12,87892601;;;
0,366891414;12,8816358;;;
0,366451293;12,86966925;;;
0,365783393;12,85776734;;;
0,365185678;12,85866364;;;
0,364736259;12,85596638;;;
0,36427477;12,85336093;;;
0,363787472;12,84687733;;;
0,363221198;12,84984518;;;
0,362804383;12,84186221;;;
0,36228615;12,8195766;;;
0,361774027;12,83319873;;;
0,361028552;12,82751441;;;
0,360813469;12,82764057;;;
0,360406488;12,82175242;;;
0,359642088;12,81387992;;;
0,359197229;12,80957344;;;
0,358884186;12,81227707;;;
0,358344495;12,80307241;;;
0,357789993;12,78253928;;;
0,357414544;12,79003227;;;
0,356851846;12,79385765;;;
0,356292009;12,79202701;;;
0,35587129;12,7863958;;;
0,355318904;12,77628125;;;
0,354904383;12,75212419;;;
0,354300022;12,75445097;;;
0,353752971;12,75317146;;;
0,353245288;12,75998539;;;
0,352746934;12,74095752;;;
0,352369457;12,73519689;;;
0,351739794;12,73852297;;;
0,35135597;12,72904944;;;
0,350844979;12,72885057;;;
0,350283086;12,72158281;;;
0,349675953;12,71346602;;;
0,349243164;12,71207009;;;
0,348685652;12,70272425;;;
0,348306298;12,70087983;;;
0,347837389;12,69933218;;;
0,34745881;12,69546102;;;
0,34686929;12,68431613;;;
0,346371353;12,6861975;;;
0,345760554;12,66736853;;;
0,345483869;12,6739575;;;
0,344694167;12,67919136;;;
0,344177842;12,66959156;;;
0,343868434;12,65544935;;;
0,343474835;12,64644727;;;
0,342639506;12,6125349;;;
0,342332155;12,62317694;;;
0,341792375;12,62181537;;;
0,341247678;12,60576257;;;
0,34069857;12,59220784;;;
0,340346605;12,5933579;;;
0,339910507;12,59565931;;;
0,339364558;12,58730744;;;
0,338831723;12,58219706;;;
0,338526934;12,56706203;;;
0,337779731;12,57446991;;;
0,337334722;12,573929;;;
0,336908162;12,55738709;;;
0,33621949;12,55515346;;;
0,335779369;12,5479721;;;
0,335352927;12,55539785;;;
0,334902585;12,53378612;;;
0,33438316;12,52632272;;;
0,333947092;12,52536466;;;
0,333254129;12,49526556;;;
0,332702845;12,51612576;;;
0,332365841;12,46552862;;;
0,331815541;12,47276489;;;
0,331285447;12,47334258;;;
0,330812573;12,4668591;;;
0,33030656;12,45494294;;;
0,329773486;12,45897304;;;
0,329109997;12,46215237;;;
0,32884261;12,45567186;;;
0,328394443;12,44989008;;;
0,327771038;12,43562548;;;
0,32729575;12,41934195;;;
0,326745868;12,40805273;;;
0,326276034;12,39795249;;;
0,325735241;12,41407211;;;
0,325227827;12,40229733;;;
0,32496044;12,402538;;;
0,324360311;12,40124867;;;
0,323798805;12,37956498;;;
0,323296189;12,38111849;;;
0,322880536;12,37493385;;;
0,322375983;12,36948686;;;
0,321819216;12,34793682;;;
0,321305126;12,35668723;;;
0,320866138;12,35172489;;;
0,320469886;12,35171048;;;
0,319839001;12,33736715;;;
0,319285661;12,32656159;;;
0,31880334;12,31896893;;;
0,318330228;12,323548;;;
0,317706704;12,32349268;;;
0,317308307;12,29233409;;;
0,316920221;12,29532216;;;
0,316285372;12,29950791;;;
0,315648407;12,27763516;;;
0,315109938;12,28149209;;;
0,314662099;12,26917002;;;
0,314128071;12,26354718;;;
0,313783348;12,26172959;;;
0,313279837;12,23589266;;;
0,312830299;12,23092349;;;
0,312348783;12,22408728;;;
0,311757594;12,22108872;;;
0,311233968;12,22821321;;;
0,310858399;12,2148593;;;
0,310300022;12,1851774;;;
0,309828967;12,194796;;;
0,309282005;12,17452683;;;
0,308987141;12,17217389;;;
0,308321685;12,17307565;;;
0,307828635;12,17289568;;;
0,307373792;12,15658807;;;
0,30698669;12,15217049;;;
0,306200236;12,13732412;;;
0,305840582;12,12965394;;;
0,305412471;12,12435726;;;
0,304813594;12,12204623;;;
0,304402202;12,12032476;;;
0,303636909;12,12452979;;;
0,30311653;12,09880866;;;
0,302666545;12,10796237;;;
0,302272737;12,1080067;;;
0,30177933;12,08425829;;;
0,30123654;12,08712673;;;
0,300683409;12,06343931;;;
0,300256789;12,05838299;;;
0,29956153;12,05624425;;;
0,299306154;12,05650527;;;
0,298837394;12,04868257;;;
0,298057467;12,04532528;;;
0,29775399;12,00387109;;;
0,297389269;12,02983972;;;
0,29683283;12,01932189;;;
0,296240181;12,01287178;;;
0,295806676;11,9865787;;;
0,295423925;11,97592295;;;
0,294826984;11,96646873;;;
0,294347703;11,96710298;;;
0,293819815;11,9690506;;;
0,293412626;11,94303109;;;
0,292883635;11,94016225;;;
0,292480767;11,92397893;;;
0,291805387;11,92292015;;;
0,291363567;11,92883399;;;
0,290979564;11,90354016;;;
0,290284485;11,90980214;;;
0,289828569;11,89864269;;;
0,289539963;11,87231341;;;
0,288675129;11,87755933;;;
0,288217932;11,87931921;;;
0,287897706;11,8821788;;;
0,287363738;11,86816758;;;
0,286776185;11,83174687;;;
0,286308974;11,82547604;;;
0,285752267;11,83144864;;;
0,285363942;11,82707444;;;
0,284811676;11,82149163;;;
0,284377158;11,79803763;;;
0,283802629;11,78367954;;;
0,283328682;11,78846805;;;
0,282844335;11,78117199;;;
0,282265306;11,76918589;;;
0,281757504;11,77189604;;;
0,281404465;11,75601885;;;
0,280917972;11,74497615;;;
0,280279696;11,72742764;;;
0,279969037;11,70891013;;;
0,279429346;11,70312821;;;
0,278814524;11,70387947;;;
0,278387249;11,69793529;;;
0,277832806;11,69831893;;;
0,277352482;11,66277969;;;
0,276882797;11,65663586;;;
0,276340216;11,6499957;;;
0,275888562;11,65576005;;;
0,275408298;11,64662062;;;
0,274905026;11,649258;;;
0,27436614;11,65421827;;;
0,273864686;11,5953824;;;
0,273337871;11,6032492;;;
0,272935808;11,59646581;;;
0,272375315;11,60598312;;;
0,271898031;11,58194191;;;
0,271499604;11,57282366;;;
0,270763934;11,56743054;;;
0,27037257;11,55688684;;;
0,269933701;11,52316292;;;
0,26944378;11,517991;;;
0,268874496;11,53394411;;;
0,268425047;11,49898533;;;
0,267783791;11,49427728;;;
0,2673181;11,48142468;;;
0,266867042;11,49323446;;;
0,266302705;11,49444334;;;
0,265792668;11,47395024;;;
0,265413135;11,4488613;;;
0,26466921;11,44462961;;;
0,26426369;11,45211863;;;
0,263893008;11,44532135;;;
0,26335457;11,44738271;;;
0,262767375;11,40419049;;;
0,262170494;11,40344518;;;
0,261705667;11,39653041;;;
0,26117897;11,39298715;;;
0,260863423;11,39660565;;;
0,260341465;11,38580195;;;
0,259827495;11,37908652;;;
0,259377807;11,36837637;;;
0,258911282;11,34188584;;;
0,258223444;11,34333692;;;
0,257793963;11,33133839;;;
0,257409155;11,32505568;;;
0,256841063;11,30866919;;;
0,256461293;11,31572625;;;
0,25588569;11,29345543;;;
0,25540024;11,27830786;;;
0,254930437;11,27341607;;;
0,254433334;11,25908006;;;
0,253873676;11,24190187;;;
0,253407896;11,23704669;;;
0,252967149;11,23511286;;;
0,252546132;11,24413282;;;
0,251892149;11,22047172;;;
0,251477987;11,2036129;;;
0,251101196;11,1876527;;;
0,250277609;11,18934061;;;
0,249874845;11,19227605;;;
0,249369919;11,18662001;;;
0,24904266;11,198548;;;
0,248444751;11,18051593;;;
0,248032227;11,15298514;;;
0,247234121;11,14333658;;;
0,246842712;11,13863609;;;
0,246486261;11,14138561;;;
0,245923594;11,1138369;;;
0,245336339;11,09349506;;;
0,244891033;11,09773469;;;
0,24434936;11,08797044;;;
0,243790388;11,06021505;;;
0,243324131;11,05005514;;;
0,242884085;11,05326073;;;
0,242287159;11,0377906;;;
0,241766781;11,04719972;;;
0,241311058;11,02851015;;;
0,240704268;11,03216902;;;
0,240268916;11,04367803;;;
0,239905313;11,0096357;;;
0,239237219;11,00827002;;;
0,238892615;10,98269979;;;
0,238515079;11,00912617;;;
0,237873882;10,99129469;;;
0,237374559;10,97133441;;;
0,236913458;10,95629059;;;
0,236346319;10,91356359;;;
0,236048207;10,92658799;;;
0,235319987;10,93896332;;;
0,234909594;10,9270181;;;
0,234440923;10,92842936;;;
0,234007463;10,89661392;;;
0,233403221;10,87864206;;;
0,23289226;10,89456462;;;
0,232270077;10,90025669;;;
0,231846869;10,87748947;;;
0,231425017;10,86993598;;;
0,230795309;10,84771542;;;
0,23033613;10,85177097;;;
0,229895279;10,85151881;;;
0,229257256;10,82353062;;;
0,228677019;10,80821517;;;
0,228392035;10,78310101;;;
0,227870435;10,76732909;;;
0,227410465;10,77854231;;;
0,226815626;10,76537497;;;
0,226234779;10,75515566;;;
0,225732952;10,73471431;;;
0,225421846;10,73390752;;;
0,224911481;10,74244064;;;
0,224395096;10,71596537;;;
0,223820627;10,70058829;;;
0,223375306;10,68739842;;;
0,223028287;10,70279513;;;
0,222487271;10,68660093;;;
0,22193259;10,66757154;;;
0,22152321;10,66998879;;;
0,220992267;10,66911493;;;
0,220332816;10,62233788;;;
0,219978541;10,62357259;;;
0,219498411;10,6274527;;;
0,218923941;10,61222362;;;
0,218425602;10,60739431;;;
0,217884928;10,61258546;;;
0,217456743;10,58559537;;;
0,216963604;10,57620002;;;
0,216431201;10,56630999;;;
0,215976685;10,58151632;;;
0,215490073;10,59992845;;;
0,214901134;10,58790119;;;
0,214453176;10,56227438;;;
0,213847995;10,57302763;;;
0,213268638;10,55278922;;;
0,212932914;10,57024586;;;
0,212411195;10,57139151;;;
0,211835548;10,53237547;;;
0,211307734;10,50192837;;;
0,210751221;10,52105673;;;
0,210244253;10,50113957;;;
0,209994167;10,45255641;;;
0,209221095;10,48828116;;;
0,208854437;10,47595213;;;
0,208271459;10,47128444;;;
0,207918525;10,46453553;;;
0,207436904;10,46615851;;;
0,207026809;10,45056194;;;
0,206378922;10,4443493;;;
0,205913514;10,45070115;;;
0,205456927;10,44214168;;;
0,204789087;10,43092506;;;
0,204400718;10,43867104;;;
0,20390369;10,41905381;;;
0,20342876;10,38831591;;;
0,202949479;10,39017083;;;
0,202350527;10,40413307;;;
0,201718867;10,39240424;;;
0,201434508;10,41958321;;;
0,200921386;10,41428343;;;
0,200387165;10,42174035;;;
0,199935541;10,41630469;;;
0,199412763;10,42115561;;;
0,198786452;10,4299855;;;
0,198487312;10,43309838;;;
0,198018745;10,43305244;;;
0,197466582;10,44329697;;;
0,197137639;10,42704387;;;
0,196480349;10,44419442;;;
0,196040601;10,45371734;;;
0,195608869;10,45250709;;;
0,194984466;10,44979843;;;
0,194621295;10,40845033;;;
0,194041118;10,40298028;;;
0,193484604;10,41526545;;;
0,192856908;10,41476668;;;
0,192645714;10,43117799;;;
0,191931427;10,44128231;;;
0,19144927;10,42884301;;;
0,191024899;10,44083556;;;
0,190413252;10,43227519;;;
0,189927012;10,45037705;;;
0,189502612;10,45273388;;;
0,188951269;10,4400406;;;
0,188466936;10,46686222;;;
0,187948376;10,46777797;;;
0,187528506;10,4244025;;;
0,187015802;10,4667223;;;
0,186465427;10,44056561;;;
0,18589896;10,43917766;;;
0,185457259;10,43793094;;;
0,184942052;10,44725334;;;
0,184411541;10,42856164;;;
0,183991984;10,44029036;;;
0,183306381;10,44326624;;;
0,182899952;10,42912017;;;
0,182445377;10,43032089;;;
0,181839883;10,41562716;;;
0,181491867;10,44164157;;;
0,180916607;10,44671228;;;
0,180379182;10,46261759;;;
0,179774612;10,44447622;;;
0,179392979;10,43022287;;;
0,178875729;10,43785002;;;
0,178459227;10,45050659;;;
0,177859083;10,42215176;;;
0,1774382;10,41811634;;;
0,17695047;10,44900397;;;
0,176434055;10,4434634;;;
0,175950721;10,43716769;;;
0,175378442;10,41785854;;;
0,174892768;10,23376443;;;
0,174462348;10,26348611;;;
0,173974574;10,27114419;;;
0,17348817;10,28399138;;;
0,173001453;10,2982214;;;
0,172459826;10,31084197;;;
0,171997592;10,28587862;;;
0,171274424;10,2994917;;;
0,170811042;10,30210005;;;
0,170379952;10,2922468;;;
0,169850558;10,30507557;;;
0,169434041;10,31596721;;;
0,168749422;10,32456707;;;
0,168269202;10,30368014;;;
0,16802077;10,30725047;;;
0,167583868;10,29122213;;;
0,166717052;10,31941119;;;
0,166384071;10,30637283;;;
0,165732116;10,26673682;;;
0,165298864;10,29070053;;;
0,164955929;10,28012951;;;
0,164504334;10,29208641;;;
0,163895965;10,27279485;;;
0,163532317;10,2617913;;;
0,162937492;10,26655778;;;
0,162348241;10,2839112;;;
0,161964431;10,27266489;;;
0,161523178;10,25704951;;;
0,160918117;10,27428328;;;
0,160403937;10,27144215;;;
0,159843117;10,29647623;;;
0,159377187;10,2631174;;;
0,159064844;10,25938452;;;
0,15836513;10,27986064;;;
0,157855257;10,26764981;;;
0,157400608;10,29803603;;;
0,156737015;10,26575931;;;
0,156338826;10,28464592;;;
0,155995592;10,29941068;;;
0,155463651;10,2995231;;;
0,154887706;10,28345556;;;
0,154542387;10,29782296;;;
0,153753728;10,30224213;;;
0,15340969;10,29555786;;;
0,152948886;10,29462779;;;
0,152445346;10,29647193;;;
0,152014926;10,30684365;;;
0,151441231;10,29632307;;;
0,150839314;10,29824454;;;
0,150526166;10,29941604;;;
0,150165871;10,28903645;;;
0,149464235;10,30856469;;;
0,148973256;10,30177453;;;
0,148492083;10,2828847;;;
0,147977993;10,26378393;;;
0,147345901;10,27925958;;;
0,146950781;10,26060723;;;
0,146467045;10,25681222;;;
0,14596349;10,24798083;;;
0,14544104;10,23581783;;;
0,144877791;10,23930646;;;
0,14443256;10,2311635;;;
0,143817991;10,22133788;;;
0,143466786;10,20427653;;;
0,142915785;10,16518163;;;
0,142334744;10,1653169;;;
0,141768396;10,17427474;;;
0,141427889;10,16727805;;;
0,140979975;10,16037737;;;
0,140446484;10,1543952;;;
0,139913201;10,12959114;;;
0,139324009;10,13272443;;;
0,138879597;10,1310072;;;
0,13838543;10,10279356;;;
0,137961745;10,12043318;;;
0,137459219;10,08856712;;;
0,137001202;10,08036842;;;
0,136457384;10,07984354;;;
0,135918662;10,06634847;;;
0,135523021;10,05774356;;;
0,135041833;10,04075023;;;
0,134552196;10,00309512;;;
0,133925661;10,00517457;;;
0,133428454;10,00507163;;;
0,132985309;10,02167913;;;
0,132422507;10,00672599;;;
0,132008851;9,997359585;;;
0,131457642;9,99371949;;;
0,130912751;9,956984759;;;
0,130448088;9,955704383;;;
0,129727185;9,944701503;;;
0,129357576;9,919649804;;;
0,129042625;9,918227708;;;
0,128328979;9,913503866;;;
0,127786517;9,89316976;;;
0,127506316;9,893690296;;;
0,126866981;9,876042446;;;
0,126259893;9,871820013;;;
0,126000986;9,853216194;;;
0,125608683;9,842482972;;;
0,124730207;9,848456196;;;
0,124448866;9,833855125;;;
0,12377698;9,828655533;;;
0,123560727;9,836710766;;;
0,123032674;9,842655937;;;
0,122619182;9,772005052;;;
0,122048661;9,79441044;;;
0,121515386;9,76871436;;;
0,120890044;9,764097095;;;
0,120443866;9,762709449;;;
0,120028123;9,747317759;;;
0,119456932;9,736074425;;;
0,118947782;9,726767478;;;
0,118539698;9,734669446;;;
0,117938653;9,715299124;;;
0,117457323;9,690615125;;;
0,116992831;9,702819926;;;
0,116345368;9,696704396;;;
0,115928523;9,675532225;;;
0,115474783;9,672742289;;;
0,114882454;9,656437273;;;
0,114369296;9,688212398;;;
0,114090107;9,677108843;;;
0,113513559;9,653347769;;;
0,113020837;9,635529277;;;
0,112454489;9,621522309;;;
0,111960575;9,615390722;;;
0,111394644;9,594030597;;;
0,11117699;9,59629864;;;
0,110501513;9,598934343;;;
0,110136099;9,602949114;;;
0,109583668;9,544388244;;;
0,108993061;9,516658515;;;
0,108449526;9,532870442;;;
0,108057149;9,545135448;;;
0,107518435;9,525428397;;;
0,106985413;9,491745335;;;
0,106523067;9,488569416;;;
0,106061734;9,484278713;;;
0,105633669;9,480109959;;;
0,104917966;9,455279057;;;
0,104473718;9,451651371;;;
0,104122914;9,469046253;;;
0,103566185;9,436114226;;;
0,103024527;9,430355834;;;
0,10250397;9,393404843;;;
0,102107324;9,416660044;;;
0,101561427;9,364376394;;;
0,101014622;9,387505946;;;
0,100623243;9,37305943;;;
0,100094117;9,35857217;;;
0,099469058;9,331597065;;;
0,098786145;9,349785737;;;
0,098615281;9,341190557;;;
0,098002784;9,350717572;;;
0,097525425;9,334866307;;;
0,097004786;9,304606806;;;
0,096444257;9,283720864;;;
0,09593685;9,298223989;;;
0,095421121;9,266091912;;;
0,09486676;9,27196448;;;
0,094422847;9,249768822;;;
0,094092615;9,214697788;;;
0,093424916;9,224717869;;;
0,092986241;9,232279792;;;
0,092521638;9,216239484;;;
0,092020102;9,194600553;;;
0,091456406;9,191527484;;;
0,090994999;9,17440215;;;
0,090435319;9,177093487;;;
0,089961484;9,15972926;;;
0,089584015;9,151902959;;;
0,088978618;9,143116299;;;
0,088539682;9,124708824;;;
0,088035084;9,1327798;;;
0,087440498;9,121938137;;;
0,08689452;9,125249546;;;
0,08639928;9,106687346;;;
0,085919179;9,089072862;;;
0,085503161;9,092259871;;;
0,084862977;9,060820484;;;
0,084314093;9,059323967;;;
0,084013104;9,049417718;;;
0,083719112;9,035659391;;;
0,082796983;9,041163666;;;
0,082591027;9,013007215;;;
0,081929713;9,020301408;;;
0,081521608;9,016703097;;;
0,080959663;9,009970307;;;
0,080581225;8,964568281;;;
0,080105081;8,960771985;;;
0,079639986;8,96765861;;;
0,079002738;8,949750785;;;
0,078550003;8,916898917;;;
0,078042232;8,924840803;;;
0,077559806;8,930638856;;;
0,077027567;8,914909314;;;
0,076617286;8,893825711;;;
0,076058634;8,896819519;;;
0,075511687;8,883562646;;;
0,075100243;8,841645708;;;
0,074527904;8,835953851;;;
0,074109018;8,833733437;;;
0,073621377;8,81749202;;;
0,073058486;8,814673464;;;
0,072580248;8,790630815;;;
0,072085276;8,783413191;;;
0,071554221;8,761652456;;;
0,071178854;8,773939449;;;
0,070539683;8,765094522;;;
0,070109017;8,736266127;;;
0,06959489;8,731840152;;;
0,069128521;8,712968222;;;
0,068577208;8,72053891;;;
0,068094984;8,722155872;;;
0,067662545;8,687040748;;;
0,067130096;8,685653302;;;
0,066485547;8,670942399;;;
0,065931156;8,668965466;;;
0,065690517;8,660374476;;;
0,064996041;8,650744774;;;
0,064442813;8,634726531;;;
0,064074837;8,6369035;;;
0,063612565;8,621542039;;;
0,062940627;8,609301496;;;
0,062547028;8,601249603;;;
0,062083911;8,592281557;;;
0,061518885;8,560121705;;;
0,061021551;8,55302509;;;
0,060528558;8,544596666;;;
0,059897851;8,542152153;;;
0,059463166;8,51876231;;;
0,05913252;8,511177238;;;
0,058484662;8,516804518;;;
0,058006465;8,520204165;;;
0,057468705;8,498485098;;;
0,056833025;8,48590278;;;
0,056498773;8,492495405;;;
0,055923324;8,46377728;;;
0,055358391;8,445113811;;;
0,055078208;8,463300002;;;
0,05433606;8,439540637;;;
0,053915605;8,437450331;;;
0,053568818;8,427664025;;;
0,053076889;8,399080206;;;
0,052414402;8,397676389;;;
0,051921308;8,399158379;;;
0,05148349;8,377957039;;;
0,051059578;8,362334564;;;
0,050640743;8,338091232;;;
0,050126307;8,327771581;;;
0,049597457;8,330794754;;;
0,04910022;8,329949671;;;
0,048507728;8,304227905;;;
0,048130188;8,309927309;;;
0,047575682;8,283999693;;;
0,04698645;8,26718535;;;
0,046726584;8,260463005;;;
0,046014179;8,244840633;;;
0,045478843;8,237099535;;;
0,045073923;8,231986685;;;
0,044589378;8,236012391;;;
0,044014741;8,208384312;;;
0,043606661;8,189700244;;;
0,04315491;8,169362714;;;
0,042597257;8,182384512;;;
0,042190228;8,142878466;;;
0,041519195;8,148162069;;;
0,041085489;8,138916725;;;
0,040629823;8,126954491;;;
0,040088031;8,09217413;;;
0,039507013;8,097232309;;;
0,039197393;8,07875774;;;
0,038486291;8,072877816;;;
0,038083028;8,07028859;;;
0,037642267;8,061029414;;;
0,036900386;8,059724456;;;
0,036618948;8,032523178;;;
0,035931949;8,02793084;;;
0,035496578;8,018042792;;;
0,03507217;8,024556054;;;
0,034507293;8,020197454;;;
0,034090899;8,00012791;;;
0,033576597;7,996734634;;;
0,033022035;7,932414826;;;
0,032430515;7,932378809;;;
0,032070059;7,902869129;;;
0,031601526;7,898355683;;;
0,030980365;7,90540351;;;
0,030509671;7,920918349;;;
0,03011827;7,900676685;;;
0,029462116;7,870818661;;;
0,029110178;7,889093635;;;
0,028531291;7,888663614;;;
0,028081769;7,837963311;;;
0,027433177;7,833104176;;;
0,026869914;7,834830304;;;
0,026421698;7,820064029;;;
0,026035899;7,812613554;;;
0,025485691;7,80447359;;;
0,025066813;7,795566179;;;
0,02439758;7,79153305;;;
0,02400188;7,776244418;;;
0,023468362;7,765860241;;;
0,023122398;7,747625364;;;
0,022569148;7,737432392;;;
0,021961797;7,706707843;;;
0,021485459;7,700077702;;;
0,021008195;7,707581871;;;
0,020611215;7,683781694;;;
0,020139264;7,672140754;;;
0,019714044;7,672074593;;;
0,019112021;7,676660997;;;
0,018519336;7,657030115;;;
0,017971011;7,649608033;;;
0,017645877;7,632632617;;;
0,017118961;7,627149506;;;
0,016627764;7,610849897;;;
0,016051397;7,604750837;;;
0,015580588;7,593737831;;;
0,015124496;7,574139935;;;
0,014563099;7,569840195;;;
0,014048815;7,545435148;;;
0,013529297;7,541764339;;;
0,013150789;7,544497747;;;
0,012487045;7,521831177;;;
0,012050336;7,507725782;;;
0,011777015;7,501574935;;;
0,011129106;7,471481422;;;
0,01044115;7,480681932;;;
0,010232233;7,477996969;;;
0,009602411;7,449627108;;;
0,00910962;7,416944698;;;
0,008706667;7,41723361;;;
0,008124598;7,434030797;;;
0,007557452;7,425049072;;;
0,007246806;7,412898744;;;
0,006517534;7,399316026;;;
0,006010852;7,400406917;;;
0,005520628;7,386808727;;;
0,005069348;7,375547377;;;
0,004635529;7,365131726;;;
0,003965591;7,362007717;;;
0,003595968;7,336497837;;;
0,003134454;7,308317472;;;
0,002543828;7,290631073;;;
0,001997146;7,283682044;;;
0,001639598;7,280967269;;;
0,001090345;7,275914583;;;
0,000589193;7,254942788;;;
-1,61663E-05;7,259111109;;;
-0,000404431;7,244033629;;;
-0,000806083;7,218905928;;;
-0,001393336;7,22402663;;;
-0,001933112;7,202864625;;;
-0,00232852;7,206452155;;;
-0,00304388;7,189646616;;;
-0,003349551;7,198358604;;;
-0,003830749;7,191521587;;;
-0,00431607;7,154891261;;;
-0,004759563;7,143786346;;;
-0,005279004;7,142565641;;;
-0,005861877;7,141715956;;;
-0,006206764;7,124323239;;;
-0,006843452;7,119994062;;;
-0,007245405;7,098442752;;;
-0,007773507;7,099983022;;;
-0,00839863;7,093514353;;;
-0,008812111;7,090184321;;;
-0,009325512;7,07283173;;;
-0,009985699;7,059957176;;;
-0,010407764;7,043950934;;;
-0,010818201;7,035864021;;;
-0,01140127;7,007171661;;;
-0,01187395;7,017747075;;;
-0,012488841;7,021701385;;;
-0,012921249;6,988781355;;;
-0,013288159;6,987184967;;;
-0,013920068;6,968230871;;;
-0,014364415;6,965061425;;;
-0,014848782;6,960070671;;;
-0,015384943;6,939648039;;;
-0,015916195;6,928646616;;;
-0,016317045;6,909056686;;;
-0,016913738;6,915222708;;;
-0,017276617;6,895227297;;;
-0,017915851;6,885501489;;;
-0,018572865;6,874170244;;;
-0,018959166;6,873593236;;;
-0,019250548;6,857380805;;;
-0,019905847;6,838213953;;;
-0,020380454;6,828492108;;;
-0,020940328;6,817970619;;;
-0,021404855;6,804312744;;;
-0,021786477;6,814208728;;;
-0,022189284;6,794262213;;;
-0,022776647;6,791753935;;;
-0,023240978;6,786508224;;;
-0,023766544;6,774020669;;;
-0,024189653;6,759550998;;;
-0,024900138;6,74363482;;;
-0,025370473;6,735293511;;;
-0,02561889;6,737295845;;;
-0,026290879;6,712092562;;;
-0,026829483;6,693431488;;;
-0,027310718;6,689219218;;;
-0,027842844;6,674759815;;;
-0,028278688;6,670780041;;;
-0,028906366;6,648821802;;;
-0,029287882;6,641481095;;;
-0,029730082;6,642373184;;;
-0,030272909;6,629295545;;;
-0,030979866;6,616611139;;;
-0,031365741;6,607966046;;;
-0,031765498;6,606960331;;;
-0,032374866;6,598951028;;;
-0,032832004;6,585485041;;;
-0,03319582;6,571593866;;;
-0,033968505;6,567235823;;;
-0,034443293;6,56376064;;;
-0,034837868;6,563760135;;;
-0,035550103;6,544832317;;;
-0,035901036;6,542481931;;;
-0,036374286;6,520190477;;;
-0,037029192;6,518934404;;;
-0,037411679;6,491347699;;;
-0,037840113;6,477897834;;;
-0,038453951;6,47953935;;;
-0,038919065;6,451142651;;;
-0,039573591;6,436381273;;;
-0,040063225;6,435909882;;;
-0,040342987;6,427002611;;;
-0,040732149;6,410759355;;;
-0,04135558;6,397026797;;;
-0,041740518;6,41338258;;;
-0,042398911;6,399198598;;;
-0,042843707;6,378642005;;;
-0,043329611;6,369029769;;;
-0,04379813;6,362305113;;;
-0,044303704;6,333758035;;;
-0,044796869;6,339781613;;;
-0,045412909;6,333964912;;;
-0,045952238;6,325261327;;;
-0,046293702;6,320471169;;;
-0,046791978;6,314568888;;;
-0,047420412;6,295749576;;;
-0,04790723;6,286510675;;;
-0,04828674;6,303833734;;;
-0,048689682;6,284016071;;;
-0,049333133;6,258515851;;;
-0,049839661;6,257312658;;;
-0,050157111;6,261425563;;;
-0,050763227;6,225838067;;;
-0,051310234;6,226611339;;;
-0,051786661;6,228674982;;;
-0,052331313;6,220305734;;;
-0,052729841;6,212899356;;;
-0,05340391;6,193349919;;;
-0,053843021;6,166655194;;;
-0,054421689;6,166531243;;;
-0,054942355;6,162270531;;;
-0,05544934;6,148368961;;;
-0,055768292;6,123327015;;;
-0,056500673;6,121654651;;;
-0,056924921;6,114084579;;;
-0,057306536;6,110318951;;;
-0,057886187;6,10083419;;;
-0,058333967;6,094315565;;;
-0,05880468;6,086370863;;;
-0,059283603;6,069966308;;;
-0,059799906;6,062054226;;;
-0,060287647;6,032852197;;;
-0,060955353;6,004214782;;;
-0,061323423;6,004280414;;;
-0,061774861;6,002449603;;;
-0,062283844;5,984326313;;;
-0,062806547;5,980258115;;;
-0,063371435;5,968783754;;;
-0,063894205;5,965430549;;;
-0,064304739;5,958482881;;;
-0,064877898;5,949567147;;;
-0,065296568;5,951177057;;;
-0,065597951;5,942570056;;;
-0,066377051;5,918069838;;;
-0,066768058;5,91275054;;;
-0,067204252;5,901228068;;;
-0,06766405;5,88689488;;;
-0,068169549;5,884877124;;;
-0,068783775;5,872210248;;;
-0,069323391;5,85801459;;;
-0,069701552;5,85905301;;;
-0,07017982;5,857502797;;;
-0,070913643;5,842215812;;;
-0,071260065;5,821706415;;;
-0,071925744;5,806328601;;;
-0,072268523;5,807921076;;;
-0,072838627;5,791451211;;;
-0,073239371;5,789905769;;;
-0,073869251;5,76352749;;;
-0,074249893;5,765249735;;;
-0,074773416;5,750406452;;;
-0,075249471;5,748841328;;;
-0,075845249;5,733728185;;;
-0,076449439;5,725378286;;;
-0,076740064;5,712008785;;;
-0,077258505;5,698480224;;;
-0,077739991;5,695982634;;;
-0,078290097;5,703427965;;;
-0,078810476;5,686007803;;;
-0,079359584;5,684484209;;;
-0,079844326;5,668836096;;;
-0,080379173;5,666175371;;;
-0,080864295;5,645928155;;;
-0,081268065;5,64494788;;;
-0,081934489;5,631703688;;;
-0,082193367;5,617199358;;;
-0,082715064;5,614945647;;;
-0,083339341;5,606659295;;;
-0,083816141;5,607129334;;;
-0,084276676;5,594056967;;;
-0,084812135;5,569821157;;;
-0,085269652;5,553418762;;;
-0,085692048;5,55506552;;;
-0,086131997;5,5484935;;;
-0,086705126;5,536342709;;;
-0,087242819;5,534143069;;;
-0,087748639;5,518691827;;;
-0,088260591;5,511503613;;;
-0,08877378;5,504639858;;;
-0,089231908;5,497828181;;;
-0,08968541;5,477686765;;;
-0,090242013;5,473777846;;;
-0,090814538;5,446956184;;;
-0,091304109;5,44488922;;;
-0,091744244;5,439158071;;;
-0,092301995;5,408032394;;;
-0,092734426;5,408399819;;;
-0,093316562;5,401020815;;;
-0,093632527;5,390162522;;;
-0,094198465;5,388348888;;;
-0,094763637;5,360004972;;;
-0,095268212;5,360984194;;;
-0,095714495;5,369287962;;;
-0,096174791;5,353032012;;;
-0,096711144;5,337083426;;;
-0,097259074;5,321906481;;;
-0,097813673;5,322913078;;;
-0,098171987;5,305754064;;;
-0,098764181;5,28868992;;;
-0,099254422;5,283010558;;;
-0,099707216;5,276083044;;;
-0,100344039;5,26514616;;;
-0,100755677;5,255907007;;;
-0,10128136;5,255733816;;;
-0,101866618;5,240173199;;;
-0,102304287;5,233209258;;;
-0,102724321;5,226027074;;;
-0,10334225;5,223820666;;;
-0,10384655;5,215486756;;;
-0,10423179;5,205938276;;;
-0,104743838;5,17732728;;;
-0,105352126;5,189269962;;;
-0,105838932;5,182485916;;;
-0,106412344;5,169522047;;;
-0,106788486;5,147269842;;;
-0,107243471;5,132761798;;;
-0,107783169;5,1265208;;;
-0,1082507;5,132559631;;;
-0,108755514;5,114149668;;;
-0,109346919;5,099967954;;;
-0,109814383;5,096538014;;;
-0,110238396;5,092357653;;;
-0,110782295;5,074486973;;;
-0,111179873;5,06445229;;;
-0,111839399;5,058997195;;;
-0,112234689;5,05481267;;;
-0,112594083;5,04313467;;;
-0,113297038;5,032662396;;;
-0,113876849;5,023138663;;;
-0,114121914;5,008167597;;;
-0,1147248;5,01399948;;;
-0,115097329;4,999596678;;;
-0,115838431;4,986084228;;;
-0,116394468;4,984172641;;;
-0,11678078;4,935020445;;;
-0,117267288;4,938052608;;;
-0,117845826;4,922660891;;;
-0,11826276;4,916179502;;;
-0,118752874;4,910052113;;;
-0,119308993;4,895774291;;;
-0,119689792;4,895604008;;;
-0,120333359;4,899842708;;;
-0,120781392;4,895548713;;;
-0,121269241;4,862436052;;;
-0,121742211;4,867241952;;;
-0,122299783;4,866666251;;;
-0,12278001;4,849515217;;;
-0,123294346;4,854561333;;;
-0,123760611;4,838529172;;;
-0,124353141;4,831611215;;;
-0,124917232;4,822616033;;;
-0,125237331;4,811267027;;;
-0,125775963;4,801178821;;;
-0,12642695;4,779969378;;;
-0,126835063;4,771484013;;;
-0,127438158;4,769046152;;;
-0,127832979;4,762515483;;;
-0,12815173;4,750451079;;;
-0,128796399;4,747044604;;;
-0,129274473;4,738125247;;;
-0,129843622;4,723616858;;;
-0,130345166;4,71673649;;;
-0,130715534;4,710730413;;;
-0,131179348;4,70117732;;;
-0,131729752;4,699662903;;;
-0,132135838;4,681737854;;;
-0,132708222;4,679480396;;;
-0,133314654;4,656436954;;;
-0,133632019;4,65625832;;;
-0,134165853;4,6529896;;;
-0,134628043;4,632297401;;;
-0,13520503;4,629718386;;;
-0,135801584;4,608851207;;;
-0,1363042;4,595983664;;;
-0,1366532;4,599620929;;;
-0,137214869;4,588986918;;;
-0,137810737;4,582279947;;;
-0,138138428;4,575757275;;;
-0,13871941;4,57783694;;;
-0,139148504;4,564381845;;;
-0,139697701;4,552435796;;;
-0,140219599;4,535865411;;;
-0,140687853;4,535919012;;;
-0,141168147;4,529833148;;;
-0,141738459;4,522204311;;;
-0,142230272;4,498058102;;;
-0,142657503;4,492564165;;;
-0,143298;4,488733861;;;
-0,143622324;4,475116303;;;
-0,144203499;4,47232003;;;
-0,144757882;4,467296339;;;
-0,14513205;4,460220505;;;
-0,145629093;4,457591014;;;
-0,1462823;4,456456768;;;
-0,146811321;4,441086237;;;
-0,147179246;4,425958805;;;
-0,147683725;4,411559061;;;
-0,14830184;4,395901887;;;
-0,148758918;4,383067862;;;
-0,149179772;4,387312766;;;
-0,149705395;4,368963152;;;
-0,150147647;4,355059019;;;
-0,150777236;4,350884262;;;
-0,151237488;4,348925288;;;
-0,151613042;4,34186011;;;
-0,152231976;4,328035528;;;
-0,152684405;4,322569545;;;
-0,153049394;4,323674999;;;
-0,153704315;4,303541506;;;
-0,154223636;4,299055981;;;
-0,154611051;4,286126778;;;
-0,155178174;4,284809324;;;
-0,155769646;4,27253487;;;
-0,156056881;4,260972298;;;
-0,156686679;4,257886793;;;
-0,157217726;4,243402867;;;
-0,15758881;4,236280683;;;
-0,15828234;4,224959406;;;
-0,158627972;4,22729253;;;
-0,159184292;4,220046062;;;
-0,159707129;4,205307415;;;
-0,160247669;4,195307316;;;
-0,160598546;4,187117523;;;
-0,161391377;4,177850162;;;
-0,161791235;4,172678298;;;
-0,162152633;4,165256798;;;
-0,162674293;4,143619345;;;
-0,163156942;4,139289744;;;
-0,163674161;4,137941995;;;
-0,164295182;4,12262905;;;
-0,164703727;4,117833026;;;
-0,165192246;4,110672304;;;
-0,165777177;4,107162704;;;
-0,166129559;4,079925532;;;
-0,166678607;4,080600406;;;
-0,167257234;4,069615829;;;
-0,167561993;4,058904191;;;
-0,168176383;4,058606412;;;
-0,16872023;4,043561576;;;
-0,169173107;4,027540029;;;
-0,169610947;4,030444752;;;
-0,170383587;4,018389542;;;
-0,170744032;4,01351705;;;
-0,171086386;4,008009485;;;
-0,1716685;4,009079241;;;
-0,172290847;3,975173951;;;
-0,172763899;3,970967982;;;
-0,173112735;3,966295881;;;
-0,173658565;3,963225247;;;
-0,174384788;3,950969572;;;
-0,174752459;3,946544997;;;
-0,175206333;3,928908913;;;
-0,175742686;3,927476186;;;
-0,176215574;3,92616928;;;
-0,176676765;3,918854633;;;
-0,177176043;3,91323701;;;
-0,177682981;3,893129113;;;
-0,17815046;3,882447805;;;
-0,17874828;3,863829748;;;
-0,179176614;3,867285379;;;
-0,179686487;3,855780969;;;
-0,180159211;3,845375208;;;
-0,180643991;3,839196976;;;
-0,181160241;3,816568599;;;
-0,181697577;3,816912376;;;
-0,182075173;3,821219668;;;
-0,182648599;3,814275613;;;
-0,183061764;3,799830471;;;
-0,183613375;3,782072889;;;
-0,184243053;3,792008419;;;
-0,184633046;3,774806853;;;
-0,185068935;3,764585048;;;
-0,185600936;3,756167138;;;
-0,186169535;3,753162738;;;
-0,186551094;3,749757666;;;
-0,187138289;3,725086291;;;
-0,187768072;3,72265253;;;
-0,188196093;3,71837733;;;
-0,188566372;3,705351656;;;
-0,189067885;3,702320717;;;
-0,189722732;3,699442116;;;
-0,190211415;3,695509034;;;
-0,190612584;3,685543991;;;
-0,191167891;3,676684317;;;
-0,191692591;3,671841584;;;
-0,192146555;3,654986236;;;
-0,192757964;3,650922079;;;
-0,193197861;3,640039258;;;
-0,193637133;3,627572745;;;
-0,194172278;3,619682604;;;
-0,194669366;3,615873102;;;
-0,195061013;3,609040657;;;
-0,195608824;3,602634422;;;
-0,196278781;3,59355591;;;
-0,196491107;3,566806232;;;
-0,197139591;3,570251423;;;
-0,197587952;3,55107237;;;
-0,198059008;3,547476445;;;
-0,198701337;3,546094858;;;
-0,199140042;3,522406063;;;
-0,199438229;3,512741074;;;
-0,200051889;3,50953595;;;
-0,200652793;3,491201781;;;
-0,201138571;3,49219001;;;
-0,201620772;3,48394986;;;
-0,202189088;3,47361604;;;
-0,202619508;3,466276067;;;
-0,203093469;3,467668077;;;
-0,203705028;3,451957123;;;
-0,2040824;3,445090372;;;
-0,204780057;3,43690774;;;
-0,205194816;3,43027879;;;
-0,205737337;3,427635936;;;
-0,206136078;3,427005268;;;
-0,206653416;3,421593769;;;
-0,207264021;3,402590771;;;
-0,207758158;3,389526854;;;
-0,208270162;3,384081111;;;
-0,208787322;3,37454315;;;
-0,209191382;3,36422164;;;
-0,209644124;3,354735343;;;
-0,210366905;3,352603879;;;
-0,210623801;3,349116427;;;
-0,211373329;3,344267165;;;
-0,211728126;3,339005723;;;
-0,212151349;3,315576878;;;
-0,212640151;3,307053705;;;
-0,213099122;3,30347847;;;
-0,213623911;3,299763526;;;
-0,214228109;3,29217107;;;
-0,214677453;3,28068545;;;
-0,214933053;3,273273622;;;
-0,215693191;3,266404058;;;
-0,216042101;3,253671018;;;
-0,216625109;3,255414936;;;
-0,21713303;3,243168396;;;
-0,217593014;3,231063929;;;
-0,218188956;3,220654846;;;
-0,218681768;3,218175891;;;
-0,219052732;3,209901954;;;
-0,219682649;3,198054679;;;
-0,220161766;3,194049677;;;
-0,220608056;3,185517103;;;
-0,221206188;3,179131223;;;
-0,221639737;3,17233266;;;
-0,222077429;3,166764171;;;
-0,222669855;3,156400686;;;
-0,223086014;3,149415731;;;
-0,223525658;3,139637213;;;
-0,224199787;3,137300817;;;
-0,224535286;3,129952988;;;
-0,225217655;3,113088844;;;
-0,22571981;3,109687189;;;
-0,226043716;3,106339673;;;
-0,226726145;3,088826343;;;
-0,227336645;3,086241413;;;
-0,227685571;3,081897592;;;
-0,228224322;3,068339913;;;
-0,228747696;3,059601319;;;
-0,229248181;3,052021273;;;
-0,229773208;3,036626493;;;
-0,230325311;3,032706554;;;
-0,230575636;3,025941838;;;
-0,231081292;3,018737979;;;
-0,231763899;3,011238873;;;
-0,232182816;3,005566007;;;
-0,232614309;2,994065413;;;
-0,233250305;2,989063092;;;
-0,233709231;2,979542845;;;
-0,23418951;2,974987516;;;
-0,234608382;2,965951172;;;
-0,235159591;2,953292151;;;
-0,235685751;2,948293582;;;
-0,23623246;2,939644574;;;
-0,236550525;2,930943297;;;
-0,237233162;2,927861617;;;
-0,237704039;2,911225823;;;
-0,238095582;2,906235245;;;
-0,23881641;2,906462628;;;
-0,239332214;2,891866378;;;
-0,239558429;2,879980611;;;
-0,240167573;2,871789034;;;
-0,240832299;2,868277392;;;
-0,241194278;2,855594074;;;
-0,24179104;2,857488839;;;
-0,242118239;2,847987858;;;
-0,242743894;2,84408681;;;
-0,243194684;2,842897025;;;
-0,243668303;2,819903727;;;
-0,244233534;2,82292275;;;
-0,244784757;2,803182612;;;
-0,245223269;2,796103609;;;
-0,245449349;2,786662352;;;
-0,246132433;2,779871868;;;
-0,246620715;2,772684627;;;
-0,247247487;2,766974332;;;
-0,247721195;2,761692817;;;
-0,248132363;2,753543879;;;
-0,248595849;2,745921152;;;
-0,24921608;2,736127756;;;
-0,249707967;2,731116816;;;
-0,250137508;2,725263568;;;
-0,250738472;2,714092563;;;
-0,251149595;2,696487355;;;
-0,251733899;2,694694723;;;
-0,252276719;2,692980661;;;
-0,252699822;2,68405739;;;
-0,253208727;2,668693021;;;
-0,253882736;2,662774582;;;
-0,254079849;2,655730819;;;
-0,254513592;2,655114607;;;
-0,255248249;2,647421915;;;
-0,255642891;2,636878128;;;
-0,256212145;2,628977073;;;
-0,256668985;2,62373287;;;
-0,257137626;2,613358381;;;
-0,257584929;2,595679208;;;
-0,258176476;2,593975969;;;
-0,258504093;2,593170501;;;
-0,259107322;2,585380928;;;
-0,259718806;2,576275735;;;
-0,260119528;2,576087575;;;
-0,260535419;2,565672307;;;
-0,261175603;2,56801157;;;
-0,261604041;2,548471435;;;
-0,262195587;2,538969161;;;
-0,262757093;2,532072757;;;
-0,263123155;2,521887737;;;
-0,26352185;2,523315824;;;
-0,264151573;2,511070566;;;
-0,264561981;2,508692525;;;
-0,265201092;2,497777695;;;
-0,26580739;2,485165095;;;
-0,266196638;2,4804883;;;
-0,266654432;2,472585367;;;
-0,267310917;2,460226606;;;
-0,267629981;2,44881556;;;
-0,268120617;2,44566332;;;
-0,268737644;2,440516832;;;
-0,269184142;2,436270944;;;
-0,269513786;2,43370869;;;
-0,270059884;2,424144551;;;
-0,270642906;2,412500248;;;
-0,271297783;2,411859249;;;
-0,271645665;2,402135438;;;
-0,272038132;2,39413101;;;
-0,272558391;2,38994403;;;
-0,27311787;2,381467616;;;
-0,273539066;2,376894217;;;
-0,274115592;2,376386325;;;
-0,27476117;2,357715463;;;
-0,275097668;2,348670391;;;
-0,2755768;2,342545659;;;
-0,276177526;2,338102174;;;
-0,276569068;2,331712534;;;
-0,277123243;2,321271481;;;
-0,277766705;2,315643911;;;
-0,278140336;2,3135827;;;
-0,278557748;2,307736798;;;
-0,279194891;2,294455193;;;
-0,279744148;2,281681432;;;
-0,280182987;2,278136426;;;
-0,280892998;2,273427633;;;
-0,281156421;2,269952362;;;
-0,281445861;2,255418553;;;
-0,282256514;2,250652508;;;
-0,28256917;2,245608429;;;
-0,283192754;2,239367479;;;
-0,283736318;2,230292901;;;
-0,284157544;2,226781059;;;
-0,284591913;2,217863081;;;
-0,28521347;2,210012262;;;
-0,285611957;2,203360551;;;
-0,286090106;2,199384963;;;
-0,286682934;2,191438418;;;
-0,287115306;2,183931684;;;
-0,28761363;2,177437872;;;
-0,288104355;2,171005759;;;
-0,288676739;2,160201508;;;
-0,289179355;2,159438722;;;
-0,289692581;2,147883751;;;
-0,290094316;2,136853358;;;
-0,290614814;2,12919942;;;
-0,290979564;2,1293022;;;
-0,291648358;2,121600921;;;
-0,292032242;2,109052612;;;
-0,292662174;2,100779462;;;
-0,29330647;2,098100382;;;
-0,293636024;2,091345338;;;
-0,294336945;2,087498513;;;
-0,294609308;2,084798709;;;
-0,295150995;2,070874896;;;
-0,295628548;2,058253589;;;
-0,296325803;2,054722779;;;
-0,296577007;2,046598206;;;
-0,29714939;2,044663983;;;
-0,297734648;2,04331376;;;
-0,298246562;2,03114672;;;
-0,298784375;2,020881999;;;
-0,299162567;2,006358417;;;
-0,299564391;2,0054066;;;
-0,30008924;1,998991051;;;
-0,30053997;1,994046483;;;
-0,301142156;1,986175443;;;
-0,301679611;1,980589842;;;
-0,302153409;1,977309653;;;
-0,302564949;1,970234562;;;
-0,303202957;1,961323378;;;
-0,303542137;1,954298511;;;
-0,304037571;1,951816499;;;
-0,304624707;1,942689204;;;
-0,30520761;1,936835969;;;
-0,305450559;1,931900116;;;
-0,306141615;1,922538269;;;
-0,306693941;1,915545203;;;
-0,307018667;1,90604599;;;
-0,30767566;1,903449979;;;
-0,308298588;1,894981076;;;
-0,308495253;1,893040602;;;
-0,309145153;1,883723644;;;
-0,309617579;1,87586272;;;
-0,310076088;1,875479238;;;
-0,310479999;1,860759978;;;
-0,311216265;1,855295215;;;
-0,311664164;1,853838881;;;
-0,312007517;1,848974534;;;
-0,312626511;1,839600107;;;
-0,313106716;1,834694198;;;
-0,313528806;1,82545697;;;
-0,31401214;1,82085128;;;
-0,314604729;1,814689386;;;
-0,315037578;1,811201571;;;
-0,31546241;1,804109293;;;
-0,316110075;1,797323778;;;
-0,316556692;1,790360122;;;
-0,317036778;1,78798304;;;
-0,317560434;1,775887989;;;
-0,317852229;1,768060194;;;
-0,318570793;1,76584524;;;
-0,31902653;1,757079356;;;
-0,319429696;1,753213453;;;
-0,319979876;1,743674549;;;
-0,320453495;1,736436498;;;
-0,320988208;1,729887875;;;
-0,321489692;1,726120862;;;
-0,32199496;1,721825819;;;
-0,322385222;1,714894285;;;
-0,323136926;1,697492637;;;
-0,323470742;1,696027403;;;
-0,323931009;1,69320165;;;
-0,324514925;1,68834285;;;
-0,325192392;1,680414759;;;
-0,325641841;1,675510153;;;
-0,326021582;1,664779003;;;
-0,326597273;1,667071008;;;
-0,327185661;1,656996842;;;
-0,327490151;1,653107645;;;
-0,328058094;1,648982956;;;
-0,328546762;1,635046663;;;
-0,329047292;1,631079997;;;
-0,329624772;1,625492201;;;
-0,330030054;1,621092803;;;
-0,330635309;1,617607567;;;
-0,3310996;1,609514964;;;
-0,331501514;1,602255399;;;
-0,332090974;1,597687725;;;
-0,332486242;1,590164328;;;
-0,332966655;1,583537308;;;
-0,333594233;1,579896626;;;
-0,334024519;1,575226315;;;
-0,334695429;1,567241358;;;
-0,335091174;1,556783692;;;
-0,335661024;1,558958572;;;
-0,336112142;1,556450597;;;
-0,33659339;1,544624352;;;
-0,337080628;1,53434043;;;
-0,337599486;1,534959286;;;
-0,338294059;1,534118817;;;
-0,338547081;1,514041428;;;
-0,339220256;1,510374599;;;
-0,339713514;1,505909531;;;
-0,340244234;1,499914593;;;
-0,340624958;1,496644697;;;
-0,341014355;1,491874872;;;
-0,341536909;1,487803445;;;
-0,342030764;1,475872335;;;
-0,342600048;1,474875706;;;
-0,343013644;1,469776436;;;
-0,343576401;1,464134213;;;
-0,344111919;1,457875365;;;
-0,344629467;1,449635346;;;
-0,34511143;1,448133672;;;
-0,34550786;1,437757438;;;
-0,345932484;1,430050995;;;
-0,346563935;1,427576502;;;
-0,347099125;1,419622078;;;
-0,347446382;1,412871512;;;
-0,348082125;1,409236753;;;
-0,348645836;1,405622748;;;
-0,349043906;1,401260549;;;
-0,349497616;1,390301406;;;
-0,350135416;1,388364672;;;
-0,350489646;1,379825165;;;
-0,351196975;1,369363018;;;
-0,351588726;1,366678771;;;
-0,352053463;1,36294278;;;
-0,352617681;1,361100977;;;
-0,353255481;1,358000863;;;
-0,353585064;1,346890025;;;
-0,354162067;1,337447641;;;
-0,354489535;1,335292488;;;
-0,354960293;1,333436996;;;
-0,355624229;1,330555543;;;
-0,356103092;1,318351047;;;
-0,356476396;1,313933529;;;
-0,357053012;1,310717562;;;
-0,357624471;1,304081149;;;
-0,357965767;1,29836895;;;
-0,358544648;1,291880945;;;
-0,359061003;1,286482584;;;
-0,35946396;1,283480033;;;
-0,359985501;1,276173211;;;
-0,360441417;1,273641054;;;
-0,360889822;1,265753758;;;
-0,361554265;1,263256004;;;
-0,362120569;1,257386643;;;
-0,362525463;1,248400105;;;
-0,36302352;1,242278984;;;
-0,363441795;1,240658182;;;
-0,364047021;1,230424429;;;
-0,364545107;1,225030863;;;
-0,364919454;1,218976611;;;
-0,365420759;1,21371362;;;
-0,36609292;1,210680525;;;
-0,3664608;1,20516586;;;
-0,366958022;1,197898583;;;
-0,367551684;1,194791341;;;
-0,367988437;1,187665752;;;
-0,368518531;1,183521807;;;
-0,368861228;1,178755255;;;
-0,369469464;1,173880486;;;
-0,369994313;1,166390641;;;
-0,37052232;1,164559096;;;
-0,370957762;1,156498358;;;
-0,37156114;1,152849024;;;
-0,371944934;1,144550701;;;
-0,372493029;1,14322764;;;
-0,373047352;1,1367381;;;
-0,373399794;1,130441351;;;
-0,374067307;1,129440889;;;
-0,374512583;1,121390244;;;
-0,375019461;1,112321148;;;
-0,375601143;1,109991388;;;
-0,376167417;1,101058896;;;
-0,376369208;1,099186979;;;
-0,376942158;1,100202422;;;
-0,37747252;1,088376395;;;
-0,377925426;1,08240171;;;
-0,378513575;1,078771081;;;
-0,379052103;1,07405365;;;
-0,379563272;1,068817122;;;
-0,379917055;1,064749275;;;
-0,380345315;1,058689411;;;
-0,380839735;1,052603052;;;
-0,381537169;1,052142098;;;
-0,382071376;1,043959319;;;
-0,38264209;1,033139492;;;
-0,383071989;1,030620152;;;
-0,383471817;1,027302644;;;
-0,384055108;1,025412024;;;
-0,384591192;1,013496763;;;
-0,385120422;1,008136404;;;
-0,385646224;1,004792631;;;
-0,386084884;1,001106224;;;
-0,386554718;0,997781767;;;
-0,387248009;0,985999737;;;
-0,387645692;0,983000282;;;
-0,388140917;0,977605268;;;
-0,388777763;0,977414761;;;
-0,389015079;0,969917205;;;
-0,389603704;0,965430494;;;
-0,390130639;0,960257525;;;
-0,39059642;0,954403588;;;
-0,391135812;0,94967957;;;
-0,39188838;0,942545328;;;
-0,392101228;0,940236112;;;
-0,39254269;0,935172497;;;
-0,393130809;0,928500742;;;
-0,393562436;0,925739614;;;
-0,394128531;0,917225378;;;
-0,394551218;0,915261573;;;
-0,395048827;0,912722587;;;
-0,395470589;0,909361924;;;
-0,396116108;0,901612166;;;
-0,396455586;0,894920323;;;
-0,397040635;0,891713743;;;
-0,397396863;0,885272402;;;
-0,398032099;0,878531952;;;
-0,398520529;0,875441035;;;
-0,398996651;0,871315792;;;
-0,399513513;0,867712834;;;
-0,399973899;0,859544674;;;
-0,400399983;0,854706196;;;
-0,400970578;0,851583135;;;
-0,401547194;0,845835802;;;
-0,401835024;0,842475319;;;
-0,402526855;0,837204589;;;
-0,403125733;0,835353421;;;
-0,403401703;0,830457233;;;
-0,403943181;0,821797903;;;
-0,404386342;0,818117348;;;
-0,40495795;0,813869568;;;
-0,405528128;0,811151676;;;
-0,406125009;0,805066906;;;
-0,406491578;0,801140079;;;
-0,406890482;0,797735142;;;
-0,407521248;0,787860545;;;
-0,40808627;0,78512915;;;
-0,40853706;0,781930964;;;
-0,409017175;0,77712186;;;
-0,409671128;0,769943208;;;
-0,40997985;0,763947303;;;
-0,410490751;0,761009564;;;
-0,411169201;0,754962639;;;
-0,41151616;0,750724418;;;
-0,412093848;0,749765791;;;
-0,412791193;0,743473534;;;
-0,413131684;0,734418447;;;
-0,413630962;0,731658751;;;
-0,41416201;0,72713211;;;
-0,414486796;0,724669581;;;
-0,415076941;0,721415463;;;
-0,415690392;0,715324715;;;
-0,416118234;0,706972341;;;
-0,416489989;0,704967986;;;
-0,417156637;0,700933581;;;
-0,417650074;0,697048331;;;
-0,418134362;0,694235546;;;
-0,418468386;0,685907145;;;
-0,41892007;0,683936682;;;
-0,419522196;0,678112452;;;
-0,419975728;0,673922137;;;
-0,420594811;0,669607732;;;
-0,420986176;0,66642274;;;
-0,42143783;0,661120742;;;
-0,422036737;0,657001461;;;
-0,422477007;0,650992812;;;
-0,4230766;0,646303655;;;
-0,423579335;0,643977223;;;
-0,424133033;0,63724347;;;
-0,424518436;0,633325425;;;
-0,425053895;0,629380962;;;
-0,425504714;0,626475609;;;
-0,426065177;0,623296089;;;
-0,426671892;0,617241221;;;
-0,427222162;0,608856747;;;
-0,427653939;0,604489819;;;
-0,427937537;0,600536582;;;
-0,428670079;0,59686328;;;
-0,429084629;0,592401632;;;
-0,429658413;0,588087325;;;
-0,430147856;0,586734072;;;
-0,430633605;0,578452632;;;
-0,430918753;0,573905335;;;
-0,431441426;0,571795261;;;
-0,432101905;0,566675823;;;
-0,432557613;0,563607577;;;
-0,433101565;0,559594585;;;
-0,433570832;0,554821308;;;
-0,434081107;0,549376615;;;
-0,434504241;0,547125014;;;
-0,434942037;0,542503637;;;
-0,43543303;0,534854525;;;
-0,436095268;0,532293703;;;
-0,436587036;0,527787194;;;
-0,437059104;0,524730849;;;
-0,437653631;0,518566287;;;
-0,438049167;0,515250135;;;
-0,438526213;0,511499793;;;
-0,43913269;0,5060617;;;
-0,439654529;0,501878722;;;
-0,440010399;0,498166182;;;
-0,440468699;0,495759898;;;
-0,441025168;0,48939788;;;
-0,441617697;0,48514904;;;
-0,442226052;0,480418619;;;
-0,442610949;0,478387356;;;
-0,4430255;0,469561776;;;
-0,443469673;0,466684518;;;
-0,444073111;0,464284041;;;
-0,444472611;0,461812602;;;
-0,444965571;0,455833113;;;
-0,445532948;0,451855746;;;
-0,445946246;0,446788787;;;
-0,446516603;0,44131551;;;
-0,44698;0,43815536;;;
-0,447527826;0,43410046;;;
-0,447925508;0,431443117;;;
-0,448445976;0,426769598;;;
-0,449028015;0,421199834;;;
-0,449483901;0,41852098;;;
-0,449959725;0,412672964;;;
-0,45044443;0,409248294;;;
-0,450924605;0,406286504;;;
-0,451458961;0,400351865;;;
-0,45193699;0,397435016;;;
-0,452385545;0,392951798;;;
-0,452878416;0,387123939;;;
-0,453496486;0,383304629;;;
-0,453978628;0,378568686;;;
-0,454443216;0,37549874;;;
-0,454918087;0,370295092;;;
-0,455449462;0,36612412;;;
-0,455904037;0,362143729;;;
-0,456562489;0,357982714;;;
-0,456959963;0,355774839;;;
-0,457449883;0,349926463;;;
-0,457999974;0,347217433;;;
-0,458392471;0,342977258;;;
-0,459032714;0,338745332;;;
-0,459575385;0,334748716;;;
-0,460067242;0,329477134;;;
-0,460423559;0,326013804;;;
-0,461011022;0,321903636;;;
-0,461598396;0,31861377;;;
-0,462045759;0,314486586;;;
-0,462698668;0,310445175;;;
-0,463116348;0,306396408;;;
-0,463510722;0,301616315;;;
-0,463944256;0,297384774;;;
-0,464661181;0,292529706;;;
-0,46503529;0,288436435;;;
-0,465658247;0,285012708;;;
-0,46617043;0,280439356;;;
-0,466456115;0,277958454;;;
-0,467103302;0,27212745;;;
-0,467684507;0,268728721;;;
-0,468056798;0,265610206;;;
-0,468598396;0,261866391;;;
-0,469000041;0,25638471;;;
-0,469551444;0,254292968;;;
-0,469904512;0,250074774;;;
-0,470460087;0,245147798;;;
-0,470951915;0,240946269;;;
-0,471556038;0,237108315;;;
-0,47195667;0,232558624;;;
-0,47253257;0,229054457;;;
-0,472972453;0,224643916;;;
-0,473267585;0,220603171;;;
-0,473922491;0,216848059;;;
-0,474339068;0,214195673;;;
-0,474867344;0,21003355;;;
-0,47544682;0,205179866;;;
-0,476017088;0,201026104;;;
-0,476311982;0,19731681;;;
-0,477048635;0,192942511;;;
-0,477456838;0,189055956;;;
-0,477874607;0,185325151;;;
-0,478412002;0,181302937;;;
-0,478928596;0,176921007;;;
-0,479423463;0,172731769;;;
-0,479892224;0,169115401;;;
-0,480416805;0,16581026;;;
-0,480941594;0,162290899;;;
-0,481478065;0,157965969;;;
-0,481809974;0,154478623;;;
-0,482420504;0,151194868;;;
-0,482950807;0,146860876;;;
-0,483621478;0,143304221;;;
-0,48405531;0,139026523;;;
-0,484415829;0,134556773;;;
-0,485108912;0,131158614;;;
-0,485498279;0,126835895;;;
-0,486069649;0,123862008;;;
-0,486510724;0,1202401;;;
-0,487077028;0,116337405;;;
-0,487478703;0,112802266;;;
-0,488066018;0,108432424;;;
-0,488610774;0,104517333;;;
-0,489116549;0,101059338;;;
-0,489747167;0,097251975;;;
-0,490062892;0,094119238;;;
-0,490426928;0,090724314;;;
-0,491104275;0,086845982;;;
-0,491798609;0,083279936;;;
-0,492125005;0,079815057;;;
-0,492664665;0,076644994;;;
-0,493260682;0,072534747;;;
-0,493607014;0,068650265;;;
-0,494027346;0,065727189;;;
-0,494476497;0,062376785;;;
-0,495024383;0,05896178;;;
-0,495456278;0,055981757;;;
-0,496107072;0,052680018;;;
-0,496583939;0,048625698;;;
-0,496948957;0,045460929;;;
-0,497551054;0,042351377;;;
-0,498001307;0,039052502;;;
-0,498458445;0,035596702;;;
-0,498948157;0,032797409;;;
-0,499586135;0,028563747;;;
-0,499805838;0,025205688;;;
-0,500457823;0,022591892;;;
-0,501064122;0,019139989;;;
-0,501439571;0,015623995;;;
-0,501947284;0,013194765;;;
-0,502329051;0,010296785;;;
-0,502862453;0,007413135;;;
-0,503307164;0,005062209;;;
-0,503782332;0,000128433;;;
-0,502141237;0,007687509;;;
-0,503954113;-0,000606591;;;
-0,50338161;0,007103078;;;
-0,504297554;-0,001453594;;;
-0,503629684;0,006360154;;;
-0,504030406;-0,001908125;;;
-0,504450262;0,005796323;;;
-0,503419757;-0,002515874;;;
-0,504240334;0,005369541;;;
-0,504488409;-0,002884663;;;
-0,503820479;0,004968008;;;
-0,504373908;-0,003446374;;;
-0,504068553;0,004236183;;;
-0,50404948;-0,004206943;;;
-0,504183054;0,003419511;;;
-0,504850984;-0,005021142;;;
-0,504144907;0,002779226;;;
-0,504412055;-0,005486312;;;
-0,504450262;0,002489442;;;
-0,503457963;-0,006001877;;;
-0,50471741;0,001689562;;;
-0,505156279;-0,006493957;;;
-0,504354835;0,001147378;;;
-0,505175352;-0,007390114;;;
-0,505175352;-9,82477E-05;;;
-0,504641056;-0,008424684;;;
-0,504793704;-0,000819259;;;
-0,5054425;-0,00901992;;;
-0,504736483;-0,001571144;;;
-0,505194426;-0,00967726;;;
-0,505099058;-0,002357699;;;
-0,505480707;-0,010356371;;;
-0,5054425;-0,002807763;;;
-0,505805075;-0,010632977;;;
-0,504946351;-0,003432612;;;
-0,505766928;-0,011464541;;;
-0,504183054;-0,004153563;;;
-0,505633354;-0,011800664;;;
-0,505328059;-0,004812966;;;
-0,506015003;-0,012449781;;;
-0,505270779;-0,005381092;;;
-0,505576134;-0,012837425;;;
-0,505766928;-0,006116269;;;
-0,505919576;-0,013346714;;;
-0,506205857;-0,00647842;;;
-0,506148577;-0,013555156;;;
-0,505537927;-0,007066046;;;
-0,506339431;-0,014109306;;;
-0,504621983;-0,007741096;;;
-0,506339431;-0,015024048;;;
-0,506415725;-0,008783653;;;
-0,506492078;-0,015731339;;;
-0,505919576;-0,009700866;;;
-0,506301224;-0,01672407;;;
-0,506511152;-0,010856825;;;
-0,50622493;-0,017185446;;;
-0,5067783;-0,011247189;;;
-0,506663799;-0,017528642;;;
-0,505919576;-0,011821027;;;
-0,506759226;-0,017860397;;;
-0,506072283;-0,012442357;;;
-0,506473005;-0,018230551;;;
-0,5067783;-0,012854405;;;
-0,506911874;-0,018653625;;;
-0,506492078;-0,013564852;;;
-0,506606579;-0,01901995;;;
-0,507140875;-0,013828126;;;
-0,506492078;-0,019543232;;;
-0,50761795;-0,014909307;;;
-0,50695008;-0,019957105;;;
-0,5068928;-0,015327829;;;
-0,507274449;-0,020382284;;;
-0,50616765;-0,016172015;;;
-0,507427096;-0,020808039;;;
-0,507751524;-0,016384661;;;
-0,507408023;-0,021121799;;;
-0,507217228;-0,016983293;;;
-0,507408023;-0,021366043;;;
-0,50761795;-0,017523314;;;
-0,507808745;-0,02185297;;;
-0,508190453;-0,017940826;;;
-0,507465303;-0,021742857;;;
-0,507579803;-0,018443428;;;
-0,507846951;-0,022028234;;;
-0,507446229;-0,018743279;;;
-0,507770598;-0,022390325;;;
-0,508324027;-0,01936664;;;
-0,507846951;-0,023004659;;;
-0,507866025;-0,020105868;;;
-0,507961452;-0,023488638;;;
-0,508266747;-0,020772237;;;
-0,508304894;-0,024100962;;;
-0,508686543;-0,021644569;;;
-0,508152246;-0,02442041;;;
-0,508056819;-0,022152733;;;
-0,508667469;-0,025013136;;;
-0,50817132;-0,023090489;;;
-0,508266747;-0,026110393;;;
-0,508843541;-0,026674425;;;
-0,509447813;-0,029315431;;;
-0,509862244;-0,032053785;;;
-0,510160387;-0,034410583;;;
-0,510849357;-0,036444831;;;
-0,511226892;-0,039521407;;;
-0,511870325;-0,041846809;;;
-0,512528181;-0,0441016;;;
-0,513002038;-0,046377831;;;
-0,513296187;-0,049058815;;;
-0,513931215;-0,051453103;;;
-0,514488041;-0,05326588;;;
-0,514822841;-0,05529099;;;
-0,515518844;-0,058271978;;;
-0,51585567;-0,060915087;;;
-0,516188383;-0,063529116;;;
-0,516953886;-0,066482674;;;
-0,517473936;-0,067849434;;;
-0,517961919;-0,070399929;;;
-0,518332005;-0,072264139;;;
-0,518846154;-0,074438664;;;
-0,519314647;-0,076315443;;;
-0,51978755;-0,078442692;;;
-0,520318568;-0,080336803;;;
-0,52078712;-0,082594739;;;
-0,52130872;-0,083564903;;;
-0,521839678;-0,085365269;;;
-0,522228837;-0,087312629;;;
-0,522712409;-0,089145683;;;
-0,52330184;-0,091358899;;;
-0,523810744;-0,092804012;;;
-0,524281323;-0,094328248;;;
-0,524726629;-0,096950442;;;
-0,525329947;-0,098298892;;;
-0,52574867;-0,100490467;;;
-0,526452601;-0,102497919;;;
-0,526869297;-0,103138151;;;
-0,527297258;-0,104331005;;;
-0,527690887;-0,106726345;;;
-0,528252661;-0,107935943;;;
-0,529037952;-0,108838244;;;
-0,529343784;-0,110333672;;;
-0,529978693;-0,111935843;;;
-0,530448258;-0,113648377;;;
-0,530786514;-0,115288275;;;
-0,531179667;-0,116515906;;;
-0,531794608;-0,117773648;;;
-0,532308936;-0,118442876;;;
-0,532887578;-0,119675091;;;
-0,533345461;-0,120834826;;;
-0,533817589;-0,121684423;;;
-0,534187496;-0,12308329;;;
-0,53478539;-0,124101944;;;
-0,535337448;-0,124504963;;;
-0,535701334;-0,125592201;;;
-0,536146641;-0,127279038;;;
-0,536821842;-0,127832924;;;
-0,537082672;-0,129196165;;;
-0,537798166;-0,128643707;;;
-0,538373888;-0,130292906;;;
-0,538686097;-0,131451023;;;
-0,539342463;-0,132975619;;;
-0,539804935;-0,133409288;;;
-0,540285468;-0,134044893;;;
-0,540795624;-0,13504742;;;
-0,541346729;-0,136361668;;;
-0,541879177;-0,137141985;;;
-0,542178512;-0,138202162;;;
-0,542656779;-0,13992232;;;
-0,543248653;-0,139328816;;;
-0,543897152;-0,139669035;;;
-0,544338644;-0,140857563;;;
-0,544867218;-0,141390758;;;
-0,545300961;-0,141874084;;;
-0,545719624;-0,142126272;;;
-0,546299696;-0,142444303;;;
-0,546774209;-0,142880775;;;
-0,547277153;-0,143544879;;;
-0,547874928;-0,143970268;;;
-0,548267126;-0,144030748;;;
-0,548713624;-0,145079897;;;
-0,549471557;-0,146187919;;;
-0,549679816;-0,145863543;;;
-0,550313532;-0,147457211;;;
-0,551034093;-0,146171268;;;
-0,551469684;-0,147008719;;;
-0,551702023;-0,146614736;;;
-0,552307606;-0,147732742;;;
-0,552849293;-0,148381195;;;
-0,553317606;-0,148460909;;;
-0,553858101;-0,148879238;;;
-0,554325163;-0,149182282;;;
-0,554791331;-0,149539072;;;
-0,5552665;-0,15000503;;;
-0,555759251;-0,150703681;;;
-0,556209743;-0,150539443;;;
-0,556656182;-0,15100128;;;
-0,557323098;-0,151185874;;;
-0,557842374;-0,151803486;;;
-0,558230519;-0,151338627;;;
-0,558719158;-0,153197127;;;
-0,559377551;-0,151669586;;;
-0,55970329;-0,151531473;;;
-0,560281873;-0,151845563;;;
-0,560706735;-0,152157746;;;
-0,561290979;-0,152636131;;;
-0,561836123;-0,152910384;;;
-0,562359869;-0,152839916;;;
-0,562784672;-0,153226613;;;
-0,563253403;-0,153973315;;;
-0,5637604;-0,15338659;;;
-0,56420666;-0,152531517;;;
-0,564951658;-0,154009162;;;
-0,565450251;-0,154499783;;;
-0,565942943;-0,153647616;;;
-0,566265345;-0,153718655;;;
-0,566863358;-0,153561725;;;
-0,5673666;-0,153691173;;;
-0,567680717;-0,154231417;;;
-0,568275332;-0,154724506;;;
-0,568747222;-0,154422954;;;
-0,56933254;-0,15456878;;;
-0,569722354;-0,154228361;;;
-0,570203781;-0,155197767;;;
-0,570765615;-0,153984371;;;
-0,571247995;-0,153896271;;;
-0,571658194;-0,154593134;;;
-0,572188318;-0,154494844;;;
-0,572623312;-0,154917877;;;
-0,573117077;-0,154813646;;;
-0,573811531;-0,154585675;;;
-0,574297726;-0,155053757;;;
-0,57457155;-0,155312315;;;
-0,575134397;-0,154862535;;;
-0,575661421;-0,15533316;;;
-0,576334417;-0,154807795;;;
-0,576817989;-0,15499307;;;
-0,577276289;-0,155515863;;;
-0,577722967;-0,154255129;;;
-0,578189552;-0,154936435;;;
-0,578656197;-0,155110356;;;
-0,579168379;-0,155024098;;;
-0,579691172;-0,155356827;;;
-0,580269039;-0,155086839;;;
-0,580865383;-0,155693732;;;
-0,581246197;-0,154659505;;;
-0,581686318;-0,156144402;;;
-0,582173884;-0,155315985;;;
-0,582765281;-0,15575188;;;
-0,583257258;-0,155565557;;;
-0,583891153;-0,15621378;;;
-0,584100187;-0,155053532;;;
-0,584712744;-0,154925489;;;
-0,585216343;-0,155407848;;;
-0,585729659;-0,155838839;;;
-0,58597374;-0,156065999;;;
-0,586620033;-0,155537531;;;
-0,587208271;-0,154981939;;;
-0,587609351;-0,154732958;;;
-0,588175535;-0,155289325;;;
-0,588750958;-0,155226458;;;
-0,589090586;-0,154999585;;;
-0,58973974;-0,155675602;;;
-0,590191722;-0,155777831;;;
-0,590561569;-0,155401933;;;
-0,59123385;-0,156142276;;;
-0,591786325;-0,15475437;;;
-0,592384219;-0,155438031;;;
-0,592740059;-0,155873264;;;
-0,59317404;-0,155248038;;;
-0,593782246;-0,155329064;;;
-0,594216049;-0,1550082;;;
-0,594711304;-0,153673244;;;
-0,59514457;-0,154533315;;;
-0,595733285;-0,155850659;;;
-0,596071362;-0,155166752;;;
-0,596692681;-0,155254952;;;
-0,597232223;-0,154751127;;;
-0,59768492;-0,154725464;;;
-0,598278403;-0,156073611;;;
-0,598578632;-0,155670801;;;
-0,599068284;-0,155742694;;;
-0,599592328;-0,155383446;;;
-0,600235522;-0,155422063;;;
-0,600440562;-0,155378661;;;
-0,600989163;-0,15250333;;;
-0,600875854;-0,155576319;;;
-0,60135901;-0,156151577;;;
-0,600798368;-0,154008466;;;
