time/d;BA1;BA2;;;;;;
0,091448924;0,00385717;0,00431973;;;;;;
0,098393371;0,002450056;0,002660872;;;;;;
0,105337818;0,00196976;0,002104384;;;;;;
0,112282264;0,001680222;0,001781867;;;;;;
0,119226711;0,001479183;0,001566978;;;;;;
0,126171158;0,001361248;0,001401156;;;;;;
0,133115604;0,001249011;0,001291967;;;;;;
0,140060051;0,001164643;0,00122;;;;;;
0,147004498;0,001099707;0,001149838;;;;;;
0,153948944;0,00104721;0,001094939;;;;;;
0,160893391;0,001002296;0,001043703;;;;;;
0,167837838;0,000968252;0,001008631;;;;;;
0,174782284;0,000924518;0,000957466;;;;;;
0,181726731;0,000914093;0,000952576;;;;;;
0,188671178;0,00089262;0,000934363;;;;;;
0,195615624;0,000873281;0,000909701;;;;;;
0,202560071;0,000856253;0,000891595;;;;;;
0,209504518;0,000839585;0,000871434;;;;;;
0,216448964;0,000827757;0,000856502;;;;;;
0,223393411;0,002655246;0,004858375;;;;;;
0,230337858;0,001151926;0,000921436;;;;;;
0,237282304;0,001075439;0,001026015;;;;;;
0,244226751;0,000991238;0,000945312;;;;;;
0,251171198;0,000927032;0,000889968;;;;;;
0,258115644;0,000865399;0,000821128;;;;;;
0,265060091;0,000817341;0,000782645;;;;;;
0,272004538;0,00077462;0,000736261;;;;;;
0,278948984;0,000737743;0,000704945;;;;;;
0,285893431;0,000705585;0,000676774;;;;;;
0,292837878;0,000676251;0,000650237;;;;;;
0,299782324;0,000651056;0,000625684;;;;;;
0,306726771;0,00062677;0,00060242;;;;;;
0,313671218;0,000610045;0,000586742;;;;;;
0,320615664;0,000590711;0,000568169;;;;;;
0,327560111;0,000573818;0,000553328;;;;;;
0,334504558;0,000556189;0,000537213;;;;;;
0,341449005;0,000540503;0,000518304;;;;;;
0,348393451;0,00053651;0,000513627;;;;;;
0,355337898;0,000521646;0,000500571;;;;;;
0,362282345;0,000508657;0,000486138;;;;;;
0,369226791;0,000495955;0,000471958;;;;;;
0,376171238;0,000484667;0,000463905;;;;;;
0,383115685;0,000472769;0,000454997;;;;;;
0,390060129;0,000462464;0,000446333;;;;;;
0,397004574;0,00045312;0,000438078;;;;;;
0,403949018;0,000447445;0,000432026;;;;;;
0,410893462;0,0004453;0,000430967;;;;;;
0,417837907;0,000443038;0,000431351;;;;;;
0,424782351;0,000446161;0,000434306;;;;;;
0,431726796;0,000450384;0,000440412;;;;;;
0,43867124;0,000458953;0,000450829;;;;;;
0,445615685;0,000469344;0,000463189;;;;;;
0,452560129;0,000490926;0,000485921;;;;;;
0,459504574;0,000500818;0,00049782;;;;;;
0,466449018;0,000522587;0,000520766;;;;;;
0,473393463;0,000546831;0,000547713;;;;;;
0,480337907;0,000565684;0,000575616;;;;;;
0,487282351;0,000589123;0,000605803;;;;;;
0,494226796;0,000641817;0,00065133;;;;;;
0,50117124;0,000684925;0,000696181;;;;;;
0,508115685;0,000692057;0,000726656;;;;;;
0,515060129;0,000752473;0,000778334;;;;;;
0,522004574;0,000792236;0,000828862;;;;;;
0,528949018;0,000828704;0,000873476;;;;;;
0,535893463;0,00090435;0,000937391;;;;;;
0,542837907;0,000960812;0,00099591;;;;;;
0,549782352;0,001028973;0,001066401;;;;;;
0,556726796;0,001103112;0,001143663;;;;;;
0,56367124;0,001181731;0,001224079;;;;;;
0,570615685;0,001259607;0,001305274;;;;;;
0,577560129;0,001333903;0,001382462;;;;;;
0,584504574;0,001399806;0,001449657;;;;;;
0,591449018;0,001454031;0,00150269;;;;;;
0,598393463;0,001492314;0,001540872;;;;;;
0,605337907;0,001515833;0,001562344;;;;;;
0,612282352;0,001529599;0,001573852;;;;;;
0,619226796;0,001531729;0,001573452;;;;;;
0,626171241;0,001526804;0,00156557;;;;;;
0,633115685;0,001516599;0,001552866;;;;;;
0,64006013;0,001501792;0,001534977;;;;;;
0,647004574;0,001483566;0,001513807;;;;;;
0,653949018;0,00145847;0,001485108;;;;;;
0,660893463;0,001436187;0,001459245;;;;;;
0,667837907;0,001415898;0,001437547;;;;;;
0,674782352;0,001386688;0,00140644;;;;;;
0,681726796;0,001372762;0,001386448;;;;;;
0,688671241;0,001349;0,001359615;;;;;;
0,695615685;0,00130249;0,001313611;;;;;;
0,70256013;0,001248388;0,001253711;;;;;;
0,709504574;0,001200705;0,001207152;;;;;;
0,716449019;0,001169218;0,001166035;;;;;;
0,723393463;0,001127605;0,001122133;;;;;;
0,730337907;0,001061454;0,001058167;;;;;;
0,737282352;0,000999682;0,000994262;;;;;;
0,744226796;0,000974108;0,00095747;;;;;;
0,751171241;0,000880058;0,000853265;;;;;;
0,758115685;0,000707769;0,00068282;;;;;;
0,765060131;0,000566666;0,000539947;;;;;;
0,772004576;0,000527855;0,000521996;;;;;;
0,778949021;0,000561684;0,000538813;;;;;;
0,785893466;0,00056702;0,000542972;;;;;;
0,792837911;0,000553029;0,000541356;;;;;;
0,799782356;0,000553301;0,000540006;;;;;;
0,806726801;0,00055743;0,000543062;;;;;;
0,813671246;0,0005604;0,000544803;;;;;;
0,820615691;0,000574207;0,000548581;;;;;;
0,827560137;0,000562287;0,000545165;;;;;;
0,834504582;0,000562006;0,000544644;;;;;;
0,841449027;0,000604543;0,000555941;;;;;;
0,848393472;0,000561224;0,00054337;;;;;;
0,855337917;0,000604872;0,000555468;;;;;;
0,862282362;0,00057786;0,000549121;;;;;;
0,869226807;0,000556326;0,000540699;;;;;;
0,876171252;0,000557076;0,000541721;;;;;;
0,883115697;0,000570531;0,000548774;;;;;;
0,890060143;0,000557812;0,000544785;;;;;;
0,897004588;0,000560845;0,000548012;;;;;;
0,903949033;0,000591097;0,000558367;;;;;;
0,910893478;-0,000260504;-0,000414397;;;;;;
0,917837923;-5,43272E-05;-0,00015234;;;;;;
0,924782368;-8,11471E-06;-9,77261E-05;;;;;;
0,931726813;5,61611E-06;-7,404E-05;;;;;;
0,938671258;1,47303E-05;-4,88614E-05;;;;;;
0,945615704;1,76254E-05;-4,2918E-05;;;;;;
0,952560149;0,001609321;0,001753166;;;;;;
0,959504594;0,000759573;0,000773808;;;;;;
0,966449039;0,000668988;0,000669753;;;;;;
0,973393484;0,000645717;0,000644799;;;;;;
0,980337929;0,000684666;0,000651356;;;;;;
0,987282374;0,000685493;0,000650385;;;;;;
0,994226819;0,000631239;0,000629052;;;;;;
1,001171264;0,000632304;0,000634551;;;;;;
1,00811571;0,000664334;0,00064324;;;;;;
1,015060155;0,000639257;0,000640131;;;;;;
1,0220046;0,00068428;0,000660958;;;;;;
1,028949045;0,0006491;0,000648423;;;;;;
1,03589349;0,00068213;0,000668048;;;;;;
1,042837935;0,000673413;0,000666055;;;;;;
1,04978238;0,000670642;0,000671651;;;;;;
1,056726825;0,000698139;0,000689776;;;;;;
1,063671271;0,000689892;0,000693345;;;;;;
1,070615716;0,000730603;0,00071261;;;;;;
1,077560161;0,000707323;0,000710265;;;;;;
1,084504606;0,000713472;0,000723103;;;;;;
1,091449051;0,000748467;0,00073589;;;;;;
1,098393496;0,000726447;0,000735612;;;;;;
1,105337941;0,000734801;0,000745326;;;;;;
1,112282386;0,000741113;0,000752932;;;;;;
1,119226831;0,000747239;0,000760373;;;;;;
1,126171277;0,000752296;0,000766855;;;;;;
1,133115722;0,000757404;0,00077323;;;;;;
1,140060167;0,000783418;0,00078389;;;;;;
1,147004612;0,000782733;0,000781051;;;;;;
1,153949057;0,000771841;0,000782687;;;;;;
1,160893502;0,000780818;0,000789285;;;;;;
1,167837947;0,000772687;0,00078506;;;;;;
1,174782392;0,000788932;0,000784869;;;;;;
1,181726838;0,000791317;0,000788732;;;;;;
1,188671283;0,000795384;0,000793396;;;;;;
1,195615728;0,000797754;0,000795296;;;;;;
1,202560173;0,000801355;0,000801071;;;;;;
1,209504618;0,000801825;0,000804222;;;;;;
1,216449063;0,000805923;0,000808121;;;;;;
1,223393508;0,000808298;0,000809554;;;;;;
1,230337953;0,000813071;0,000816064;;;;;;
1,237282398;0,000818667;0,000821645;;;;;;
1,244226844;0,000820959;0,000825317;;;;;;
1,251171289;0,00082489;0,000827628;;;;;;
1,258115734;0,000828188;0,000832379;;;;;;
1,265060179;0,000830677;0,000834729;;;;;;
1,272004624;0,000831281;0,000838642;;;;;;
1,278949069;0,000836665;0,000841838;;;;;;
1,285893514;0,000838475;0,000846503;;;;;;
1,292837959;0,000840707;0,000849013;;;;;;
1,299782404;0,000844293;0,000851918;;;;;;
1,30672685;0,000848251;0,000856863;;;;;;
1,313671295;0,000850517;0,000859888;;;;;;
1,32061574;0,000852206;0,000861422;;;;;;
1,327560185;0,000855676;0,000865354;;;;;;
1,33450463;0,000858503;0,000869126;;;;;;
1,341449075;0,000860671;0,000872439;;;;;;
1,34839352;0,000864391;0,000873019;;;;;;
1,355337965;0,000866425;0,000876289;;;;;;
1,362282411;0,000869106;0,000879339;;;;;;
1,369226856;0,000873063;0,000882843;;;;;;
1,376171301;0,000876868;0,000886932;;;;;;
1,383115746;0,000881766;0,000891659;;;;;;
1,390060191;0,00088373;0,000892921;;;;;;
1,397004636;0,000887012;0,000896697;;;;;;
1,403949081;0,000889876;0,000900157;;;;;;
1,410893526;0,000893144;0,000903737;;;;;;
1,417837971;0,000897918;0,000907961;;;;;;
1,424782417;0,000902681;0,00091371;;;;;;
1,431726862;0,000905874;0,000917568;;;;;;
1,438671307;0,000909423;0,00092498;;;;;;
1,445615752;0,00091362;0,000926742;;;;;;
1,452560197;0,00091846;0,000931126;;;;;;
1,459504642;0,000922467;0,000937792;;;;;;
1,466449087;0,000925758;0,000941192;;;;;;
1,473393532;0,000929477;0,000946078;;;;;;
1,480337978;0,000934309;0,000950441;;;;;;
1,487282423;0,000940871;0,000955918;;;;;;
1,494226868;0,000947425;0,000962561;;;;;;
1,501171313;0,000949714;0,000964279;;;;;;
1,508115758;0,000953945;0,000970921;;;;;;
1,515060203;0,000958581;0,000975893;;;;;;
1,522004648;0,000963398;0,000980885;;;;;;
1,528949093;0,000968069;0,000985479;;;;;;
1,535893539;0,000972283;0,000991995;;;;;;
1,542837984;0,000979707;0,000998224;;;;;;
1,54978243;0,000984393;0,000998277;;;;;;
1,556726876;0,000988704;0,001006869;;;;;;
1,563671321;0,000992298;0,00101473;;;;;;
1,570615767;0,000996896;0,001019929;;;;;;
1,577560212;0,001005248;0,001028056;;;;;;
1,584504658;0,001011189;0,001033482;;;;;;
1,591449103;0,001016915;0,001042619;;;;;;
1,598393549;0,001021927;0,001047756;;;;;;
1,605337994;0,0010282;0,001056615;;;;;;
1,61228244;0,001034663;0,001063251;;;;;;
1,619226885;0,001041257;0,001069245;;;;;;
1,626171331;0,001046438;0,001075174;;;;;;
1,633115776;0,001053523;0,001082728;;;;;;
1,640060222;0,001059048;0,001091384;;;;;;
1,647004667;0,001067892;0,001098391;;;;;;
1,653949113;0,001074797;0,001103866;;;;;;
1,660893558;0,00108337;0,001111667;;;;;;
1,667838004;0,001089925;0,001120265;;;;;;
1,67478245;0,001095933;0,001128262;;;;;;
1,681726895;0,001102408;0,001136112;;;;;;
1,688671341;0,001109925;0,001141652;;;;;;
1,695615786;0,001118155;0,001154346;;;;;;
1,702560232;0,001124574;0,001157039;;;;;;
1,709504677;0,001132411;0,00116336;;;;;;
1,716449123;0,001140278;0,001172074;;;;;;
1,723393568;0,001144696;0,00117918;;;;;;
1,730338014;0,001155121;0,001190892;;;;;;
1,737282459;0,001160478;0,001197152;;;;;;
1,744226905;0,001195248;0,001214542;;;;;;
1,75117135;0,001177299;0,001211314;;;;;;
1,758115796;0,001186101;0,00122406;;;;;;
1,765060241;0,001192199;0,001231929;;;;;;
1,772004687;0,001201016;0,001241684;;;;;;
1,778949133;0,001209828;0,00125146;;;;;;
1,785893578;0,001220334;0,001263355;;;;;;
1,792838024;0,001227939;0,00127125;;;;;;
1,799782469;0,001236501;0,001281511;;;;;;
1,806726915;0,001245069;0,001292139;;;;;;
1,81367136;0,001232745;0,001286211;;;;;;
1,820615806;0,001274194;0,001322659;;;;;;
1,827560251;0,000788127;0,000843428;;;;;;
1,834504697;0,000746695;0,000792533;;;;;;
1,841449142;0,000731628;0,000768005;;;;;;
1,848393588;0,000728641;0,000758399;;;;;;
1,855338033;0,000730925;0,000758032;;;;;;
1,862282479;0,000736521;0,00076247;;;;;;
1,869226924;0,00074451;0,000769263;;;;;;
1,87617137;0,000753812;0,000777506;;;;;;
1,883115815;0,000763055;0,000787137;;;;;;
1,890060261;0,000771799;0,000797433;;;;;;
1,897004707;0,000781382;0,00080769;;;;;;
1,903949152;0,000791408;0,000816973;;;;;;
1,910893598;0,000802722;0,00082768;;;;;;
1,917838043;0,00081352;0,000838538;;;;;;
1,924782489;0,000822903;0,000848966;;;;;;
1,931726934;0,000832988;0,000859421;;;;;;
1,93867138;0,000844987;0,000871558;;;;;;
1,945615825;0,000866394;0,000883622;;;;;;
1,952560271;0,000874109;0,000896335;;;;;;
1,959504716;0,000883643;0,000904416;;;;;;
1,966449162;0,000893312;0,000916868;;;;;;
1,973393607;0,000911335;0,000936146;;;;;;
1,980338053;0,000916077;0,000942462;;;;;;
1,987282498;0,000927911;0,00095457;;;;;;
1,994226944;0,000941179;0,000968622;;;;;;
2,00117139;0,000951408;0,00098176;;;;;;
2,008115835;0,00096276;0,000997415;;;;;;
2,015060281;0,000973843;0,001012036;;;;;;
2,022004726;0,000985349;0,001026291;;;;;;
2,028949172;0,000998394;0,001041116;;;;;;
2,035893617;0,001011041;0,001059077;;;;;;
2,042838063;0,001025338;0,001071316;;;;;;
2,049782508;0,002081217;0,002165611;;;;;;
2,056726954;0,002324251;0,002769236;;;;;;
2,063671399;0,002282277;0,002713772;;;;;;
2,070615845;0,002222211;0,002638383;;;;;;
2,07756029;0,002208986;0,002592894;;;;;;
2,084504736;0,002169242;0,002552681;;;;;;
2,091449181;0,002153769;0,002517093;;;;;;
2,098393627;0,002131882;0,00251931;;;;;;
2,105338072;0,002115535;0,002496378;;;;;;
2,112282518;0,002105639;0,002500209;;;;;;
2,119226964;0,002113819;0,002494408;;;;;;
2,126171409;0,002110645;0,002503637;;;;;;
2,133115855;0,00211376;0,002523206;;;;;;
2,1400603;0,002119867;0,002529669;;;;;;
2,147004746;0,002122286;0,002558844;;;;;;
2,153949191;0,002146275;0,002569945;;;;;;
2,160893637;0,002154724;0,002595208;;;;;;
2,167838082;0,00217633;0,002634587;;;;;;
2,174782528;0,00218228;0,002655996;;;;;;
2,181726973;0,002210651;0,002696582;;;;;;
2,188671419;0,002232451;0,0027151;;;;;;
2,195615864;0,002267316;0,002761181;;;;;;
2,20256031;0,002304432;0,002804647;;;;;;
2,209504755;0,002333022;0,002833703;;;;;;
2,216449201;0,002369954;0,002877858;;;;;;
2,223393646;0,002407115;0,00293237;;;;;;
2,230338092;0,002431716;0,002986264;;;;;;
2,237282538;0,002487452;0,003053352;;;;;;
2,244226983;0,002534656;0,003114669;;;;;;
2,251171429;0,002587508;0,003172346;;;;;;
2,258115874;0,002640047;0,00324252;;;;;;
2,26506032;0,002685737;0,003307089;;;;;;
2,272004765;0,002725268;0,003381528;;;;;;
2,278949211;0,002765954;0,003459536;;;;;;
2,285893656;0,002833873;0,00351723;;;;;;
2,292838102;0,002888854;0,003600688;;;;;;
2,299782547;0,002942774;0,003680583;;;;;;
2,306726993;0,003000672;0,003751509;;;;;;
2,313671438;0,003063055;0,003841312;;;;;;
2,320615884;0,003122252;0,003927324;;;;;;
2,327560329;0,003214939;0,00405104;;;;;;
2,334504775;0,003242038;0,004117418;;;;;;
2,341449221;0,003330981;0,004186264;;;;;;
2,348393666;0,003407166;0,004254485;;;;;;
2,355338112;0,003474779;0,004364737;;;;;;
2,362282557;0,003545694;0,004472638;;;;;;
2,369227003;0,00361955;0,004573276;;;;;;
2,376171448;0,003694247;0,004693904;;;;;;
2,383115894;0,00377104;0,004811846;;;;;;
2,390060339;0,003851278;0,004924961;;;;;;
2,397004785;0,003932485;0,005047063;;;;;;
2,40394923;0,004011007;0,005168694;;;;;;
2,410893676;0,004102228;0,005291674;;;;;;
2,417838121;0,004188134;0,005406571;;;;;;
2,424782567;0,004275827;0,00553781;;;;;;
2,431727012;0,004366306;0,00567895;;;;;;
2,438671458;0,004460323;0,005807725;;;;;;
2,445615903;0,004550843;0,00595021;;;;;;
2,452560349;0,004682305;0,006117743;;;;;;
2,459504795;0,004758093;0,006238925;;;;;;
2,46644924;0,004861877;0,006400407;;;;;;
2,473393686;0,00498046;0,006551923;;;;;;
2,480338131;0,005083957;0,006704642;;;;;;
2,487282577;0,005195911;0,006871862;;;;;;
2,494227022;0,005304845;0,00704314;;;;;;
2,501171468;0,005437045;0,007225146;;;;;;
2,508115913;0,005552457;0,007400306;;;;;;
2,515060359;0,005684088;0,007578498;;;;;;
2,522004804;0,005814575;0,007778492;;;;;;
2,52894925;0,005964697;0,00797002;;;;;;
2,535893695;0,006103463;0,008179821;;;;;;
2,542838141;0,006251124;0,008395221;;;;;;
2,549782586;0,006408143;0,00861385;;;;;;
2,556727032;0,006565887;0,00884547;;;;;;
2,563671478;0,006726157;0,009083443;;;;;;
2,570615923;0,006899484;0,009342116;;;;;;
2,577560369;0,007081603;0,009592246;;;;;;
2,584504814;0,007282364;0,00996686;;;;;;
2,59144926;0,007497389;0,01013157;;;;;;
2,598393705;0,007697921;0,010424753;;;;;;
2,605338151;0,00790068;0,010732826;;;;;;
2,612282596;0,008103232;0,011055303;;;;;;
2,619227042;0,008341696;0,011369148;;;;;;
2,626171487;0,008565957;0,011690754;;;;;;
2,633115933;0,008813437;0,012024111;;;;;;
2,640060378;0,009044974;0,012376539;;;;;;
2,647004824;0,00929804;0,01271761;;;;;;
2,653949269;0,009534297;0,013076503;;;;;;
2,660893715;0,009781168;0,013442969;;;;;;
2,66783816;0,010041744;0,013816298;;;;;;
2,674782606;0,010332883;0,01420842;;;;;;
2,681727052;0,010611637;0,014637567;;;;;;
2,688671497;0,010921769;0,015048943;;;;;;
2,695615943;0,011255928;0,015492221;;;;;;
2,702560388;0,011588869;0,015944859;;;;;;
2,709504834;0,012016609;0,01643836;;;;;;
2,716449279;0,01235474;0,016965894;;;;;;
2,723393725;0,012754481;0,017500788;;;;;;
2,73033817;0,013189909;0,01809004;;;;;;
2,737282616;0,013595241;0,01862727;;;;;;
2,744227061;0,014016191;0,019228196;;;;;;
2,751171507;0,014460674;0,019855459;;;;;;
2,758115952;0,014921462;0,020481694;;;;;;
2,765060398;0,015439613;0,021148525;;;;;;
2,772004843;0,015937143;0,021828195;;;;;;
2,778949289;0,016436281;0,022563957;;;;;;
2,785893735;0,016980132;0,023309862;;;;;;
2,79283818;0,017574271;0,024087843;;;;;;
2,799782626;0,018141142;0,024891951;;;;;;
2,806727071;0,018778505;0,025743997;;;;;;
2,813671517;0,019370295;0,026630768;;;;;;
2,820615962;0,020050421;0,027525728;;;;;;
2,827560408;0,02103784;0,028933524;;;;;;
2,834504853;0,021758798;0,029834209;;;;;;
2,841449299;0,022155059;0,030438349;;;;;;
2,848393744;0,022839857;0,031505709;;;;;;
2,85533819;0,023999523;0,032613422;;;;;;
2,862282635;0,024459031;0,033685029;;;;;;
2,869227081;0,025413214;0,035312103;;;;;;
2,876171526;0,02640956;0,036457264;;;;;;
2,883115972;0,027059686;0,037606604;;;;;;
2,890060417;0,027951469;0,038861028;;;;;;
2,897004863;0,02896439;0,04018862;;;;;;
2,903949309;0,029805211;0,041676779;;;;;;
2,910893754;0,03086294;0,042940932;;;;;;
2,9178382;0,031890621;0,044333105;;;;;;
2,924782645;0,03297897;0,045749739;;;;;;
2,931727091;0,034074072;0,047278998;;;;;;
2,938671536;0,035254356;0,048956575;;;;;;
2,945615982;0,036545936;0,050703757;;;;;;
2,952560427;0,037719357;0,052481255;;;;;;
2,959504873;0,039001237;0,05418761;;;;;;
2,966449318;0,040504983;0,056310943;;;;;;
2,973393764;0,041842096;0,0583001;;;;;;
2,980338209;0,043201574;0,060156223;;;;;;
2,987282655;0,044721315;0,062296983;;;;;;
2,9942271;0,046220944;0,064457132;;;;;;
3,001171546;0,047843046;0,066747731;;;;;;
3,008115991;0,049588104;0,069196145;;;;;;
3,015060437;0,051375624;0,071716505;;;;;;
3,022004883;0,053287042;0,074340963;;;;;;
3,028949328;0,055167148;0,077148267;;;;;;
3,035893774;0,057099699;0,07999774;;;;;;
3,042838221;0,059296187;0,082954592;;;;;;
3,049782667;0,06150465;0,086172937;;;;;;
3,056727113;0,06383743;0,089526909;;;;;;
3,063671559;0,066303068;0,092964307;;;;;;
3,070616005;0,06880363;0,096634501;;;;;;
3,077560452;0,07124832;0,100308787;;;;;;
3,084504898;0,073948365;0,104003984;;;;;;
3,091449344;0,076939783;0,108025614;;;;;;
3,09839379;0,079923489;0,112298902;;;;;;
3,105338236;0,083124908;0,116771258;;;;;;
3,112282683;0,086360585;0,121331894;;;;;;
3,119227129;0,0898771;0,126285269;;;;;;
3,126171575;0,093296233;0,131319345;;;;;;
3,133116021;0,096707749;0,136179025;;;;;;
3,140060468;0,10113699;0,142612854;;;;;;
3,147004914;0,105376893;0,148794361;;;;;;
3,15394936;0,109733221;0,154822847;;;;;;
3,160893806;0,113949092;0,161302033;;;;;;
3,167838252;0,118656787;0,167870396;;;;;;
3,174782699;0,123597441;0,174515913;;;;;;
3,181727145;0,128721894;0,181607939;;;;;;
3,188671591;0,134036243;0,191918245;;;;;;
3,195616037;0,139738018;0,196824591;;;;;;
3,202560483;0,145415563;0,204964593;;;;;;
3,20950493;0,151509728;0,213603389;;;;;;
3,216449376;0,157716484;0,222435104;;;;;;
3,223393822;0,16444228;0,231444091;;;;;;
3,230338268;0,171287931;0,241279422;;;;;;
3,237282715;0,178428458;0,2509843;;;;;;
3,244227161;0,185830213;0,261405851;;;;;;
3,251171607;0,193585141;0,272098197;;;;;;
3,258116053;0,20099359;0,283780501;;;;;;
3,265060499;0,211489671;0,29574789;;;;;;
3,272004946;0,218889755;0,307285792;;;;;;
3,278949392;0,227801065;0,319936337;;;;;;
3,285893838;0,236513537;0,33287843;;;;;;
3,292838284;0,246111175;0,34646096;;;;;;
3,29978273;0,256656444;0,361473563;;;;;;
3,306727177;0,26698334;0,376348227;;;;;;
3,313671623;0,277842015;0,392492637;;;;;;
3,320616069;0,288772764;0,408703235;;;;;;
3,327560515;0,299581811;0,428782674;;;;;;
3,334504962;0,311000374;0,447094318;;;;;;
3,341449408;0,324627255;0,464674926;;;;;;
3,348393854;0,337211404;0,485783872;;;;;;
3,3553383;0,349699359;0,50924846;;;;;;
3,362282746;0,364386837;0,528830894;;;;;;
3,369227193;0,380491401;0,549884322;;;;;;
3,376171639;0,395969678;0,57224843;;;;;;
3,383116085;0,412200843;0,595047432;;;;;;
3,390060531;0,429646178;0,620610918;;;;;;
3,397004977;0,447363784;0,648450544;;;;;;
3,403949424;0,465499333;0,674634086;;;;;;
3,41089387;0,484833913;0,703331201;;;;;;
3,417838316;0,503568491;0,734116682;;;;;;
3,424782762;0,524209642;0,766047655;;;;;;
3,431727209;0,539935857;0,793339956;;;;;;
3,438671655;0,568676462;0,833297639;;;;;;
3,445616101;0,594127848;0,862058113;;;;;;
3,452560547;0,618185678;0,901162425;;;;;;
3,459504993;0,645668095;0,937006985;;;;;;
3,46644944;0,674240663;0,976412347;;;;;;
3,473393886;0,70437836;1,024600626;;;;;;
3,480338332;0,730393263;1,067322975;;;;;;
3,487282778;0,76332281;1,109150728;;;;;;
3,494227224;0,79465232;1,155885467;;;;;;
3,501171671;0,82785697;1,204091516;;;;;;
3,508116117;0,862484124;1,249907106;;;;;;
3,515060563;0,898166755;1,298603648;;;;;;
3,522005009;0,934105589;1,349542327;;;;;;
3,528949456;0,975376138;1,406047601;;;;;;
3,535893902;1,018108421;1,466429862;;;;;;
3,542838348;1,061475716;1,620989196;;;;;;
3,549782794;1,107634094;1,740361563;;;;;;
3,55672724;1,153857673;1,728326032;;;;;;
3,563671687;1,199558381;1,755917002;;;;;;
3,570616133;1,248055339;1,788713751;;;;;;
3,577560579;1,300622095;1,8286356;;;;;;
3,584505025;1,357984087;1,887172369;;;;;;
3,591449471;1,416696012;1,946449271;;;;;;
3,598393918;1,479251612;1,970004427;;;;;;
3,605338364;1,528775451;1,949468674;;;;;;
3,61228281;1,584867955;1,954502164;;;;;;
3,619227256;1,6474922;1,958742708;;;;;;
3,626171703;1,718529032;1,971375008;;;;;;
3,633116149;1,796830009;1,966508323;;;;;;
3,640060595;1,944742164;1,986444231;;;;;;
3,647005041;2,057786839;1,968529488;;;;;;
3,653949487;2,198452449;2,000257476;;;;;;
3,660893934;2,290627909;2,003305893;;;;;;
3,66783838;2,362358423;2,0010813;;;;;;
3,674782826;2,441081953;2,049991995;;;;;;
3,681727272;2,511678615;2,076418065;;;;;;
3,688671718;2,566702182;2,017899736;;;;;;
3,695616165;2,641672894;2,031356549;;;;;;
3,702560611;2,710089916;2,045774835;;;;;;
3,709505057;2,762237351;2,062501095;;;;;;
3,716449503;2,82223705;2,066730156;;;;;;
3,72339395;2,891157425;2,085528022;;;;;;
3,730338396;2,960349018;2,096926589;;;;;;
3,737282842;3,026446696;2,09639898;;;;;;
3,744227288;3,11503936;2,097335061;;;;;;
3,751171734;3,172863136;2,13553285;;;;;;
3,758116181;3,227575687;2,14488789;;;;;;
3,765060627;3,281155648;2,157399796;;;;;;
3,772005073;3,335880489;2,198006496;;;;;;
3,778949519;3,387767594;2,198326549;;;;;;
3,785893965;3,433967738;2,247688909;;;;;;
3,792838412;3,492586166;2,312592902;;;;;;
3,799782858;3,542064983;2,350444246;;;;;;
3,806727304;3,597214686;2,413278746;;;;;;
3,81367175;3,652608833;2,4670086;;;;;;
3,820616197;3,715043286;2,476984716;;;;;;
3,827560643;3,785529132;2,479347405;;;;;;
3,834505089;3,858143105;2,519776496;;;;;;
3,841449535;3,928457183;2,599664997;;;;;;
3,848393981;3,982955166;2,600823517;;;;;;
3,855338428;4,046218165;2,56068762;;;;;;
3,862282874;4,135053891;2,602097894;;;;;;
3,86922732;4,234665853;2,569606082;;;;;;
3,876171766;4,36894358;2,551118136;;;;;;
3,883116213;4,4986918;2,573601777;;;;;;
3,890060659;4,598089967;2,544910693;;;;;;
3,897005105;4,616587093;2,751783439;;;;;;
3,903949551;4,593808852;2,837655919;;;;;;
3,910893997;4,75454896;2,775336331;;;;;;
3,917838444;4,903859034;2,792829572;;;;;;
3,92478289;5,014434586;2,941910275;;;;;;
3,931727336;5,102578907;2,990866664;;;;;;
3,938671782;5,176470645;2,928518323;;;;;;
3,945616228;5,156148436;2,5797946;;;;;;
3,952560675;5,226798362;2,575686828;;;;;;
3,959505121;5,283516241;2,601165835;;;;;;
3,966449567;5,359294743;2,637395363;;;;;;
3,973394013;5,368085358;2,720747669;;;;;;
3,98033846;5,418638703;2,749082296;;;;;;
3,987282906;5,486904232;2,770709511;;;;;;
3,994227352;5,573146077;2,794218566;;;;;;
4,001171798;5,640642049;2,767206384;;;;;;
4,008116244;5,699297767;2,754215431;;;;;;
4,015060691;5,778132702;2,733145483;;;;;;
4,022005137;5,847508857;2,754804877;;;;;;
4,028949583;5,920956802;2,739626426;;;;;;
4,035894029;5,979025184;2,741641733;;;;;;
4,042838475;6,071801683;2,758463576;;;;;;
4,049782922;6,142765963;2,820766274;;;;;;
4,056727368;6,195644779;2,771730525;;;;;;
4,063671814;6,263381248;2,794390067;;;;;;
4,07061626;6,302770436;2,797597941;;;;;;
4,077560707;6,368522943;2,789518369;;;;;;
4,084505153;6,436004907;2,815356814;;;;;;
4,091449599;6,471552892;2,809748589;;;;;;
4,098394045;6,53011466;2,786796233;;;;;;
4,105338491;6,65660842;2,777936419;;;;;;
4,112282938;6,731668983;2,786192313;;;;;;
4,119227384;6,681434708;2,772928982;;;;;;
4,12617183;6,683633209;2,773866345;;;;;;
4,133116276;6,741142823;2,799328443;;;;;;
4,140060722;6,775631453;2,776717469;;;;;;
4,147005169;6,836696984;2,805476813;;;;;;
4,153949615;6,885131461;2,822306964;;;;;;
4,160894061;6,915504937;2,817419719;;;;;;
4,167838507;6,936784633;2,842641306;;;;;;
4,174782954;6,99452422;2,897552472;;;;;;
4,1817274;7,041916307;2,89832493;;;;;;
4,188671846;7,099713395;2,919903018;;;;;;
4,195616292;7,219748632;2,895832479;;;;;;
4,202560738;7,255001955;2,875536995;;;;;;
4,209505185;7,264400766;2,883159997;;;;;;
4,216449631;7,253226093;2,895172602;;;;;;
4,223394077;7,26416417;2,886579196;;;;;;
4,230338523;7,301492854;2,911170652;;;;;;
4,237282969;7,329048422;2,906954491;;;;;;
4,244227416;7,346329794;2,915200121;;;;;;
4,251171862;7,40986683;2,940841357;;;;;;
4,258116308;7,440725737;2,933343914;;;;;;
4,265060754;7,480890384;2,924893181;;;;;;
4,272005201;7,50090574;2,927601232;;;;;;
4,278949647;7,575430904;2,970860784;;;;;;
4,285894093;7,5785342;2,983023332;;;;;;
4,292838539;7,599542953;3,000313149;;;;;;
4,299782985;7,671958531;3,039062367;;;;;;
4,306727432;7,644034889;3,008830561;;;;;;
4,313671878;7,633132145;3,002608268;;;;;;
4,320616324;7,665557646;3,014265021;;;;;;
4,32756077;7,694802942;2,965501237;;;;;;
4,334505216;7,800995791;2,939112424;;;;;;
4,341449663;7,872606;2,941551969;;;;;;
4,348394109;7,854565118;2,919711814;;;;;;
4,355338555;7,855300953;2,918956427;;;;;;
4,362283001;7,883069279;2,944055395;;;;;;
4,369227448;7,898785929;2,912148996;;;;;;
4,376171894;7,92799726;2,909495981;;;;;;
4,38311634;7,937377305;2,885147904;;;;;;
4,390060786;7,988964344;2,880070447;;;;;;
4,397005232;8,036677938;2,871255025;;;;;;
4,403949679;8,105956421;2,944619246;;;;;;
4,410894125;8,148601099;2,989121456;;;;;;
4,417838571;8,1757386;3,024659594;;;;;;
4,424783017;8,114087272;3,003899466;;;;;;
4,431727463;8,191310348;2,995249195;;;;;;
4,43867191;8,178886485;2,990944595;;;;;;
4,445616356;8,206363276;2,982048478;;;;;;
4,452560802;8,200626383;2,970708353;;;;;;
4,459505248;8,216540354;2,982186834;;;;;;
4,466449695;8,225194053;3,017123208;;;;;;
4,473394141;8,248224933;3,015208823;;;;;;
4,480338587;8,308912742;3,052398657;;;;;;
4,487283033;8,367456371;3,046941106;;;;;;
4,494227479;8,368098269;3,041936304;;;;;;
4,501171926;8,36017222;3,020832319;;;;;;
4,508116372;8,403226953;3,079367962;;;;;;
4,515060818;8,405876111;3,101044359;;;;;;
4,522005264;8,412219103;2,95216645;;;;;;
4,52894971;8,437840294;3,024884558;;;;;;
4,535894157;8,467724806;2,990266626;;;;;;
4,542838603;8,469218053;2,993788152;;;;;;
4,549783049;8,470333422;2,982376369;;;;;;
4,556727495;8,52729559;2,976943656;;;;;;
4,563671942;8,585401006;2,976027231;;;;;;
4,570616388;8,590900278;2,951148226;;;;;;
4,577560834;8,643222011;2,950800231;;;;;;
4,58450528;8,683194985;2,951778929;;;;;;
4,591449726;8,729287034;2,956076775;;;;;;
4,598394173;8,750558153;2,992758021;;;;;;
4,605338619;8,794910679;2,988227466;;;;;;
4,612283065;8,798638291;2,97571089;;;;;;
4,619227511;8,841459321;3,000120773;;;;;;
4,626171957;8,875826718;2,985594675;;;;;;
4,633116404;8,914964513;3,00871043;;;;;;
4,64006085;8,978420028;3,032337616;;;;;;
4,647005296;8,983761681;2,995925331;;;;;;
4,653949742;8,955626111;2,955093678;;;;;;
4,660894189;8,959935195;2,93823587;;;;;;
4,667838635;9,000823771;2,920700324;;;;;;
4,674783081;9,012929016;2,90254235;;;;;;
4,681727527;9,018497119;2,934809944;;;;;;
4,688671973;9,057058354;2,952957874;;;;;;
4,69561642;9,08387699;3,001829146;;;;;;
4,702560866;9,113689215;3,111072955;;;;;;
4,709505312;9,162247341;3,184283302;;;;;;
4,716449758;9,225382673;3,134356339;;;;;;
4,723394205;9,215971601;3,119944902;;;;;;
4,730338651;9,243027784;3,108307505;;;;;;
4,737283097;9,277180296;3,101324685;;;;;;
4,744227543;9,288948424;3,120194253;;;;;;
4,751171989;9,30600495;3,086554796;;;;;;
4,758116436;9,304917312;3,064104097;;;;;;
4,765060882;9,332735442;3,059864266;;;;;;
4,772005328;9,348170127;3,042920119;;;;;;
4,778949774;9,359907849;3,0013977;;;;;;
4,78589422;9,384846727;3,016551302;;;;;;
4,792838667;9,412967019;3,012273563;;;;;;
4,799783113;9,432756268;3,029556428;;;;;;
4,806727559;9,481470068;3,045915989;;;;;;
4,813672005;9,521622434;3,042148816;;;;;;
4,820616452;9,565843471;3,042614035;;;;;;
4,827560898;9,555419932;3,045955482;;;;;;
4,834505344;9,535770813;3,001750829;;;;;;
4,84144979;9,544429826;2,969525436;;;;;;
4,848394236;9,527341492;2,912375927;;;;;;
4,855338683;9,546112203;2,894977883;;;;;;
4,862283129;9,610026476;2,922154839;;;;;;
4,869227575;9,627526156;2,911719791;;;;;;
4,876172021;9,617837198;2,923203799;;;;;;
4,883116467;9,640618188;2,91044201;;;;;;
4,890060914;9,688479646;2,915545631;;;;;;
4,89700536;9,678369123;2,891120769;;;;;;
4,903949806;9,681430473;2,9194943;;;;;;
4,910894252;9,735836849;2,859620554;;;;;;
4,917838699;9,775488544;2,844271444;;;;;;
4,924783145;9,805276216;2,875917453;;;;;;
4,931727591;9,796162194;2,867473979;;;;;;
4,938672037;9,837289368;2,827872648;;;;;;
4,945616483;9,814561321;2,781746223;;;;;;
4,95256093;9,857839436;2,83680203;;;;;;
4,959505376;9,872414973;2,883179635;;;;;;
4,966449822;9,905966724;2,887333172;;;;;;
4,973394268;9,926117454;2,896599912;;;;;;
4,980338714;9,910087619;2,869779373;;;;;;
4,987283161;9,913464253;2,851624448;;;;;;
4,994227607;9,927998368;2,874806438;;;;;;
5,001172053;9,913581496;2,81870738;;;;;;
5,008116499;9,983993336;2,884725776;;;;;;
5,015060946;9,937144497;2,902112608;;;;;;
5,022005392;9,930832042;2,926795024;;;;;;
5,028949838;9,990625581;2,956198619;;;;;;
5,035894284;9,972361126;2,962347465;;;;;;
5,04283873;9,977848545;2,955524608;;;;;;
5,049783177;9,970496363;2,921376848;;;;;;
5,056727623;9,961823844;2,933517529;;;;;;
5,063672069;9,961663258;2,913715249;;;;;;
5,070616515;10,05145813;2,96301935;;;;;;
5,077560961;10,03674923;2,901778321;;;;;;
5,084505408;10,02696391;2,864930591;;;;;;
5,091449854;10,05135394;2,926964815;;;;;;
5,0983943;10,08387306;2,963916965;;;;;;
5,105338746;10,17276967;3,096198792;;;;;;
5,112283193;10,12363546;3,058685874;;;;;;
5,119227639;10,18868633;3,14844904;;;;;;
5,126172085;10,12351534;3,171801181;;;;;;
5,133116531;10,11592986;3,168213925;;;;;;
5,140060977;10,06633762;3,129090043;;;;;;
5,147005424;10,07198291;3,148726011;;;;;;
5,15394987;10,04890919;3,13527483;;;;;;
5,160894316;10,07150717;3,130084129;;;;;;
5,167838762;10,07476832;3,103335177;;;;;;
5,174783208;10,02846338;3,043008664;;;;;;
5,181727655;10,05017648;3,048743055;;;;;;
5,188672101;10,03328712;3,038634979;;;;;;
5,195616547;10,0118827;3,02719968;;;;;;
5,202560993;9,983688952;3,022016298;;;;;;
5,20950544;9,979487164;3,048019692;;;;;;
5,216449886;9,972852013;3,03887281;;;;;;
5,223394332;9,967392616;3,04249352;;;;;;
5,230338778;9,948281855;3,038570265;;;;;;
5,237283224;9,907618326;3,034896183;;;;;;
5,244227671;9,885496694;3,044218679;;;;;;
5,251172117;9,936800114;3,06798368;;;;;;
5,258116563;9,947586153;3,085960506;;;;;;
5,265061009;9,928113301;3,080616501;;;;;;
5,272005455;9,94827007;3,052063548;;;;;;
5,278949902;10,02145115;3,090112964;;;;;;
5,285894348;10,0165391;3,098297142;;;;;;
5,292838794;10,02712805;3,119093541;;;;;;
5,29978324;9,983831425;3,094038093;;;;;;
5,306727687;9,909498768;3,156822736;;;;;;
5,313672133;9,920726333;3,168824165;;;;;;
5,320616579;9,930554197;3,1599007;;;;;;
5,327561025;9,889633419;3,137674166;;;;;;
5,334505471;9,818200223;3,135698883;;;;;;
5,341449918;9,775497629;3,173283502;;;;;;
5,348394364;9,810646597;3,258089534;;;;;;
5,35533881;9,756504452;3,272698953;;;;;;
5,362283256;9,712813871;3,250074492;;;;;;
5,369227702;9,685257107;3,244493439;;;;;;
5,376172149;9,71211991;3,267785391;;;;;;
5,383116595;9,702220535;3,249961207;;;;;;
5,390061041;9,700761536;3,299786926;;;;;;
5,397005487;9,716082971;3,356630937;;;;;;
5,403949934;9,700627185;3,327748328;;;;;;
5,41089438;9,71569323;3,32915439;;;;;;
5,417838826;9,715604771;3,327701221;;;;;;
5,424783272;9,661652833;3,339464456;;;;;;
5,431727718;9,636109001;3,356875014;;;;;;
5,438672165;9,617047629;3,335647849;;;;;;
5,445616611;9,578942567;3,307961693;;;;;;
5,452561057;9,55090994;3,272677001;;;;;;
5,459505503;9,516965559;3,258703486;;;;;;
5,466449949;9,463063819;3,24847531;;;;;;
5,473394396;9,400950718;3,282432715;;;;;;
5,480338842;9,402016035;3,262491932;;;;;;
5,487283288;9,384884767;3,256872492;;;;;;
5,494227734;9,340330401;3,219771668;;;;;;
5,501172181;9,284563028;3,192027482;;;;;;
5,508116627;9,228597239;3,18452178;;;;;;
5,515061073;9,144350476;3,166480915;;;;;;
5,522005519;9,120691785;3,170348141;;;;;;
5,528949965;9,07170912;3,201418306;;;;;;
5,535894412;9,019852999;3,186259974;;;;;;
5,542838858;8,900142484;3,190542438;;;;;;
5,549783304;8,826760849;3,309350038;;;;;;
5,55672775;8,786532449;3,336134831;;;;;;
5,563672197;8,730603078;3,357731118;;;;;;
5,570616643;8,705378936;3,396033608;;;;;;
5,577561089;8,628515701;3,411508664;;;;;;
5,584505535;8,547872829;3,401287117;;;;;;
5,591449981;8,491978507;3,389810364;;;;;;
5,598394428;8,417487531;3,398614426;;;;;;
5,605338874;8,350716039;3,406584489;;;;;;
5,61228332;8,263221337;3,401229825;;;;;;
5,619227766;8,19083235;3,362789827;;;;;;
5,626172212;8,103316502;3,340256185;;;;;;
5,633116659;8,021747842;3,318084542;;;;;;
5,640061105;7,932985036;3,3137317;;;;;;
5,647005551;7,897871879;3,287754663;;;;;;
5,653949997;7,856366535;3,259938889;;;;;;
5,660894444;7,765083286;3,211178971;;;;;;
5,66783889;7,706744683;3,195462647;;;;;;
5,674783336;7,618948065;3,156211323;;;;;;
5,681727782;7,536415995;3,130573649;;;;;;
5,688672228;7,482443343;3,145910644;;;;;;
5,695616675;7,407903757;3,175532167;;;;;;
5,702561121;7,296566595;3,270732513;;;;;;
5,709505567;7,234627435;3,294024108;;;;;;
5,716450013;7,153614868;3,326761143;;;;;;
5,723394459;7,03388509;3,396985008;;;;;;
5,730338906;6,932247642;3,370106593;;;;;;
5,737283352;6,818375841;3,37002693;;;;;;
5,744227798;6,695130519;3,381607211;;;;;;
5,751172244;6,566312172;3,393572584;;;;;;
5,758116691;6,426192729;3,356654488;;;;;;
5,765061137;6,293133596;3,229064131;;;;;;
5,772005583;6,203993893;3,160081536;;;;;;
5,778950029;6,071122578;3,130299615;;;;;;
5,785894475;5,897020786;3,11861019;;;;;;
5,792838922;5,714005691;3,109732613;;;;;;
5,799783368;5,627202507;3,097973972;;;;;;
5,806727814;5,502441925;3,096986227;;;;;;
5,81367226;5,416270095;3,082122448;;;;;;
5,820616706;5,348021502;3,056732756;;;;;;
5,827561153;5,258619837;3,060847859;;;;;;
5,834505599;5,175112178;3,067683347;;;;;;
5,841450045;5,054108506;3,079255151;;;;;;
5,848394491;4,991823569;3,070210921;;;;;;
5,855338938;4,936714356;2,996775042;;;;;;
5,862283384;4,849686747;2,985684252;;;;;;
5,86922783;4,744431453;3,373143972;;;;;;
5,876172276;4,667918182;3,533927659;;;;;;
5,883116722;4,569781741;2,511392101;;;;;;
5,890061169;4,449879267;1,96804385;;;;;;
5,897005615;4,348595315;2,165839248;;;;;;
5,903950061;4,236204937;2,294159222;;;;;;
5,910894507;4,139562211;2,319523205;;;;;;
5,917838953;4,056067843;2,400874279;;;;;;
5,9247834;3,932266054;2,456459187;;;;;;
5,931727846;3,84290525;2,56315959;;;;;;
5,938672292;3,800116088;2,577147127;;;;;;
5,945616738;3,751980916;2,646459952;;;;;;
5,952561185;3,727427331;2,591039773;;;;;;
5,959505631;3,711460024;2,632729082;;;;;;
5,966450077;3,714973266;2,620410943;;;;;;
5,973394523;3,693232976;2,677139749;;;;;;
5,980338969;3,670954306;2,735845536;;;;;;
5,987283416;3,81020504;2,898237543;;;;;;
5,994227862;3,973190402;3,020076378;;;;;;
6,001172308;3,96315321;2,991090839;;;;;;
6,008116754;3,9542679;2,974678313;;;;;;
6,0150612;3,947457543;2,938524347;;;;;;
6,022005647;3,950935063;2,915228068;;;;;;
6,028950093;3,944502364;2,909402972;;;;;;
6,035894539;3,929565378;2,914022842;;;;;;
6,042838985;5,189405343;2,314456463;;;;;;
6,049783432;5,661084978;2,370023304;;;;;;
6,056727878;5,969294704;2,451999866;;;;;;
6,063672324;5,731026767;2,501113573;;;;;;
6,070616769;5,779712705;2,633399024;;;;;;
6,077561214;5,836589429;2,671287971;;;;;;
6,084505659;5,728478289;2,698752571;;;;;;
6,091450105;5,832462608;2,761929177;;;;;;
6,09839455;5,867261066;2,786950197;;;;;;
6,105338995;5,849158834;2,786895498;;;;;;
6,11228344;5,862956866;2,798101012;;;;;;
6,119227886;5,918134324;2,821659919;;;;;;
6,126172331;6,06143411;2,842845641;;;;;;
6,133116776;6,079578963;2,869431236;;;;;;
6,140061221;6,107302399;2,882152292;;;;;;
6,147005666;4,642495272;3,300320608;;;;;;
6,153950112;2,768012926;4,233192823;;;;;;
6,160894557;3,331885034;4,346393313;;;;;;
6,167839002;3,289326216;4,390924288;;;;;;
6,174783447;3,299203869;4,446740268;;;;;;
6,181727893;3,390908331;4,397733973;;;;;;
6,188672338;3,301525324;4,383450962;;;;;;
6,195616783;3,347687876;4,374774152;;;;;;
6,202561228;3,36073699;4,384320146;;;;;;
6,209505673;2,725245374;4,430169084;;;;;;
6,216450119;3,025228483;4,449102696;;;;;;
6,223394564;2,960652468;4,45403663;;;;;;
6,230339009;3,429302953;4,489243764;;;;;;
6,237283454;3,520026132;4,495904053;;;;;;
6,244227899;3,565461039;4,485952828;;;;;;
6,251172345;3,547877273;4,477675275;;;;;;
6,25811679;3,628899236;4,493012628;;;;;;
6,265061235;3,394818715;4,495149319;;;;;;
6,27200568;3,405763794;4,495532429;;;;;;
6,278950126;3,479141468;4,486034206;;;;;;
6,285894571;3,568768742;4,500295298;;;;;;
6,292839016;3,587201481;4,49229732;;;;;;
6,299783461;3,542496171;4,474406712;;;;;;
6,306727906;3,659568496;4,464787815;;;;;;
6,313672352;3,759541674;4,469211738;;;;;;
6,320616797;3,855828224;4,468811826;;;;;;
6,327561242;3,854034009;4,46498093;;;;;;
6,334505687;3,856839932;4,464980587;;;;;;
6,341450133;3,894366277;4,476811986;;;;;;
6,348394578;3,92276253;4,48581692;;;;;;
6,355339023;3,893511557;4,501463648;;;;;;
6,362283468;3,907778926;4,500740661;;;;;;
6,369227913;3,945714434;4,504259383;;;;;;
6,376172359;3,995953155;4,504743373;;;;;;
6,383116804;3,965432558;4,509880255;;;;;;
6,390061249;3,936965159;4,512597211;;;;;;
6,397005694;3,95408736;4,517936551;;;;;;
6,403950139;3,988211296;4,51388061;;;;;;
6,410894585;3,973556007;4,525357718;;;;;;
6,41783903;3,996021521;4,533933752;;;;;;
6,424783475;4,03221151;4,52949839;;;;;;
6,43172792;4,020253702;4,529424399;;;;;;
6,438672366;4,026225376;4,522117133;;;;;;
6,445616811;4,016689669;4,530072556;;;;;;
6,452561256;4,084237905;4,541806805;;;;;;
6,459505701;4,176785004;4,553899142;;;;;;
6,466450146;4,156755581;4,54462788;;;;;;
6,473394592;4,150388864;4,535964718;;;;;;
6,480339037;4,081063579;4,530812526;;;;;;
6,487283482;4,068204467;4,526557866;;;;;;
6,494227927;4,012873853;4,516385144;;;;;;
6,501172373;3,980119897;4,522215044;;;;;;
6,508116818;3,954881413;4,510667777;;;;;;
6,515061263;3,954703837;4,502600274;;;;;;
6,522005708;3,952265627;4,510898799;;;;;;
6,528950153;3,981936159;4,510450156;;;;;;
6,535894599;3,959061543;4,509067871;;;;;;
6,542839044;3,946468556;4,515893503;;;;;;
6,549783489;3,988139363;4,513530637;;;;;;
6,556727934;3,979048268;4,512077673;;;;;;
6,56367238;3,987753373;4,513280325;;;;;;
6,570616825;4,010107057;4,519045335;;;;;;
6,57756127;4,004824841;4,511626381;;;;;;
6,584505715;3,99656752;4,510626736;;;;;;
6,59145016;3,98544292;4,505977177;;;;;;
6,598394606;3,990027563;4,504163575;;;;;;
6,605339051;3,992237739;4,50096836;;;;;;
6,612283496;3,995947188;4,510522779;;;;;;
6,619227941;4,044541682;4,513277537;;;;;;
6,626172386;4,051473893;4,511208838;;;;;;
6,633116832;4,142996917;4,513587136;;;;;;
6,640061277;4,174418422;4,517642718;;;;;;
6,647005722;4,209245956;4,515832737;;;;;;
6,653950167;4,188489319;4,511088621;;;;;;
6,660894613;4,156549328;4,515389016;;;;;;
6,667839058;4,103126477;4,513828195;;;;;;
6,674783503;4,138805274;4,512768504;;;;;;
6,681727948;4,139656168;4,51149032;;;;;;
6,688672393;4,150570671;4,516993511;;;;;;
6,695616839;4,158996864;4,520491386;;;;;;
6,702561284;4,172677773;4,517546999;;;;;;
6,709505729;4,185675694;4,517802374;;;;;;
6,716450174;4,171251102;4,520465621;;;;;;
6,72339462;4,149447393;4,520439564;;;;;;
6,730339065;4,14412827;4,519946628;;;;;;
6,73728351;4,130009872;4,520638818;;;;;;
6,744227955;4,128853346;4,51932435;;;;;;
6,7511724;4,11928177;4,520978279;;;;;;
6,758116846;4,116568302;4,517392472;;;;;;
6,765061291;4,115781757;4,515408732;;;;;;
6,772005736;4,125668655;4,520525489;;;;;;
6,778950181;4,140298406;4,521555077;;;;;;
6,785894626;4,166510754;4,515497311;;;;;;
6,792839072;4,14209196;4,514112097;;;;;;
6,799783517;4,137156182;4,501454118;;;;;;
6,806727962;4,148012514;4,503066813;;;;;;
6,813672407;4,166497806;4,506336973;;;;;;
6,820616853;4,185761865;4,510037917;;;;;;
6,827561298;4,183061379;4,508590709;;;;;;
6,834505743;4,176971874;4,512622177;;;;;;
6,841450188;4,184273116;4,514607603;;;;;;
6,848394633;4,202723816;4,517242881;;;;;;
6,855339079;4,224092966;4,512280467;;;;;;
6,862283524;4,252687232;4,516206688;;;;;;
6,869227969;4,30471853;4,516394163;;;;;;
6,876172414;4,306611656;4,514095535;;;;;;
6,88311686;4,314006759;4,513499021;;;;;;
6,890061305;4,331899623;4,514517169;;;;;;
6,89700575;4,353591269;4,521571946;;;;;;
6,903950195;4,334628679;4,524087669;;;;;;
6,91089464;4,311914541;4,525705315;;;;;;
6,917839086;4,327521741;4,526385751;;;;;;
6,924783531;4,32173597;4,528632514;;;;;;
6,931727976;4,331916929;4,532780849;;;;;;
6,938672421;4,328074751;4,531306742;;;;;;
6,945616867;4,31215474;4,537830388;;;;;;
6,952561312;4,2980232;4,534093022;;;;;;
6,959505757;4,306659556;4,535808537;;;;;;
6,966450202;4,288284041;4,550999456;;;;;;
6,973394647;4,056971402;4,675768498;;;;;;
6,980339093;4,056657216;4,691300197;;;;;;
6,987283538;4,096687488;4,723574527;;;;;;
6,994227983;4,115965353;4,723011083;;;;;;
7,001172428;4,079463917;4,705050048;;;;;;
7,008116873;4,080104643;4,69341133;;;;;;
7,015061319;4,061485415;4,682089449;;;;;;
7,022005764;4,037084618;4,648804635;;;;;;
7,028950209;4,061576722;4,640997228;;;;;;
7,035894654;4,056820734;4,638743579;;;;;;
7,0428391;4,063395924;4,634297316;;;;;;
7,049783545;4,185244066;4,627130107;;;;;;
7,05672799;4,295392906;4,614852241;;;;;;
7,063672435;4,164536395;4,604138476;;;;;;
7,07061688;4,056768811;4,597168194;;;;;;
7,077561326;4,07187036;4,587577724;;;;;;
7,084503822;4,078838181;4,58702613;;;;;;
7,091449404;4,110604118;4,572523288;;;;;;
7,098393849;4,117957892;4,561477239;;;;;;
7,105338294;4,104391797;4,560414121;;;;;;
7,112282739;4,087943079;4,553663962;;;;;;
7,119227184;4,11432206;4,556920885;;;;;;
7,12617163;4,09383481;4,558855617;;;;;;
7,133116075;4,085798414;4,557773034;;;;;;
7,14006052;4,089163106;4,54653171;;;;;;
7,147004965;4,089854063;4,536203643;;;;;;
7,153949411;4,083598748;4,536971899;;;;;;
7,160893856;4,103890471;4,539508377;;;;;;
7,167838301;4,097259093;4,535186446;;;;;;
7,174782746;4,134684174;4,541840693;;;;;;
7,181727191;4,15819505;4,539942897;;;;;;
7,188671637;4,146871419;4,539006523;;;;;;
7,195616082;4,124381832;4,531110905;;;;;;
7,202560527;4,127735626;4,526173717;;;;;;
7,209504972;4,141740016;4,522798108;;;;;;
7,216449418;4,181142823;4,517477325;;;;;;
7,223393863;4,187971175;4,517840961;;;;;;
7,230338308;4,152367937;4,514438512;;;;;;
7,237282753;4,138691446;4,517508115;;;;;;
7,244227198;4,142564131;4,515711945;;;;;;
7,251171644;4,139121612;4,515626798;;;;;;
7,258116089;4,149176902;4,520544223;;;;;;
7,265060534;4,151982994;4,509165579;;;;;;
7,272004979;4,154004297;4,500974932;;;;;;
7,278949424;4,16184271;4,504116051;;;;;;
7,28589387;4,156845854;4,507021504;;;;;;
7,292838315;4,17686603;4,509308528;;;;;;
7,29978276;4,199297617;4,506845124;;;;;;
7,306727205;4,199351283;4,502628285;;;;;;
7,313671651;4,222493642;4,498983953;;;;;;
7,320616096;4,221418639;4,500347038;;;;;;
7,327560541;4,196365037;4,505456488;;;;;;
7,334504986;4,165968177;4,506305819;;;;;;
7,341449431;4,179537282;4,508105964;;;;;;
7,348393877;4,215266856;4,512501082;;;;;;
7,355338322;4,241130043;4,514156255;;;;;;
7,362282767;4,227794315;4,511007232;;;;;;
7,369227212;4,217212282;4,511710509;;;;;;
7,376171658;4,214871691;4,509004034;;;;;;
7,383116103;4,232809437;4,51277592;;;;;;
7,390060548;4,230338105;4,517079896;;;;;;
7,397004993;4,241461759;4,521354255;;;;;;
7,403949438;4,223740152;4,519174491;;;;;;
7,410893884;4,216037185;4,514416982;;;;;;
7,417838329;4,207358854;4,51947116;;;;;;
7,424782774;4,218364448;4,511874824;;;;;;
7,431727219;4,237949122;4,508552802;;;;;;
7,438671665;4,244243729;4,50085995;;;;;;
7,44561611;4,265382701;4,497426775;;;;;;
7,452560555;4,073409998;4,486674723;;;;;;
7,459505;4,058227564;4,483426207;;;;;;
7,466449445;4,056402579;4,47690907;;;;;;
7,473393891;4,068191855;4,476759594;;;;;;
7,480338336;4,049174157;4,483848913;;;;;;
7,487282781;4,054193964;4,491766517;;;;;;
7,494227226;4,047262976;4,49048393;;;;;;
7,501171671;4,025797588;4,485893945;;;;;;
7,508116117;4,00729317;4,483908337;;;;;;
7,515060562;4,02228677;4,482678663;;;;;;
7,522005007;4,036736341;4,466779574;;;;;;
7,528949452;4,022349045;4,460262237;;;;;;
7,535893898;4,020598669;4,457247534;;;;;;
7,542838343;4,006164095;4,458755236;;;;;;
7,549782788;4,004209055;4,455049358;;;;;;
7,556727233;3,998460204;4,447175195;;;;;;
7,563671678;4,004662417;4,444400263;;;;;;
7,570616124;3,989790979;4,441809297;;;;;;
7,577560569;4,002757509;4,445454287;;;;;;
7,584505014;4,013551628;4,448087698;;;;;;
7,591449459;4,025115193;4,444681147;;;;;;
7,598393905;4,007425057;4,439508769;;;;;;
7,60533835;3,994886815;4,433028057;;;;;;
7,612282795;3,953670486;4,430256906;;;;;;
7,61922724;3,947208332;4,432551186;;;;;;
7,626171685;3,946975259;4,433948571;;;;;;
7,633116131;3,936430788;4,434440825;;;;;;
7,640060576;3,94733116;4,430594767;;;;;;
7,647005021;3,95355654;4,433955187;;;;;;
7,653949466;3,962950778;4,432910652;;;;;;
7,660893912;3,960796168;4,430466071;;;;;;
7,667838357;3,973380778;4,442558294;;;;;;
7,674782802;3,961241063;4,449033863;;;;;;
7,681727247;3,961336958;4,449372017;;;;;;
7,688671692;3,96419604;4,441611131;;;;;;
7,695616138;3,959378409;4,436314522;;;;;;
7,702560583;3,972591123;4,437004699;;;;;;
7,709505028;3,99387046;4,433842324;;;;;;
7,716449473;4,001241797;4,429534468;;;;;;
7,723393918;3,983267421;4,424187647;;;;;;
7,730338364;3,985530121;4,41927607;;;;;;
7,737282809;3,969400298;4,416379759;;;;;;
7,744227254;3,965366923;4,409665144;;;;;;
7,751171699;3,927476363;4,405661421;;;;;;
7,758116145;3,910339474;4,404423699;;;;;;
7,76506059;3,905853954;4,400254752;;;;;;
7,772005035;3,906769422;4,40442267;;;;;;
7,77894948;3,907206205;4,400769061;;;;;;
7,785893925;3,90208946;4,39379892;;;;;;
7,792838371;3,905106524;4,395532027;;;;;;
7,799782816;3,91915566;4,396389529;;;;;;
7,806727261;3,921333921;4,397491818;;;;;;
7,813671706;3,920781955;4,404765185;;;;;;
7,820616152;3,928986942;4,405491449;;;;;;
7,827560597;3,948301537;4,403520298;;;;;;
7,834505042;3,942381825;4,39218596;;;;;;
7,841449487;3,948777653;4,385055562;;;;;;
7,848393932;3,961393723;4,377635887;;;;;;
7,855338378;3,957478975;4,380243933;;;;;;
7,862282823;3,909405207;3,287851123;;;;;;
7,869227268;3,924774434;3,351921536;;;;;;
7,876171713;3,944046576;3,508927743;;;;;;
7,883116158;3,94458287;3,586257442;;;;;;
7,890060604;3,949793816;3,609111366;;;;;;
7,897005049;3,952674404;3,595674638;;;;;;
7,903949494;3,800130764;2,633478898;;;;;;
7,910893939;3,817043204;2,805241046;;;;;;
7,917838385;3,778873553;2,654495153;;;;;;
7,92478283;3,758010435;2,048002171;;;;;;
7,931727275;3,761891156;2,072454684;;;;;;
7,93867172;3,754498561;2,09277711;;;;;;
7,945616165;3,760350814;2,101247328;;;;;;
7,952560611;3,753764677;2,117834282;;;;;;
7,959505056;3,756385903;2,14545304;;;;;;
7,966449501;3,759142323;2,169631965;;;;;;
7,973393946;3,753202008;2,173256791;;;;;;
7,980338392;3,754688772;2,190154249;;;;;;
7,987282837;3,746956967;2,204025982;;;;;;
7,994227282;3,735562037;2,221649527;;;;;;
8,001171727;3,745382465;2,230142895;;;;;;
8,008116172;3,747459633;2,246296477;;;;;;
8,015060618;3,740728913;2,257393988;;;;;;
8,022005063;3,741897163;2,265673185;;;;;;
8,028949508;3,750103116;2,273797154;;;;;;
8,035893953;3,742557196;2,281807501;;;;;;
8,042838399;3,75049044;2,287591848;;;;;;
8,049782844;3,753484545;2,303247922;;;;;;
8,056727289;3,757907863;2,314808347;;;;;;
8,063671734;3,761573912;2,317780804;;;;;;
8,070616179;3,76407002;2,325635827;;;;;;
8,077560625;3,772230342;2,328951419;;;;;;
8,08450507;3,756288645;2,331926045;;;;;;
8,091449515;3,754060653;2,341126678;;;;;;
8,09839396;3,753572938;2,345532613;;;;;;
8,105338405;3,761159843;2,351602111;;;;;;
8,112282851;3,754217158;2,358487816;;;;;;
8,119227296;3,754878916;2,363845906;;;;;;
8,126171741;3,761700611;2,367552449;;;;;;
8,133116186;3,768523775;2,368884067;;;;;;
8,140060632;3,770605219;2,380547023;;;;;;
8,147005077;3,781870024;2,389289211;;;;;;
8,153949522;3,774719835;2,390307312;;;;;;
8,160893967;3,770700792;2,396514943;;;;;;
8,167838412;3,797671458;2,4053842;;;;;;
8,174782858;3,819085479;2,406579646;;;;;;
8,181727303;3,83523192;2,413574016;;;;;;
8,188671748;3,833222478;2,420157347;;;;;;
8,195616193;3,831450189;2,423304978;;;;;;
8,202560639;3,829010943;2,424003141;;;;;;
8,209505084;3,823821355;2,428362433;;;;;;
8,216449529;3,81643394;2,43059449;;;;;;
8,223393974;3,816846917;2,43030748;;;;;;
8,230338419;3,823973381;2,431015135;;;;;;
8,237282865;3,818025415;2,438095144;;;;;;
8,24422731;3,809636194;2,436439139;;;;;;
8,251171755;3,802194568;2,4323407;;;;;;
8,2581162;3,798159254;2,43299618;;;;;;
8,265060645;3,795901704;2,434350869;;;;;;
8,272005091;3,792135941;2,433197123;;;;;;
8,278949536;3,776278056;2,435170373;;;;;;
8,285893981;3,762421018;2,435120583;;;;;;
8,292838426;3,763159907;2,439949128;;;;;;
8,299782872;3,758307804;2,440330647;;;;;;
8,306727317;3,790835857;2,442265063;;;;;;
8,313671762;3,781959914;2,440611162;;;;;;
8,320616207;3,771631523;2,439877105;;;;;;
8,327560652;3,765907087;2,444917922;;;;;;
8,334505098;3,761324852;2,444081067;;;;;;
8,341449543;3,758246294;2,438772256;;;;;;
8,348393988;3,74603183;2,439212715;;;;;;
8,355338433;3,743581378;2,44181347;;;;;;
8,362282879;3,730637272;2,443156693;;;;;;
8,369227324;3,726956843;2,446177229;;;;;;
8,376171769;3,729332881;2,450520039;;;;;;
8,383116214;3,731535238;2,452923306;;;;;;
8,390060659;3,730453133;2,453747137;;;;;;
8,397005105;3,729711842;2,457185872;;;;;;
8,40394955;3,7229598;2,456157196;;;;;;
8,410893995;3,710546917;2,461855707;;;;;;
8,41783844;3,712262469;2,464244071;;;;;;
8,424782886;3,697761055;2,462509068;;;;;;
8,431727331;3,693152624;2,463067716;;;;;;
8,438671776;3,68935782;2,463888151;;;;;;
8,445616221;3,687483729;2,467071027;;;;;;
8,452560666;3,682549717;2,467394141;;;;;;
8,459505112;3,66706487;2,469818496;;;;;;
8,466449557;3,669678721;2,4670539;;;;;;
8,473394002;3,663394274;2,466886252;;;;;;
8,480338447;3,654094835;2,467301738;;;;;;
8,487282892;3,653653938;2,463501161;;;;;;
8,494227338;3,65305137;2,464833918;;;;;;
8,501171783;3,650068944;2,465335571;;;;;;
8,508116228;3,648861347;2,463680671;;;;;;
8,515060673;3,636118314;2,463779328;;;;;;
8,522005119;3,631445319;2,46638947;;;;;;
8,528949564;3,631116429;2,469840451;;;;;;
8,535894009;3,631611439;2,472290171;;;;;;
8,542838454;3,638502403;2,472470563;;;;;;
8,549782899;3,636506718;2,475962635;;;;;;
8,556727345;3,62316263;2,483855589;;;;;;
8,56367179;3,62085756;2,487596286;;;;;;
8,570616235;3,620788708;2,485530581;;;;;;
8,57756068;3,615739715;2,485771326;;;;;;
8,584505126;3,616803478;2,484262732;;;;;;
8,591449571;3,613611538;2,475512284;;;;;;
8,598394016;3,608385553;2,466047365;;;;;;
8,605338461;3,603629845;2,462162128;;;;;;
8,612282906;3,6056141;2,444208993;;;;;;
8,619227352;3,640494439;2,442287201;;;;;;
8,626171797;3,641425853;2,434007568;;;;;;
8,633116242;3,642156431;2,419000421;;;;;;
8,640060687;3,62183531;2,404674969;;;;;;
8,647005133;3,636159318;2,390500355;;;;;;
8,653949578;3,672250969;2,380429648;;;;;;
8,660894023;3,657802578;2,377803277;;;;;;
8,667838468;3,654438591;2,382228292;;;;;;
8,674782913;3,654047743;2,376837408;;;;;;
8,681727359;3,638260892;2,367072833;;;;;;
8,688671804;3,625253866;2,365626317;;;;;;
8,695616249;3,697957266;2,362284861;;;;;;
8,702560694;3,74087965;2,36626358;;;;;;
8,709505139;3,747036752;2,366373664;;;;;;
8,716449585;3,749963415;2,353001868;;;;;;
8,72339403;3,750267308;2,35501353;;;;;;
8,730338475;3,758038443;2,360256638;;;;;;
8,73728292;3,770129856;2,362238022;;;;;;
8,744227366;3,77509478;2,360815843;;;;;;
8,751171811;3,777365593;2,362603409;;;;;;
8,758116256;3,769331447;2,363635225;;;;;;
8,765060701;3,764978522;2,365240213;;;;;;
8,772005146;3,761393727;2,366126738;;;;;;
8,778949592;3,763611039;2,373621316;;;;;;
8,785894037;3,771178783;2,377477347;;;;;;
8,792838482;3,776243394;2,374827351;;;;;;
8,799782927;3,784239904;2,374535813;;;;;;
8,806727373;3,7739285;2,377484263;;;;;;
8,813671818;3,775986634;2,374320192;;;;;;
8,820616263;3,78563978;2,385208608;;;;;;
8,827560708;3,789675512;2,387068699;;;;;;
8,834505153;3,784321137;2,392923516;;;;;;
8,841449599;3,783028839;2,392305654;;;;;;
8,848394044;3,777436129;2,388744989;;;;;;
8,855338489;3,77965685;2,383893522;;;;;;
8,862282934;3,77999227;2,382927;;;;;;
8,869227379;3,781055461;2,375286543;;;;;;
8,876171825;3,779159062;2,373309789;;;;;;
8,88311627;3,77572506;2,373938381;;;;;;
8,890060715;3,78332443;2,375944705;;;;;;
8,89700516;3,780602789;2,374557419;;;;;;
8,903949606;3,779173017;2,381465065;;;;;;
8,910894051;3,775442268;2,38384725;;;;;;
8,917838496;3,779340824;2,385184164;;;;;;
8,924782941;3,773014527;2,373485756;;;;;;
8,931727386;3,778169354;2,368559402;;;;;;
8,938671832;3,776131465;2,358011443;;;;;;
8,945616277;3,764116864;2,350254722;;;;;;
8,952560722;3,772522627;2,349465322;;;;;;
8,959505167;3,775905512;2,346429518;;;;;;
8,966449613;3,771912502;2,344156966;;;;;;
8,973394058;3,774660319;2,345723771;;;;;;
8,980338503;3,753915687;2,346011809;;;;;;
8,987282948;3,749450693;2,339688956;;;;;;
8,994227393;3,74914496;2,335301659;;;;;;
9,001171839;3,75637706;2,339745021;;;;;;
9,008116284;3,78643806;2,337919266;;;;;;
9,015060729;3,781490253;2,333009553;;;;;;
9,022005174;3,766395395;2,331283033;;;;;;
9,02894962;3,768333143;2,330019105;;;;;;
9,035894065;3,758180963;2,332049731;;;;;;
9,04283851;3,757329034;2,333168283;;;;;;
9,049782955;3,757487326;2,330579852;;;;;;
9,0567274;3,749776557;2,330769739;;;;;;
9,063671846;3,73903338;2,315215335;;;;;;
9,070616291;3,731962094;2,305669543;;;;;;
9,077560736;3,72466718;2,304655076;;;;;;
9,084505181;3,718527492;2,300751667;;;;;;
9,091449626;3,708040931;2,295994914;;;;;;
9,098394072;3,70844082;2,294862871;;;;;;
9,105338517;3,716136324;2,294879294;;;;;;
9,112282962;3,714696045;2,294593744;;;;;;
9,119227407;3,712750456;2,293585086;;;;;;
9,126171853;3,717013613;2,30699388;;;;;;
9,133116298;3,743285971;2,308551839;;;;;;
9,140060743;3,813576159;2,300128049;;;;;;
9,147005188;3,827607048;2,299817762;;;;;;
9,153949633;3,836960542;2,303195315;;;;;;
9,160894079;3,846176996;2,307468595;;;;;;
9,167838524;3,849027615;2,310699645;;;;;;
9,174782969;3,846889767;2,308085776;;;;;;
9,181727414;3,85533999;2,307561468;;;;;;
9,18867186;3,865121362;2,306817615;;;;;;
9,195616305;3,862410949;2,305579791;;;;;;
9,20256075;3,864795003;2,30658127;;;;;;
9,209505195;3,864798623;2,306919869;;;;;;
9,21644964;3,876456609;2,303957374;;;;;;
9,223394086;3,89975314;2,312104423;;;;;;
9,230338531;3,921543713;2,306518347;;;;;;
9,237282976;3,964456994;2,313565403;;;;;;
9,244227421;3,978216996;2,313548382;;;;;;
9,251171866;3,996357776;2,314944348;;;;;;
9,258116312;4,059526357;2,311664894;;;;;;
9,265060757;4,105330345;2,320177185;;;;;;
9,272005202;4,133584834;2,321277582;;;;;;
9,278949647;4,139058605;2,320620732;;;;;;
9,285894093;4,078130042;2,315847864;;;;;;
9,292838538;4,045696676;2,31459584;;;;;;
9,299782983;3,657364321;2,312901833;;;;;;
9,306727428;3,166976732;2,313217652;;;;;;
9,313671873;3,114624695;2,313246468;;;;;;
9,320616319;3,383161316;2,317859555;;;;;;
9,327560764;3,460155346;2,320111645;;;;;;
9,334505209;3,669353758;2,319719204;;;;;;
9,341449654;3,812688603;2,327947686;;;;;;
9,3483941;3,762347161;2,331758639;;;;;;
9,355338545;3,757204658;2,334223276;;;;;;
9,36228299;3,759081129;2,340884778;;;;;;
9,369227435;3,771068767;2,342362578;;;;;;
9,37617188;3,821620001;2,336389756;;;;;;
9,383116326;3,859776062;2,336767183;;;;;;
9,390060771;3,884641147;2,337778689;;;;;;
9,397005216;3,944215204;2,339505701;;;;;;
9,403949661;3,873766126;2,341893921;;;;;;
9,410894107;3,844501638;2,345026818;;;;;;
9,417838552;3,901227238;2,345696152;;;;;;
9,424782997;3,969464404;2,344702633;;;;;;
9,431727442;4,056821857;2,351809685;;;;;;
9,438671887;4,050143272;2,354671532;;;;;;
9,445616333;3,983107065;2,354944405;;;;;;
9,452560778;4,039115714;2,351252771;;;;;;
9,459505223;4,0545995;2,352190489;;;;;;
9,466449668;4,085955756;2,351071795;;;;;;
9,473394113;3,976060442;2,352272771;;;;;;
9,480338559;3,824895536;2,344474282;;;;;;
9,487283004;4,040566965;2,354278667;;;;;;
9,494227449;4,076766751;2,361120829;;;;;;
9,501171894;4,034300801;2,356118047;;;;;;
9,50811634;3,978534952;2,35726022;;;;;;
9,515060785;3,989484286;2,362083187;;;;;;
9,52200523;3,861673329;2,354593869;;;;;;
9,528949675;3,674921838;2,355499649;;;;;;
9,53589412;3,575532414;2,362604826;;;;;;
9,542838566;3,558705135;2,364579909;;;;;;
9,549783011;3,486502489;2,358232906;;;;;;
9,556727456;3,482693925;2,360981244;;;;;;
9,563671901;3,52316849;2,363321038;;;;;;
9,570616347;3,785619474;2,373023384;;;;;;
9,577560792;3,903818299;2,381860929;;;;;;
9,584505237;3,933001491;2,375901331;;;;;;
9,591449682;3,830593858;2,379612577;;;;;;
9,598394127;3,775749611;2,376186594;;;;;;
9,605338573;3,745564229;2,377032384;;;;;;
9,612283018;3,730098863;2,377191549;;;;;;
9,619227463;3,620564904;2,379052164;;;;;;
9,626171908;3,472979633;2,381735068;;;;;;
9,633116354;3,371308376;2,383433052;;;;;;
9,640060799;3,579299461;2,387506669;;;;;;
9,647005244;3,587751429;2,385380366;;;;;;
9,653949689;3,647161516;2,386908632;;;;;;
9,660894134;3,601514212;2,382668795;;;;;;
9,66783858;3,589552942;2,38086627;;;;;;
9,674783025;3,610390965;2,381862196;;;;;;
9,68172747;3,57812513;2,382752694;;;;;;
9,688671915;3,520642077;2,382655728;;;;;;
9,69561636;3,402047992;2,380809265;;;;;;
9,702560806;3,237008351;2,378218417;;;;;;
9,709505251;3,293842329;2,375115928;;;;;;
9,716449696;3,349030721;2,378748328;;;;;;
9,723394141;3,46411087;2,380682743;;;;;;
9,730338587;3,631439814;2,392232541;;;;;;
9,737283032;3,983214015;2,408295144;;;;;;
9,744227477;4,061954913;2,40238699;;;;;;
9,751171922;4,094336689;2,397389444;;;;;;
9,758116367;4,185812024;2,395520399;;;;;;
9,765060813;4,267374871;2,400306706;;;;;;
9,772005258;4,380001474;2,408907461;;;;;;
9,778949703;4,268402095;2,399425175;;;;;;
9,785894148;4,249950246;2,391176494;;;;;;
9,792838594;4,436860782;2,392831137;;;;;;
9,799783039;4,4932392;2,39562902;;;;;;
9,806727484;4,542637639;2,394810943;;;;;;
9,813671929;4,702103963;2,397234866;;;;;;
9,820616374;4,773186548;2,402749261;;;;;;
9,82756082;4,969356731;2,404613982;;;;;;
9,834505265;5,157060855;2,404997335;;;;;;
9,84144971;5,096236098;2,40629517;;;;;;
9,848394155;5,02346282;2,406202337;;;;;;
9,8553386;4,912689891;2,402111431;;;;;;
9,862283046;4,87533739;2,23132098;;;;;;
9,869227491;3,327495943;2,304725615;;;;;;
9,876171936;3,298169575;2,677602311;;;;;;
9,883116381;3,365686162;2,948140666;;;;;;
9,890060827;3,443088883;3,083257003;;;;;;
9,897005272;3,495267342;3,168065298;;;;;;
9,903949717;3,538620367;3,183079619;;;;;;
9,910894162;3,556149708;3,187612453;;;;;;
9,917838607;3,579641275;3,165279979;;;;;;
9,924783053;3,594617205;3,194826684;;;;;;
9,931727498;3,615606045;3,142188042;;;C:\Users\lbe\Documents\José Magdalena\Effluents\n-statt-pretretated-nonpretreated\20221125_2ndCycleEnrichment\Enrichment_2ndCycle_9-10pret-11-nonpret_02_CA_C09.mpr;;;
9,938671943;3,623922935;3,170691438;;;;;;
9,945616388;3,653305961;3,190506839;;;;;;
9,947826453;3,670575764;3,207637351;;;time/d;<J>/A/m²;<J>/A/m²;<J>/A/m²
10,03927538;7,810545949;6,669994516;;;0,091448924;;;
10,04621982;8,048286841;6,616201978;;;0,098393371;;;
10,05316427;8,200034033;6,827621043;;;0,105337818;;;
10,06010872;8,268593515;6,877137385;;;0,112282264;;;
10,06705316;8,29398835;6,735183533;;;0,119226711;;;
10,07399761;8,320751381;6,734809473;;;0,126171158;;;
10,08094206;8,311052512;6,727527971;;;0,133115604;;;
10,0878865;8,329074381;6,999527734;;;0,140060051;;;
10,09483095;8,307508694;6,748265094;;;0,147004498;;;
10,1017754;8,311802316;6,534701345;;;0,153948944;;;
10,10871984;8,424466758;6,156240094;;;0,160893391;;;
10,11566429;8,404412165;4,979380182;;;0,167837838;;;
10,12260874;4,499958848;7,313383798;;;0,174782284;;;
10,12955318;2,5295154;9,384073349;;;0,181726731;;;
10,13649763;2,619565069;10,61906978;;;0,188671178;;;
10,14344208;4,140252994;15,61965561;;;0,195615624;;;
10,15038652;2,447950425;8,100674379;;;0,202560071;;;
10,15733097;2,469202402;8,09700944;;;0,209504518;;;
10,16427542;2,311718918;12,61984344;;;0,216448964;;;
10,17121986;4,203381788;12,58406785;;;0,223393411;;;
10,17816431;4,832230169;12,79095695;;;0,230337858;;;
10,18510876;4,821262753;13,17116011;;;0,237282304;;;
10,1920532;4,43270935;13,55826639;;;0,244226751;;;
10,19899765;3,747426232;13,78606302;;;0,251171198;;;
10,2059421;3,588036723;13,82122088;;;0,258115644;;;
10,21288654;3,529436697;13,64944669;;;0,265060091;;;
10,21983099;3,557348735;13,60407237;;;0,272004538;;;
10,22677544;3,500401992;13,85072278;;;0,278948984;;;
10,23371988;3,566929707;14,21766601;;;0,285893431;;;
10,24066433;3,593522842;14,71839124;;;0,292837878;;;
10,24760878;3,750588124;15,28069719;;;0,299782324;;;
10,25455322;3,741064417;15,3242256;;;0,306726771;;;
10,26149767;3,641231579;15,30254661;;;0,313671218;;;
10,26844212;3,755033673;15,329993;;;0,320615664;;;
10,27538656;3,740472163;15,30521908;;;0,327560111;;;
10,28233101;3,576325931;14,97462052;;;0,334504558;;;
10,28927546;3,436118089;14,77241196;;;0,341449005;;;
10,2962199;3,198675445;14,46711093;;;0,348393451;;;
10,30316435;3,21300009;14,33545949;;;0,355337898;;;
10,3101088;2,985527883;14,21414997;;;0,362282345;;;
10,31705324;2,909140945;14,03646418;;;0,369226791;;;
10,32399769;2,816721334;13,88125573;;;0,376171238;;;
10,33094214;2,927454866;13,94576238;;;0,383115685;;;
10,33788658;2,734617573;14,15926936;;;0,390060129;;;
10,34483103;3,016337514;14,35397664;;;0,397004574;;;
10,35177547;2,894495014;14,44407808;;;0,403949018;;;
10,35871992;3,028670415;14,54815547;;;0,410893462;;;
10,36566436;3,075155709;14,61666085;;;0,417837907;;;
10,3726088;3,146941841;14,73715918;;;0,424782351;;;
10,37955325;3,11227577;14,66894402;;;0,431726796;;;
10,38649769;3,159443168;14,76882563;;;0,43867124;;;
10,39344214;2,859979477;14,76811857;;;0,445615685;;;
10,40038658;2,740942818;14,77139761;;;0,452560129;;;
10,40733103;2,701398608;14,78920873;;;0,459504574;;;
10,41427547;2,993269954;14,85423029;;;0,466449018;;;
10,42121992;2,651538657;14,82877421;;;0,473393463;;;
10,42816436;2,718148809;14,70524631;;;0,480337907;;;
10,4351088;2,667061336;14,58944349;;;0,487282351;;;
10,44205325;2,635981436;14,52153406;;;0,494226796;;;
10,44899769;2,685072595;14,50689181;;;0,50117124;;;
10,45594214;2,736139758;14,448931;;;0,508115685;;;
10,46288658;2,584764007;14,35290981;;;0,515060129;;;
10,46983103;2,581798116;14,27532358;;;0,522004574;;;
10,47677547;2,525861814;14,19689939;;;0,528949018;;;
10,48371992;2,657864613;14,16914137;;;0,535893463;;;
10,49066436;3,040675212;14,21876223;;;0,542837907;;;
10,4976088;2,968882779;14,16977522;;;0,549782352;;;
10,50455325;2,942065179;13,94236161;;;0,556726796;;;
10,51149769;1,77000423;7,920506201;;;0,56367124;;;
10,51844214;0,759772404;12,62091337;;;0,570615685;;;
10,52538658;0,389012567;6,196586579;;;0,577560129;;;
10,53233103;3,51879154;6,181232206;;;0,584504574;;;
10,53927547;3,723513457;6,364025828;;;0,591449018;;;
10,54621992;2,776936999;4,316887816;;;0,598393463;;;
10,55316436;3,191286496;5,319219447;;;0,605337907;;;
10,5601088;4,026250649;8,131891269;;;0,612282352;;;
10,56705325;4,265654803;9,103929714;;;0,619226796;;;
10,57399769;4,04641432;8,370775432;;;0,626171241;;;
10,58094214;3,894208323;7,721228758;;;0,633115685;;;
10,58788658;3,919182068;7,819172667;;;0,64006013;;;
10,59483103;3,873355895;8,227878556;;;0,647004574;;;
10,60177547;3,854967545;7,530008022;;;0,653949018;;;
10,60871992;3,792729837;7,405073142;;;0,660893463;;;
10,61566436;3,805113402;7,085168674;;;0,667837907;;;
10,6226088;3,76396256;7,006353888;;;0,674782352;;;
10,62955325;3,858028997;6,92241233;;;0,681726796;;;
10,63649769;3,922055656;6,730548995;;;0,688671241;;;
10,64344214;5,479168152;4,85339809;;;0,695615685;;;
10,65038658;5,169069154;8,986716073;;;0,70256013;;;
10,65733103;5,24455465;10,22440111;;;0,709504574;;;
10,66427547;5,42686364;11,19266743;;;0,716449019;;;
10,67121992;5,689439706;12,00819711;;;0,723393463;;;
10,67816436;5,633917673;11,3518191;;;0,730337907;;;
10,6851088;5,689562189;11,14041073;;;0,737282352;;;
10,69205325;5,726975549;11,41705648;;;0,744226796;;;
10,69899769;5,80562885;11,58837956;;;0,751171241;;;
10,70594214;5,765904963;11,69987798;;;0,758115685;;;
10,71288658;5,673224633;11,30400554;;;0,765060131;;;
10,71983103;5,651993026;11,3130769;;;0,772004576;;;
10,72677547;5,683989599;11,25057848;;;0,778949021;;;
10,73371992;5,676682431;10,97360494;;;0,785893466;;;
10,74066436;5,723059589;11,01364379;;;0,792837911;;;
10,74760881;5,76011011;10,71346832;;;0,799782356;;;
10,75455325;5,816181913;10,84717186;;;0,806726801;;;
10,7614977;5,885313212;11,18560562;;;0,813671246;;;
10,76844214;5,944734105;11,37435908;;;0,820615691;;;
10,77538659;5,947930013;11,21148498;;;0,827560137;;;
10,78233103;5,967310477;11,35798919;;;0,834504582;;;
10,78927548;5,984830574;11,23692146;;;0,841449027;;;
10,79621992;5,950531678;11,19811957;;;0,848393472;;;
10,80316437;5,995116639;11,11352899;;;0,855337917;;;
10,81010881;6,009590531;11,45958683;;;0,862282362;;;
10,81705326;6,065279961;11,68174393;;;0,869226807;;;
10,82399771;6,076454335;11,5917661;;;0,876171252;;;
10,83094215;6,064636931;11,18016176;;;0,883115697;;;
10,8378866;6,076803657;10,80945438;;;0,890060143;;;
10,84483104;3,323315026;8,708452134;;;0,897004588;;;
10,85177549;2,262549375;3,52363507;;;0,903949033;;;
10,85871993;4,069061956;8,064666336;;;0,910893478;;;
10,86566438;4,657279582;8,17342617;;;0,917837923;;;
10,87260882;4,719780278;8,681056594;;;0,924782368;;;
10,87955327;5,132585053;9,741614033;;;0,931726813;;;
10,88649771;4,829924547;10,5985366;;;0,938671258;;;
10,89344216;4,778126294;11,11241033;;;0,945615704;;;
10,9003866;4,70166662;10,60335243;;;0,952560149;;;
10,90733105;4,541334878;10,22890402;;;0,959504594;;;
10,91427549;4,631616071;10,6737993;;;0,966449039;;;
10,92121994;4,748067104;11,02227116;;;0,973393484;;;
10,92816438;4,838732646;10,93879266;;;0,980337929;;;
10,93510883;4,823145116;10,83577022;;;0,987282374;;;
10,94205327;4,821213453;10,96319593;;;0,994226819;;;
10,94899772;4,838297653;10,74014574;;;1,001171264;;;
10,95594216;4,767450413;10,45633173;;;1,00811571;;;
10,96288661;4,772984747;10,58918873;;;1,015060155;;;
10,96983105;4,743757494;10,5891522;;;1,0220046;;;
10,9767755;4,807446083;10,72064998;;;1,028949045;;;
10,98371994;4,827362475;10,5678;;;1,03589349;;;
10,99066439;4,791872654;9,989174733;;;1,042837935;;;
10,99760883;4,748992171;9,795238799;;;1,04978238;;;
11,00455328;4,538052534;9,354912263;;;1,056726825;;;
11,01149772;4,541060587;9,597737785;;;1,063671271;;;
11,01844217;4,495387046;9,660138771;;;1,070615716;;;
11,02538661;4,503594086;9,68349267;;;1,077560161;;;
11,03233106;4,45718647;9,778183397;;;1,084504606;;;
11,0392755;4,537390019;9,9277018;;;1,091449051;;;
11,04621995;4,465622831;9,976838614;;;1,098393496;;;
11,05316439;4,519347199;10,0699115;;;1,105337941;;;
11,06010884;4,472795853;9,998465403;;;1,112282386;;;
11,06705328;4,444888994;9,925033207;;;1,119226831;;;
11,07399773;4,458180488;9,824127474;;;1,126171277;;;
11,08094217;4,503564555;9,947774853;;;1,133115722;;;
11,08788662;4,562053986;10,00808461;;;1,140060167;;;
11,09483106;4,581921117;9,822385306;;;1,147004612;;;
11,10177551;4,699447082;9,826178632;;;1,153949057;;;
11,10871995;4,767041274;9,833425376;;;1,160893502;;;
11,1156644;4,73596755;9,781301261;;;1,167837947;;;
11,12260885;4,903573122;9,650224112;;;1,174782392;;;
11,12955329;4,950193086;9,606218956;;;1,181726838;;;
11,13649774;4,948641301;9,572455986;;;1,188671283;;;
11,14344218;4,978113334;9,726360187;;;1,195615728;;;
11,15038663;4,99079568;9,865595945;;;1,202560173;;;
11,15733107;4,998304989;10,10550149;;;1,209504618;;;
11,16427552;4,978893194;9,956226236;;;1,216449063;;;
11,17121996;5,039959132;10,06247957;;;1,223393508;;;
11,17816441;5,037021427;10,1321426;;;1,230337953;;;
11,18510885;5,029185452;10,16468321;;;1,237282398;;;
11,1920533;5,03824025;10,2188998;;;1,244226844;;;
11,19899774;4,841932312;10,09298207;;;1,251171289;;;
11,20594219;4,725915328;10,14222239;;;1,258115734;;;
11,21288663;4,751960884;10,33000207;;;1,265060179;;;
11,21983108;4,762245467;10,23970689;;;1,272004624;;;
11,22677552;4,792948794;10,27960685;;;1,278949069;;;
11,23371997;4,805216186;10,30380367;;;1,285893514;;;
11,24066441;4,799322821;10,20966971;;;1,292837959;;;
11,24760886;4,778925668;10,18235024;;;1,299782404;;;
11,2545533;4,755883745;10,11472016;;;1,30672685;;;
11,26149775;4,771601967;9,844999833;;;1,313671295;;;
11,26844219;4,769760265;9,837929206;;;1,32061574;;;
11,27538664;4,735591351;9,687174149;;;1,327560185;;;
11,28233108;4,756030739;9,747396566;;;1,33450463;;;
11,28927553;4,76480814;9,792540853;;;1,341449075;;;
11,29621997;4,866589438;9,850996724;;;1,34839352;;;
11,30316442;4,870772213;9,839729181;;;1,355337965;;;
11,31010886;4,807052121;9,866128983;;;1,362282411;;;
11,31705331;4,759288229;9,881703927;;;1,369226856;;;
11,32399775;4,769504947;9,897198083;;;1,376171301;;;
11,3309422;4,75532902;9,887880029;;;1,383115746;;;
11,33788664;4,79838322;9,852116253;;;1,390060191;;;
11,34483109;4,781223087;9,777652107;;;1,397004636;;;
11,35177553;4,708499873;9,739523812;;;1,403949081;;;
11,35871998;4,715859625;9,731082915;;;1,410893526;;;
11,36566442;4,724758444;9,77013908;;;1,417837971;;;
11,37260887;4,727150489;9,789162837;;;1,424782417;;;
11,37955331;4,73745506;9,774737898;;;1,431726862;;;
11,38649776;4,724955729;9,740710158;;;1,438671307;;;
11,3934422;4,754503183;9,642952324;;;1,445615752;;;
11,40038665;4,764799757;9,576247434;;;1,452560197;;;
11,40733109;4,729093148;9,506097549;;;1,459504642;;;
11,41427554;4,664098616;9,513311154;;;1,466449087;;;
11,42121999;4,624939157;9,498055126;;;1,473393532;;;
11,42816443;4,63567563;9,471315138;;;1,480337978;;;
11,43510888;4,653212095;9,432946405;;;1,487282423;;;
11,44205332;4,702487647;9,40833614;;;1,494226868;;;
11,44899777;4,635605571;9,37816034;;;1,501171313;;;
11,45594221;4,615700336;9,342582101;;;1,508115758;;;
11,46288666;4,598182127;9,226567484;;;1,515060203;;;
11,4698311;4,588727136;9,219925073;;;1,522004648;;;
11,47677555;4,602395378;9,161806099;;;1,528949093;;;
11,48371999;4,593524937;9,11440395;;;1,535893539;;;
11,49066444;4,626156907;9,111532783;;;1,542837984;;;
11,49760888;4,636955859;9,077261116;;;1,54978243;;;
11,50455333;4,589875106;9,037548103;;;1,556726876;;;
11,51149777;4,577296289;9,013630383;;;1,563671321;;;
11,51844222;4,602000373;8,991664812;;;1,570615767;;;
11,52538666;4,622469221;9,127541494;;;1,577560212;;;
11,53233111;4,607565461;9,135900386;;;1,584504658;;;
11,53927556;4,606719394;9,123138215;;;1,591449103;;;
11,54622;4,709096198;9,093054051;;;1,598393549;;;
11,55316445;4,66372055;9,063608666;;;1,605337994;;;
11,56010889;4,634202972;9,045100449;;;1,61228244;;;
11,56705334;4,643667467;9,001856574;;;1,619226885;;;
11,57399778;4,629324692;8,862683034;;;1,626171331;;;
11,58094223;4,609420067;8,704028887;;;1,633115776;;;
11,58788667;4,588407695;8,66741807;;;1,640060222;;;
11,59483112;4,556264206;8,614802203;;;1,647004667;;;
11,60177557;4,533579604;8,461651762;;;1,653949113;;;
11,60872001;4,504151124;8,449306061;;;1,660893558;;;
11,61566446;4,547631407;8,457386268;;;1,667838004;;;
11,6226089;4,565163827;8,407016642;;;1,67478245;;;
11,62955335;4,565966936;8,324586931;;;1,681726895;;;
11,63649779;4,567002245;8,330604872;;;1,688671341;;;
11,64344224;4,595255647;8,345446453;;;1,695615786;;;
11,65038668;4,604971128;8,344539395;;;1,702560232;;;
11,65733113;4,571142605;8,310100473;;;1,709504677;;;
11,66427558;4,549502994;8,31022343;;;1,716449123;;;
11,67122002;4,53225883;8,278386578;;;1,723393568;;;
11,67816447;4,518934742;8,292818719;;;1,730338014;;;
11,68510891;4,51009004;8,299643865;;;1,737282459;;;
11,69205336;4,485168392;8,301693647;;;1,744226905;;;
11,6989978;4,453494995;8,289314293;;;1,75117135;;;
11,70594225;4,478015741;8,299369419;;;1,758115796;;;
11,71288669;4,472073869;8,300543588;;;1,765060241;;;
11,71983114;4,45907238;8,286043786;;;1,772004687;;;
11,72677559;4,423480906;8,259677194;;;1,778949133;;;
11,73372003;4,425798852;8,264835721;;;1,785893578;;;
11,74066448;4,426807341;8,178096667;;;1,792838024;;;
11,74760892;4,347482712;7,976388663;;;1,799782469;;;
11,75455337;4,410277395;8,030998716;;;1,806726915;;;
11,76149781;4,40518817;8,025638876;;;1,81367136;;;
11,76844226;4,401696184;8,035147325;;;1,820615806;;;
11,7753867;4,406241919;8,020061477;;;1,827560251;;;
11,78233115;4,428609763;8,059777032;;;1,834504697;;;
11,7892756;4,46717472;8,060191132;;;1,841449142;;;
11,79622004;4,478191022;8,024527454;;;1,848393588;;;
11,80316449;4,473328304;8,004750634;;;1,855338033;;;
11,81010893;4,490668616;8,031533629;;;1,862282479;;;
11,81705338;4,453095771;8,009962515;;;1,869226924;;;
11,82399782;4,460760129;7,995511785;;;1,87617137;;;
11,83094227;4,429679018;7,982242408;;;1,883115815;;;
11,83788671;4,428630337;8,002195456;;;1,890060261;;;
11,84483116;4,400505925;7,849373725;;;1,897004707;;;
11,8517756;1,941333384;4,324792016;;;1,903949152;;;
11,85872005;1,662484358;6,669485799;;;1,910893598;;;
11,8656645;2,877904033;6,028489642;;;1,917838043;;;
11,87260894;6,12986983;4,342145189;;;1,924782489;;;
11,87955339;2,165631788;3,520998035;;;1,931726934;;;
11,88649783;3,393062229;2,630483332;;;1,93867138;;;
11,89344228;3,923518557;4,676205202;;;1,945615825;;;
11,90038672;1,712747855;2,817141917;;;1,952560271;;;
11,90733117;4,840077307;4,624136554;;;1,959504716;;;
11,91427561;3,08646779;3,477170699;;;1,966449162;;;
11,92122006;3,528070128;4,857052946;;;1,973393607;;;
11,92816451;1,289278983;2,661466644;;;1,980338053;;;
11,93510895;2,100045774;2,705906375;;;1,987282498;;;
11,9420534;0,948092962;4,68883187;;;1,994226944;;;
11,94899784;1,982870345;3,2906714;;;2,00117139;;;
11,95594229;1,384404206;2,544683338;;;2,008115835;;;
11,96288673;2,123104901;3,391975978;;;2,015060281;;;
11,96983118;1,791879278;4,679672027;;;2,022004726;;;
11,97677562;1,164499371;2,924549673;;;2,028949172;;;
11,98372007;0,228159395;2,216979069;;;2,035893617;;;
11,99066452;1,094761433;1,072848103;;;2,042838063;;;
11,99760896;0,751733942;3,073809981;;;2,049782508;;;
12,00455341;16,08724883;13,93932223;;;2,056726954;;;
12,01149785;13,40449735;7,668476847;;;2,063671399;;;
12,0184423;11,44626792;6,072147401;;;2,070615845;;;
12,02538674;9,047658932;5,49232944;;;2,07756029;;;
12,03233119;7,307108665;5,029818231;;;2,084504736;;;
12,03927563;6,935641865;4,703887594;;;2,091449181;;;
12,04622008;6,61718042;4,471363922;;;2,098393627;;;
12,05316453;6,379448191;4,299546496;;;2,105338072;;;
12,06010897;6,222894097;4,19780838;;;2,112282518;;;
12,06705342;6,118811008;4,131754132;;;2,119226964;;;
12,07399786;6,05400384;4,094663196;;;2,126171409;;;
12,08094231;6,03694781;4,073736819;;;2,133115855;;;
12,08788675;6,027176819;4,069438896;;;2,1400603;;;
12,0948312;6,029378353;4,065279241;;;2,147004746;;;
12,10177564;6,028957143;4,061003166;;;2,153949191;;;
12,10872009;6,01479815;4,061794627;;;2,160893637;;;
12,11566454;6,020653635;4,064098102;;;2,167838082;;;
12,12260898;6,040388645;4,068430116;;;2,174782528;;;
12,12955343;6,064245524;4,071298547;;;2,181726973;;;
12,13649787;6,085686149;4,084908504;;;2,188671419;;;
12,14344232;6,116195856;4,11121973;;;2,195615864;;;
12,15038676;6,136820476;4,133171025;;;2,20256031;;;
12,15733121;6,15621973;4,139526498;;;2,209504755;;;
12,16427565;6,206790243;4,143883681;;;2,216449201;;;
12,1712201;6,235004945;4,160262696;;;2,223393646;;;
12,17816454;6,257311749;4,194466897;;;2,230338092;;;
12,18510899;6,273268789;4,195541112;;;2,237282538;;;
12,19205344;6,296143531;4,213783044;;;2,244226983;;;
12,19899788;6,317992152;4,227311585;;;2,251171429;;;
12,20594233;6,345581856;4,251859529;;;2,258115874;;;
12,21288677;6,248201779;4,260772701;;;2,26506032;;;
12,21983122;6,160289434;4,266826315;;;2,272004765;;;
12,22677566;6,191558413;4,292821338;;;2,278949211;;;
12,23372011;6,229017823;4,311205836;;;2,285893656;;;
12,24066455;6,255464017;4,31295063;;;2,292838102;;;
12,247609;6,278062818;4,31943997;;;2,299782547;;;
12,25455345;6,303603811;4,339132915;;;2,306726993;;;
12,26149789;6,325633429;4,350935709;;;2,313671438;;;
12,26844234;6,311696795;4,356842446;;;2,320615884;;;
12,27538678;6,314254051;4,385485406;;;2,327560329;;;
12,28233123;6,346026244;4,419546294;;;2,334504775;;;
12,28927567;6,380390559;4,439985971;;;2,341449221;;;
12,29622012;6,410524848;4,452890888;;;2,348393666;;;
12,30316456;6,437245289;4,461940867;;;2,355338112;;;
12,31010901;6,480148071;4,46903294;;;2,362282557;;;
12,31705346;6,506553871;4,460991665;;;2,369227003;;;
12,3239979;6,549830116;4,453607176;;;2,376171448;;;
12,33094235;6,596280833;4,491307812;;;2,383115894;;;
12,33788679;6,641615856;4,509519318;;;2,390060339;;;
12,34483124;6,684002576;4,533138908;;;2,397004785;;;
12,35177568;6,70957098;4,535557018;;;2,40394923;;;
12,35872013;6,746041063;4,559508941;;;2,410893676;;;
12,36566457;6,784994929;4,574896275;;;2,417838121;;;
12,37260902;6,822187863;4,578108078;;;2,424782567;;;
12,37955347;6,881299171;4,612002943;;;2,431727012;;;
12,38649791;6,964963391;4,614459261;;;2,438671458;;;
12,39344236;7,006279832;4,6216176;;;2,445615903;;;
12,4003868;7,006846455;4,651375957;;;2,452560349;;;
12,40733125;7,049173094;4,681614743;;;2,459504795;;;
12,41427569;7,058442484;4,667705766;;;2,46644924;;;
12,42122014;7,117683708;4,655569856;;;2,473393686;;;
12,42816458;7,182841048;4,690624895;;;2,480338131;;;
12,43510903;7,175423411;4,737243278;;;2,487282577;;;
12,44205347;7,194141983;4,762006597;;;2,494227022;;;
12,44899792;7,21364438;4,771612071;;;2,501171468;;;
12,45594237;7,230930654;4,782572595;;;2,508115913;;;
12,46288681;7,241214649;4,81580431;;;2,515060359;;;
12,46983126;7,266944888;4,834076013;;;2,522004804;;;
12,4767757;7,281247206;4,844270027;;;2,52894925;;;
12,48372015;7,296032671;4,853744394;;;2,535893695;;;
12,49066459;7,318350335;4,882921966;;;2,542838141;;;
12,49760904;7,327264717;4,898506261;;;2,549782586;;;
12,50455348;7,344669913;4,908971884;;;2,556727032;;;
12,51149793;7,374177277;4,931412665;;;2,563671478;;;
12,51844238;7,391432577;4,946205475;;;2,570615923;;;
12,52538682;7,421584157;4,963348229;;;2,577560369;;;
12,53233127;7,488070631;4,980367886;;;2,584504814;;;
12,53927571;7,504086743;4,967342734;;;2,59144926;;;
12,54622016;7,52883259;4,948538864;;;2,598393705;;;
12,5531646;7,552805087;4,96627377;;;2,605338151;;;
12,56010905;7,571554703;5,004841956;;;2,612282596;;;
12,56705349;7,599561276;5,02287123;;;2,619227042;;;
12,57399794;7,622972387;4,998079078;;;2,626171487;;;
12,58094239;7,6242343;5,047110532;;;2,633115933;;;
12,58788683;7,667414506;5,063565484;;;2,640060378;;;
12,59483128;7,653284461;5,036968468;;;2,647004824;;;
12,60177572;7,129706042;5,068789172;;;2,653949269;;;
12,60872017;7,250924419;5,092308442;;;2,660893715;;;
12,61566461;7,523306157;5,101277719;;;2,66783816;;;
12,62260906;7,589906077;5,1397287;;;2,674782606;;;
12,6295535;7,652652523;5,159734607;;;2,681727052;;;
12,63649795;7,706338832;5,184554069;;;2,688671497;;;
12,6434424;7,765089544;5,206314097;;;2,695615943;;;
12,65038684;7,863629911;5,222766257;;;2,702560388;;;
12,65733129;7,907975454;5,236169788;;;2,709504834;;;
12,66427573;7,940776507;5,26151466;;;2,716449279;;;
12,67122018;8,019612739;5,253127466;;;2,723393725;;;
12,67816462;8,058188158;5,254162558;;;2,73033817;;;
12,68510907;8,098745891;5,283018409;;;2,737282616;;;
12,69205351;8,137158706;5,290331156;;;2,744227061;;;
12,69899796;8,166192189;5,29841066;;;2,751171507;;;
12,70594241;8,184776841;5,308219265;;;2,758115952;;;
12,71288685;8,223539131;5,346734729;;;2,765060398;;;
12,7198313;8,230909728;5,343487054;;;2,772004843;;;
12,72677574;8,255646461;5,368671751;;;2,778949289;;;
12,73372019;8,279262258;5,381650958;;;2,785893735;;;
12,74066463;8,309715333;5,361522397;;;2,79283818;;;
12,74760908;8,328166897;5,376517042;;;2,799782626;;;
12,75455352;8,346360433;5,387173976;;;2,806727071;;;
12,76149797;8,354187095;5,398023103;;;2,813671517;;;
12,76844241;8,372449859;5,428414969;;;2,820615962;;;
12,77538686;8,389980178;5,430516499;;;2,827560408;;;
12,78233131;8,408254207;5,399386621;;;2,834504853;;;
12,78927575;8,425646037;5,429321893;;;2,841449299;;;
12,7962202;8,438828135;5,397264679;;;2,848393744;;;
12,80316464;8,431895853;5,400307973;;;2,85533819;;;
12,81010909;8,450530504;5,400518317;;;2,862282635;;;
12,81705353;8,419729774;8,671739546;;;2,869227081;;;
12,82399798;8,788669857;11,18099421;;;2,876171526;;;
12,83094242;8,455099819;13,15348703;;;2,883115972;;;
12,83788687;10,87478066;15,31670543;;;2,890060417;;;
12,84483132;12,24698638;16,02290386;;;2,897004863;;;
12,85177576;11,09724521;15,2155458;;;2,903949309;;;
12,85872021;12,30211641;15,99168185;;;2,910893754;;;
12,86566465;10,29755838;11,08220883;;;2,9178382;;;
12,8726091;11,8621006;12,97043599;;;2,924782645;;;
12,87955354;13,20220077;13,49411881;;;2,931727091;;;
12,88649799;12,90588725;13,46178591;;;2,938671536;;;
12,89344243;12,06528808;13,71585053;;;2,945615982;;;
12,90038688;13,64449906;14,53246878;;;2,952560427;;;
12,90733133;14,8826208;14,30659146;;;2,959504873;;;
12,91427577;13,35316608;14,42247451;;;2,966449318;;;
12,92122022;13,2038916;13,93366271;;;2,973393764;;;
12,92816466;14,70223205;14,36735565;;;2,980338209;;;
12,93510911;15,65090488;14,82448011;;;2,987282655;;;
12,94205355;17,15666922;15,74606604;;;2,9942271;;;
12,948998;16,89336428;15,79945104;;;3,001171546;;;
12,95594244;16,35351918;15,64929184;;;3,008115991;;;
12,96288689;16,03648529;15,53810596;;;3,015060437;;;
12,96983134;17,05135728;16,08526998;;;3,022004883;;;
12,97677578;16,89910113;15,97079516;;;3,028949328;;;
12,98372023;16,42875631;15,9750731;;;3,035893774;;;
12,99066467;16,12878519;15,81125957;;;3,042838221;;;
12,99760912;16,48431684;16,16064653;;;3,049782667;;;
13,00455357;16,80636123;16,64581377;;;3,056727113;;;
13,01149801;15,15942547;15,32043543;;;3,063671559;;;
13,01844246;15,78818407;16,22851392;;;3,070616005;;;
13,0253869;15,82751045;16,32845035;;;3,077560452;;;
13,03233135;16,11131616;16,54561548;;;3,084504898;;;
13,0392758;16,08934979;16,83202327;;;3,091449344;;;
13,04622024;14,79039701;16,24991233;;;3,09839379;;;
13,05316469;14,77269946;16,15644502;;;3,105338236;;;
13,06010914;15,55896759;16,21899162;;;3,112282683;;;
13,06705358;16,86563858;16,52135562;;;3,119227129;;;
13,07399803;16,28332446;16,39649671;;;3,126171575;;;
13,08094247;16,73688293;16,45312946;;;3,133116021;;;
13,08788692;12,27135064;12,02135951;;;3,140060468;;;
13,09483137;13,54201303;12,69607813;;;3,147004914;;;
13,10177581;14,28094934;13,07040509;;;3,15394936;;;
13,10872026;14,57051707;13,18528869;;;3,160893806;;;
13,11566471;14,88671085;13,26282347;;;3,167838252;;;
13,12260915;15,2850133;13,52768012;;;3,174782699;;;
13,1295536;15,49308938;13,50615161;;;3,181727145;;;
13,13649804;15,0699785;13,58946436;;;3,188671591;;;
13,14344249;14,92293943;13,10349881;;;3,195616037;;;
13,15038694;15,4139719;13,52829396;;;3,202560483;;;
13,15733138;15,7827878;13,86931554;;;3,20950493;;;
13,16427583;16,33198319;14,47776109;;;3,216449376;;;
13,17122027;16,75552068;14,53835258;;;3,223393822;;;
13,17816472;16,7852765;14,76842283;;;3,230338268;;;
13,18510917;16,65821936;14,53436038;;;3,237282715;;;
13,19205361;16,37404149;14,48279965;;;3,244227161;;;
13,19899806;17,06456709;14,64703389;;;3,251171607;;;
13,20594251;17,76355126;14,95526916;;;3,258116053;;;
13,21288695;17,3895684;15,006604;;;3,265060499;;;
13,2198314;16,99237408;15,35981289;;;3,272004946;;;
13,22677584;17,00101853;15,49113833;;;3,278949392;;;
13,23372029;16,65130104;15,48362104;;;3,285893838;;;
13,24066474;16,25648958;15,46325436;;;3,292838284;;;
13,24760918;16,03280956;15,42782344;;;3,29978273;;;
13,25455363;15,659179;15,31444247;;;3,306727177;;;
13,26149808;16,89244631;15,45624075;;;3,313671623;;;
13,26844252;17,31392448;15,52410473;;;3,320616069;;;
13,27538697;16,93547294;15,52190148;;;3,327560515;;;
13,28233141;15,46801917;15,24435069;;;3,334504962;;;
13,28927586;15,86251219;15,18054537;;;3,341449408;;;
13,29622031;16,91998518;15,3342026;;;3,348393854;;;
13,30316475;18,23642441;15,67493274;;;3,3553383;;;
13,3101092;18,35952818;15,70142739;;;3,362282746;;;
13,31705365;18,45708641;15,53326156;;;3,369227193;;;
13,32399809;19,22471075;15,89126346;;;3,376171639;;;
13,33094254;19,3724341;15,8795955;;;3,383116085;;;
13,33788698;19,34517197;15,75248248;;;3,390060531;;;
13,34483143;20,3231062;15,96438039;;;3,397004977;;;
13,35177588;20,00619168;16,05198837;;;3,403949424;;;
13,35872032;20,52043469;16,35068144;;;3,41089387;;;
13,36566477;20,94211682;16,4429517;;;3,417838316;;;
13,37260922;21,20459005;16,38070248;;;3,424782762;;;
13,37955366;20,85247233;16,32855009;;;3,431727209;;;
13,38649811;19,32010754;15,77614457;;;3,438671655;;;
13,39344255;19,22291123;15,78136005;;;3,445616101;;;
13,400387;19,39036515;16,09476779;;;3,452560547;;;
13,40733145;19,55113095;16,20425565;;;3,459504993;;;
13,41427589;18,90919359;16,03220187;;;3,46644944;;;
13,42122034;18,3723367;15,89729623;;;3,473393886;;;
13,42816478;18,17381826;15,9386097;;;3,480338332;;;
13,43510923;18,17616602;15,91749216;;;3,487282778;;;
13,44205368;18,0632652;15,91258225;;;3,494227224;;;
13,44899812;18,48047559;16,03331235;;;3,501171671;;;
13,45594257;19,14950165;16,06013193;;;3,508116117;;;
13,46288702;18,33000885;15,99131822;;;3,515060563;;;
13,46983146;18,14612498;15,98388191;;;3,522005009;;;
13,47677591;18,4065394;16,13138767;;;3,528949456;;;
13,48372035;17,80840036;15,93921813;;;3,535893902;;;
13,4906648;17,56790449;15,87766479;;;3,542838348;;;
13,49760925;16,94548857;15,70301355;;;3,549782794;;;
13,50455369;16,75958595;15,72651578;;;3,55672724;;;
13,51149814;17,08526386;15,75755163;;;3,563671687;;;
13,51844259;17,04556846;15,71921821;;;3,570616133;;;
13,52538703;17,05756308;15,68387646;;;3,577560579;;;
13,53233148;16,99607323;15,65157341;;;3,584505025;;;
13,53927592;16,54115741;15,578901;;;3,591449471;;;
13,54622037;15,83864874;15,45394233;;;3,598393918;;;
13,55316482;15,30343424;15,28141888;;;3,605338364;;;
13,56010926;15,29584048;15,26388187;;;3,61228281;;;
13,56705371;16,21775957;15,39722666;;;3,619227256;;;
13,57399816;16,4650042;15,48044931;;;3,626171703;;;
13,5809426;16,72784107;15,67460142;;;3,633116149;;;
13,58788705;16,84723225;15,62551612;;;3,640060595;;;
13,59483149;16,87271591;15,61806888;;;3,647005041;;;
13,60177594;17,00994783;15,64284324;;;3,653949487;;;
13,60872039;16,99180747;15,62965647;;;3,660893934;;;
13,61566483;17,30366065;15,69352548;;;3,66783838;;;
13,62260928;17,65641346;15,73190801;;;3,674782826;;;
13,62955373;18,04310228;15,84704277;;;3,681727272;;;
13,63649817;18,18358545;15,85229206;;;3,688671718;;;
13,64344262;17,62706801;15,77941024;;;3,695616165;;;
13,65038706;17,18736751;15,67053279;;;3,702560611;;;
13,65733151;16,8303214;15,61764588;;;3,709505057;;;
13,66427596;16,62133498;15,51431093;;;3,716449503;;;
13,6712204;16,51375102;15,4355724;;;3,72339395;;;
13,67816485;17,27813061;15,55141344;;;3,730338396;;;
13,68510929;17,47878969;15,64158932;;;3,737282842;;;
13,69205374;17,98505529;15,73521283;;;3,744227288;;;
13,69899819;18,17613032;15,75882273;;;3,751171734;;;
13,70594263;18,60237848;15,91354656;;;3,758116181;;;
13,71288708;19,16349038;15,99592377;;;3,765060627;;;
13,71983153;19,56349796;16,16691365;;;3,772005073;;;
13,72677597;19,53600584;16,22806075;;;3,778949519;;;
13,73372042;19,14641585;16,09285722;;;3,785893965;;;
13,74066486;18,92686094;15,99997176;;;3,792838412;;;
13,74760931;18,95245341;16,0305045;;;3,799782858;;;
13,75455376;18,53202126;15,97949993;;;3,806727304;;;
13,7614982;18,18081682;15,90778216;;;3,81367175;;;
13,76844265;17,04691446;15,63947405;;;3,820616197;;;
13,7753871;18,0162617;15,72758657;;;3,827560643;;;
13,78233154;18,33293581;15,81917967;;;3,834505089;;;
13,78927599;18,47907627;15,76211349;;;3,841449535;;;
13,79622043;19,12021377;15,95395903;;;3,848393981;;;
13,80316488;19,02972165;15,93477662;;;3,855338428;;;
13,81010933;18,53783931;15,80750276;;;3,862282874;;;
13,81705377;18,77308067;15,8170465;;;3,86922732;;;
13,82399822;18,18010166;15,42715646;;;3,876171766;;;
13,83094267;17,34698332;15,14524185;;;3,883116213;;;
13,83788711;16,54830002;14,96758816;;;3,890060659;;;
13,84483156;17,16415891;15,08849567;;;3,897005105;;;
13,851776;17,24956993;15,12911726;;;3,903949551;;;
13,85872045;17,47649287;15,14551654;;;3,910893997;;;
13,8656649;17,48255155;15,0911519;;;3,917838444;;;
13,87260934;17,55507646;14,9583869;;;3,92478289;;;
13,87955379;17,7506825;14,91618967;;;3,931727336;;;
13,88649823;18,21853171;15,03247416;;;3,938671782;;;
13,89344268;18,52667725;15,17037381;;;3,945616228;;;
13,90038713;18,16382091;15,16234516;;;3,952560675;;;
13,90733157;18,2676064;15,13780977;;;3,959505121;;;
13,91427602;18,45420303;14,61203808;;;3,966449567;;;
13,92122047;18,74868817;14,74744834;;;3,973394013;;;
13,92816491;18,51957071;14,82144832;;;3,98033846;;;
13,93510936;18,28462194;14,78441748;;;3,987282906;;;
13,9420538;18,00988515;14,40376965;;;3,994227352;;;
13,94899825;18,06761774;14,35408284;;;4,001171798;;;
13,9559427;18,4599401;14,5095023;;;4,008116244;;;
13,96288714;18,28441773;14,60608188;;;4,015060691;;;
13,96983159;18,45776228;14,58872963;;;4,022005137;;;
13,97677604;12,28991011;6,870411409;;;4,028949583;;;
13,98372048;13,12574536;8,777885361;;;4,035894029;;;
13,99066493;13,87967589;9,253277482;;;4,042838475;;;
13,99760937;14,39263905;9,967081892;;;4,049782922;;;
14,00455382;14,89130449;10,25779271;;;4,056727368;;;
14,01149827;15,05910505;10,61116653;;;4,063671814;;;
14,01844271;15,01579352;10,70179558;;;4,07061626;;;
14,02538716;15,04044458;11,14441202;;;4,077560707;;;
14,03233161;14,81826091;11,18714534;;;4,084505153;;;
14,03927605;14,27486308;11,00386749;;;4,091449599;;;
14,0462205;14,06627256;10,87253608;;;4,098394045;;;
14,05316494;14,30142734;11,04509455;;;4,105338491;;;
14,06010939;14,41157681;11,00674341;;;4,112282938;;;
14,06705384;14,47728815;10,82592541;;;4,119227384;;;
14,07399828;14,51344981;10,67677574;;;4,12617183;;;
14,08094273;14,80007061;10,92701216;;;4,133116276;;;
14,08788718;14,62185541;10,89085164;;;4,140060722;;;
14,09483162;14,55781701;10,92481143;;;4,147005169;;;
14,10177607;14,68860842;10,82888653;;;4,153949615;;;
14,10872051;14,65730296;10,82645102;;;4,160894061;;;
14,11566496;14,93419017;11,09496904;;;4,167838507;;;
14,12260941;14,38533966;11,09526162;;;4,174782954;;;
14,12955385;13,42347383;10,91006961;;;4,1817274;;;
14,1364983;13,06397505;10,71487337;;;4,188671846;;;
14,14344274;13,21323566;10,68601714;;;4,195616292;;;
14,15038719;13,57167672;10,7342104;;;4,202560738;;;
14,15733164;13,30981438;10,60576574;;;4,209505185;;;
14,16427608;13,43371896;10,6452438;;;4,216449631;;;
14,17122053;14,56407565;10,78398458;;;4,223394077;;;
14,17816498;15,01241539;10,87318054;;;4,230338523;;;
14,18510942;15,47035326;11,11721465;;;4,237282969;;;
14,19205387;16,15646899;11,26400123;;;4,244227416;;;
14,19899831;15,43131216;11,13739146;;;4,251171862;;;
14,20594276;14,81096464;11,03509374;;;4,258116308;;;
14,21288721;15,2772825;11,06451194;;;4,265060754;;;
14,21983165;15,81962744;11,18601131;;;4,272005201;;;
14,2267761;15,27809534;11,08111892;;;4,278949647;;;
14,23372055;14,8432074;10,93713199;;;4,285894093;;;
14,24066499;15,111591;11,0894651;;;4,292838539;;;
14,24760944;15,42698987;11,26819735;;;4,299782985;;;
14,25455388;15,63878897;11,1791153;;;4,306727432;;;
14,26149833;15,75686546;11,19232895;;;4,313671878;;;
14,26844278;14,96728697;11,09725218;;;4,320616324;;;
14,27538722;14,40907614;10,79452985;;;4,32756077;;;
14,28233167;14,10034118;10,75749449;;;4,334505216;;;
14,28927612;14,81588622;10,93280686;;;4,341449663;;;
14,29622056;14,88650855;11,0278908;;;4,348394109;;;
14,30316501;14,48042709;10,93583848;;;4,355338555;;;
14,31010945;14,14300638;10,84828118;;;4,362283001;;;
14,3170539;14,0333238;10,80426597;;;4,369227448;;;
14,32399835;14,35844258;10,80454485;;;4,376171894;;;
14,33094279;14,22461052;10,84693016;;;4,38311634;;;
14,33788724;14,27616616;10,90444997;;;4,390060786;;;
14,34483169;14,79762414;10,99639006;;;4,397005232;;;
14,35177613;15,13532482;11,08385473;;;4,403949679;;;
14,35872058;16,23532275;11,45068252;;;4,410894125;;;
14,36566502;16,37412037;11,55913804;;;4,417838571;;;
14,37260947;15,79536899;11,44810264;;;4,424783017;;;
14,37955392;15,7050698;11,49095221;;;4,431727463;;;
14,38649836;16,05835125;11,72285521;;;4,43867191;;;
14,39344281;15,64506854;11,6187727;;;4,445616356;;;
14,40038725;16,06889356;11,68175191;;;4,452560802;;;
14,4073317;15,86650123;11,66845711;;;4,459505248;;;
14,41427615;16,38841916;11,75079104;;;4,466449695;;;
14,42122059;16,31383887;11,82346631;;;4,473394141;;;
14,42816504;15,78883703;11,67323357;;;4,480338587;;;
14,43510949;15,53290939;11,62537732;;;4,487283033;;;
14,44205393;15,32062113;11,54889831;;;4,494227479;;;
14,44899838;15,3635983;11,50943275;;;4,501171926;;;
14,45594282;15,35447238;11,47239952;;;4,508116372;;;
14,46288727;15,07440321;11,39988324;;;4,515060818;;;
14,46983172;14,79233102;11,30669151;;;4,522005264;;;
14,47677616;14,82608373;11,25873606;;;4,52894971;;;
14,48372061;15,68816512;11,37441603;;;4,535894157;;;
14,49066506;15,21161431;11,2966621;;;4,542838603;;;
14,4976095;14,39658468;11,33352165;;;4,549783049;;;
14,50455395;14,06604933;11,35052929;;;4,556727495;;;
14,51149839;14,05623249;11,35219804;;;4,563671942;;;
14,51844284;14,4800144;11,45071121;;;4,570616388;;;
14,52538729;14,41193366;11,73468806;;;4,577560834;;;
14,53233173;15,82253433;11,90529685;;;4,58450528;;;
14,53927618;16,06587558;11,90200172;;;4,591449726;;;
14,54622063;15,58131588;11,7767675;;;4,598394173;;;
14,55316507;15,43417893;11,69132298;;;4,605338619;;;
14,56010952;15,64976866;11,70549231;;;4,612283065;;;
14,56705396;16,21902243;11,83753324;;;4,619227511;;;
14,57399841;16,63419573;11,90876856;;;4,626171957;;;
14,58094286;16,45745215;11,83016912;;;4,633116404;;;
14,5878873;16,05589388;11,66892767;;;4,64006085;;;
14,59483175;16,61804059;11,79613592;;;4,647005296;;;
14,6017762;16,87799098;11,82420043;;;4,653949742;;;
14,60872064;16,43015031;11,72704902;;;4,660894189;;;
14,61566509;16,91253358;11,78204627;;;4,667838635;;;
14,62260953;17,04476597;11,74742235;;;4,674783081;;;
14,62955398;16,65982478;11,64400976;;;4,681727527;;;
14,63649843;16,82477016;11,6804155;;;4,688671973;;;
14,64344287;16,6034855;11,59037853;;;4,69561642;;;
14,65038732;16,62971006;11,58179004;;;4,702560866;;;
14,65733176;16,78390756;11,59665885;;;4,709505312;;;
14,66427621;16,70215485;11,54748452;;;4,716449758;;;
14,67122066;17,03669568;11,54168675;;;4,723394205;;;
14,6781651;17,08801081;11,58379427;;;4,730338651;;;
14,68510955;16,90085123;11,52915392;;;4,737283097;;;
14,692054;16,59622321;11,44327715;;;4,744227543;;;
14,69899844;15,74566894;11,26334414;;;4,751171989;;;
14,70594289;14,25094134;10,98123953;;;4,758116436;;;
14,71288733;13,79340258;10,83978169;;;4,765060882;;;
14,71983178;13,25092467;10,7168767;;;4,772005328;;;
14,72677623;13,5237273;10,68042576;;;4,778949774;;;
14,73372067;14,20132178;10,7441222;;;4,78589422;;;
14,74066512;13,84353256;10,63413378;;;4,792838667;;;
14,74760957;13,81722855;10,56113992;;;4,799783113;;;
14,75455401;14,31203401;10,60548008;;;4,806727559;;;
14,76149846;14,08630968;10,51572499;;;4,813672005;;;
14,7684429;14,12003135;10,42164133;;;4,820616452;;;
14,77538735;14,92890338;10,55930359;;;4,827560898;;;
14,7823318;15,66281129;10,71063421;;;4,834505344;;;
14,78927624;15,76992244;10,74177988;;;4,84144979;;;
14,79622069;15,27882599;10,7922254;;;4,848394236;;;
14,80316514;14,54080936;10,64974444;;;4,855338683;;;
14,81010958;14,42814487;10,63896745;;;4,862283129;;;
14,81705403;13,08020822;9,403742897;;;4,869227575;;;
14,82399847;11,73160896;8,081675865;;;4,876172021;;;
14,83094292;12,29166115;8,587826258;;;4,883116467;;;
14,83788737;12,43957263;8,262033984;;;4,890060914;;;
14,84483181;13,06973302;9,101555433;;;4,89700536;;;
14,85177626;12,91577146;9,366618233;;;4,903949806;;;
14,85872071;11,3673728;8,555744557;;;4,910894252;;;
14,86566515;10,70846127;8,750240672;;;4,917838699;;;
14,8726096;11,10564592;9,106820509;;;4,924783145;;;
14,87955404;11,93152504;9,708911774;;;4,931727591;;;
14,88649849;12,3047799;9,879545608;;;4,938672037;;;
14,89344294;11,41892886;8,684198466;;;4,945616483;;;
14,90038738;10,59512039;7,744873091;;;4,95256093;;;
14,90733183;10,96434885;8,604964812;;;4,959505376;;;
14,91427627;11,10975438;9,022052327;;;4,966449822;;;
14,92122072;11,56822635;9,637029484;;;4,973394268;;;
14,92816517;11,84603567;9,658449074;;;4,980338714;;;
14,93510961;12,07228202;9,782019045;;;4,987283161;;;
14,94205406;12,21742352;10,08480554;;;4,994227607;;;
14,94899851;11,91099721;8,65640874;;;5,001172053;;;
14,95594295;11,80776076;9,162640762;;;5,008116499;;;
14,9628874;12,08587966;9,410489605;;;5,015060946;;;
14,96983184;12,31491596;9,396308363;;;5,022005392;;;
14,97677629;12,25399209;9,448152314;;;5,028949838;;;
14,98372074;12,3609604;9,492151926;;;5,035894284;;;
14,99066518;12,43722844;9,353746912;;;5,04283873;;;
14,99760963;12,55186235;9,378434441;;;5,049783177;;;
15,00455408;12,93744541;9,696952842;;;5,056727623;;;
15,01149852;12,71162065;9,547990681;;;5,063672069;;;
15,01844297;12,67092918;9,575317092;;;5,070616515;;;
15,02538741;12,6885619;9,831748902;;;5,077560961;;;
15,03233186;12,53879725;9,788508057;;;5,084505408;;;
15,03927631;12,45369427;9,714577414;;;5,091449854;;;
15,04622075;12,22561968;9,811859747;;;5,0983943;;;
15,0531652;11,83146242;9,668007057;;;5,105338746;;;
15,06010965;11,41482037;8,666654274;;;5,112283193;;;
15,06705409;6,139609207;4,691553031;;;5,119227639;;;
15,07399854;8,639312826;5,340365012;;;5,126172085;;;
15,08094298;6,871165565;5,823735432;;;5,133116531;;;
15,08788743;4,384500725;5,941730916;;;5,140060977;;;
15,09483188;4,912674982;6,253854629;;;5,147005424;;;
15,10177632;6,723432483;7,101381845;;;5,15394987;;;
15,10872077;7,406254971;8,259706884;;;5,160894316;;;
15,11566522;6,398404589;9,012436917;;;5,167838762;;;
15,12260966;6,189294268;7,626778552;;;5,174783208;;;
15,12955411;6,09944617;9,144915973;;;5,181727655;;;
15,13649855;6,14235928;9,132861539;;;5,188672101;;;
15,143443;6,295536728;8,718618143;;;5,195616547;;;
15,15038745;6,749354238;9,098269354;;;5,202560993;;;
15,15733189;7,411176569;9,43401835;;;5,20950544;;;
15,16427634;7,693666452;9,803806021;;;5,216449886;;;
15,17122078;7,666432836;10,04998492;;;5,223394332;;;
15,17816523;7,613309266;10,11489349;;;5,230338778;;;
15,18510968;7,558082711;9,729919629;;;5,237283224;;;
15,19205412;7,530802172;9,723317294;;;5,244227671;;;
15,19899857;7,511690749;9,837980832;;;5,251172117;;;
15,20594302;7,451621103;9,836338602;;;5,258116563;;;
15,21288746;7,241014324;9,874929826;;;5,265061009;;;
15,21983191;7,152347722;9,748685998;;;5,272005455;;;
15,22677635;7,112857161;9,813467301;;;5,278949902;;;
15,2337208;7,005244615;9,740024554;;;5,285894348;;;
15,24066525;6,85233867;9,579103003;;;5,292838794;;;
15,24760969;6,805156555;9,565569243;;;5,29978324;;;
15,25455414;6,725322765;9,445159882;;;5,306727687;;;
15,26149859;6,581619248;9,382465423;;;5,313672133;;;
15,26844303;6,560362481;9,269021161;;;5,320616579;;;
15,27538748;6,444361861;9,047320285;;;5,327561025;;;
15,28233192;6,343106873;8,950801774;;;5,334505471;;;
15,28927637;6,303054361;8,87421888;;;5,341449918;;;
15,29622082;6,287954896;8,865026224;;;5,348394364;;;
15,30316526;6,372297137;9,04913383;;;5,35533881;;;
15,31010971;6,371753214;8,918423666;;;5,362283256;;;
15,31705416;6,533464324;9,01401056;;;5,369227702;;;
15,3239986;6,699249681;9,337425048;;;5,376172149;;;
15,33094305;6,571361987;9,31670122;;;5,383116595;;;
15,33788749;6,511273954;9,210388941;;;5,390061041;;;
15,34483194;6,407263446;9,245190179;;;5,397005487;;;
15,35177639;6,211713676;9,213094544;;;5,403949934;;;
15,35872083;6,041838802;9,044535115;;;5,41089438;;;
15,36566528;6,005763097;9,073971331;;;5,417838826;;;
15,37260972;6,037207644;9,13846423;;;5,424783272;;;
15,37955417;6,037142892;9,072392262;;;5,431727718;;;
15,38649862;6,037533133;8,913156991;;;5,438672165;;;
15,39344306;6,005622714;8,999565343;;;5,445616611;;;
15,40038751;6,109950272;9,01550073;;;5,452561057;;;
15,40733196;6,070008424;9,021819067;;;5,459505503;;;
15,4142764;5,823405736;8,8686602;;;5,466449949;;;
15,42122085;5,492630753;8,882189473;;;5,473394396;;;
15,42816529;5,38623867;8,826398785;;;5,480338842;;;
15,43510974;5,337618334;8,744605494;;;5,487283288;;;
15,44205419;5,364034529;8,469460859;;;5,494227734;;;
15,44899863;5,930996672;8,597714847;;;5,501172181;;;
15,45594308;5,852046725;8,61817236;;;5,508116627;;;
15,46288753;5,781596692;8,637049542;;;5,515061073;;;
15,46983197;5,748417603;8,667830666;;;5,522005519;;;
15,47677642;5,818963905;8,722659576;;;5,528949965;;;
15,48372086;5,780697307;8,720765857;;;5,535894412;;;
15,49066531;5,603430688;8,606927714;;;5,542838858;;;
15,49760976;5,346807846;8,131569414;;;5,549783304;;;
15,5045542;5,405155275;8,461246465;;;5,55672775;;;
15,51149865;5,360243358;8,441646139;;;5,563672197;;;
15,5184431;5,475356974;8,535650291;;;5,570616643;;;
15,52538754;5,485256138;8,605314536;;;5,577561089;;;
15,53233199;5,222572221;8,033920581;;;5,584505535;;;
15,53927643;5,289661526;7,076550685;;;5,591449981;;;
15,54622088;4,726772098;7,064334961;;;5,598394428;;;
15,55316533;5,056608186;7,396981024;;;5,605338874;;;
15,56010977;3,271472445;6,440371798;;;5,61228332;;;
15,56705422;4,223852224;7,143182881;;;5,619227766;;;
15,57399867;4,414836006;7,32482908;;;5,626172212;;;
15,58094311;4,46028422;7,439737724;;;5,633116659;;;
15,58788756;4,281085624;7,123165347;;;5,640061105;;;
15,594832;4,129843211;7,364405959;;;5,647005551;;;
15,60177645;4,136295587;7,296804269;;;5,653949997;;;
15,6087209;4,878731058;7,580094296;;;5,660894444;;;
15,61566534;5,383847224;7,355882898;;;5,66783889;;;
15,62260979;5,38340174;7,711701638;;;5,674783336;;;
15,62955423;5,356470461;8,100182528;;;5,681727782;;;
15,63649868;5,126135055;7,801993769;;;5,688672228;;;
15,64344313;5,07150163;6,531850752;;;5,695616675;;;
15,65038757;6,781512361;7,156311935;;;5,702561121;;;
15,65733202;6,409002069;7,282983162;;;5,709505567;;;
15,66427647;5,624484045;6,822138337;;;5,716450013;;;
15,67122091;5,155597933;6,623625983;;;5,723394459;;;
15,67816536;5,570907551;6,857989205;;;5,730338906;;;
15,6851098;5,77909272;6,300288348;;;5,737283352;;;
15,69205425;2,917337488;6,743002707;;;5,744227798;;;
15,6989987;1,640545379;7,308294309;;;5,751172244;;;
15,70594314;2,627834732;6,273230606;;;5,758116691;;;
15,71288759;3,578658105;6,448155925;;;5,765061137;;;
15,71983204;4,348430095;6,660372229;;;5,772005583;;;
15,72677648;2,830452508;6,945593934;;;5,778950029;;;
15,73372093;1,905390264;6,906082304;;;5,785894475;;;
15,74066537;1,335766855;6,798065901;;;5,792838922;;;
15,74760982;2,010968452;6,548002414;;;5,799783368;;;
15,75455427;1,232872556;6,635523965;;;5,806727814;;;
15,76149871;3,738587365;6,665220699;;;5,81367226;;;
15,76844316;5,131182749;8,089882537;;;5,820616706;;;
15,77538761;2,019045707;6,56129748;;;5,827561153;;;
15,78233205;2,409179764;5,964079091;;;5,834505599;;;
15,7892765;2,706733583;7,421411014;;;5,841450045;;;
15,79622094;2,727654738;7,166637911;;;5,848394491;;;
15,80316539;2,704136253;7,309181856;;;5,855338938;;;
15,81010984;2,500422867;7,150298574;;;5,862283384;;;
15,81705428;2,503178868;7,190995516;;;5,86922783;;;
15,82399873;2,508793319;7,09809186;;;5,876172276;;;
15,83094318;2,500790734;6,972917018;;;5,883116722;;;
15,83788762;2,521369405;7,296306783;;;5,890061169;;;
15,84483207;2,884638969;7,27710288;;;5,897005615;;;
15,85177651;3,046035063;7,172498657;;;5,903950061;;;
15,85872096;3,020166991;6,848689013;;;5,910894507;;;
15,86566541;3,372757749;7,051492663;;;5,917838953;;;
15,87260985;3,587566641;7,072087178;;;5,9247834;;;
15,8795543;3,545829821;7,152785475;;;5,931727846;;;
15,88649874;3,479854016;7,369343971;;;5,938672292;;;
15,89344319;3,355718966;7,277246881;;;5,945616738;;;
15,90038764;2,841215418;6,400108171;;;5,952561185;;;
15,90733208;2,774775938;6,267213174;;;5,959505631;;;
15,91427653;2,789498196;6,469520174;;;5,966450077;;;
15,92122098;2,712127277;6,165413472;;;5,973394523;;;
15,92816542;2,67551277;5,988740947;;;5,980338969;;;
15,93510987;2,742149449;5,65273261;;;5,987283416;;;
15,94205431;2,944764808;5,968468034;;;5,994227862;;;
15,94899876;3,004705381;6,186282092;;;6,001172308;;;
15,95594321;3,072362588;6,272772527;;;6,008116754;;;
15,96288765;3,150902695;6,296312635;;;6,0150612;;;
15,9698321;3,162445089;6,520364618;;;6,022005647;;;
15,97677655;3,076694485;6,071547117;;;6,028950093;;;
15,98372099;3,197078494;6,213012853;;;6,035894539;;;
15,99066544;3,125386329;6,362272583;;;6,042838985;;;
15,99760988;3,303305505;6,33835039;;;6,049783432;;;
16,00455433;3,28801051;6,522048827;;;6,056727878;;;
16,01149878;3,226992873;6,698227278;;;6,063672324;;;
16,01844322;3,083612594;4,694723127;;;6,070616769;;;
16,02538767;3,403490548;5,238216495;;;6,077561214;;;
16,03233211;3,542392101;4,880805873;;;6,084505659;;;
16,03927656;3,567242862;4,998884492;;;6,091450105;;;
16,046221;3,592861936;5,828634371;;;6,09839455;;;
16,05316545;3,466709518;5,837516138;;;6,105338995;;;
16,06010989;3,553458441;5,804150015;;;6,11228344;;;
16,06705434;2,268951352;4,677801273;;;6,119227886;;;
16,07399878;2,496222977;5,220022133;;;6,126172331;;;
16,08094323;2,811949242;5,452934377;;;6,133116776;;;
16,08788767;2,974833348;5,771122526;;;6,140061221;;;
16,09483212;3,054352916;6,039158611;;;6,147005666;;;
16,10177656;2,83169077;5,967694537;;;6,153950112;;;
16,10872101;2,841712209;6,030583934;;;6,160894557;;;
16,11566545;3,018408337;6,172657373;;;6,167839002;;;
16,1226099;3,19475221;6,115779371;;;6,174783447;;;
16,12955435;3,18188794;5,980046025;;;6,181727893;;;
16,13649879;2,7613128;6,018769672;;;6,188672338;;;
16,14344324;3,045856258;5,141051445;;;6,195616783;;;
16,15038768;3,624256119;5,350022307;;;6,202561228;;;
16,15733213;3,693701496;5,688676756;;;6,209505673;;;
16,16427657;3,773872528;5,856744194;;;6,216450119;;;
16,17122102;3,799582316;5,83155995;;;6,223394564;;;
16,17816546;3,697077453;5,628319779;;;6,230339009;;;
16,18510991;3,597668034;5,286042209;;;6,237283454;;;
16,19205435;3,735564424;5,457445228;;;6,244227899;;;
16,1989988;3,814641133;5,615373332;;;6,251172345;;;
16,20594324;4,327021969;5,749820426;;;6,25811679;;;
16,21288769;4,351869634;5,688017829;;;6,265061235;;;
16,21983213;4,1133493;5,706883771;;;6,27200568;;;
16,22677658;2,689446472;5,421968213;;;6,278950126;;;
16,23372102;3,777619497;5,222533838;;;6,285894571;;;
16,24066547;3,769904533;5,525916979;;;6,292839016;;;
16,24760991;4,06743673;6,102717779;;;6,299783461;;;
16,25455436;3,976425548;6,255872497;;;6,306727906;;;
16,2614988;2,19213973;5,355030934;;;6,313672352;;;
16,26844325;3,177360039;5,486363861;;;6,320616797;;;
16,27538769;0,963662123;5,563623057;;;6,327561242;;;
16,28233214;2,505516634;5,068013028;;;6,334505687;;;
16,28927659;2,166797673;4,866286216;;;6,341450133;;;
16,29622103;2,612149407;5,169873422;;;6,348394578;;;
16,30316548;2,627981765;5,284660742;;;6,355339023;;;
16,31010992;2,776438153;5,307935722;;;6,362283468;;;
16,31705437;2,4833982;5,280973088;;;6,369227913;;;
16,32399881;2,758805225;5,272467433;;;6,376172359;;;
16,33094326;2,945049522;5,254735518;;;6,383116804;;;
16,3378877;2,756860516;4,762573558;;;6,390061249;;;
16,34483215;2,949119669;5,040481523;;;6,397005694;;;
16,35177659;3,148826063;5,166717348;;;6,403950139;;;
16,35872104;3,285464019;5,240054871;;;6,410894585;;;
16,36566548;3,295050539;5,19586972;;;6,41783903;;;
16,37260993;3,422867338;5,191030906;;;6,424783475;;;
16,37955437;3,596392588;5,198381193;;;6,43172792;;;
16,38649882;3,577821253;5,293201392;;;6,438672366;;;
16,39344326;1,320258997;4,850193534;;;6,445616811;;;
16,40038771;5,488725522;3,793817628;;;6,452561256;;;
16,40733215;6,900682741;5,373120887;;;6,459505701;;;
16,4142766;5,22756361;5,52853669;;;6,466450146;;;
16,42122104;6,605847699;6,140958691;;;6,473394592;;;
16,42816549;6,555840238;5,781433477;;;6,480339037;;;
16,43510993;6,062403299;5,48527161;;;6,487283482;;;
16,44205438;5,771641038;5,46074603;;;6,494227927;;;
16,44899883;5,857739903;5,670860323;;;6,501172373;;;
16,45594327;5,313869848;5,630176874;;;6,508116818;;;
16,46288772;4,798773958;5,776076584;;;6,515061263;;;
16,46983216;5,078354886;5,81145341;;;6,522005708;;;
16,47677661;4,758057224;4,827665674;;;6,528950153;;;
16,48372105;5,334132566;4,899737515;;;6,535894599;;;
16,4906655;4,64376418;5,220752776;;;6,542839044;;;
16,49760994;4,876299722;5,538794232;;;6,549783489;;;
16,50455439;5,285638872;5,515425688;;;6,556727934;;;
16,51149883;5,667574308;5,654030935;;;6,56367238;;;
16,51844328;5,671298172;5,668217589;;;6,570616825;;;
16,52538772;5,991034712;5,687702221;;;6,57756127;;;
16,53233217;6,251444563;5,572553721;;;6,584505715;;;
16,53927661;6,154117908;5,604201137;;;6,59145016;;;
16,54622106;5,689842833;5,573764162;;;6,598394606;;;
16,5531655;5,427746651;5,411379035;;;6,605339051;;;
16,56010995;1,708831543;5,063527642;;;6,612283496;;;
16,56705439;2,642724927;3,34533172;;;6,619227941;;;
16,57399884;2,387289614;3,799439586;;;6,626172386;;;
16,58094328;4,183629294;3,933600217;;;6,633116832;;;
16,58788773;3,765073067;3,994089859;;;6,640061277;;;
16,59483217;3,731502126;4,411383138;;;6,647005722;;;
16,60177662;3,696094336;5,247655848;;;6,653950167;;;
16,60872107;3,599091646;4,789634328;;;6,660894613;;;
16,61566551;4,562922495;3,748732082;;;6,667839058;;;
16,62260996;3,593485848;3,86081643;;;6,674783503;;;
16,6295544;3,212247234;4,128147023;;;6,681727948;;;
16,63649885;3,771985767;4,365906456;;;6,688672393;;;
16,64344329;4,271184801;4,400170326;;;6,695616839;;;
16,65038774;4,709100531;4,602670842;;;6,702561284;;;
16,65733218;4,467055103;4,636382366;;;6,709505729;;;
16,66427663;4,209764751;4,249810564;;;6,716450174;;;
16,67122107;3,344824638;3,787805827;;;6,72339462;;;
16,67816552;3,729301599;3,957704666;;;6,730339065;;;
16,68510996;3,884567329;4,099153381;;;6,73728351;;;
16,69205441;4,384922496;3,799218412;;;6,744227955;;;
16,69899885;2,154880473;3,01033128;;;6,7511724;;;
16,7059433;3,033003242;3,279778858;;;6,758116846;;;
16,71288774;3,092447337;3,341174497;;;6,765061291;;;
16,71983219;2,575446058;3,438376335;;;6,772005736;;;
16,72677663;2,918120313;3,024257276;;;6,778950181;;;
16,73372108;2,404544862;3,412083948;;;6,785894626;;;
16,74066552;2,853297532;3,731764011;;;6,792839072;;;
16,74760997;2,753886502;3,559316815;;;6,799783517;;;
16,75455441;2,806457275;3,772018904;;;6,806727962;;;
16,76149886;2,644842054;3,495371039;;;6,813672407;;;
16,76844331;5,115283755;4,337837721;;;6,820616853;;;
16,77538775;5,17842887;4,577360007;;;6,827561298;;;
16,7823322;3,821287132;4,40005107;;;6,834505743;;;
16,78927664;2,592801355;3,52770927;;;6,841450188;;;
16,79622109;3,227280614;3,949587303;;;6,848394633;;;
16,80316553;3,561799515;3,987662553;;;6,855339079;;;
16,81010998;3,970884987;4,037942859;;;6,862283524;;;
16,81705442;3,753613752;4,027231825;;;6,869227969;;;
16,82399887;1,952602524;3,517445076;;;6,876172414;;;
16,83094331;2,484311131;3,016952166;;;6,88311686;;;
16,83788776;1,866973099;2,629005159;;;6,890061305;;;
16,8448322;2,058040162;3,17971651;;;6,89700575;;;
16,85177665;2,333594824;3,175834514;;;6,903950195;;;
16,85872109;2,449059373;3,268955528;;;6,91089464;;;
16,86566554;2,108391955;3,413484334;;;6,917839086;;;
16,87260998;2,485061365;3,194784863;;;6,924783531;;;
16,87955443;3,046733727;3,30097227;;;6,931727976;;;
16,88649887;3,183127836;2,965426687;;;6,938672421;;;
16,89344332;4,178934876;3,57883216;;;6,945616867;;;
16,90038776;4,35613035;3,954482905;;;6,952561312;;;
16,90733221;4,004729839;2,984164219;;;6,959505757;;;
16,91427665;3,777652146;3,24835609;;;6,966450202;;;
16,9212211;4,292347799;3,248285803;;;6,973394647;;;
16,92816555;6,187826542;4,11800519;;;6,980339093;;;
16,93510999;6,430601569;4,423058236;;;6,987283538;;;
16,94205444;5,840635269;4,418066257;;;6,994227983;;;
16,94899888;1,72488106;3,527082306;;;7,001172428;;;
16,95594333;3,410839135;4,927701961;;;7,008116873;;;
16,96288777;2,69308387;4,834219291;;;7,015061319;;;
16,96983222;3,287540176;5,130153035;;;7,022005764;;;
16,97677666;4,63313176;5,750919261;;;7,028950209;;;
16,97699231;5,272064346;5,831604879;;;7,029165857;;;
