Ewe/V;BA1_A;Ewe/V;BA2_A;<--CV begin cycle 1;;Ewe/V;BA1_B;Ewe/V;BA2_B;;;<--- CV begin cycle 2
-0,599400699;-0,432572865;-0,598475993;-0,490528779;;;-0,599782288;-0,069139996;-0,599755943;-0,074104864;;;
-0,599179387;-0,4172394;-0,597973943;-0,485331602;;;-0,598924875;-0,059180669;-0,597591579;-0,066794875;;;
-0,598526299;-0,406747515;-0,59698993;-0,47348342;;;-0,598168075;-0,050564258;-0,59742409;-0,063518439;;;
-0,598131776;-0,403404058;-0,596005321;-0,457649693;;;-0,5967623;-0,046691562;-0,595808327;-0,060275753;;;
-0,596454084;-0,39703509;-0,595514894;-0,456663892;;;-0,596519768;-0,044075407;-0,59560591;-0,058398381;;;
-0,595666468;-0,395020212;-0,59458524;-0,441433738;;;-0,59471035;-0,041754324;-0,594045162;-0,056767392;;;
-0,593583643;-0,386812839;-0,593530416;-0,451127838;;;-0,594115734;-0,040561588;-0,593087912;-0,055338853;;;
-0,593036652;-0,385663233;-0,592593551;-0,459433303;;;-0,593190312;-0,039307673;-0,592371225;-0,053934855;;;
-0,592035949;-0,384462354;-0,592037082;-0,457714016;;;-0,59172219;-0,037795275;-0,591002822;-0,053093259;;;
-0,591193259;-0,380174894;-0,590412915;-0,446457516;;;-0,591236949;-0,036884735;-0,590609968;-0,05205299;;;
-0,589324474;-0,377950696;-0,590052903;-0,453348341;;;-0,589760125;-0,035864371;-0,588505805;-0,050723701;;;
-0,589467287;-0,372134578;-0,588864744;-0,425502315;;;-0,589268267;-0,035072243;-0,588331103;-0,050116335;;;
-0,588151157;-0,370436139;-0,587704301;-0,427593881;;;-0,587697446;-0,034140745;-0,586821914;-0,04889399;;;
-0,587023199;-0,368670443;-0,586594403;-0,387009618;;;-0,587411165;-0,033808537;-0,586583734;-0,048096378;;;
-0,586297035;-0,36087301;-0,58560735;-0,414579566;;;-0,586264193;-0,033035703;-0,584939241;-0,047411907;;;
-0,585445762;-0,359474625;-0,584515393;-0,420164596;;;-0,585250974;-0,032397728;-0,584345281;-0,046364338;;;
-0,584792972;-0,35881943;-0,583472192;-0,421427309;;;-0,584134638;-0,032119853;-0,583351851;-0,045703901;;;
-0,583312631;-0,357846892;-0,581678987;-0,435989945;;;-0,583104372;-0,031461661;-0,582256734;-0,045248728;;;
-0,582787454;-0,35389458;-0,580906987;-0,405977471;;;-0,582711101;-0,030830368;-0,581330359;-0,044761749;;;
-0,58153981;-0,35040423;-0,580167592;-0,393891516;;;-0,580707729;-0,030564176;-0,580105126;-0,04362092;;;
-0,580102026;-0,350798882;-0,579035342;-0,405278887;;;-0,580645084;-0,030267311;-0,579506695;-0,042690459;;;
-0,578569651;-0,348193883;-0,577880204;-0,419956544;;;-0,578963995;-0,029528142;-0,577825189;-0,042523648;;;
-0,577694297;-0,343232391;-0,5772807;-0,423528588;;;-0,578187227;-0,029231504;-0,577480853;-0,041619316;;;
-0,576552153;-0,344833886;-0,576499343;-0,414403378;;;-0,576974452;-0,02897156;-0,575816274;-0,041315514;;;
-0,575946152;-0,341194247;-0,575375795;-0,422627564;;;-0,576099813;-0,028903662;-0,575530171;-0,040309764;;;
-0,575292051;-0,341542129;-0,574810803;-0,4070945;;;-0,575395882;-0,028316143;-0,573860586;-0,0397638;;;
-0,574604392;-0,33880944;-0,57414633;-0,417604907;;;-0,573905826;-0,027890527;-0,573505819;-0,039346432;;;
-0,573273897;-0,337560198;-0,572797358;-0,413672309;;;-0,57335335;-0,02770759;-0,572196007;-0,038729124;;;
-0,572138548;-0,338336801;-0,571888685;-0,418191855;;;-0,57202208;-0,027327293;-0,570869982;-0,03804419;;;
-0,571417809;-0,336696253;-0,570785284;-0,435371576;;;-0,571420968;-0,026678859;-0,570542753;-0,037508289;;;
-0,570798814;-0,333307508;-0,56973213;-0,402251521;;;-0,570344031;-0,026838353;-0,568776429;-0,03741641;;;
-0,569276989;-0,334911038;-0,568842113;-0,409074792;;;-0,568745971;-0,026434829;-0,568291426;-0,036898184;;;
-0,567999303;-0,32862404;-0,566907465;-0,404565011;;;-0,568484783;-0,02596099;-0,566910148;-0,036734755;;;
-0,566957295;-0,331706774;-0,566063523;-0,402237348;;;-0,566799343;-0,025592807;-0,56668067;-0,035832428;;;
-0,566078663;-0,329138831;-0,564523816;-0,402526357;;;-0,566446424;-0,025296307;-0,565172911;-0,035658768;;;
-0,564858496;-0,326333966;-0,564002752;-0,413651543;;;-0,564880788;-0,024981418;-0,564226091;-0,03499917;;;
-0,563932061;-0,32585295;-0,563244402;-0,394113811;;;-0,563805878;-0,024466646;-0,563263476;-0,034365491;;;
-0,562966406;-0,32755597;-0,561754525;-0,38268956;;;-0,563362837;-0,024347626;-0,5619663;-0,034126624;;;
-0,562425852;-0,322459535;-0,561408281;-0,397420204;;;-0,561813176;-0,023999911;-0,561487615;-0,034099648;;;
-0,562054634;-0,322846673;-0,560139537;-0,400500461;;;-0,561376333;-0,023465936;-0,559690535;-0,033074219;;;
-0,560296237;-0,320965269;-0,559907377;-0,404781157;;;-0,559635878;-0,023051433;-0,559663117;-0,033332305;;;
-0,559946418;-0,320373056;-0,55843997;-0,399923298;;;-0,55926913;-0,023027258;-0,557897806;-0,033002827;;;
-0,557789147;-0,315788386;-0,557627559;-0,411245017;;;-0,558286428;-0,022368492;-0,55731535;-0,032519139;;;
-0,557321906;-0,31817453;-0,556750715;-0,374353995;;;-0,556977391;-0,022023124;-0,556330562;-0,032483561;;;
-0,555778563;-0,318963736;-0,556065023;-0,380020163;;;-0,556240678;-0,021782625;-0,555218577;-0,032135507;;;
-0,554369569;-0,317782961;-0,554879725;-0,387523562;;;-0,554580033;-0,021360735;-0,554340661;-0,031845792;;;
-0,553728461;-0,315995374;-0,553900182;-0,392859903;;;-0,554296613;-0,020890535;-0,552923858;-0,031368992;;;
-0,552932441;-0,313637878;-0,552921772;-0,358093057;;;-0,552685559;-0,02029818;-0,552535176;-0,03136393;;;
-0,551995337;-0,313421366;-0,550985932;-0,386511239;;;-0,552464962;-0,020124019;-0,550900161;-0,031102839;;;
-0,551294684;-0,31277219;-0,550176978;-0,379537576;;;-0,551216245;-0,019761641;-0,550456524;-0,03085921;;;
-0,550158143;-0,307761653;-0,549033582;-0,372719713;;;-0,549672484;-0,019497664;-0,549174905;-0,03100426;;;
-0,54925102;-0,30933169;-0,547774613;-0,379845249;;;-0,549167275;-0,019199813;-0,548220158;-0,030578654;;;
-0,548682809;-0,309444957;-0,547235072;-0,382326054;;;-0,547741532;-0,019122108;-0,547140896;-0,030718275;;;
-0,546915889;-0,309754558;-0,546319246;-0,371429551;;;-0,547529459;-0,018720688;-0,546321273;-0,030382378;;;
-0,545922577;-0,305235079;-0,54583627;-0,384589106;;;-0,545667112;-0,018385656;-0,545751512;-0,030101697;;;
-0,545020342;-0,307463052;-0,544793248;-0,389822368;;;-0,54531014;-0,018195129;-0,543898523;-0,029654834;;;
-0,544417381;-0,306024055;-0,54351294;-0,376751711;;;-0,54419899;-0,018184329;-0,54346627;-0,029602761;;;
-0,543376446;-0,304950655;-0,54257673;-0,381933088;;;-0,542883515;-0,017669917;-0,541816413;-0,029528184;;;
-0,54238385;-0,301193469;-0,541353524;-0,381520064;;;-0,542273045;-0,017725503;-0,541696668;-0,029327919;;;
-0,541676223;-0,303206123;-0,539913118;-0,368462122;;;-0,540560007;-0,017585473;-0,540013909;-0,028920397;;;
-0,540299296;-0,301608554;-0,539104462;-0,366075614;;;-0,540492177;-0,01749587;-0,538923383;-0,028522385;;;
-0,53910774;-0,301721501;-0,538406491;-0,372180358;;;-0,539013505;-0,017280573;-0,538405597;-0,028468468;;;
-0,537638664;-0,302072059;-0,538009465;-0,366641576;;;-0,538059413;-0,017517028;-0,536847889;-0,028122096;;;
-0,536975086;-0,295834133;-0,5363428;-0,360704142;;;-0,537200809;-0,017424797;-0,53638196;-0,027870997;;;
-0,536293626;-0,297209172;-0,535964668;-0,359655611;;;-0,535960734;-0,017116264;-0,534607112;-0,027233419;;;
-0,535113692;-0,295330129;-0,534893095;-0,362597919;;;-0,535690367;-0,017167883;-0,534544647;-0,026956455;;;
-0,535238504;-0,291780978;-0,533571482;-0,375286395;;;-0,53374207;-0,017109136;-0,532950878;-0,026935989;;;
-0,533586681;-0,292375021;-0,531678021;-0,357253361;;;-0,53314954;-0,017243164;-0,532363117;-0,026850644;;;
-0,531736553;-0,291845749;-0,530950487;-0,368331905;;;-0,532052398;-0,016912658;-0,531355977;-0,026128945;;;
-0,530673206;-0,290729077;-0,530272067;-0,360381992;;;-0,531116486;-0,016856323;-0,530047417;-0,025749598;;;
-0,530197442;-0,290245988;-0,529034734;-0,359010032;;;-0,530020356;-0,016533869;-0,529317617;-0,025781578;;;
-0,529099286;-0,287034977;-0,528456748;-0,365958656;;;-0,528810918;-0,016627248;-0,528038442;-0,025633292;;;
-0,528933465;-0,287192608;-0,528163314;-0,325088043;;;-0,528418601;-0,016655675;-0,527465522;-0,025280975;;;
-0,527680933;-0,288690319;-0,526619911;-0,342798866;;;-0,526803255;-0,016089831;-0,525994837;-0,02499786;;;
-0,526732266;-0,285072772;-0,524741888;-0,342695426;;;-0,526410043;-0,016126483;-0,525803983;-0,02484409;;;
-0,525022149;-0,28394917;-0,524504662;-0,325069007;;;-0,524657905;-0,015847869;-0,523709416;-0,024187023;;;
-0,523986816;-0,28285272;-0,523197889;-0,342131632;;;-0,524302781;-0,015798198;-0,523286819;-0,023945882;;;
-0,522981644;-0,281523806;-0,521691442;-0,340034331;;;-0,523024261;-0,015499959;-0,522086084;-0,023753453;;;
-0,521474898;-0,280869207;-0,521342516;-0,35209561;;;-0,521934807;-0,015300651;-0,521323383;-0,023357641;;;
-0,521232963;-0,281983977;-0,520329237;-0,331041565;;;-0,521573186;-0,015171953;-0,519954622;-0,023147959;;;
-0,520304501;-0,279936127;-0,519503236;-0,350185383;;;-0,51975745;-0,015118154;-0,519143164;-0,0229203;;;
-0,519401312;-0,279690981;-0,518732309;-0,341154117;;;-0,519187152;-0,014656668;-0,518426418;-0,02242402;;;
-0,518174827;-0,276598525;-0,517785609;-0,338990582;;;-0,517708421;-0,0146074;-0,516780615;-0,022328975;;;
-0,517593443;-0,278661074;-0,51678282;-0,335676993;;;-0,517655849;-0,014217164;-0,516645372;-0,021945747;;;
-0,515666902;-0,277367018;-0,514911592;-0,351330155;;;-0,516005099;-0,014125597;-0,514602363;-0,021838995;;;
-0,514828444;-0,274217937;-0,514041185;-0,341427665;;;-0,515061617;-0,013891864;-0,514264464;-0,021576726;;;
-0,514104307;-0,273785916;-0,513136685;-0,328758282;;;-0,514334381;-0,013643632;-0,512716234;-0,021054976;;;
-0,51384896;-0,275005103;-0,512482822;-0,345105513;;;-0,512845099;-0,013178015;-0,512567103;-0,021002729;;;
-0,51272434;-0,274061998;-0,511556804;-0,335038752;;;-0,512308776;-0,013042373;-0,511221111;-0,020399651;;;
-0,511729002;-0,274399625;-0,510851502;-0,326355335;;;-0,510519505;-0,012600072;-0,510276675;-0,02047471;;;
-0,50982523;-0,271926974;-0,509718418;-0,330029259;;;-0,510445297;-0,012308885;-0,509220719;-0,020015758;;;
-0,508907735;-0,269179971;-0,508950651;-0,339435861;;;-0,509181738;-0,011990922;-0,508026242;-0,019502477;;;
-0,507778287;-0,269701843;-0,507090151;-0,344817476;;;-0,508191764;-0,011637453;-0,507447064;-0,019093416;;;
-0,507617235;-0,269829579;-0,505798519;-0,34424766;;;-0,50723666;-0,011376001;-0,506106496;-0,019253006;;;
-0,506593168;-0,266504106;-0,504805982;-0,340969922;;;-0,506302953;-0,011037248;-0,505569518;-0,018823939;;;
-0,505802512;-0,268254358;-0,504323721;-0,32955359;;;-0,505354106;-0,010672812;-0,503878355;-0,018381045;;;
-0,504545271;-0,267166022;-0,50357753;-0,32821754;;;-0,503490627;-0,010100957;-0,503468513;-0,018442032;;;
-0,502583146;-0,264947224;-0,502427638;-0,329888617;;;-0,503307283;-0,009723011;-0,501981676;-0,017943275;;;
-0,50184226;-0,264335316;-0,502322733;-0,330383319;;;-0,50187093;-0,009430268;-0,501476645;-0,017785302;;;
-0,501088679;-0,261067274;-0,500449955;-0,342295117;;;-0,501301646;-0,008958115;-0,50007683;-0,017618375;;;
-0,500480235;-0,263473256;-0,499299407;-0,330011144;;;-0,499895066;-0,008471882;-0,499219924;-0,017475637;;;
-0,499063998;-0,264635458;-0,497776777;-0,330091457;;;-0,499208182;-0,008314835;-0,498074085;-0,017161012;;;
-0,498105794;-0,261217811;-0,497007817;-0,307810868;;;-0,498271137;-0,007896028;-0,497088283;-0,016881863;;;
-0,49764359;-0,259294799;-0,496462584;-0,321869828;;;-0,496777564;-0,007466071;-0,496683627;-0,016616294;;;
-0,496257126;-0,260616085;-0,495850384;-0,322882654;;;-0,496727735;-0,007090835;-0,494825304;-0,01634751;;;
-0,494695216;-0,257605752;-0,494233221;-0,313349408;;;-0,494632125;-0,007047281;-0,494366735;-0,01629168;;;
-0,494463593;-0,261816531;-0,49371022;-0,330183627;;;-0,494399965;-0,006713209;-0,492744476;-0,016110449;;;
-0,493335724;-0,254369404;-0,492235154;-0,285958164;;;-0,492747426;-0,006387791;-0,492603868;-0,015565103;;;
-0,49220261;-0,254938064;-0,491380543;-0,288973009;;;-0,492405444;-0,006074881;-0,490809739;-0,01535262;;;
-0,491518915;-0,254737966;-0,490371168;-0,306460014;;;-0,492418706;-0,00597351;-0,490448713;-0,015290983;;;
-0,489934146;-0,251890816;-0,489069879;-0,318758036;;;-0,491731822;-0,005843271;-0,488955498;-0,014570205;;;
-0,488764167;-0,251656695;-0,488467276;-0,310189953;;;-0,491903543;-0,006493224;-0,488220572;-0,014172685;;;
-0,487532198;-0,251193172;-0,487629712;-0,321089308;;;-0,491083115;-0,005609611;-0,487050444;-0,014039237;;;
-0,487473756;-0,251717455;-0,486579299;-0,310863884;;;-0,491560102;-0,006369561;-0,485988379;-0,013464599;;;
-0,486014396;-0,251517887;-0,485638887;-0,322844317;;;-0,493468106;-0,005698901;-0,485375196;-0,012921605;;;
-0,485256374;-0,248884004;-0,484511524;-0,317123969;;;-0,491426557;-0,006181444;-0,484133154;-0,012428299;;;
-0,484579921;-0,246798754;-0,482817799;-0,314421614;;;-0,491197586;-0,006416599;-0,483449996;-0,012075195;;;
-0,482686937;-0,248139866;-0,481984198;-0,310145918;;;-0,491197586;-0,005534013;-0,482083857;-0,0114458;;;
-0,482044548;-0,245738096;-0,481453866;-0,301894729;;;-0,490987718;-0,006427283;-0,481717587;-0,010899079;;;
-0,481301397;-0,243434966;-0,480285913;-0,305190216;;;-0,491121262;-0,005464377;-0,479918361;-0,010204365;;;
-0,48071003;-0,245750737;-0,479901433;-0,308356735;;;-0,486999959;-0,006222352;-0,479423851;-0,00982658;;;
-0,479237676;-0,244668903;-0,478927165;-0,292215529;;;-0,490968615;-0,00588643;-0,478152007;-0,009071874;;;
-0,478738308;-0,244420509;-0,477505028;-0,288691739;;;-0,490080476;-0,005794929;-0,477544218;-0,008808015;;;
-0,476606786;-0,243433891;-0,475708008;-0,280722221;;;-0,489302605;-0,005470988;-0,476216197;-0,00835426;;;
-0,475845933;-0,242872923;-0,474943429;-0,289384602;;;-0,487883061;-0,005231766;-0,475251615;-0,007540041;;;
-0,474881113;-0,241427088;-0,474230647;-0,302108582;;;-0,487620175;-0,005155018;-0,474046558;-0,006973373;;;
-0,474048942;-0,24408632;-0,474062353;-0,302006888;;;-0,485427737;-0,005031292;-0,473251194;-0,00636533;;;
-0,473811299;-0,237352829;-0,472858965;-0,311607947;;;-0,485244602;-0,005439355;-0,472284406;-0,005783899;;;
-0,472611576;-0,23826383;-0,471742243;-0,312769936;;;-0,485308349;-0,004703288;-0,470944822;-0,005103092;;;
-0,470398307;-0,23841684;-0,469602257;-0,288850026;;;-0,483907968;-0,00453314;-0,470304012;-0,004498505;;;
-0,469553173;-0,236869618;-0,469260007;-0,28301671;;;-0,483328253;-0,004093189;-0,468780637;-0,003952939;;;
-0,469270498;-0,235805532;-0,468273044;-0,297175786;;;-0,48268795;-0,003975995;-0,471590668;-0,003395584;;;
-0,468171269;-0,234021748;-0,467042595;-0,284982783;;;-0,482039154;-0,003218581;-0,468941152;-0,003647622;;;
-0,467008203;-0,233951505;-0,466845423;-0,287212167;;;-0,481161475;-0,00425547;-0,468807727;-0,003393546;;;
-0,466805965;-0,232208336;-0,465564281;-0,29556064;;;-0,4831267;-0,003475131;-0,468130201;-0,003146873;;;
-0,465008527;-0,231309534;-0,464185685;-0,301077519;;;-0,480981439;-0,00354374;-0,466993839;-0,002354573;;;
-0,46352312;-0,237373301;-0,463488698;-0,29726269;;;-0,481129795;-0,003087171;-0,466227323;-0,001746407;;;
-0,463170081;-0,230168367;-0,461738348;-0,297068015;;;-0,479007661;-0,00257746;-0,465567321;-0,001434928;;;
-0,462115347;-0,229868424;-0,461350679;-0,293490896;;;-0,478639752;-0,001936545;-0,464619726;-0,000963439;;;
-0,46169883;-0,229139019;-0,460719764;-0,302820735;;;-0,477456897;-0,001508845;-0,464662075;-0,000166824;;;
-0,460530728;-0,229072794;-0,45943293;-0,29595484;;;-0,476836801;-0,000805951;-0,462557912;0,000660275;;;
-0,459063709;-0,227588778;-0,458796263;-0,288902261;;;-0,475245774;-3,33821E-05;-0,462201148;0,001601613;;;
-0,457576513;-0,228112039;-0,457743913;-0,291554522;;;-0,474514276;0,000816204;-0,461024553;0,002500195;;;
-0,457229882;-0,226278831;-0,456543922;-0,276283254;;;-0,473688543;0,001838011;-0,460265309;0,003465625;;;
-0,456283152;-0,225074107;-0,455002248;-0,282162604;;;-0,472215146;0,002618122;-0,459545165;0,00446968;;;
-0,455243379;-0,225079372;-0,45396018;-0,279708169;;;-0,471853703;0,003571142;-0,457618982;0,005479551;;;
-0,454578936;-0,224262422;-0,453142732;-0,269031235;;;-0,469853461;0,004402346;-0,457479149;0,006770923;;;
-0,452702612;-0,222861656;-0,452588737;-0,285882107;;;-0,470190436;0,005044503;-0,456146002;0,007957073;;;
-0,451889575;-0,221616262;-0,452139884;-0,274789371;;;-0,470009327;0,004987968;-0,45536229;0,009201171;;;
-0,451358348;-0,220133813;-0,45053342;-0,282529735;;;-0,47026673;0,005590489;-0,454008639;0,0105951;;;
-0,450440556;-0,220410522;-0,448750198;-0,277688441;;;-0,46890372;0,006061951;-0,452751994;0,012102979;;;
-0,4500314;-0,21962168;-0,447801441;-0,277572923;;;-0,467888445;0,007140741;-0,452544451;0,013545557;;;
-0,448732078;-0,21839425;-0,447160691;-0,271235318;;;-0,467049718;0,008151156;-0,450481564;0,014975169;;;
-0,446927696;-0,218160802;-0,44606474;-0,280299695;;;-0,465550929;0,009340491;-0,450233698;0,016860348;;;
-0,446344674;-0,218352043;-0,445519298;-0,276253742;;;-0,464985877;0,010569384;-0,448939741;0,0185356;;;
-0,44478935;-0,213694776;-0,445101857;-0,28278021;;;-0,463380009;0,011829434;-0,44830218;0,020620785;;;
-0,444033891;-0,213019861;-0,443918169;-0,271883396;;;-0,463347137;0,01321308;-0,447282463;0,02259723;;;
-0,443836421;-0,215023456;-0,441617072;-0,28238146;;;-0,461801618;0,01456526;-0,445882469;0,0249496;;;
-0,44264099;-0,212902311;-0,441278219;-0,28179021;;;-0,460747033;0,015987053;-0,445300102;0,026727716;;;
-0,440498799;-0,215886948;-0,44010064;-0,275005796;;;-0,45997104;0,017316442;-0,444102407;0,029363685;;;
-0,439518422;-0,21028089;-0,439518243;-0,264218837;;;-0,458501875;0,01870124;-0,443194896;0,031344735;;;
-0,439118624;-0,210899951;-0,439484149;-0,265048699;;;-0,458273947;0,020592175;-0,442070276;0,033990045;;;
-0,438746572;-0,209757913;-0,437655509;-0,267487506;;;-0,457066745;0,022174978;-0,441386193;0,036410714;;;
-0,438065946;-0,209310435;-0,435788244;-0,266801694;;;-0,455962121;0,023788697;-0,440264761;0,039855283;;;
-0,436273545;-0,209232289;-0,435214579;-0,263337775;;;-0,455250889;0,025703106;-0,439398587;0,04179532;;;
-0,435302615;-0,208849457;-0,434817135;-0,272454336;;;-0,453645825;0,027822334;-0,438322544;0,044642355;;;
-0,434391022;-0,207024927;-0,433546752;-0,2704881;;;-0,453124493;0,029845665;-0,436814696;0,047783765;;;
-0,433381855;-0,207818491;-0,432450444;-0,25673514;;;-0,451829135;0,03216448;-0,436172932;0,051557083;;;
-0,432681173;-0,204536788;-0,430746883;-0,269008519;;;-0,450825363;0,03460021;-0,434723228;0,053376529;;;
-0,430566519;-0,205666432;-0,430083513;-0,268522308;;;-0,449868143;0,037022484;-0,434584439;0,056431692;;;
-0,429549992;-0,204216159;-0,429117173;-0,252764167;;;-0,44878903;0,039688327;-0,432901889;0,060657557;;;
-0,429155678;-0,202308469;-0,428729534;-0,248943751;;;-0,448163688;0,04282326;-0,432021946;0,063222685;;;
-0,428280115;-0,202441087;-0,427739471;-0,261995635;;;-0,446564108;0,045496142;-0,430930048;0,066133161;;;
-0,427232772;-0,200880128;-0,426652879;-0,253389469;;;-0,446210921;0,048271732;-0,430154979;0,070271924;;;
-0,425862461;-0,201003582;-0,425018996;-0,263118092;;;-0,44472605;0,05163252;-0,429186016;0,073026395;;;
-0,424820215;-0,201263266;-0,424123228;-0,259064827;;;-0,44386217;0,054611896;-0,427787095;0,076415487;;;
-0,424257368;-0,198500381;-0,423088551;-0,264048899;;;-0,443070292;0,058171547;-0,42775324;0,079070742;;;
-0,423180342;-0,19750933;-0,423004657;-0,261628001;;;-0,441510051;0,062444665;-0,425733715;0,083375464;;;
-0,422201008;-0,196844659;-0,421951264;-0,248115983;;;-0,441503674;0,066098081;-0,425337732;0,085907246;;;
-0,420861989;-0,194340302;-0,41929546;-0,245854261;;;-0,439810902;0,06969156;-0,424104005;0,089604618;;;
-0,420021594;-0,194795927;-0,418691725;-0,25596089;;;-0,439067781;0,073601308;-0,423502594;0,092734398;;;
-0,419289142;-0,195501659;-0,418351799;-0,254087434;;;-0,437850863;0,078201723;-0,42161718;0,096368273;;;
-0,419433028;-0,193695167;-0,417357475;-0,249224578;;;-0,437123746;0,082421833;-0,421097666;0,100684553;;;
-0,416751504;-0,194209211;-0,416784316;-0,25010124;;;-0,436326563;0,086483132;-0,420012236;0,104193078;;;
-0,415534616;-0,193781487;-0,415353894;-0,242891937;;;-0,434400529;0,09103172;-0,418866485;0,107897199;;;
-0,414720118;-0,19141715;-0,413818032;-0,240451322;;;-0,434156805;0,095847875;-0,418176949;0,11152378;;;
-0,414602816;-0,192140193;-0,413122714;-0,251251803;;;-0,432538122;0,09999201;-0,416826934;0,116065452;;;
-0,413909495;-0,190614797;-0,412554681;-0,23458126;;;-0,432297319;0,10456113;-0,416249692;0,118873673;;;
-0,412759662;-0,188972462;-0,411528975;-0,23624578;;;-0,430987388;0,109337929;-0,414753497;0,123883621;;;
-0,410296023;-0,190140983;-0,410806805;-0,246437052;;;-0,429633737;0,113274437;-0,414408118;0,127522873;;;
-0,410084277;-0,190010178;-0,409000188;-0,24319794;;;-0,429153502;0,118764796;-0,412679017;0,130248977;;;
-0,409133196;-0,184955386;-0,408055604;-0,228838891;;;-0,427504182;0,123172872;-0,41218859;0,136712225;;;
-0,408602148;-0,186462138;-0,407065451;-0,216495808;;;-0,427293211;0,12835995;-0,411281198;0,141127471;;;
-0,407041907;-0,186425414;-0,406443954;-0,234935772;;;-0,425506473;0,132324443;-0,410247833;0,144893963;;;
-0,406092077;-0,18639204;-0,406020284;-0,232458214;;;-0,424924135;0,136998944;-0,409142107;0,149365972;;;
-0,405208051;-0,185134418;-0,40432173;-0,226401527;;;-0,423955262;0,142628595;-0,408120126;0,15305398;;;
-0,404244483;-0,181978562;-0,402957797;-0,233168023;;;-0,422795683;0,14760331;-0,407297403;0,158009283;;;
-0,403343469;-0,182382848;-0,402156174;-0,240036986;;;-0,422113001;0,153762256;-0,405733049;0,163895349;;;
-0,401627362;-0,181817713;-0,401675403;-0,2421907;;;-0,420913011;0,158592001;-0,405420929;0,164642918;;;
-0,401066601;-0,180272528;-0,400579393;-0,232898073;;;-0,419994026;0,163692722;-0,404072851;0,1706642;;;
-0,40078041;-0,180589796;-0,399712086;-0,228117269;;;-0,418575764;0,169450867;-0,403665185;0,178204276;;;
-0,400132447;-0,177045056;-0,397785485;-0,230309385;;;-0,418212324;0,174731132;-0,402060837;0,180094358;;;
-0,398177028;-0,177814719;-0,397063613;-0,219190727;;;-0,416835278;0,179103729;-0,401178777;0,186394431;;;
-0,396944255;-0,177419196;-0,396981865;-0,229086402;;;-0,415758252;0,186015973;-0,400056183;0,191635263;;;
-0,395960569;-0,175989547;-0,395527124;-0,219084941;;;-0,415106326;0,19141247;-0,398800313;0,192869836;;;
-0,395389199;-0,174404744;-0,394414335;-0,215902927;;;-0,41343686;0,195717402;-0,398530215;0,202028488;;;
-0,394957751;-0,173895669;-0,393272579;-0,219987209;;;-0,41305083;0,203135456;-0,396561712;0,206352759;;;
-0,39316535;-0,173783101;-0,392270207;-0,226138776;;;-0,4114663;0,210963646;-0,396236598;0,212962771;;;
-0,391331524;-0,172212707;-0,391103864;-0,230564493;;;-0,411546856;0,21524764;-0,394761503;0,216831623;;;
-0,391153157;-0,171848476;-0,390872687;-0,222920514;;;-0,409595162;0,221218444;-0,394493878;0,220760762;;;
-0,390446424;-0,17334226;-0,389566302;-0,212609668;;;-0,409125865;0,227125277;-0,392678559;0,222613822;;;
-0,389733016;-0,169421936;-0,38813889;-0,212276069;;;-0,407932341;0,233067873;-0,392065406;0,229236825;;;
-0,388136417;-0,170563523;-0,387009919;-0,221720242;;;-0,406796962;0,239747701;-0,391007453;0,235401627;;;
-0,386624038;-0,169714308;-0,386591613;-0,221017343;;;-0,406444013;0,244465601;-0,390050173;0,24435519;;;
-0,386100411;-0,167674333;-0,385984868;-0,203483346;;;-0,404444814;0,24924138;-0,389327973;0,248965374;;;
-0,385524958;-0,167194945;-0,385092139;-0,212610321;;;-0,404132128;0,257029102;-0,387928158;0,249739438;;;
-0,384441495;-0,167290676;-0,382565498;-0,218401387;;;-0,402781695;0,265028681;-0,387093604;0,258104769;;;
-0,382759273;-0,168422029;-0,382146448;-0,220131965;;;-0,401812792;0,269580641;-0,385847986;0,263753268;;;
-0,381494284;-0,165133765;-0,381590217;-0,219545183;;;-0,4008196;0,277528633;-0,385571837;0,270953557;;;
-0,381567806;-0,163939933;-0,380740017;-0,219169917;;;-0,39958784;0,283921039;-0,383590132;0,274048083;;;
-0,380481005;-0,163741805;-0,379560202;-0,207867128;;;-0,399078012;0,290542804;-0,383437008;0,273570652;;;
-0,378617853;-0,163350017;-0,377662599;-0,213785772;;;-0,397621572;0,296323988;-0,381949127;0,283834885;;;
-0,377969086;-0,161227333;-0,377109766;-0,209420811;;;-0,397226095;0,303500733;-0,381491721;0,289340614;;;
-0,377267331;-0,163298301;-0,376549631;-0,206149787;;;-0,395617127;0,311048832;-0,380216688;0,295941212;;;
-0,377108395;-0,163104724;-0,375708729;-0,21310373;;;-0,395073324;0,317819889;-0,379422545;0,303217128;;;
-0,374957621;-0,160613871;-0,374949038;-0,203166316;;;-0,393892348;0,318890182;-0,377951473;0,30935213;;;
-0,373861939;-0,159499055;-0,372502267;-0,202496475;;;-0,392831445;0,327537241;-0,377135187;0,314396435;;;
-0,373298705;-0,158442817;-0,372166455;-0,207890801;;;-0,392385185;0,336374766;-0,376083553;0,312842113;;;
-0,372395545;-0,156780393;-0,371355414;-0,19738167;;;-0,390698731;0,345896413;-0,374926209;0,32154639;;;
-0,37130484;-0,156722261;-0,370615512;-0,205288627;;;-0,390095532;0,350542129;-0,374110729;0,329850552;;;
-0,369758308;-0,157080723;-0,36925441;-0,210108657;;;-0,388719678;0,359705749;-0,372672737;0,32811584;;;
-0,369098008;-0,154544253;-0,368216604;-0,201570502;;;-0,38810274;0,365416641;-0,372209936;0,339545038;;;
-0,368187398;-0,153775909;-0,36749661;-0,210212393;;;-0,386554062;0,374316197;-0,370788872;0,344424156;;;
-0,367465556;-0,152699664;-0,366357207;-0,194094913;;;-0,385980695;0,382996288;-0,370487958;0,349944564;;;
-0,366173029;-0,153623529;-0,365518421;-0,204748051;;;-0,384616345;0,387883664;-0,368941009;0,35352977;;;
-0,365137756;-0,153445015;-0,36445412;-0,200362616;;;-0,383905143;0,391712035;-0,368360609;0,364851763;;;
-0,364596069;-0,150569105;-0,363312691;-0,191976679;;;-0,38307932;0,403050851;-0,366932154;0,371422833;;;
-0,364203751;-0,150243548;-0,362904787;-0,195983573;;;-0,381816924;0,412425153;-0,366327435;0,377195497;;;
-0,361969411;-0,150115934;-0,36174646;-0,196172929;;;-0,38125512;0,417305283;-0,364907444;0,384511829;;;
-0,360607892;-0,149230074;-0,361052543;-0,198964794;;;-0,379603624;0,426460547;-0,364243597;0,386004999;;;
-0,360102713;-0,149527604;-0,359161556;-0,189645804;;;-0,379258066;0,43645104;-0,362859398;0,389594386;;;
-0,359614074;-0,146675751;-0,358343989;-0,191784715;;;-0,377884269;0,440074885;-0,362299293;0,403474099;;;
-0,358339816;-0,148321456;-0,357219398;-0,193573112;;;-0,376897335;0,450159622;-0,360898197;0,408875931;;;
-0,357199341;-0,147082847;-0,35704127;-0,18886507;;;-0,375928611;0,45346311;-0,360115647;0,409915434;;;
-0,356457353;-0,145051737;-0,355411798;-0,193879311;;;-0,375080615;0,465293004;-0,359032393;0,419831004;;;
-0,355341166;-0,146264023;-0,35409227;-0,175936409;;;-0,37389338;0,467015869;-0,357863277;0,423948744;;;
-0,354201704;-0,144356116;-0,353065133;-0,191442875;;;-0,372804791;0,477434147;-0,357310504;0,430040575;;;
-0,353262514;-0,143669217;-0,352467984;-0,186880269;;;-0,372536331;0,48927303;-0,355973125;0,43927103;;;
-0,351664215;-0,142760804;-0,351786971;-0,191058355;;;-0,370402753;0,493692834;-0,355225414;0,444955033;;;
-0,351287723;-0,14010087;-0,350201726;-0,191687299;;;-0,37003392;0,501696381;-0,353991657;0,449880898;;;
-0,350701034;-0,140664755;-0,348951101;-0,186214964;;;-0,368814886;0,509790997;-0,353239864;0,450590188;;;
-0,349238753;-0,140398586;-0,348689288;-0,177746118;;;-0,368130147;0,519176455;-0,351706356;0,460736906;;;
-0,34708479;-0,141328313;-0,34739548;-0,182919624;;;-0,366744697;0,530001616;-0,351637661;0,470356033;;;
-0,347393245;-0,138052157;-0,346431643;-0,185155723;;;-0,366286725;0,536392283;-0,349670082;0,474904608;;;
-0,346185893;-0,138179396;-0,345515847;-0,18164308;;;-0,364780515;0,540997737;-0,349355608;0,484596218;;;
-0,34581387;-0,138108402;-0,344190061;-0,176554875;;;-0,363723636;0,545550303;-0,348050863;0,493774736;;;
-0,343336463;-0,137258733;-0,343494326;-0,183317638;;;-0,363120705;0,562181643;-0,347506702;0,494822306;;;
-0,342869192;-0,135082248;-0,342579305;-0,177735254;;;-0,361714989;0,568411823;-0,345975459;0,501557298;;;
-0,342841595;-0,134732205;-0,341735333;-0,183241757;;;-0,36106956;0,576995124;-0,345145494;0,505837493;;;
-0,341778249;-0,134593066;-0,34010461;-0,186275628;;;-0,359550476;0,58240091;-0,344050109;0,516878063;;;
-0,339838624;-0,133719346;-0,339240491;-0,180888749;;;-0,359068155;0,591285736;-0,343087643;0,525126285;;;
-0,339459032;-0,131261764;-0,338186383;-0,169494602;;;-0,357640415;0,600498791;-0,342057407;0,528595085;;;
-0,338746816;-0,130729986;-0,338393271;-0,176617891;;;-0,357500404;0,611041902;-0,340738893;0,537788297;;;
-0,337553293;-0,130430808;-0,335740596;-0,174481165;;;-0,355398446;0,620148276;-0,339984864;0,544492943;;;
-0,335786372;-0,129520804;-0,334686965;-0,169738445;;;-0,355081528;0,622574025;-0,338826418;0,54626368;;;
-0,335053742;-0,128503568;-0,334173024;-0,178121425;;;-0,353813738;0,625139504;-0,338276774;0,555868055;;;
-0,333857;-0,129724979;-0,33380276;-0,169002737;;;-0,353130013;0,640720919;-0,336623788;0,559193657;;;
-0,333469182;-0,128084142;-0,332393229;-0,173395408;;;-0,35176155;0,64845648;-0,336380124;0,562940586;;;
-0,332402706;-0,126098079;-0,331433862;-0,169887944;;;-0,350740761;0,659830652;-0,334718764;0,579502322;;;
-0,331113696;-0,125227144;-0,330473512;-0,170206776;;;-0,350142807;0,672290676;-0,334201992;0,575359464;;;
-0,330120564;-0,125347464;-0,329505503;-0,153492969;;;-0,348549753;0,677711716;-0,332633644;0,585478674;;;
-0,329605341;-0,124537323;-0,327916026;-0,168299965;;;-0,348296374;0,689730743;-0,332144558;0,602878123;;;
-0,327701539;-0,123603018;-0,326850682;-0,154640763;;;-0,346663892;0,694841531;-0,3306005;0,603395148;;;
-0,327543616;-0,123075376;-0,326477379;-0,149335857;;;-0,346068263;0,697279323;-0,33013764;0,612858555;;;
-0,326540858;-0,122402158;-0,325639278;-0,167444053;;;-0,344748527;0,712222827;-0,328711271;0,617120183;;;
-0,324942321;-0,122030584;-0,324158847;-0,168199773;;;-0,344315052;0,724132082;-0,3281627;0,6171156;;;
-0,3244569;-0,122245571;-0,323005646;-0,171627539;;;-0,342895687;0,736754893;-0,326617748;0,634031591;;;
-0,324152648;-0,119408762;-0,323048979;-0,160688387;;;-0,341476411;0,738964887;-0,325882822;0,631401246;;;
-0,321350396;-0,119657101;-0,321482867;-0,164107985;;;-0,341118008;0,744913121;-0,325003892;0,64760753;;;
-0,320992798;-0,119496599;-0,319974631;-0,155506029;;;-0,339636177;0,760611629;-0,323738456;0,649089561;;;
-0,320283622;-0,116886433;-0,319196582;-0,150431896;;;-0,339147449;0,762233222;-0,323190987;0,660724693;;;
-0,319197327;-0,116149844;-0,319029361;-0,158386669;;;-0,337482214;0,776686947;-0,321772993;0,662732968;;;
-0,317674994;-0,118234634;-0,317435533;-0,16194727;;;-0,337472707;0,786426149;-0,320995718;0,666379173;;;
-0,317720652;-0,11650254;-0,31644249;-0,164146514;;;-0,335635781;0,799076177;-0,319647551;0,672954007;;;
-0,316379666;-0,114658842;-0,315649062;-0,145628426;;;-0,335122645;0,805118176;-0,319395661;0,677620593;;;
-0,31443134;-0,113970017;-0,314633399;-0,152150018;;;-0,333889872;0,814232025;-0,317452461;0,686194805;;;
-0,314359397;-0,113143396;-0,313023955;-0,156887507;;;-0,33301425;0,827902042;-0,317296803;0,700707027;;;
-0,313732862;-0,11351443;-0,312541008;-0,146667179;;;-0,331953228;0,831918202;-0,315731674;0,704096379;;;
-0,311767548;-0,11257467;-0,311646223;-0,148019073;;;-0,330893129;0,843712993;-0,315308094;0,710242892;;;
-0,310878307;-0,110329813;-0,310406387;-0,146979184;;;-0,329860806;0,854438149;-0,313942105;0,713007121;;;
-0,310831606;-0,109233984;-0,309331357;-0,1534512;;;-0,328712821;0,86225953;-0,313109726;0,727267898;;;
-0,308661878;-0,110104921;-0,308536053;-0,153404318;;;-0,328369319;0,872139783;-0,312037915;0,736037994;;;
-0,307479024;-0,108929246;-0,307653964;-0,154353607;;;-0,326518565;0,879301291;-0,31126076;0,74521288;;;
-0,307360053;-0,108170058;-0,306222111;-0,146878824;;;-0,326112598;0,884156994;-0,309631765;0,751858025;;;
-0,30608198;-0,106586722;-0,305596411;-0,14629997;;;-0,324769557;0,891706784;-0,309493363;0,756960382;;;
-0,305063039;-0,107881887;-0,304971755;-0,149051241;;;-0,324232221;0,905411261;-0,307704777;0,766735902;;;
-0,304395229;-0,106649501;-0,303710401;-0,14692003;;;-0,322458774;0,912346371;-0,307301313;0,77096233;;;
-0,304151088;-0,104834382;-0,302581429;-0,14270391;;;-0,322102636;0,916943933;-0,305785924;0,782199732;;;
-0,301857561;-0,104538403;-0,301823348;-0,138041818;;;-0,320735216;0,927267724;-0,305316836;0,777031456;;;
-0,301262945;-0,103470676;-0,300530314;-0,140390254;;;-0,319989741;0,935948034;-0,304042876;0,77936049;;;
-0,300222099;-0,103144141;-0,299430162;-0,136256126;;;-0,319063604;0,941628679;-0,303225428;0,800052414;;;
-0,298934102;-0,103144237;-0,298734099;-0,131540164;;;-0,317557305;0,958738732;-0,301906943;0,80323766;;;
-0,298051268;-0,102009889;-0,29800579;-0,13580277;;;-0,316896826;0,972271235;-0,301402956;0,800816607;;;
-0,297414064;-0,102279058;-0,296459764;-0,138437353;;;-0,315753192;0,971218191;-0,299689502;0,811625487;;;
-0,295523018;-0,100987471;-0,295247227;-0,131870055;;;-0,315196723;0,98143545;-0,299309433;0,835886449;;;
-0,295143306;-0,10000456;-0,295135736;-0,130800924;;;-0,313580215;0,987951876;-0,29799515;0,836559984;;;
-0,294418454;-0,099327588;-0,293617517;-0,135649846;;;-0,313450843;1,003950166;-0,297103584;0,831239922;;;
-0,293129504;-0,099299774;-0,292013228;-0,13410198;;;-0,311571479;1,019098688;-0,296187729;0,832276705;;;
-0,291831851;-0,097967712;-0,291389465;-0,123012908;;;-0,311264038;1,027811519;-0,294797182;0,846751417;;;
-0,291232109;-0,098120626;-0,291333348;-0,132266281;;;-0,309746116;1,039992377;-0,294117242;0,862794257;;;
-0,290261149;-0,097860773;-0,289478064;-0,131723598;;;-0,309262007;1,04323594;-0,293038249;0,861929935;;;
-0,289098412;-0,096245742;-0,28849864;-0,12924079;;;-0,307321906;1,057791058;-0,291941196;0,87469643;;;
-0,288352102;-0,094862693;-0,287578315;-0,134150155;;;-0,307081282;1,066016383;-0,290994465;0,883600417;;;
-0,288202047;-0,095403901;-0,286507666;-0,123685006;;;-0,305585712;1,071622768;-0,290122688;0,894168897;;;
-0,28595224;-0,094959621;-0,285369307;-0,129724713;;;-0,305204034;1,07254681;-0,288798213;0,897908252;;;
-0,285156161;-0,09468899;-0,284234017;-0,126259804;;;-0,303941578;1,09263619;-0,288222015;0,904855966;;;
-0,284547657;-0,092683069;-0,283968359;-0,128129902;;;-0,302761763;1,094503811;-0,286677152;0,918803032;;;
-0,283356279;-0,092154171;-0,282657862;-0,128218273;;;-0,30202508;1,101786171;-0,286506504;0,916801283;;;
-0,282065213;-0,090951772;-0,28154543;-0,125218767;;;-0,300880283;1,117128959;-0,284568757;0,935396038;;;
-0,281256318;-0,091533042;-0,28075102;-0,126894862;;;-0,300096929;1,131971013;-0,284078389;0,952228458;;;
-0,280752897;-0,089822299;-0,27947095;-0,126645349;;;-0,298648983;1,142118598;-0,282748371;0,950580166;;;
-0,279027224;-0,089422705;-0,278234929;-0,122280118;;;-0,298076481;1,146350082;-0,282114029;0,956489834;;;
-0,277904868;-0,087858039;-0,27750656;-0,117938859;;;-0,296679467;1,155548769;-0,280695081;0,960783994;;;
-0,277418107;-0,088677603;-0,276874393;-0,113769138;;;-0,296557575;1,155145002;-0,280140072;0,962037353;;;
-0,276089638;-0,088563012;-0,275624812;-0,118019072;;;-0,294267774;1,17685208;-0,278432101;0,964623501;;;
-0,274756432;-0,08518309;-0,274445951;-0,115387209;;;-0,294135451;1,187773922;-0,278572738;0,964614887;;;
-0,274661064;-0,085742296;-0,274043679;-0,116872984;;;-0,29276064;1,19373163;-0,276409477;0,984019934;;;
-0,272277057;-0,085220364;-0,272069901;-0,116173808;;;-0,291864961;1,199134937;-0,276096016;0,993730862;;;
-0,272396892;-0,084713547;-0,271157056;-0,114450426;;;-0,290593952;1,216554443;-0,27468127;0,99706127;;;
-0,271287054;-0,083227138;-0,270463616;-0,106373833;;;-0,290141195;1,228920996;-0,274276823;1,008658071;;;
-0,269739836;-0,082998008;-0,27000916;-0,105369234;;;-0,288639724;1,236734816;-0,272616297;1,02084341;;;
-0,268952936;-0,081539172;-0,268058479;-0,110906203;;;-0,287884593;1,26015173;-0,272440493;1,031326616;;;
-0,268816203;-0,081946733;-0,267261207;-0,11196124;;;-0,287013352;1,25690292;-0,270555586;1,018198908;;;
-0,266961336;-0,081526877;-0,266887158;-0,112091236;;;-0,285808057;1,271461128;-0,270233542;1,019570583;;;
-0,265561968;-0,081588665;-0,265143275;-0,110570981;;;-0,285155118;1,282386394;-0,268583834;1,046779147;;;
-0,265294701;-0,079500759;-0,264263183;-0,109149189;;;-0,28360644;1,296587322;-0,268300951;1,046461699;;;
-0,263953954;-0,079037614;-0,263556957;-0,104275695;;;-0,282914251;1,303404341;-0,266455323;1,057586688;;;
-0,262591839;-0,079092989;-0,262864172;-0,107359797;;;-0,28153941;1,305862238;-0,266129047;1,077439125;;;
-0,26236093;-0,077782105;-0,261093825;-0,104869795;;;-0,28125;1,315661298;-0,264916658;1,074417982;;;
-0,261486262;-0,076697243;-0,260943651;-0,100861506;;;-0,27957949;1,321544407;-0,264190435;1,07279509;;;
-0,260024518;-0,076477048;-0,259303153;-0,099392999;;;-0,279112011;1,326505908;-0,262932181;1,089864267;;;
-0,25958696;-0,076599479;-0,257613063;-0,099887355;;;-0,277501851;1,341786263;-0,262110293;1,110239833;;;
-0,257616192;-0,074696251;-0,25719583;-0,10144784;;;-0,277144641;1,348496543;-0,260746479;1,108898851;;;
-0,257231414;-0,074525585;-0,255944997;-0,09811342;;;-0,275766641;1,367384961;-0,260311157;1,126368652;;;
-0,25644204;-0,073538212;-0,254956126;-0,103033826;;;-0,274977982;1,362803085;-0,258635998;1,13801209;;;
-0,254909992;-0,072862264;-0,254370719;-0,100639317;;;-0,273573458;1,382386462;-0,258113801;1,143529819;;;
-0,254187018;-0,073082532;-0,254053891;-0,095399965;;;-0,273106247;1,394829799;-0,256961793;1,144124374;;;
-0,253364503;-0,072201536;-0,25132522;-0,099876212;;;-0,271421671;1,395152846;-0,255853027;1,15762366;;;
-0,252668083;-0,072477315;-0,250267088;-0,098568207;;;-0,271110028;1,405517728;-0,254888356;1,166209144;;;
-0,251546144;-0,071082822;-0,250534981;-0,096078454;;;-0,269771487;1,421053485;-0,253807336;1,173314703;;;
-0,250468552;-0,070057769;-0,249652877;-0,08722891;;;-0,26900807;1,434671864;-0,25293985;1,167979124;;;
-0,24905026;-0,069069543;-0,247569904;-0,093671471;;;-0,268025339;1,450550641;-0,251991153;1,194682058;;;
-0,247606531;-0,069443696;-0,247678965;-0,094559211;;;-0,266991943;1,458959401;-0,250951171;1,209251485;;;
-0,247378647;-0,068357116;-0,246420935;-0,093101687;;;-0,26602307;1,473478339;-0,250104874;1,2121744;;;
-0,246450081;-0,067396579;-0,244750112;-0,09132675;;;-0,264742702;1,470737287;-0,24877499;1,217042074;;;
-0,244674727;-0,066377548;-0,244393021;-0,091182816;;;-0,263900936;1,483692409;-0,248063371;1,221495604;;;
-0,244357616;-0,066890834;-0,243456766;-0,08643732;;;-0,262493283;1,495409033;-0,246947244;1,230596065;;;
-0,24292767;-0,066002143;-0,241986051;-0,088907077;;;-0,26231727;1,512949674;-0,246044993;1,248624079;;;
-0,241165951;-0,064301255;-0,24078843;-0,088799307;;;-0,260415643;1,531016882;-0,245000213;1,253592773;;;
-0,241329193;-0,063867398;-0,241036147;-0,080061702;;;-0,260310709;1,538121092;-0,24384661;1,261457254;;;
-0,240146667;-0,06430412;-0,23878397;-0,083815629;;;-0,258542597;1,555162118;-0,243117079;1,261862407;;;
-0,238933578;-0,063118531;-0,238168508;-0,084394601;;;-0,258211881;1,558206769;-0,241691649;1,278154899;;;
-0,238959029;-0,062045335;-0,238026962;-0,085846827;;;-0,256635487;1,561214148;-0,241190806;1,278798722;;;
-0,237754479;-0,061670822;-0,235843047;-0,084519236;;;-0,255992264;1,576545315;-0,239712462;1,285296994;;;
-0,235764191;-0,061242674;-0,235321194;-0,08317774;;;-0,254428744;1,587666251;-0,239220098;1,306964085;;;
-0,235424966;-0,060147473;-0,234371081;-0,078603983;;;-0,254221916;1,597981753;-0,237771407;1,290698375;;;
-0,234320402;-0,059693072;-0,233355984;-0,081555081;;;-0,252416849;1,603804069;-0,237506598;1,320870037;;;
-0,233066469;-0,059290015;-0,231968313;-0,078655509;;;-0,252108395;1,631479591;-0,235485122;1,302677269;;;
-0,232094377;-0,059018501;-0,231374279;-0,077559823;;;-0,250593573;1,634190926;-0,235251084;1,329486282;;;
-0,23121357;-0,058266661;-0,229917124;-0,077706113;;;-0,250133604;1,648098602;-0,233955979;1,34479775;;;
-0,23007302;-0,057485476;-0,228515401;-0,07818949;;;-0,249139324;1,662073018;-0,233182952;1,336455681;;;
-0,229107261;-0,057344117;-0,228698269;-0,078095918;;;-0,247865036;1,653286606;-0,231751233;1,352537067;;;
-0,228261471;-0,056775905;-0,227361977;-0,075560504;;;-0,246882573;1,679246177;-0,231487527;1,374354413;;;
-0,226781696;-0,056474913;-0,226351634;-0,070611297;;;-0,245907366;1,679551556;-0,229980662;1,369636924;;;
-0,226399273;-0,054795364;-0,224963531;-0,073027741;;;-0,244881332;1,698989062;-0,228975773;1,375536449;;;
-0,225424916;-0,055218751;-0,224929452;-0,070024466;;;-0,243612438;1,703369295;-0,228227049;1,387002772;;;
-0,224353224;-0,054218098;-0,223125488;-0,071674037;;;-0,243437484;1,7128303;-0,226865306;1,40165942;;;
-0,223127887;-0,053183551;-0,222225934;-0,073849303;;;-0,241277248;1,729315848;-0,226121828;1,382103923;;;
-0,222937062;-0,053095747;-0,221208319;-0,072432607;;;-0,241052538;1,733518814;-0,224668711;1,418750952;;;
-0,220909864;-0,052841097;-0,220617399;-0,069444384;;;-0,239778474;1,756831699;-0,224122524;1,432118665;;;
-0,220253125;-0,053002176;-0,21924302;-0,064901772;;;-0,239453003;1,759851197;-0,222878397;1,436292378;;;
-0,219211161;-0,051454712;-0,218571499;-0,068952009;;;-0,23758316;1,766685481;-0,222431391;1,453384731;;;
-0,217076406;-0,050373041;-0,217604026;-0,069193558;;;-0,237000182;1,773166008;-0,22055085;1,450726209;;;
-0,217876613;-0,050805916;-0,215763152;-0,066003552;;;-0,235861689;1,786991589;-0,220344186;1,451356579;;;
-0,215703592;-0,050186579;-0,215472966;-0,065643565;;;-0,23476246;1,812554671;-0,218657315;1,463135875;;;
-0,215313509;-0,049891303;-0,213716179;-0,065684529;;;-0,234166771;1,808254659;-0,218317345;1,462197507;;;
-0,215138629;-0,049572662;-0,212840527;-0,064858623;;;-0,232508898;1,820145651;-0,216714248;1,47176474;;;
-0,212486476;-0,048490408;-0,212412611;-0,062045024;;;-0,231938526;1,83967087;-0,216038465;1,500891015;;;
-0,21201703;-0,048262187;-0,211442679;-0,064196198;;;-0,230571225;1,848674915;-0,214681104;1,524365585;;;
-0,211386189;-0,047914977;-0,210091367;-0,061046854;;;-0,230358139;1,859405514;-0,214202225;1,514506117;;;
-0,210134327;-0,046461369;-0,210202545;-0,061880666;;;-0,2284711;1,85712273;-0,21297206;1,529589017;;;
-0,209124133;-0,047003817;-0,207750022;-0,05673433;;;-0,228085518;1,877187836;-0,21170947;1,538712346;;;
-0,208477542;-0,046008037;-0,207087234;-0,0615431;;;-0,226796538;1,881809834;-0,21112822;1,52477696;;;
-0,206858009;-0,045294388;-0,206256896;-0,060459117;;;-0,225877598;1,9059244;-0,209736645;1,558940006;;;
-0,206669167;-0,04480211;-0,204941466;-0,059885254;;;-0,224905491;1,927941553;-0,209094957;1,558404323;;;
-0,205579489;-0,044834847;-0,204035193;-0,057403287;;;-0,223872975;1,927568948;-0,207574248;1,562824232;;;
-0,204088032;-0,043991492;-0,203253865;-0,057265503;;;-0,222963572;1,950930462;-0,207310602;1,561670918;;;
-0,203234762;-0,043403286;-0,202274159;-0,05669494;;;-0,22175622;1,958022223;-0,205668122;1,580842463;;;
-0,201726362;-0,043200555;-0,201288417;-0,056723571;;;-0,221238866;1,960189809;-0,205334559;1,592678466;;;
-0,200877309;-0,042930435;-0,20014672;-0,056113233;;;-0,219355315;1,964709526;-0,203574583;1,592306741;;;
-0,200627148;-0,042049091;-0,198884815;-0,054624491;;;-0,219228119;1,995194296;-0,203547969;1,609697196;;;
-0,199011952;-0,042060186;-0,19819507;-0,055017658;;;-0,217870235;1,978751183;-0,201743633;1,60062359;;;
-0,19795911;-0,042184985;-0,197840363;-0,054760781;;;-0,217001066;2,002092886;-0,201183438;1,640659916;;;
-0,197831899;-0,041153305;-0,196250841;-0,051103778;;;-0,215789467;2,025491853;-0,199876696;1,650419364;;;
-0,195750102;-0,040140921;-0,195180416;-0,051773238;;;-0,214993387;2,023602345;-0,199226335;1,662885682;;;
-0,195140556;-0,039777729;-0,195022434;-0,045408316;;;-0,21391961;2,051269488;-0,197802201;1,636773826;;;
-0,194246963;-0,03904264;-0,19371441;-0,050577936;;;-0,212486625;2,074095141;-0,197225079;1,658999916;;;
-0,193073645;-0,038948481;-0,192315757;-0,050749404;;;-0,211940572;2,081546871;-0,19591409;1,659996734;;;
-0,192171484;-0,038522333;-0,191271573;-0,049877511;;;-0,210593313;2,079690019;-0,195194006;1,666708862;;;
-0,191785648;-0,037877993;-0,190005124;-0,049643144;;;-0,210178688;2,100436287;-0,19431293;1,681537713;;;
-0,189930648;-0,037574669;-0,189383671;-0,046854369;;;-0,208510414;2,106267635;-0,192930028;1,672543651;;;
-0,189695328;-0,037158897;-0,188865677;-0,048365585;;;-0,208266616;2,105376158;-0,19213362;1,691054812;;;
-0,187712133;-0,037254798;-0,187300578;-0,047574876;;;-0,20648165;2,1204102;-0,190871134;1,707373424;;;
-0,186765477;-0,036968808;-0,185802132;-0,04716087;;;-0,206084043;2,155051377;-0,190100402;1,710654204;;;
-0,186459124;-0,03623552;-0,185745209;-0,045588595;;;-0,204996482;2,153137842;-0,188794553;1,710382145;;;
-0,18498075;-0,035246756;-0,183640823;-0,04556297;;;-0,204062626;2,163789332;-0,188333035;1,735196557;;;
-0,183941618;-0,034874599;-0,183661968;-0,044945406;;;-0,202769428;2,181747669;-0,186831504;1,747212455;;;
-0,183520779;-0,034460247;-0,182384878;-0,043794861;;;-0,201658458;2,202162484;-0,186213002;1,771339807;;;
-0,181641892;-0,033917107;-0,18109718;-0,044576078;;;-0,200951517;2,203193641;-0,184626892;1,770764341;;;
-0,181420937;-0,03355286;-0,180592075;-0,044147375;;;-0,199551255;2,228934737;-0,184405342;1,778627279;;;
-0,180050388;-0,033385663;-0,17952694;-0,042729266;;;-0,199202463;2,210472446;-0,182510093;1,789046435;;;
-0,178712621;-0,033196195;-0,177883253;-0,039450525;;;-0,197578564;2,2161032;-0,182119101;1,771997073;;;
-0,178370208;-0,032977411;-0,177365452;-0,037931502;;;-0,19697012;2,232439631;-0,180744693;1,79711456;;;
-0,177191451;-0,031892207;-0,176584989;-0,039464144;;;-0,195558056;2,23036287;-0,180335805;1,79889599;;;
-0,176112413;-0,031975788;-0,174724549;-0,03504086;;;-0,195192516;2,256793933;-0,178674653;1,821089751;;;
-0,175802886;-0,030962958;-0,174380243;-0,036526588;;;-0,19378376;2,257590896;-0,178059042;1,82619229;;;
-0,173745453;-0,030883283;-0,17362304;-0,038183217;;;-0,193042889;2,277576395;-0,176814869;1,838205059;;;
-0,173125342;-0,030674627;-0,172331154;-0,037857133;;;-0,191788822;2,304334006;-0,175960198;1,840850199;;;
-0,172467068;-0,030213394;-0,171287149;-0,038230769;;;-0,190783888;2,297496289;-0,175058052;1,854941379;;;
-0,170352608;-0,029716388;-0,170904756;-0,038992025;;;-0,189790726;2,312981128;-0,173592389;1,850554085;;;
-0,170390531;-0,029539618;-0,16875574;-0,036887171;;;-0,188462526;2,326067867;-0,17297928;1,857258362;;;
-0,169148117;-0,029010728;-0,16863434;-0,033824159;;;-0,187929451;2,329638109;-0,171882167;1,844531399;;;
-0,167830616;-0,028800699;-0,167713821;-0,036793468;;;-0,186624497;2,353652463;-0,171003357;1,861222983;;;
-0,167370573;-0,028592852;-0,166106626;-0,035672141;;;-0,186395526;2,372443952;-0,169734612;1,901217278;;;
-0,165733412;-0,027760309;-0,16554755;-0,036144623;;;-0,184567198;2,370237494;-0,169335455;1,893023797;;;
-0,165306747;-0,027572086;-0,164099902;-0,034452724;;;-0,184220403;2,383064996;-0,16767706;1,93073844;;;
-0,164003983;-0,026960412;-0,162831277;-0,033456984;;;-0,182757586;2,391072115;-0,167281225;1,906782087;;;
-0,16269815;-0,027540645;-0,162280619;-0,035156746;;;-0,182213813;2,400589545;-0,165622681;1,892585982;;;
-0,162083268;-0,026696159;-0,160702899;-0,033486944;;;-0,180828407;2,402015993;-0,165231988;1,942007909;;;
-0,161588252;-0,026250259;-0,159918085;-0,028864127;;;-0,17990832;2,426278697;-0,163400978;1,957377362;;;
-0,15990904;-0,026215222;-0,159424677;-0,030736071;;;-0,178780451;2,451075032;-0,163061142;1,93226395;;;
-0,159665406;-0,025769486;-0,157860547;-0,03220696;;;-0,177666396;2,444435817;-0,161616668;1,964404872;;;
-0,15821743;-0,024925615;-0,157209277;-0,028822452;;;-0,177169263;2,470536257;-0,161342412;1,97581645;;;
-0,157036588;-0,024569307;-0,156849235;-0,030434798;;;-0,175389513;2,464080009;-0,159498751;1,974836129;;;
-0,156151488;-0,024127867;-0,154422343;-0,030569209;;;-0,174971849;2,482949544;-0,15925625;2,024018363;;;
-0,154810607;-0,023856713;-0,154702738;-0,028671342;;;-0,17360431;2,488595043;-0,157723933;2,030868742;;;
-0,154397175;-0,023508058;-0,153077349;-0,029285568;;;-0,173086107;2,492806956;-0,157402188;2,033836382;;;
-0,153294772;-0,023656257;-0,151875317;-0,029062538;;;-0,17149584;2,513202629;-0,155813575;2,036607781;;;
-0,152034461;-0,023326484;-0,151668683;-0,026342865;;;-0,171228975;2,517569918;-0,154956892;2,04441565;;;
-0,151265919;-0,022767875;-0,149902478;-0,026362394;;;-0,169495866;2,533526462;-0,15399006;2,063537545;;;
-0,150496364;-0,022264267;-0,149080202;-0,027509236;;;-0,168850318;2,553479149;-0,153364047;2,082316708;;;
-0,14915961;-0,021820842;-0,148703769;-0,025349749;;;-0,167575166;2,568909672;-0,152056396;2,079037763;;;
-0,148851231;-0,021546197;-0,146745011;-0,026053696;;;-0,166914776;2,535243015;-0,151316151;2,114616449;;;
-0,146314636;-0,021240985;-0,146220505;-0,025623793;;;-0,165976837;2,576079638;-0,149974495;2,086578932;;;
-0,146713212;-0,020900706;-0,145368442;-0,025872909;;;-0,164861545;2,598311479;-0,148982212;2,104499977;;;
-0,14485395;-0,02038951;-0,144184127;-0,023292964;;;-0,163914964;2,60059806;-0,148265347;2,124440538;;;
-0,144320756;-0,019905587;-0,143553317;-0,023204246;;;-0,163044661;2,619209624;-0,146600306;2,139120511;;;
-0,143997446;-0,019485961;-0,142686769;-0,022881175;;;-0,162276193;2,635732386;-0,146199316;2,141938314;;;
-0,141971782;-0,019269788;-0,141073033;-0,024259844;;;-0,160366073;2,628630898;-0,144638047;2,110705505;;;
-0,141298041;-0,018951968;-0,140533924;-0,023023188;;;-0,160238862;2,67021058;-0,144012585;2,139947719;;;
-0,140157074;-0,01851987;-0,140122831;-0,022943154;;;-0,158643559;2,684301708;-0,143140033;2,127932941;;;
-0,138986826;-0,018351342;-0,137591079;-0,020928575;;;-0,158076346;2,677873464;-0,142034441;2,159141881;;;
-0,13820672;-0,017839816;-0,13753061;-0,021761805;;;-0,156394243;2,711861698;-0,140937418;2,168205968;;;
-0,137431785;-0,017726794;-0,135861799;-0,021131077;;;-0,156150416;2,69532382;-0,140180215;2,193165147;;;
-0,136316642;-0,017581493;-0,135074034;-0,020983247;;;-0,154623091;2,726420868;-0,138779357;2,19670395;;;
-0,135666877;-0,017203835;-0,134903461;-0,020070484;;;-0,154212728;2,736971737;-0,138519779;2,195968366;;;
-0,134003729;-0,017116333;-0,132888347;-0,019455279;;;-0,1529333;2,735840462;-0,136662319;2,18370305;;;
-0,133516118;-0,016555206;-0,13209933;-0,0199556;;;-0,152016386;2,74343191;-0,136288568;2,205164381;;;
-0,132019415;-0,016291583;-0,131462842;-0,020719502;;;-0,150938377;2,764518811;-0,134725273;2,186801937;;;
-0,130784512;-0,016063612;-0,13016887;-0,020408181;;;-0,149672732;2,777881692;-0,134215131;2,20505456;;;
-0,130880773;-0,015778605;-0,129329294;-0,018507755;;;-0,148952976;2,80198342;-0,132927507;2,238451965;;;
-0,128939047;-0,015370272;-0,128332645;-0,018513467;;;-0,147541046;2,809320642;-0,132189363;2,259089439;;;
-0,12823838;-0,01500067;-0,127160326;-0,018345902;;;-0,146912411;2,817234673;-0,130672991;2,249520709;;;
-0,127673477;-0,014840729;-0,126671135;-0,018319605;;;-0,145674393;2,799644813;-0,130201697;2,269160453;;;
-0,126095057;-0,014624343;-0,125856951;-0,018249114;;;-0,145171955;2,80841357;-0,128632426;2,304507818;;;
-0,125435665;-0,014292632;-0,123977154;-0,017537457;;;-0,143602028;2,822917966;-0,128248975;2,323243347;;;
-0,124569692;-0,014001389;-0,124113575;-0,017316288;;;-0,143482298;2,84000027;-0,126858667;2,310183761;;;
-0,122936249;-0,013730683;-0,121499188;-0,016955495;;;-0,141425893;2,82133427;-0,125945762;2,310217044;;;
-0,122022778;-0,013491905;-0,12104027;-0,015694535;;;-0,140929803;2,86530948;-0,124992765;2,331073578;;;
-0,12030106;-0,013023331;-0,120068543;-0,015872193;;;-0,139618576;2,879374705;-0,123813003;2,320207967;;;
-0,120147355;-0,012844236;-0,119154647;-0,015887312;;;-0,139234871;2,882454842;-0,123148993;2,351626092;;;
-0,119482636;-0,012511222;-0,118449405;-0,014974561;;;-0,137552634;2,879595603;-0,121740639;2,365732073;;;
-0,118035831;-0,012262061;-0,117824674;-0,014914674;;;-0,136999324;2,91311665;-0,12130855;2,372230486;;;
-0,117010809;-0,01193114;-0,116107002;-0,01349896;;;-0,135410219;2,878420841;-0,119552836;2,364001147;;;
-0,11549224;-0,011693286;-0,115559235;-0,012461471;;;-0,13509661;2,883484826;-0,119263731;2,40328769;;;
-0,115307368;-0,011563808;-0,114260182;-0,012954937;;;-0,134097025;2,918048723;-0,117531292;2,415671301;;;
-0,114366055;-0,011322589;-0,113023311;-0,013292225;;;-0,132646978;2,940473127;-0,117083348;2,385698972;;;
-0,112761252;-0,011070244;-0,112642109;-0,013668213;;;-0,131997153;2,948250988;-0,115649529;2,442715224;;;
-0,112256691;-0,010700835;-0,111190595;-0,012338803;;;-0,130509973;2,935000456;-0,115293972;2,481493557;;;
-0,11072816;-0,010495497;-0,110645972;-0,01272352;;;-0,130083784;2,976028965;-0,113623746;2,469774276;;;
-0,10986001;-0,010529306;-0,109647535;-0,013202181;;;-0,12822248;2,995144403;-0,113003157;2,461631566;;;
-0,108804256;-0,01014512;-0,108199783;-0,012578843;;;-0,128028512;3,006294259;-0,111827761;2,475509575;;;
-0,108033568;-0,009795425;-0,107799262;-0,011652232;;;-0,126644135;3,019523279;-0,111004956;2,488015717;;;
-0,107409284;-0,009637469;-0,105418973;-0,012030583;;;-0,125950888;3,044056656;-0,110104844;2,485401474;;;
-0,106348231;-0,00934946;-0,105653934;-0,011563833;;;-0,124921627;3,053765242;-0,108798124;2,518177215;;;
-0,105137669;-0,009075991;-0,103924789;-0,009713344;;;-0,124011077;3,052376601;-0,107921273;2,527480309;;;
-0,103762873;-0,008781307;-0,103015929;-0,010624784;;;-0,12296167;3,082781497;-0,106918432;2,539301341;;;
-0,102983736;-0,008640724;-0,102363877;-0,010332215;;;-0,121686384;3,081149111;-0,105905026;2,538937847;;;
-0,101971455;-0,008408847;-0,101078235;-0,009649402;;;-0,121168137;3,110159124;-0,105051629;2,571631464;;;
-0,100927353;-0,008526042;-0,100453518;-0,010033225;;;-0,11951559;3,104406892;-0,104120687;2,543953606;;;
-0,101078808;-0,008051481;-0,099221759;-0,009329335;;;-0,119017482;3,142468501;-0,102516368;2,539970541;;;
-0,098569907;-0,007882236;-0,097871795;-0,009148007;;;-0,117421024;3,114407416;-0,102155268;2,551162017;;;
-0,098673776;-0,007682122;-0,097717524;-0,008891436;;;-0,117078647;3,140162106;-0,100761533;2,548563901;;;
-0,096856005;-0,007533534;-0,095732704;-0,008986544;;;-0,115784392;3,163571099;-0,100088179;2,567977017;;;
-0,096513495;-0,007258912;-0,095347278;-0,00880863;;;-0,115171693;3,194337561;-0,09889172;2,564378385;;;
-0,09448687;-0,007076602;-0,09420675;-0,00827689;;;-0,113577142;3,195921494;-0,098034881;2,58010407;;;
-0,093437366;-0,006905634;-0,093320385;-0,007764648;;;-0,112939328;3,206377703;-0,096820302;2,603379838;;;
-0,093063183;-0,006745694;-0,092596084;-0,007569364;;;-0,111919612;3,223643749;-0,096449614;2,621509236;;;
-0,091703005;-0,006501531;-0,090891212;-0,007544316;;;-0,110858522;3,246747389;-0,094674863;2,60410415;;;
-0,091288745;-0,00633037;-0,091048941;-0,007614379;;;-0,110007361;3,247431627;-0,094356067;2,664423583;;;
-0,090330489;-0,006267914;-0,088638306;-0,007383462;;;-0,108591191;3,27098401;-0,092529297;2,649535112;;;
-0,089234501;-0,006027065;-0,088563576;-0,006897702;;;-0,107874684;3,292990553;-0,092602439;2,690902287;;;
-0,088596322;-0,005823373;-0,086467892;-0,006842917;;;-0,106333382;3,281566672;-0,090727985;2,694777117;;;
-0,086726479;-0,005909205;-0,086125873;-0,00668631;;;-0,106417105;3,311394054;-0,090096951;2,672279442;;;
-0,085845686;-0,005818079;-0,08566726;-0,006362235;;;-0,104200661;3,307401077;-0,088902444;2,692712077;;;
-0,084803626;-0,005557585;-0,084463306;-0,006094133;;;-0,103984408;3,315965051;-0,088268138;2,708109243;;;
-0,084352717;-0,005320764;-0,083412766;-0,00587132;;;-0,102799259;3,329643593;-0,086886212;2,719842125;;;
-0,083385341;-0,003655953;-0,082332693;-0,005545838;;;-0,10202764;3,342154505;-0,086421311;2,670783278;;;
-0,082247965;-0,003341621;-0,08154691;-0,005628027;;;-0,100758821;3,326598836;-0,084702753;2,683331979;;;
-0,081889443;-0,003506772;-0,080275148;-0,005584938;;;-0,100161918;3,350730716;-0,084240921;2,729347408;;;
-0,080298617;-0,003620465;-0,079363249;-0,005154525;;;-0,098742694;3,364544075;-0,082593374;2,7592631;;;
-0,07911671;-0,00366823;-0,078046046;-0,004858398;;;-0,097648755;3,382887409;-0,082407877;2,747974075;;;
-0,077710032;-0,003689592;-0,077422336;-0,004724591;;;-0,09697248;3,406549853;-0,080444328;2,777089131;;;
-0,07725957;-0,003690977;-0,076782703;-0,00459423;;;-0,095636867;3,408399478;-0,080198899;2,780983874;;;
-0,075938806;-0,003525005;-0,075327627;-0,003619068;;;-0,09501978;3,425719025;-0,079060681;2,806030531;;;
-0,075661011;-0,003470897;-0,074069664;-0,003847616;;;-0,093459629;3,443771892;-0,078417733;2,790420796;;;
-0,073916323;-0,003452343;-0,073935911;-0,003777309;;;-0,093014419;3,460161142;-0,076760545;2,790793817;;;
-0,073581219;-0,00336385;-0,071492173;-0,003472605;;;-0,091751993;3,487018065;-0,076142035;2,77385628;;;
-0,072593443;-0,003137176;-0,071773693;-0,003406527;;;-0,091297209;3,518041314;-0,07473585;2,78793275;;;
-0,070835955;-0,003095907;-0,069328725;-0,003294887;;;-0,089363769;3,487317868;-0,073991299;2,765523119;;;
-0,070848323;-0,003026586;-0,069371074;-0,00318941;;;-0,089182742;3,507070978;-0,072865672;2,79430575;;;
-0,068836778;-0,002808607;-0,068139516;-0,002909256;;;-0,087569185;3,531998481;-0,071712434;2,827333142;;;
-0,068254836;-0,002659731;-0,067151375;-0,002567727;;;-0,087141998;3,517053082;-0,070963733;2,810016775;;;
-0,066712625;-0,00253782;-0,066548958;-0,002364745;;;-0,08541631;3,536315417;-0,069986336;2,835696605;;;
-0,06637121;-0,002377407;-0,065003939;-0,002066015;;;-0,084952034;3,532776898;-0,069089554;2,839956395;;;
-0,064863883;-0,002206584;-0,064507298;-0,001929469;;;-0,083658814;3,549181685;-0,067987025;2,816438234;;;
-0,064018078;-0,002042092;-0,062820211;-0,001777893;;;-0,083205141;3,562566212;-0,066991605;2,858393123;;;
-0,063437119;-0,001904193;-0,061840847;-0,001589976;;;-0,081676617;3,586659193;-0,065772749;2,862349925;;;
-0,062003069;-0,001802427;-0,061726313;-0,001415698;;;-0,081162773;3,607646698;-0,065000892;2,831448404;;;
-0,061225947;-0,001665718;-0,059793893;-0,001228436;;;-0,079723023;3,618838807;-0,06365484;2,877652139;;;
-0,06017654;-0,001530924;-0,059192427;-0,001034277;;;-0,078630172;3,651306794;-0,0634133;2,905503104;;;
-0,059807491;-0,001381617;-0,058433134;-0,000850702;;;-0,078021765;3,547455445;-0,061569758;2,945219122;;;
-0,058115896;-0,00127101;-0,057332981;-0,000723098;;;-0,076702014;3,5625787;-0,061154608;2,964527651;;;
-0,057276364;-0,001124499;-0,056756806;-0,000622347;;;-0,076216534;3,571010069;-0,059718706;2,954009789;;;
-0,056202281;-0,001011394;-0,054922491;-0,000497763;;;-0,074471772;3,608960718;-0,059131041;2,939458837;;;
-0,0548691;-0,000910954;-0,055076249;-0,000353429;;;-0,074033983;3,603190952;-0,0576008;2,963923164;;;
-0,054051835;-0,000820129;-0,052725945;-0,000200805;;;-0,072557352;3,638162934;-0,057040829;2,93857278;;;
-0,053038958;-0,00070236;-0,052252013;-6,99774E-05;;;-0,072420664;3,668962162;-0,055661842;2,936751543;;;
-0,052755449;-0,000577795;-0,050862987;9,09019E-05;;;-0,070565648;3,646460451;-0,055282731;2,958933719;;;
-0,05034823;-0,00045678;-0,050424255;0,000214974;;;-0,06994234;3,691997639;-0,053654063;3,003580252;;;
-0,050346058;-0,000365812;-0,048713155;0,00034222;;;-0,068720177;3,675842248;-0,053163733;3,000543411;;;
-0,048582211;-0,000245442;-0,047947358;0,000463082;;;-0,068150952;3,710727892;-0,051701359;3,021395356;;;
-0,047990479;-0,000154858;-0,047796793;0,000502406;;;-0,066674598;3,705136974;-0,051583681;3,031599236;;;
-0,047031425;-0,000102125;-0,046081483;0,000627299;;;-0,065945081;3,693033744;-0,049375892;3,037440693;;;
-0,045996863;-2,69585E-05;-0,045693576;0,00065277;;;-0,064842686;3,743538257;-0,049214888;3,057387313;;;
-0,045452248;7,05539E-05;-0,044772603;0,000804634;;;-0,063977718;3,766656869;-0,047694266;3,080656199;;;
-0,044114295;0,000180925;-0,045087125;0,000852644;;;-0,063148797;3,789793978;-0,047100257;3,077078013;;;
-0,043055348;0,000269624;-0,043898031;0,000980528;;;-0,061501574;3,812778769;-0,045507524;3,049085891;;;
-0,041474085;0,00034224;-0,043292198;0,001058884;;;-0,060919605;3,823498778;-0,045276958;3,065700602;;;
-0,042914364;0,000386312;-0,040827133;0,001216563;;;-0,059805535;3,832209098;-0,043644827;3,106437927;;;
-0,039972845;0,000524325;-0,040795177;0,001360372;;;-0,0590032;3,834753106;-0,043232895;3,103467304;;;
-0,040715389;0,000491467;-0,039317865;0,001482217;;;-0,05755727;3,831106812;-0,041682582;3,099170179;;;
-0,038828041;0,000473271;-0,038610555;0,001676564;;;-0,057127967;3,847119397;-0,041548908;3,101384755;;;
-0,04000356;0,000581247;-0,037464473;0,001785377;;;-0,055716142;3,856097901;-0,039436538;3,142204496;;;
-0,040993631;0,000628477;-0,036451343;0,0020029;;;-0,055107605;3,8966908;-0,039336976;3,150229667;;;
-0,038541839;0,00059818;-0,036228757;0,002197595;;;-0,053316232;3,909367816;-0,037523005;3,140896932;;;
-0,038178269;0,000695746;-0,034068696;0,002167658;;;-0,05343385;3,919227164;-0,037278313;3,149784436;;;
-0,037085377;0,000783945;-0,033706114;0,002348629;;;-0,051403943;3,919718297;-0,035563942;3,12987437;;;
-0,036081579;0,000910745;-0,031722054;0,002525364;;;-0,051052127;3,94990687;-0,035050415;3,1861412;;;
-0,03582824;0,001024979;-0,031798981;0,002539819;;;-0,049634796;3,938053754;-0,03367053;3,20002036;;;
-0,034504205;0,001100983;-0,030339055;0,002591449;;;-0,049200196;3,983536487;-0,033298023;3,218714793;;;
-0,033628728;0,001195133;-0,029580696;0,002773394;;;-0,047784083;3,991395195;-0,03165216;3,216868369;;;
-0,032972585;0,001299849;-0,028772859;0,002944778;;;-0,047030367;3,98288345;-0,031288836;3,213880537;;;
-0,031161908;0,001397392;-0,027758649;0,003056435;;;-0,045623738;3,992560464;-0,029730158;3,229665207;;;
-0,030466732;0,00150245;-0,026939811;0,00326675;;;-0,045339637;4,016008633;-0,029076701;3,200265168;;;
-0,029027248;0,001587877;-0,025163032;0,003430143;;;-0,043749657;4,019833856;-0,027486231;3,224395162;;;
-0,028243002;0,001709853;-0,024492566;0,003408651;;;-0,042840358;4,041019961;-0,027370699;3,27506723;;;
-0,02775524;0,001823347;-0,023251113;0,003598296;;;-0,041873448;4,078705763;-0,02564365;3,310284326;;;
-0,02622024;0,001906672;-0,022565268;0,003869593;;;-0,040999997;4,066049563;-0,025112098;3,267305185;;;
-0,025230311;0,001989383;-0,020495974;0,003987385;;;-0,039844528;4,082133828;-0,023617871;3,321705434;;;
-0,024567809;0,002120217;-0,020603023;0,004134191;;;-0,038810033;4,10473382;-0,02333116;3,312442324;;;
-0,023756778;0,002172318;-0,01922424;0,004158532;;;-0,037800904;4,112748994;-0,021506313;3,301843837;;;
-0,022662982;0,002261133;-0,018627014;0,00419139;;;-0,036955014;4,098119496;-0,021190688;3,321985356;;;
-0,022108598;0,002362376;-0,017292794;0,004244861;;;-0,035813395;4,137074211;-0,019401109;3,291783053;;;
-0,020220978;0,002435662;-0,016230598;0,00451031;;;-0,034570009;4,160525958;-0,019221051;3,334248513;;;
-0,019921808;0,00256721;-0,016235486;0,004546317;;;-0,033965878;4,153425368;-0,017625244;3,299302006;;;
-0,018093301;0,002661906;-0,014590276;0,004805377;;;-0,032727722;4,188627432;-0,016973993;3,393516855;;;
-0,017189587;0,002738074;-0,01323886;0,004766296;;;-0,031897593;4,192890952;-0,01589491;3,325640441;;;
-0,016225573;0,002823412;-0,011665445;0,004752784;;;-0,030857876;4,192191239;-0,01494381;3,350075586;;;
-0,01592779;0,002938981;-0,011717311;0,005032204;;;-0,029975951;4,208338358;-0,01382677;3,413858531;;;
-0,013888262;0,003048926;-0,010084424;0,005169281;;;-0,028702974;4,232329406;-0,01309836;3,354145936;;;
-0,014002742;0,003141629;-0,009554849;0,005284447;;;-0,027705424;4,242197978;-0,011883589;3,40309133;;;
-0,012155278;0,003219158;-0,008869803;0,005385567;;;-0,026603019;4,246642154;-0,010821438;3,407924301;;;
-0,011373932;0,003275428;-0,007757876;0,005476444;;;-0,025932018;4,276128615;-0,010198792;3,423187328;;;
-0,010201567;0,003396314;-0,006715888;0,005434924;;;-0,024300687;4,28605355;-0,008440983;3,370723146;;;
-0,009408713;0,003445451;-0,005080099;0,005257192;;;-0,024156526;4,293323136;-0,00827361;3,419378902;;;
-0,008502378;0,003495568;-0,004655161;0,005072828;;;-0,022476619;4,313745657;-0,006762476;3,467659305;;;
-0,007309873;0,003589634;-0,003228736;0,005689879;;;-0,022159478;4,296938588;-0,006077338;3,474230734;;;
-0,00635053;0,003630145;-0,002529838;0,005442457;;;-0,02043747;4,335196249;-0,005090395;3,502464963;;;
-0,005273605;0,003705377;-0,001133729;0,005320855;;;-0,01997163;4,332643483;-0,004080149;3,486895167;;;
-0,004674636;0,003774448;-0,000484996;0,005674105;;;-0,018709162;4,332975487;-0,002864467;3,447525062;;;
-0,002967035;0,003854678;0,000978486;0,006163314;;;-0,017668307;4,378922893;-0,00203213;3,49234987;;;
-0,002989295;0,003967397;0,001271809;0,006069147;;;-0,017220916;4,393723081;-0,000511185;3,50827642;;;
-0,001182102;0,003992495;0,002713047;0,006275367;;;-0,015469788;4,396272393;-0,000499822;3,508754113;;;
-0,000258723;0,004081083;0,003338888;0,006328712;;;-0,014870964;4,414446707;0,001483523;3,534304448;;;
0,000763121;0,004156697;0,004657286;0,005649261;;;-0,013615841;4,439734297;0,001790697;3,510988149;;;
0,001471358;0,004199252;0,004995093;0,005882342;;;-0,012975598;4,459911249;0,003223401;3,534299781;;;
0,002130526;0,004278944;0,007541878;0,006492674;;;-0,011617864;4,471773842;0,003744468;3,579020066;;;
0,003830772;0,004320771;0,007809793;0,006651072;;;-0,011308212;4,476931989;0,005005707;3,594035158;;;
0,004782617;0,004302349;0,008507644;0,006657104;;;-0,009317538;4,47361044;0,006060401;3,623953399;;;
0,005703799;0,004306927;0,009596249;0,006614349;;;-0,009082201;4,496677088;0,007329185;3,597046805;;;
0,006525419;0,004421758;0,010333282;0,006581242;;;-0,007795355;4,512949405;0,007785438;3,624137804;;;
0,007259885;0,004626826;0,01186453;0,006711522;;;-0,00681821;4,531492626;0,009371033;3,622312711;;;
0,008401509;0,004593753;0,012643921;0,006906151;;;-0,005738947;4,544970206;0,00981863;3,615575391;;;
0,009418783;0,004576252;0,013672165;0,006400556;;;-0,004845363;4,564853647;0,01110748;3,603771271;;;
0,010493957;0,004622589;0,014242942;0,006903047;;;-0,003656144;4,556276352;0,011881473;3,60635777;;;
0,011379059;0,004736295;0,01553063;0,006821366;;;-0,002799554;4,556021091;0,012952204;3,640859507;;;
0,012312906;0,004739125;0,016166002;0,00712;;;-0,002217612;4,583858078;0,013895605;3,593717546;;;
0,013831909;0,004746703;0,018018112;0,007200743;;;-0,000471991;4,586513063;0,014991682;3,672272765;;;
0,014333291;0,004801485;0,018618539;0,007319054;;;9,95583E-05;4,599835678;0,015957387;3,646935472;;;
0,015701583;0,004799206;0,019376749;0,006671606;;;0,001326695;4,618664605;0,017032256;3,632816043;;;
0,016357899;0,004869175;0,020465355;0,007338224;;;0,002047845;4,617858466;0,017738549;3,634094278;;;
0,017267369;0,004945174;0,021208743;0,007471822;;;0,003853033;4,674932231;0,019320983;3,680460251;;;
0,018350704;0,004997986;0,021710688;0,007577303;;;0,00388278;4,700863207;0,020128608;3,697013039;;;
0,019420251;0,005177392;0,023671869;0,007657219;;;0,005431378;4,68254412;0,020858163;3,698594445;;;
0,020213177;0,005201018;0,024329482;0,007880469;;;0,005826759;4,708493985;0,022109913;3,671952715;;;
0,021735298;0,005244783;0,026373263;0,008121489;;;0,007728313;4,737033329;0,022812063;3,660362369;;;
0,022363883;0,005270118;0,025799312;0,007712624;;;0,007995527;4,705597681;0,02417911;3,705331468;;;
0,023247778;0,005350805;0,027555058;0,008144462;;;0,00905659;4,729772886;0,024988243;3,74017279;;;
0,024844291;0,00548254;0,02829738;0,007998529;;;0,010092365;4,745603436;0,025934856;3,737788667;;;
0,026348434;0,005465205;0,030681092;0,007584873;;;0,011401321;4,767138984;0,027044671;3,746484807;;;
0,026807267;0,005511784;0,030654619;0,008138059;;;0,012306618;4,776742453;0,02800829;3,752396257;;;
0,027145559;0,005643417;0,03175487;0,008295339;;;0,013198026;4,782993199;0,029329967;3,791904967;;;
0,028621169;0,005695946;0,032523669;0,008670028;;;0,014350252;4,791569875;0,030051013;3,800752685;;;
0,02958251;0,005586388;0,033503201;0,008351356;;;0,015113466;4,8233817;0,031061426;3,836330168;;;
0,030022409;0,005708935;0,033801828;0,008377378;;;0,016468138;4,719293428;0,032372236;3,844331669;;;
0,032003503;0,005800115;0,036286138;0,008651826;;;0,016816881;4,756410258;0,032744855;3,88068868;;;
0,032450877;0,005855469;0,03668642;0,00862277;;;0,018506795;4,78952892;0,034429789;3,843620558;;;
0,033594623;0,005951585;0,03793069;0,00867369;;;0,019093767;4,819964816;0,035009101;3,838069053;;;
0,034246318;0,005974413;0,038145658;0,008558867;;;0,020608513;4,867097106;0,036162239;3,846235908;;;
0,036531895;0,006037403;0,040115312;0,008972535;;;0,02093072;4,855603723;0,037013706;3,822039502;;;
0,036855191;0,006094103;0,040431939;0,008933774;;;0,022409461;4,831773622;0,038201779;3,869423841;;;
0,037439249;0,006133126;0,041862588;0,008613786;;;0,022901429;4,87449452;0,038970698;3,915747937;;;
0,038568161;0,006138889;0,042581622;0,00893798;;;0,02454113;4,882926226;0,04037052;3,902661932;;;
0,040321719;0,006293887;0,043820597;0,008997318;;;0,024617448;4,871100151;0,040593047;3,931307351;;;
0,040394545;0,006235762;0,043836482;0,009147452;;;0,026444834;4,899869546;0,042549849;3,945780713;;;
0,041883852;0,006212205;0,045046724;0,009221262;;;0,027059698;4,896899682;0,042770118;3,921951487;;;
0,041793857;0,0063154;0,046659652;0,008998355;;;0,02827022;4,944772575;0,044439025;3,98758516;;;
0,042872835;0,006364931;0,048313737;0,009079317;;;0,029165834;4,93683772;0,044690073;3,973394411;;;
0,044454359;0,006434683;0,04818137;0,009317175;;;0,030500472;4,989399589;0,04644892;3,986803215;;;
0,046524301;0,006451388;0,049446709;0,009453999;;;0,031021995;5,001629425;0,046877965;4,004192586;;;
0,04659133;0,006456185;0,05055343;0,00932209;;;0,032334279;5,009265927;0,048245966;4,029133883;;;
0,047682077;0,006511254;0,051422838;0,009018889;;;0,033284042;5,049084125;0,04892277;3,974626907;;;
0,048451636;0,006602992;0,052948784;0,009326989;;;0,034062214;5,051389502;0,050462358;3,958988991;;;
0,049846601;0,006665894;0,05386214;0,009585039;;;0,035315007;5,027063122;0,050574739;4,029148822;;;
0,050551239;0,0066428;0,054327544;0,009721386;;;0,035980687;5,061748783;0,052637454;4,054630093;;;
0,052059889;0,006753232;0,05478511;0,009468189;;;0,037393659;5,065805641;0,052688353;3,966021427;;;
0,052367296;0,006757588;0,056091763;0,009690007;;;0,038164295;5,092839027;0,054419667;4,018576581;;;
0,053454813;0,006908156;0,05779852;0,009266122;;;0,039391778;5,137690882;0,0545066;4,079574611;;;
0,054237138;0,006912728;0,058442641;0,00882579;;;0,039896142;5,143644411;0,056487806;4,103403469;;;
0,055528227;0,006895904;0,059241831;0,00999905;;;0,041596595;5,1649337;0,056908254;4,110055187;;;
0,056974936;0,007002368;0,060060725;0,010042422;;;0,041816011;5,158838713;0,058342036;4,12254758;;;
0,057360969;0,007031385;0,061670184;0,010245204;;;0,043580916;5,208626147;0,0586969;4,138374048;;;
0,059194781;0,007078379;0,062752582;0,010315291;;;0,043779138;5,211402275;0,06054572;4,082007634;;;
0,05936544;0,007094172;0,063975744;0,009902521;;;0,045175195;5,214217411;0,060810585;4,124576233;;;
0,061410181;0,00708612;0,064264759;0,010329982;;;0,046079345;5,23820049;0,062507957;4,130142142;;;
0,061396699;0,007262535;0,065355562;0,010411303;;;0,047314253;5,26320265;0,062573798;4,152791683;;;
0,062150065;0,007284565;0,066276781;0,010615745;;;0,047730602;5,239995244;0,064589858;4,171693888;;;
0,063497335;0,007314623;0,06756001;0,01062297;;;0,049521182;5,264082206;0,064580329;4,154316171;;;
0,064777918;0,007274828;0,068699673;0,010627683;;;0,050114784;5,250356131;0,066342436;4,185633192;;;
0,065467879;0,007365084;0,069873273;0,010556266;;;0,051364452;5,300266943;0,066841148;4,180021959;;;
0,066413395;0,007416341;0,070189618;0,010587813;;;0,052228428;5,256026486;0,068336442;4,190368867;;;
0,067372628;0,007442761;0,071538627;0,010318673;;;0,053152755;5,293090115;0,068718836;4,156179014;;;
0,068799466;0,007466843;0,072089374;0,01037735;;;0,054059055;5,32344284;0,070375994;4,205900273;;;
0,070028745;0,007419232;0,074432738;0,010840504;;;0,054981261;5,313492136;0,070795409;4,2598653;;;
0,070817716;0,007588349;0,074371427;0,010640665;;;0,056292314;5,381553893;0,07232023;4,291415821;;;
0,071518376;0,007591168;0,075198561;0,010599553;;;0,057259209;5,385408356;0,072631806;4,275614139;;;
0,072558269;0,007714886;0,076275438;0,010995462;;;0,058351018;5,384441269;0,074446619;4,288050177;;;
0,073648989;0,007824972;0,077731125;0,010631426;;;0,059267893;5,402307022;0,074854456;4,294615318;;;
0,074893437;0,007857096;0,078132831;0,010901304;;;0,060408484;5,405547276;0,076310381;4,324340987;;;
0,075553924;0,007973885;0,07980042;0,011383483;;;0,060850505;5,391813808;0,076633327;4,312276434;;;
0,0768767;0,007951352;0,080258153;0,011430425;;;0,062488079;5,430125598;0,078493938;4,353695334;;;
0,077673815;0,007857011;0,081694424;0,011364699;;;0,062800899;5,446467069;0,078940764;4,35028754;;;
0,077851646;0,007999361;0,08176928;0,011227954;;;0,064566776;5,466048686;0,080279335;4,365872009;;;
0,080197692;0,008140901;0,084115699;0,011581322;;;0,065183796;5,505679285;0,080796197;4,347258636;;;
0,080362126;0,008018985;0,084986389;0,011295506;;;0,066691123;5,540318583;0,082642928;4,342194993;;;
0,080523118;0,008126139;0,085151173;0,011483659;;;0,06683749;5,539399756;0,082796536;4,336368991;;;
0,081889465;0,008027914;0,08618512;0,011658357;;;0,068571568;5,50774238;0,084455848;4,40660691;;;
0,084066682;0,008076508;0,088101506;0,011535511;;;0,068933025;5,508252839;0,084838279;4,423774937;;;
0,084981494;0,008247947;0,088402577;0,01156918;;;0,070378587;5,56774008;0,086423382;4,465529963;;;
0,085443653;0,008266822;0,089525908;0,011220307;;;0,070810303;5,591746203;0,086879872;4,469913518;;;
0,086439654;0,008247503;0,089758031;0,011449147;;;0,072249785;5,621777965;0,088308327;4,460977755;;;
0,087883778;0,008455298;0,091818683;0,011419667;;;0,07332582;5,619036118;0,089040965;4,496204626;;;
0,088774182;0,008412366;0,092744291;0,012149373;;;0,074284986;5,636916049;0,08992853;4,480950246;;;
0,089436665;0,008442264;0,094067618;0,012412169;;;0,075135231;5,672420941;0,090843536;4,531788002;;;
0,090357825;0,00866898;0,094823018;0,012072447;;;0,076353058;5,656910604;0,092175625;4,496821334;;;
0,091032825;0,008687897;0,095537782;0,012246368;;;0,076833241;5,667990047;0,093120344;4,467400897;;;
0,093021624;0,008719866;0,096631706;0,012550514;;;0,078486778;5,686398339;0,094181284;4,509726927;;;
0,09373606;0,008628332;0,097713195;0,012562161;;;0,079154648;5,733148513;0,095306985;4,543145705;;;
0,094859645;0,008655766;0,098878808;0,012441463;;;0,080148928;5,729316709;0,095754907;4,522811416;;;
0,094959304;0,008823912;0,099683605;0,012449513;;;0,081461392;5,715112006;0,097436525;4,587085815;;;
0,097134449;0,008911283;0,100443944;0,012812628;;;0,082101457;5,696880268;0,097779609;4,602148477;;;
0,097456686;0,008913352;0,10145627;0,01275419;;;0,083376639;5,731336831;0,099173903;4,545142671;;;
0,09861102;0,008954524;0,102786347;0,012574413;;;0,084071979;5,746673008;0,099882692;4,499411891;;;
0,09919297;0,008966647;0,103630438;0,012679773;;;0,085319631;5,788078621;0,101488061;4,553918797;;;
0,100580633;0,009077567;0,104638465;0,012828856;;;0,086123392;5,825248815;0,102023907;4,613286372;;;
0,10182178;0,009190269;0,105259106;0,013226107;;;0,087334707;5,833682239;0,103303261;4,636983037;;;
0,102170564;0,009329629;0,107067704;0,012804435;;;0,087810643;5,823043967;0,103784949;4,663513862;;;
0,103536859;0,009334353;0,107752904;0,012864617;;;0,089411244;5,868308655;0,105643392;4,700854621;;;
0,103954501;0,009276614;0,108711205;0,013108403;;;0,089687914;5,844341822;0,105355375;4,641127219;;;
0,10623543;0,009311612;0,109503463;0,013670138;;;0,091075458;5,889798217;0,10739176;4,675913742;;;
0,107048661;0,009390131;0,110397056;0,013842608;;;0,092125863;5,890726354;0,107785672;4,720601272;;;
0,107381493;0,009559769;0,111864626;0,013406126;;;0,093330078;5,835853485;0,10913489;4,722381754;;;
0,108400129;0,009558303;0,112488493;0,013378847;;;0,094094343;5,914988747;0,109656855;4,760520857;;;
0,109683841;0,009680679;0,113229655;0,013105263;;;0,095471047;5,924789762;0,111208588;4,730452464;;;
0,111035325;0,009629793;0,114235774;0,013882954;;;0,096303381;5,920339753;0,111760989;4,772837282;;;
0,111164644;0,009718644;0,11609634;0,014065111;;;0,096998908;5,933311438;0,113356136;4,785202009;;;
0,112853236;0,009765686;0,116461702;0,014165159;;;0,098361917;5,870443644;0,113536857;4,831426763;;;
0,113354012;0,010035509;0,117044173;0,014042031;;;0,099129364;5,89527165;0,115043856;4,841109284;;;
0,114428408;0,010024046;0,119365349;0,013518506;;;0,099993348;5,902554843;0,115819961;4,709551325;;;
0,115146026;0,010039516;0,119611837;0,014248066;;;0,100979067;5,956169885;0,11699447;4,728530357;;;
0,115914695;0,010101335;0,120699622;0,013854844;;;0,102649637;5,988920027;0,117828809;4,794959317;;;
0,11782147;0,010278598;0,121289484;0,013995921;;;0,103042744;6,005973275;0,118927054;4,769351485;;;
0,118068457;0,010224653;0,123391494;0,014111267;;;0,104582019;6,032825616;0,120064259;4,866763193;;;
0,119662613;0,010067615;0,123677306;0,014498789;;;0,104688026;6,068557178;0,121112898;4,855171687;;;
0,120972879;0,010271099;0,124698237;0,014572283;;;0,106547266;6,051431452;0,121906832;4,836082113;;;
0,121605694;0,010481365;0,125238389;0,014601873;;;0,107061379;6,056983675;0,123061374;4,81614155;;;
0,122308485;0,010338628;0,126288787;0,014873305;;;0,108106568;6,115366003;0,124076642;4,890621605;;;
0,123368479;0,01042692;0,127904534;0,014123174;;;0,108875036;6,101035602;0,124508902;4,934081817;;;
0,124520771;0,010419843;0,128342092;0,014845457;;;0,110235021;6,133959721;0,126199827;4,929496951;;;
0,125718489;0,010627047;0,129310787;0,015108328;;;0,111026712;6,139619468;0,126784533;4,940474024;;;
0,126384169;0,010752534;0,130439878;0,015093535;;;0,112099566;6,158350059;0,128280669;4,962437282;;;
0,127965495;0,010784816;0,131532729;0,014877089;;;0,113594174;6,135219979;0,128866389;4,973067926;;;
0,128626078;0,010797931;0,132743105;0,015264375;;;0,113789216;6,199708065;0,130467415;5,04306473;;;
0,129748628;0,010928178;0,133138716;0,014742758;;;0,115739636;6,149535993;0,130925968;5,02233799;;;
0,129871234;0,010934993;0,135159642;0,014380288;;;0,116131827;6,124425023;0,132174447;5,01858572;;;
0,130967632;0,011051095;0,135212496;0,015466116;;;0,1173466;6,160860761;0,132953152;5,094675395;;;
0,133234993;0,011097352;0,136925966;0,015206297;;;0,118016511;6,196745518;0,134233057;5,021071198;;;
0,133248761;0,011001457;0,136964157;0,014956621;;;0,119663224;6,223802766;0,134817749;5,021904067;;;
0,134200647;0,011236864;0,138402164;0,015667136;;;0,119711459;6,283973308;0,13638486;5,079420384;;;
0,136462852;0,011390385;0,139964104;0,015743429;;;0,121584497;6,259017922;0,136633873;5,073882673;;;
0,136801898;0,011397865;0,140462905;0,01587377;;;0,122241616;6,271423665;0,138492167;5,093931099;;;
0,137267247;0,011488064;0,141108721;0,015319555;;;0,123185106;6,293687443;0,138888314;5,095864003;;;
0,138741434;0,011427732;0,142515138;0,014983344;;;0,123898491;6,360124053;0,140348524;5,132880885;;;
0,140387893;0,011585393;0,143462837;0,015875832;;;0,125396207;6,391109254;0,140679047;5,096115515;;;
0,140926376;0,011665538;0,144049555;0,016188593;;;0,126083136;6,328738746;0,14251408;5,165347644;;;
0,141618535;0,011745238;0,145014346;0,016217894;;;0,127206862;6,386845643;0,142733365;5,147076379;;;
0,143012449;0,011723932;0,147231713;0,016287303;;;0,128155455;6,416011936;0,144328073;5,198968967;;;
0,143709078;0,011931628;0,148154736;0,015836882;;;0,128787205;6,456078988;0,144967854;5,194953708;;;
0,144671366;0,011858829;0,14852047;0,015880275;;;0,130667537;6,45490784;0,146575153;5,196769678;;;
0,145004213;0,011993213;0,14942798;0,016040256;;;0,130912513;6,440617192;0,146931991;5,209474964;;;
0,146291211;0,012037666;0,151183739;0,016622316;;;0,132517353;6,459637539;0,148409277;5,181889228;;;
0,148042172;0,012127968;0,151830435;0,01636553;;;0,13294436;6,477794636;0,148986474;5,209070234;;;
0,147834435;0,012213726;0,152257517;0,015265575;;;0,134543031;6,465963986;0,150104657;5,231358862;;;
0,14998506;0,012112312;0,153927475;0,016210635;;;0,135066658;6,506238975;0,150771976;5,24880191;;;
0,151052594;0,012171932;0,154568151;0,016587746;;;0,136433974;6,516925353;0,152454495;5,281060313;;;
0,151593208;0,012360928;0,155878991;0,016488048;;;0,136633366;6,549896292;0,152863428;5,330567424;;;
0,153202727;0,012388248;0,155960679;0,016426507;;;0,138715178;6,535226154;0,15415518;5,326413739;;;
0,153554201;0,012406465;0,157091558;0,016971251;;;0,138586953;6,534112272;0,154986471;5,347542084;;;
0,154707447;0,012557238;0,159350395;0,017105248;;;0,140449375;6,556280075;0,156392738;5,368569141;;;
0,155789748;0,01251609;0,159577921;0,016766455;;;0,141306937;6,589846368;0,157212451;5,349124786;;;
0,156205282;0,012676282;0,160400867;0,016261224;;;0,142310724;6,589380128;0,158199325;5,359115986;;;
0,158153698;0,012700041;0,160898715;0,016941347;;;0,142980665;6,609921002;0,1590866;5,433705851;;;
0,158382505;0,012707185;0,162877768;0,017166549;;;0,144450799;6,649795423;0,160069421;5,448088939;;;
0,159444645;0,012897514;0,163849249;0,016813074;;;0,145084754;6,660027555;0,161246985;5,439508142;;;
0,160086825;0,012705222;0,164443955;0,016463986;;;0,145895675;6,646797583;0,161970258;5,454301726;;;
0,161658987;0,012794423;0,166271061;0,017010395;;;0,147372067;6,694765496;0,162938118;5,478411112;;;
0,162548319;0,012857468;0,166793779;0,017530802;;;0,147894859;6,657382841;0,164322197;5,510379609;;;
0,162887618;0,012974586;0,167568848;0,017055275;;;0,14962475;6,666749097;0,164911076;5,530642807;;;
0,164886698;0,013010629;0,168480694;0,016634564;;;0,150106013;6,666165093;0,16635856;5,474137695;;;
0,165955648;0,013181402;0,169002667;0,01739519;;;0,15159215;6,695478313;0,167045906;5,510695002;;;
0,166313469;0,013139404;0,170682266;0,015420514;;;0,151911303;6,704408155;0,167880267;5,520540599;;;
0,16826494;0,013107499;0,171345145;0,016890278;;;0,153545722;6,739793758;0,169112816;5,545639024;;;
0,16895929;0,013134435;0,17220822;0,016892765;;;0,153988808;6,781452624;0,169989705;5,48930782;;;
0,169584632;0,013294084;0,174179718;0,01727215;;;0,155520424;6,783109932;0,171261415;5,540511947;;;
0,171268985;0,013170757;0,174255177;0,017286278;;;0,155708149;6,778767479;0,171947718;5,565010059;;;
0,171259463;0,013244568;0,175978988;0,017531566;;;0,157499522;6,812123297;0,172955826;5,552659727;;;
0,172791168;0,013399064;0,176368833;0,017187326;;;0,158049658;6,814699381;0,173997849;5,534894941;;;
0,173497111;0,013420078;0,177641585;0,015312687;;;0,159315318;6,843906729;0,175043046;5,565923876;;;
0,174195647;0,01339034;0,178648785;0,017513204;;;0,160066873;6,845831906;0,176095635;5,640341516;;;
0,176116377;0,013424009;0,179315805;0,017874164;;;0,161529675;6,85085134;0,177093163;5,610069952;;;
0,176300883;0,013571215;0,180865198;0,017714273;;;0,161837056;6,833245077;0,177747607;5,628943498;;;
0,177036479;0,013558026;0,181730464;0,016801073;;;0,163458869;6,881261932;0,179337099;5,663555964;;;
0,179115131;0,013465467;0,182420775;0,017464375;;;0,164161652;6,901694652;0,180012703;5,72784061;;;
0,179165334;0,013636642;0,183023304;0,017712171;;;0,165042534;6,876239959;0,181157455;5,683634044;;;
0,180608675;0,013734696;0,184557736;0,01794001;;;0,166177794;6,866766219;0,181897625;5,733361084;;;
0,182086334;0,013646507;0,185628265;0,017167511;;;0,167164654;6,86099273;0,183299497;5,729208417;;;
0,182762861;0,013765446;0,185727879;0,018247824;;;0,168426052;6,890261772;0,183883175;5,816413957;;;
0,18315801;0,013608558;0,187610805;0,017433191;;;0,169131875;6,948502565;0,185341448;5,71574955;;;
0,184904873;0,013681102;0,189368576;0,016747824;;;0,170307562;6,875471364;0,186048761;5,764276443;;;
0,186209753;0,013753416;0,189782456;0,017477054;;;0,171135843;6,958085473;0,186998725;5,703178076;;;
0,186536238;0,013806684;0,190848991;0,017736017;;;0,172535688;6,999140902;0,187983468;5,761266018;;;
0,187289223;0,013725893;0,191915214;0,017838268;;;0,172741324;6,929058638;0,189228773;5,783205193;;;
0,188921228;0,01382742;0,192545444;0,017631829;;;0,17464003;6,968769804;0,190018535;5,725793772;;;
0,189554051;0,013866935;0,194246709;0,018499008;;;0,174489304;6,958034584;0,191216454;5,852701451;;;
0,190401018;0,014162118;0,194146588;0,018551334;;;0,17659764;7,014818685;0,191833839;5,857513047;;;
0,191951796;0,013968683;0,196072578;0,017169876;;;0,177051291;7,015490365;0,193346024;5,822411489;;;
0,192816734;0,013997679;0,196377784;0,017138268;;;0,178348765;7,041585291;0,1939549;5,836338467;;;
0,193695515;0,014055716;0,197453633;0,018031992;;;0,178780153;7,064127779;0,19525744;5,792730252;;;
0,194527611;0,013984455;0,198836699;0,017455469;;;0,180707097;7,10017669;0,195872664;5,842765277;;;
0,195915148;0,014070465;0,199544981;0,017946525;;;0,180745423;7,11351801;0,197344616;5,886058916;;;
0,196568295;0,014185694;0,200403944;0,016741643;;;0,182287782;7,086967104;0,197983176;5,970868073;;;
0,19775106;0,014081063;0,200685829;0,017457472;;;0,182935387;7,122800286;0,199408531;5,924664278;;;
0,198447779;0,014098192;0,202785537;0,017984653;;;0,184358969;7,151403334;0,19963409;5,948156386;;;
0,20013395;0,014188707;0,203550234;0,018453831;;;0,185191035;7,130705133;0,201541275;6,007879575;;;
0,199972838;0,014182309;0,203489751;0,018212357;;;0,186121762;7,099043137;0,20158045;6,081380655;;;
0,201571286;0,014111387;0,206243977;0,018090971;;;0,187127694;7,116859963;0,203150883;5,986441362;;;
0,203859881;0,014399732;0,207110301;0,017649151;;;0,188121811;7,142222477;0,203892186;5,983373515;;;
0,203092411;0,014240676;0,207526326;0,018318471;;;0,18882373;7,158066804;0,205333382;6,024734216;;;
0,204654872;0,014283323;0,208962426;0,017475203;;;0,190339521;7,16157391;0,205646887;6,028270833;;;
0,206087992;0,014265313;0,209279329;0,016834104;;;0,190968081;7,235769003;0,207376108;6,060549822;;;
0,206461117;0,014312099;0,210628152;0,017631311;;;0,192136213;7,189426587;0,207867369;6,151764422;;;
0,207449332;0,014336981;0,211437136;0,018413219;;;0,193331897;7,244048144;0,208969831;6,136254142;;;
0,208974391;0,014396105;0,212254703;0,018524051;;;0,194051668;7,246358787;0,209998101;6,20705283;;;
0,209642798;0,014328099;0,214207083;0,018768448;;;0,195498571;7,206584941;0,21086216;6,166121606;;;
0,209972918;0,014550467;0,21413964;0,018108098;;;0,196073025;7,248162859;0,212165743;6,164102129;;;
0,211279914;0,014439914;0,21564436;0,018176121;;;0,197587833;7,292564418;0,212918654;6,116737617;;;
0,212764114;0,014453955;0,216849506;0,019078379;;;0,197920665;7,308961542;0,213989273;6,099754407;;;
0,212754384;0,014584684;0,217284486;0,01846457;;;0,199388698;7,318689038;0,214926451;6,138740338;;;
0,213998795;0,014426184;0,218083173;0,01748168;;;0,200009927;7,34135399;0,216114581;6,069874379;;;
0,216564909;0,014507241;0,219525516;0,018402927;;;0,201337054;7,434589934;0,216911986;6,137972323;;;
0,216325507;0,014734486;0,220562205;0,019128486;;;0,201943383;7,405860555;0,218330845;6,17660662;;;
0,217231825;0,014704675;0,221298918;0,018322273;;;0,203036249;7,384253556;0,218440071;6,289650265;;;
0,219420746;0,015059645;0,222873911;0,018979248;;;0,204281524;7,395807241;0,220565155;6,253910723;;;
0,219572321;0,014597735;0,223274171;0,018386547;;;0,205022693;7,427273358;0,220790938;6,244527516;;;
0,22064589;0,014696918;0,224000633;0,018485618;;;0,206313774;7,454539962;0,222341046;6,257715294;;;
0,222404629;0,014760831;0,225284129;0,018501388;;;0,206961572;7,474649863;0,222961813;6,19288286;;;
0,222593337;0,014763671;0,227196544;0,018887789;;;0,208444387;7,479286169;0,224554643;6,13144663;;;
0,223444298;0,01469925;0,227703467;0,018877019;;;0,208578989;7,502619242;0,224789545;6,192456633;;;
0,225134164;0,015012087;0,228235379;0,019275493;;;0,21073167;7,533517631;0,226130962;6,22672566;;;
0,225559205;0,014929257;0,229844436;0,018758371;;;0,210935399;7,527042998;0,226800516;6,289270062;;;
0,226434901;0,015025935;0,23076947;0,018382306;;;0,212427065;7,492720525;0,22846517;6,347114677;;;
0,228200734;0,015015673;0,231518134;0,018773737;;;0,212920785;7,492314192;0,228555188;6,40423596;;;
0,228751287;0,015205146;0,232917026;0,017930086;;;0,214518219;7,5304621;0,230624214;6,310229519;;;
0,229056165;0,015226506;0,233783677;0,019506019;;;0,214967683;7,476629439;0,230842531;6,420692009;;;
0,230899513;0,015244455;0,234501213;0,019793613;;;0,216368988;7,535290545;0,232375816;6,406433859;;;
0,231727585;0,015209402;0,235233977;0,018647178;;;0,217112035;7,592697093;0,232869372;6,459685763;;;
0,232266933;0,015262768;0,236453936;0,019188342;;;0,218191192;7,584212367;0,234492794;6,47603425;;;
0,234043479;0,015409632;0,238078222;0,019434351;;;0,219269156;7,629164517;0,234876096;6,489083686;;;
0,234516278;0,015381712;0,238273218;0,019707273;;;0,220148951;7,666135133;0,236493945;6,467277376;;;
0,235449046;0,015390235;0,239424467;0,019653056;;;0,220977917;7,62720663;0,236657247;6,501272591;;;
0,236953199;0,015559138;0,241066754;0,020137729;;;0,222044244;7,635003648;0,238502651;6,551056223;;;
0,237895414;0,015666989;0,241080254;0,020275425;;;0,223533541;7,521979608;0,238606781;6,469671196;;;
0,238472208;0,015666413;0,242502674;0,020278408;;;0,223973408;7,59779013;0,240136802;6,480596538;;;
0,240144998;0,015810535;0,244320616;0,020080093;;;0,225485027;7,611690154;0,240822122;6,579432419;;;
0,240702435;0,015815385;0,244518921;0,020240874;;;0,225986332;7,678711375;0,242372349;6,613914743;;;
0,24155046;0,015789556;0,245863825;0,018856946;;;0,227754474;7,735366557;0,242893428;6,575353575;;;
0,242766365;0,015814947;0,246939704;0,019073101;;;0,227852002;7,747017218;0,244050711;6,670848582;;;
0,243793413;0,015895787;0,247172251;0,020787692;;;0,229215175;7,753535012;0,244912878;6,687892807;;;
0,244558737;0,01617017;0,248760045;0,020608968;;;0,229969904;7,733663279;0,24635084;6,648328167;;;
0,245158926;0,016256209;0,249755457;0,020333778;;;0,231410429;7,79488198;0,246699318;6,676729855;;;
0,246834561;0,016410159;0,250354797;0,021145437;;;0,231951088;7,792425503;0,248149797;6,65695878;;;
0,247416511;0,016478128;0,251971573;0,021095356;;;0,233443514;7,818899655;0,248847947;6,70825059;;;
0,247844785;0,01635732;0,252489656;0,021207481;;;0,234157979;7,834513379;0,250453174;6,67083703;;;
0,249477163;0,016526515;0,253303796;0,021181888;;;0,235231772;7,840598953;0,25076896;6,770416205;;;
0,250857264;0,016677412;0,254095018;0,020223023;;;0,236032069;7,836835478;0,252475888;6,758166539;;;
0,251019448;0,01669544;0,254869282;0,021368673;;;0,237092167;7,868354392;0,253036141;6,718505364;;;
0,252737701;0,01683284;0,256706417;0,021976648;;;0,238206148;7,854305308;0,254101366;6,754256609;;;
0,253678381;0,016734176;0,257673681;0,022152798;;;0,23919192;7,783848435;0,25485;6,730556432;;;
0,254094511;0,016874344;0,257944316;0,022297422;;;0,239944562;7,860521029;0,256192625;6,759253354;;;
0,256061852;0,016995363;0,259852707;0,021883856;;;0,241262108;7,889731717;0,257051647;6,80207223;;;
0,256546229;0,017126848;0,260339677;0,022074257;;;0,242382556;7,894897502;0,25828743;6,785858622;;;
0,257638097;0,017322865;0,261312813;0,022555275;;;0,242974028;7,903296866;0,258920819;6,78167131;;;
0,258459598;0,017494104;0,263038933;0,022502099;;;0,244667917;7,937032043;0,260533184;6,82652422;;;
0,260141164;0,017488893;0,263629645;0,022510273;;;0,244771987;7,967440861;0,260947526;6,908926319;;;
0,260323077;0,017532491;0,264664441;0,022756635;;;0,246585459;7,967041127;0,262484074;6,859438206;;;
0,261455327;0,017590319;0,265886545;0,022225249;;;0,24716635;7,9208524;0,263115227;6,954162529;;;
0,26246959;0,017793428;0,266518682;0,021837823;;;0,248227432;7,947121232;0,264161438;6,931615905;;;
0,263307005;0,01810334;0,267539561;0,022942349;;;0,249166578;8,033075794;0,265064687;6,966398271;;;
0,264707237;0,018286621;0,26900512;0,024069862;;;0,250671744;8,027597946;0,266086608;6,973798876;;;
0,265302986;0,018356408;0,269512266;0,02113195;;;0,250935763;8,036220329;0,267044991;6,990465779;;;
0,266518801;0,018441055;0,270588249;0,022980323;;;0,252746165;8,044868863;0,268127233;7,021047994;;;
0,267471582;0,018093941;0,271518946;0,024048398;;;0,253005862;8,033823249;0,26878801;6,999419772;;;
0,268655807;0,018448292;0,272571683;0,024298629;;;0,254539549;8,004113872;0,270326525;7,023804263;;;
0,268664271;0,018698051;0,273431569;0,023454039;;;0,254869372;8,045508924;0,270874172;7,058694617;;;
0,270894974;0,019049383;0,275001943;0,024531746;;;0,256180704;8,095238192;0,272262454;7,079583518;;;
0,271507204;0,019081452;0,27565816;0,02506331;;;0,256905645;8,055921747;0,273045212;7,059732224;;;
0,272280514;0,019385238;0,276203871;0,025596986;;;0,258322835;8,050763057;0,274229646;7,122798601;;;
0,274146587;0,019160369;0,277622193;0,024924831;;;0,259026676;8,103624309;0,275220096;7,145693583;;;
0,274328917;0,019192443;0,278958201;0,024589881;;;0,260367602;8,123238326;0,276242018;7,097954777;;;
0,275592893;0,019482076;0,2791273;0,025046902;;;0,261223018;8,108854491;0,277085811;7,210259501;;;
0,277263016;0,019993874;0,281400174;0,025488825;;;0,262281835;8,130181365;0,278118372;7,217871887;;;
0,276815683;0,019935885;0,281644553;0,025003904;;;0,263207376;8,156332522;0,27900058;7,186369268;;;
0,278925836;0,020014788;0,282209218;0,026214709;;;0,263812631;8,159591957;0,280086011;7,268136611;;;
0,280151546;0,020338539;0,283690572;0,02651734;;;0,265281796;8,171745815;0,28100729;7,332598184;;;
0,280265063;0,0204687;0,284775078;0,026352152;;;0,266304702;8,212905975;0,282189071;7,23473572;;;
0,281360149;0,020601305;0,285276085;0,026465777;;;0,26740405;8,143689336;0,282876313;7,260446308;;;
0,282953113;0,02066013;0,286607057;0,026359314;;;0,268208444;8,187016256;0,284230441;7,307982296;;;
0,283374041;0,020561309;0,287644833;0,027098159;;;0,269618273;8,193865809;0,285089582;7,334174989;;;
0,284226179;0,020979219;0,28839457;0,027299428;;;0,269927889;8,214097864;0,285990894;7,36984477;;;
0,285964578;0,021046465;0,289341152;0,027183117;;;0,27144891;8,243860759;0,287190557;7,432591092;;;
0,286530703;0,021535592;0,290573895;0,027223553;;;0,271820962;8,22839333;0,288150817;7,415481096;;;
0,287792027;0,021523878;0,291710496;0,027340086;;;0,273486197;8,217570384;0,289034158;7,424550799;;;
0,28878206;0,021438989;0,292269289;0,027162203;;;0,273774534;8,226424581;0,29001689;7,498880605;;;
0,289368421;0,021811332;0,293235153;0,028203073;;;0,275630623;8,263119159;0,290998608;7,435762856;;;
0,290590435;0,022543461;0,294051498;0,028226259;;;0,276110709;8,240553147;0,292168558;7,404299472;;;
0,291362137;0,022111575;0,295264304;0,028889615;;;0,277602226;8,256780072;0,292987257;7,477867393;;;
0,292082936;0,022136977;0,296655476;0,029017701;;;0,277763307;8,23608667;0,294228375;7,460629232;;;
0,293702602;0,022276809;0,297711164;0,028857845;;;0,279591799;8,278591061;0,295001388;7,471854492;;;
0,294601172;0,023150193;0,297928333;0,029108572;;;0,280041307;8,295097554;0,296428472;7,545563143;;;
0,295446306;0,022987813;0,299825877;0,028076369;;;0,281455398;8,274431197;0,2969096;7,599443075;;;
0,297391444;0,022878845;0,300283462;0,029235059;;;0,281800896;8,273549098;0,298453182;7,529438834;;;
0,296936631;0,023131905;0,301562726;0,029304585;;;0,283235103;8,275650234;0,29907307;7,491864953;;;
0,298704773;0,023515806;0,303396821;0,029933906;;;0,284353346;8,290028359;0,300331175;7,56189093;;;
0,30021739;0,023472506;0,303620279;0,029118185;;;0,285219371;8,317301898;0,300893426;7,557813358;;;
0,300317168;0,023806523;0,304297984;0,02957962;;;0,285933852;8,320151271;0,302359879;7,565632724;;;
0,301132202;0,024044707;0,305510223;0,030432884;;;0,287361562;8,334885416;0,303120404;7,597228621;;;
0,302900285;0,024208871;0,306685895;0,030871689;;;0,287943572;8,298423042;0,304190993;7,594189133;;;
0,303471625;0,025154146;0,307337195;0,030434558;;;0,28929621;8,33331033;0,304782957;7,649622933;;;
0,304237992;0,024188097;0,308379173;0,030763062;;;0,290000051;8,313124117;0,306484491;7,671841917;;;
0,305858761;0,024685284;0,309467435;0,031263105;;;0,291132122;8,295691441;0,306951702;7,739743407;;;
0,306126893;0,024964728;0,309749454;0,031447071;;;0,292576969;8,315046598;0,308198065;7,589714705;;;
0,307448745;0,025124544;0,31174022;0,03155157;;;0,293178946;8,337010614;0,309014648;7,659699121;;;
0,308954954;0,025290969;0,312135249;0,03156625;;;0,294541091;8,344193033;0,310160995;7,64251296;;;
0,309406579;0,025321652;0,312844992;0,032169966;;;0,295187563;8,376423678;0,311225623;7,663677503;;;
0,31020689;0,025549767;0,314749777;0,031738738;;;0,296216935;8,385132117;0,312039942;7,741412925;;;
0,312358111;0,025970257;0,315813988;0,031481759;;;0,297262132;8,380040932;0,313201606;7,776637179;;;
0,311969697;0,02607219;0,315979242;0,03230681;;;0,298174739;8,380737635;0,313944876;7,780021242;;;
0,313268244;0,026536558;0,317623019;0,033096509;;;0,29910332;8,402835233;0,315232694;7,666203115;;;
0,31466949;0,026529625;0,318639338;0,033161628;;;0,300458163;8,395432644;0,315936834;7,769340395;;;
0,315335184;0,026922015;0,318951905;0,033058926;;;0,301044226;8,398844756;0,317104936;7,725986492;;;
0,316594571;0,026648703;0,320837736;0,03406854;;;0,302564263;8,390762615;0,318086535;7,766842442;;;
0,317478508;0,026987213;0,321582288;0,034593768;;;0,302967131;8,348301983;0,31912753;7,800084468;;;
0,318949759;0,027327098;0,322902739;0,034484364;;;0,304508269;8,395473936;0,319897234;7,86943447;;;
0,319568962;0,027560235;0,323476821;0,034633603;;;0,305046767;8,431141318;0,321402192;7,843573859;;;
0,320699841;0,027463885;0,324412763;0,035628475;;;0,306277364;8,470020463;0,321974158;7,811349762;;;
0,322147846;0,028001418;0,325054526;0,035607926;;;0,307299286;8,425859619;0,323270172;7,944406251;;;
0,323038042;0,02811871;0,327005118;0,036054855;;;0,308709085;8,451723367;0,323992312;7,925755613;;;
0,323482364;0,028685021;0,327461392;0,034983579;;;0,308970898;8,463567074;0,32534042;7,997946624;;;
0,325479567;0,029064311;0,328742832;0,035700112;;;0,3106924;8,468449277;0,325953573;8,046058937;;;
0,326253176;0,028566218;0,329600364;0,036485292;;;0,310918212;8,475248637;0,327031553;7,963909612;;;
0,326331645;0,028739215;0,33025822;0,036959668;;;0,312610954;8,509205905;0,328029931;8,049542969;;;
0,328223586;0,028830443;0,33152467;0,03700464;;;0,313071012;8,498966644;0,328968406;8,110598062;;;
0,328847051;0,029308644;0,332922518;0,038125906;;;0,314089566;8,4539678;0,330289871;8,070587107;;;
0,329214871;0,029526023;0,333341897;0,038139208;;;0,314882517;8,491967694;0,330998421;8,029164876;;;
0,330712736;0,029773954;0,3347736;0,038761765;;;0,316393048;8,47173284;0,332105786;8,063089468;;;
0,331731319;0,030317626;0,335133821;0,038918318;;;0,317103207;8,504330578;0,333344012;8,055434112;;;
0,332508296;0,030443939;0,335645109;0,037508596;;;0,318216264;8,559638522;0,334104896;8,029876604;;;
0,334528625;0,030468193;0,337633014;0,039093512;;;0,319427818;8,476159649;0,33529672;8,077216073;;;
0,334500015;0,030767932;0,338113546;0,038799835;;;0,320161372;8,537236062;0,336021006;8,135709437;;;
0,335711837;0,030899182;0,339209676;0,039377997;;;0,321419597;8,564114185;0,337137192;8,046034622;;;
0,336278707;0,030808292;0,340382844;0,040464592;;;0,322164655;8,590181985;0,337943047;7,987470681;;;
0,337640852;0,031371957;0,342385352;0,040181755;;;0,323275656;8,567756663;0,339223325;8,115203937;;;
0,338518411;0,031786578;0,343572468;0,040532675;;;0,324089736;8,591418274;0,340215594;8,208221679;;;
0,338810027;0,031773208;0,343729198;0,041800185;;;0,32520172;8,608082331;0,341273457;8,159805819;;;
0,341199279;0,032257152;0,344742626;0,042222231;;;0,326075166;8,587151984;0,342128843;8,263226227;;;
0,34086597;0,032517177;0,346162558;0,042118267;;;0,327596247;8,62335792;0,343265355;8,265195928;;;
0,342199922;0,032816758;0,346418917;0,042854666;;;0,327801764;8,617201341;0,344146341;8,247768262;;;
0,344284952;0,032963372;0,347815752;0,043466317;;;0,329661101;8,616196098;0,34536314;8,146774568;;;
0,344186246;0,033230213;0,34891063;0,043950427;;;0,329653949;8,626547265;0,345710456;8,194790364;;;
0,345692635;0,033719254;0,349471688;0,043452829;;;0,331473708;8,615863046;0,347361416;8,227343082;;;
0,346237898;0,033888879;0,351016909;0,04499575;;;0,332032353;8,593516772;0,348043293;8,268704778;;;
0,347912282;0,034347607;0,351461768;0,045343288;;;0,333261997;8,589130236;0,349209249;8,323534601;;;
0,349155664;0,03420069;0,352724969;0,046536629;;;0,333992302;8,63160094;0,349931479;8,355079163;;;
0,349061817;0,034415031;0,353826404;0,046261811;;;0,335579127;8,650787756;0,351177841;8,396252161;;;
0,351305366;0,034927907;0,354719013;0,046828516;;;0,336024255;8,670933564;0,352134079;8,672482155;;;
0,351318061;0,035542643;0,355831921;0,043628074;;;0,337510437;8,648462407;0,353213191;8,702428634;;;
0,352623969;0,035979841;0,356572181;0,043714931;;;0,337694883;8,675247793;0,354149103;8,878849845;;;
0,354182184;0,036208607;0,357383311;0,048273234;;;0,339657009;8,709322648;0,355157435;9,080586189;;;
0,354050964;0,036738138;0,358965397;0,048508664;;;0,340004653;8,702098564;0,356156647;9,033976236;;;
0,356042057;0,036823979;0,359063864;0,04888462;;;0,341207862;8,701379937;0,357256263;8,897142326;;;
0,356857657;0,036678367;0,360070944;0,048661638;;;0,341985792;8,742716109;0,358224154;8,834143715;;;
0,35722661;0,037333459;0,361138463;0,050683577;;;0,343194187;8,721517365;0,359274626;9,01331978;;;
0,358826101;0,037599777;0,362276763;0,049924798;;;0,344235152;8,698391104;0,359834671;9,070459886;;;
0,359538406;0,037813951;0,363495916;0,051493678;;;0,345467895;8,68656245;0,361350179;9,047557985;;;
0,360358894;0,037971799;0,364011317;0,05203096;;;0,346138865;8,714000709;0,362071276;8,9676621;;;
0,361442149;0,03880083;0,365630269;0,052198688;;;0,347453117;8,711360528;0,363242537;9,063154163;;;
0,36299932;0,039011799;0,367420107;0,052488467;;;0,348144412;8,74898348;0,364145726;8,847966777;;;
0,363391191;0,03921286;0,367103547;0,048771883;;;0,34908253;8,777532725;0,365135908;8,935789148;;;
0,364266008;0,039423429;0,368241876;0,051780353;;;0,350323737;8,791687255;0,365993679;8,979018959;;;
0,366166562;0,040775323;0,370093048;0,054452063;;;0,351115614;8,810900984;0,367249608;9,023932459;;;
0,366549224;0,040732274;0,369955242;0,055821274;;;0,352427959;8,816652532;0,367721409;8,885863207;;;
0,367701501;0,040973755;0,371401876;0,058131022;;;0,353024691;8,799080036;0,369665086;9,063266574;;;
0,369102985;0,041549907;0,372635424;0,057910613;;;0,354400545;8,838870865;0,369657725;9,053492092;;;
0,369387954;0,041843375;0,37438339;0,057970741;;;0,355199784;8,834407574;0,371372133;8,920991393;;;
0,371061742;0,041614735;0,37522459;0,059194269;;;0,356194079;8,798084266;0,371894181;8,906066438;;;
0,371516436;0,041936707;0,375331223;0,060247652;;;0,357063293;8,802806976;0,373385191;9,002933699;;;
0,371765524;0,042581085;0,377011031;0,059195858;;;0,35837236;8,798277213;0,373957962;8,986746223;;;
0,373439342;0,042910565;0,3774876;0,06041258;;;0,358943731;8,831848662;0,375421554;9,103437353;;;
0,374244153;0,043907327;0,378460765;0,060829954;;;0,360555977;8,859916943;0,375943422;9,059018001;;;
0,375431061;0,043862383;0,379289836;0,05832245;;;0,360882282;8,845390154;0,377292782;9,133606433;;;
0,376370221;0,04495883;0,380363733;0,05950578;;;0,362585872;8,857846562;0,377764821;9,133442727;;;
0,377212167;0,045068332;0,381589025;0,063262505;;;0,363080978;8,849946807;0,379498541;9,116585972;;;
0,379183471;0,045511737;0,382599175;0,063747532;;;0,364574522;8,877503497;0,37983951;9,031381022;;;
0,379192024;0,045625592;0,383498311;0,060878476;;;0,364730299;8,891883384;0,381553978;9,001388541;;;
0,380521178;0,046526651;0,38501358;0,064447884;;;0,366363794;8,857196345;0,381578296;9,067962996;;;
0,381555766;0,046700333;0,385592818;0,064564562;;;0,366954178;8,901082274;0,383614689;8,996791922;;;
0,383025974;0,04808745;0,386445254;0,066691205;;;0,368437141;8,900249388;0,383983165;9,095069142;;;
0,384500414;0,04816457;0,387482077;0,068099327;;;0,369182378;8,906646098;0,385268778;9,11985921;;;
0,383624882;0,047997802;0,388228565;0,068598019;;;0,370067388;8,877845796;0,385961294;9,158327203;;;
0,385796875;0,048480024;0,389328092;0,067880285;;;0,371014029;8,878843496;0,387430131;9,154282442;;;
0,386367083;0,049891057;0,390394121;0,06946694;;;0,372268021;8,913896808;0,38783139;9,220759927;;;
0,387836277;0,049187052;0,392310679;0,070166363;;;0,373072535;8,915147474;0,389348924;9,25345621;;;
0,388877183;0,049790767;0,392693132;0,071378985;;;0,374553531;8,921370737;0,389823109;9,225376975;;;
0,389482468;0,050091721;0,393205553;0,072722491;;;0,374979466;8,928049985;0,391532511;9,261806933;;;
0,391159207;0,050309364;0,395195425;0,073381445;;;0,37600556;8,900257217;0,391660452;9,344885484;;;
0,391325802;0,051268198;0,395580769;0,072272116;;;0,377582818;8,960221501;0,3936176;9,317002356;;;
0,393238038;0,051481248;0,396672636;0,071388883;;;0,378073663;8,956763703;0,39392361;9,237879187;;;
0,393710703;0,052146234;0,397651136;0,074953804;;;0,379442126;8,947366545;0,395334125;9,292305372;;;
0,394776136;0,052864882;0,398242056;0,074393035;;;0,380041867;8,961548478;0,395900637;9,341591904;;;
0,396290869;0,053964182;0,4004035;0,076236901;;;0,3816607;8,995283845;0,39734298;9,201831087;;;
0,396457165;0,054240546;0,400219053;0,076741636;;;0,382140994;8,961601312;0,397955;9,29012588;;;
0,397452623;0,055037675;0,40085718;0,074467809;;;0,383254915;9,019441808;0,399383605;9,395347435;;;
0,39881894;0,054734926;0,402788132;0,078507576;;;0,384034008;9,054354264;0,399886698;9,469782401;;;
0,399946839;0,055700866;0,403176785;0,076999486;;;0,385586917;9,100674503;0,401515245;9,394338277;;;
0,400584936;0,056258145;0,405141145;0,07055268;;;0,385946333;9,047767758;0,401736557;9,462390736;;;
0,401469857;0,057479106;0,405646056;0,075965273;;;0,387715429;9,058612021;0,403420269;9,453817316;;;
0,403127879;0,057383691;0,406615198;0,081915466;;;0,387765348;9,099276213;0,403601468;9,464833332;;;
0,403168172;0,057604996;0,408438116;0,081452992;;;0,389760196;9,095850742;0,40548104;9,39901617;;;
0,403887868;0,057330627;0,408474684;0,083373904;;;0,390170425;9,10643309;0,40580827;9,44374026;;;
0,40569517;0,058433095;0,409195989;0,083451999;;;0,391557872;9,095260577;0,407386094;9,47813553;;;
0,406295151;0,05897181;0,41080758;0,084986607;;;0,392090052;9,08193906;0,407922029;9,487458;;;
0,407676339;0,061045915;0,411598593;0,085725379;;;0,393611193;9,037636095;0,409393877;9,534877077;;;
0,408104628;0,060073832;0,412878901;0,084748694;;;0,393876195;9,059330413;0,409828961;9,598501311;;;
0,409028381;0,061046215;0,412837565;0,082619927;;;0,395388812;9,015038632;0,411527693;9,619889082;;;
0,410536468;0,061176161;0,415011615;0,087520489;;;0,396298289;9,023665771;0,411872685;9,557714758;;;
0,411242217;0,062130225;0,415748;0,08513411;;;0,397278816;9,022100452;0,413406223;9,617879994;;;
0,413023561;0,061636757;0,415912777;0,090882599;;;0,398181915;9,047573717;0,413870037;9,700028703;;;
0,412952036;0,062992084;0,417851716;0,090764869;;;0,399030775;9,057994313;0,415027469;9,755974802;;;
0,415343374;0,063043058;0,418396026;0,089120023;;;0,400335848;9,068484838;0,416175485;9,691870809;;;
0,414962918;0,064508069;0,419452876;0,092637136;;;0,401158392;9,062084289;0,417106211;9,623477499;;;
0,416442603;0,064749947;0,420616686;0,089836444;;;0,401834786;9,053312144;0,418023288;9,708097432;;;
0,417923361;0,06476747;0,4215267;0,090961307;;;0,403335661;9,06351864;0,41856125;9,715356771;;;
0,418417394;0,066147965;0,42308718;0,093912808;;;0,404328883;9,077179909;0,420518368;9,71015928;;;
0,420025438;0,06615412;0,422687143;0,095697443;;;0,405188501;9,025797027;0,42076385;9,681406809;;;
0,419851542;0,067077934;0,424434245;0,094488966;;;0,406588793;9,023496161;0,422129869;9,740111876;;;
0,421473414;0,067209335;0,425422579;0,096611662;;;0,406728894;9,097535544;0,422772706;9,734334416;;;
0,4221825;0,068626589;0,425964445;0,097492417;;;0,408603877;9,071095455;0,424263626;9,904144752;;;
0,424385607;0,06891204;0,428179622;0,097006456;;;0,409151912;9,072878672;0,425094992;9,827654654;;;
0,425322235;0,068795993;0,428263396;0,096780261;;;0,410161227;9,113604794;0,425726146;9,862622064;;;
0,425206751;0,06922762;0,429628462;0,096772769;;;0,410970837;9,068937555;0,42743209;9,83553217;;;
0,426720232;0,070220754;0,430746645;0,097788595;;;0,412591606;9,082261816;0,427813351;9,862391435;;;
0,427892745;0,070764345;0,432037324;0,099515579;;;0,412811846;9,106571581;0,429539382;9,896708576;;;
0,429254889;0,070835283;0,432847589;0,100528197;;;0,414496452;9,100347215;0,429797828;9,890348819;;;
0,430102766;0,072059251;0,433231801;0,101957877;;;0,415193766;9,077527685;0,431247503;9,948129572;;;
0,430851221;0,073089588;0,435321301;0,097985908;;;0,416006893;9,092465768;0,43213281;9,917512891;;;
0,43167913;0,07462537;0,435497761;0,101546566;;;0,417660505;9,031436971;0,43295458;10,02449372;;;
0,431959957;0,073635055;0,435874134;0,095137884;;;0,417824924;9,053805134;0,434383154;10,08694594;;;
0,433762014;0,073764358;0,437915802;0,098408301;;;0,419545203;9,105922444;0,435060829;10,07453873;;;
0,434541404;0,074104197;0,438397557;0,099388201;;;0,419958651;9,085283632;0,436246783;10,06407915;;;
0,435087025;0,074730839;0,439972073;0,102031126;;;0,421184957;9,006912511;0,436951071;10,13889637;;;
0,43696326;0,075555988;0,439754099;0,104430811;;;0,422087133;9,039965555;0,438358337;10,08803938;;;
0,438020885;0,075869596;0,441857219;0,103701857;;;0,422954202;9,072150441;0,43882224;9,990302332;;;
0,439177573;0,075910426;0,442381412;0,104337562;;;0,424362838;9,06880686;0,440550297;9,997221576;;;
0,439265549;0,077360747;0,444237679;0,10552214;;;0,424916297;9,055118169;0,441029042;10,0820923;;;
0,440563232;0,077535695;0,445143133;0,104887834;;;0,426388592;9,091637692;0,442033976;10,13518784;;;
0,441169351;0,079365357;0,445624113;0,105921403;;;0,426862448;9,06421112;0,4433842;10,10506477;;;
0,442931026;0,079565742;0,446745336;0,105667643;;;0,428146124;9,012443425;0,443587214;10,10029103;;;
0,443397373;0,080405455;0,44734484;0,107361818;;;0,429104447;9,062062573;0,445368707;10,09254493;;;
0,444934428;0,080600492;0,449489057;0,105251518;;;0,429991603;9,043088731;0,445876002;10,14215778;;;
0,445284456;0,081888132;0,449142128;0,106693706;;;0,431551874;9,069934386;0,447186947;10,20915496;;;
0,446999341;0,081125899;0,450538516;0,107818511;;;0,431742817;9,074204975;0,447993785;10,07254605;;;
0,447869569;0,081152149;0,452130467;0,105827395;;;0,433544666;9,092649763;0,449029475;10,06501623;;;
0,448217064;0,081801795;0,453004807;0,107300025;;;0,433972985;9,079421444;0,450096905;10,17519587;;;
0,450099856;0,081974593;0,453693211;0,107320335;;;0,435313672;9,094985579;0,451031983;10,16337055;;;
0,450313956;0,084103796;0,453962117;0,103707854;;;0,436247736;9,08777151;0,452344269;10,16584101;;;
0,451532125;0,083435444;0,455578387;0,106539513;;;0,436557442;9,083274122;0,452463657;10,28144319;;;
0,451893389;0,083245043;0,456559688;0,108438432;;;0,438598812;9,018097993;0,454207808;10,317402;;;
0,453935385;0,083634517;0,457977772;0,108363038;;;0,439034462;9,069296721;0,454973429;10,50314137;;;
0,454108775;0,084062178;0,458715737;0,110860983;;;0,440360606;9,08890481;0,45621869;10,44889979;;;
0,455201626;0,086229903;0,459362775;0,108488305;;;0,440706134;9,090385421;0,457130432;10,52447996;;;
0,456610233;0,086124681;0,460427016;0,109410111;;;0,441965371;9,105264321;0,457736313;10,50674537;;;
0,45786652;0,086893777;0,461161882;0,111348432;;;0,443548203;9,066743738;0,45962435;10,49896071;;;
0,458146363;0,086977985;0,463077575;0,112087457;;;0,444018602;9,075650084;0,459840417;10,46471375;;;
0,459055781;0,088094995;0,463011026;0,110766226;;;0,445524931;9,127971858;0,461400181;10,57869402;;;
0,460853577;0,086486104;0,46431765;0,11125429;;;0,44583872;9,102582921;0,461796194;10,51803382;;;
0,460975498;0,088540054;0,465189904;0,111119402;;;0,44764483;9,047866026;0,463149577;10,57700685;;;
0,462755173;0,087557968;0,467248797;0,103643973;;;0,448354036;9,03091169;0,464367419;10,46063724;;;
0,463037193;0,088681481;0,466909081;0,107124054;;;0,449112982;9,121542209;0,46502611;10,45159757;;;
0,464581668;0,090173464;0,467912763;0,10970905;;;0,450518548;9,119476722;0,466493696;10,57722202;;;
0,46525684;0,089483772;0,469615161;0,109968617;;;0,450927764;9,087603421;0,466977715;10,59755386;;;
0,467133075;0,089452736;0,469988316;0,113040279;;;0,452819884;9,124667026;0,468205124;10,55728706;;;
0,46777463;0,089858317;0,471515417;0,111551075;;;0,452882379;9,097080333;0,468663543;10,61585025;;;
0,468589485;0,091113771;0,472039521;0,11486749;;;0,454550713;9,121464111;0,47040239;10,61662366;;;
0,469722658;0,090278574;0,473778158;0,110217364;;;0,45526737;9,11207283;0,470971048;10,62979891;;;
0,47001037;0,090905668;0,474196613;0,111625911;;;0,456034809;9,119821856;0,472047925;10,66063922;;;
0,471359313;0,091117923;0,476100087;0,111816312;;;0,457518816;9,117329527;0,473357916;10,65356439;;;
0,472560287;0,092573536;0,476647019;0,109835278;;;0,457839966;9,102145014;0,473559946;10,75810006;;;
0,474187165;0,092590448;0,477641553;0,11524241;;;0,459485114;9,11793272;0,475588113;10,63204904;;;
0,474193722;0,091977652;0,479338884;0,111716898;;;0,460046977;9,086549442;0,475934327;10,61166605;;;
0,47622174;0,093472715;0,478750348;0,111438953;;;0,461118579;9,122401437;0,47706002;10,64323967;;;
0,476012737;0,09340861;0,481279939;0,112295693;;;0,462163448;9,122753872;0,478081942;10,62902737;;;
0,47800976;0,093146187;0,481159151;0,115322223;;;0,463135749;9,117600555;0,478843302;10,59376212;;;
0,478482634;0,093662399;0,48298806;0,113730897;;;0,464627177;9,080276666;0,480188221;10,64173244;;;
0,480215609;0,093667626;0,483122408;0,111180381;;;0,465047896;9,120142051;0,48080343;10,65550397;;;
0,480081022;0,094330733;0,484312832;0,110305971;;;0,466312617;9,168096891;0,482441902;10,59179106;;;
0,481001616;0,096168303;0,485535055;0,107066299;;;0,467067361;9,127517495;0,482656598;10,65924942;;;
0,482307017;0,095978937;0,486347049;0,114017718;;;0,468082786;9,13239689;0,483830869;10,73852415;;;
0,484259486;0,0969056;0,487860471;0,110033513;;;0,469798982;9,137770696;0,485263735;10,69308923;;;
0,485323429;0,096656671;0,487815857;0,114417199;;;0,46988377;9,130310476;0,485791117;10,64955615;;;
0,485067278;0,095029212;0,489944607;0,118486694;;;0,4714652;9,116209804;0,487299055;10,70689724;;;
0,487245291;0,096124843;0,48999092;0,116671139;;;0,472002774;9,128028316;0,487738669;10,68782281;;;
0,486818433;0,096552404;0,492304593;0,110690623;;;0,47297889;9,115127928;0,489348114;10,69827066;;;
0,48886317;0,096165804;0,492079169;0,115419808;;;0,474532902;9,114355287;0,48996985;10,60000407;;;
0,489971191;0,097059767;0,494183272;0,116659307;;;0,475056589;9,115399224;0,491060466;10,67737933;;;
0,49123013;0,097016264;0,494349569;0,115819783;;;0,476531982;9,092912424;0,49215436;10,59008684;;;
0,491090238;0,096857369;0,495869726;0,118271614;;;0,477018654;9,107328456;0,492782295;10,77792048;;;
0,49332872;0,099235336;0,496848732;0,118009575;;;0,477929175;9,08839682;0,494350612;10,73086996;;;
0,493094712;0,097618778;0,497859985;0,117470527;;;0,479270041;9,130534196;0,494611174;10,77163259;;;
0,495238006;0,097305985;0,499170989;0,116836055;;;0,479931533;9,123229306;0,496167868;10,75163197;;;
0,495189101;0,099894502;0,499860555;0,117103176;;;0,481339246;9,009577799;0,497090101;10,77014809;;;
0,497329414;0,09994646;0,500563443;0,116276153;;;0,481888324;9,087195347;0,497841001;10,78441188;;;
0,497638047;0,099302726;0,50181967;0,111888972;;;0,482928127;9,103449854;0,499383807;10,76660186;;;
0,49892047;0,099589026;0,503447056;0,112506013;;;0,4841896;9,102507096;0,499804288;10,84591308;;;
0,498855799;0,099317738;0,503356993;0,113379133;;;0,484990954;9,103003586;0,501062393;10,79720125;;;
0,501024902;0,100524009;0,504981458;0,1174328;;;0,486637145;9,062271364;0,501986623;10,80424784;;;
0,501725197;0,09962175;0,50588578;0,11718131;;;0,487142771;9,110490803;0,50291115;10,90319609;;;
0,50341475;0,099619914;0,506954253;0,11760179;;;0,487921864;9,101726211;0,504401028;10,90173622;;;
0,504082263;0,100240618;0,507268786;0,116188513;;;0,489588201;9,093246187;0,504546165;10,91826263;;;
0,504719734;0,099703844;0,509308279;0,115835055;;;0,490087271;9,114330289;0,506691456;10,83777828;;;
0,505062103;0,098423962;0,509552777;0,117014241;;;0,491456956;9,108750767;0,50700295;10,91457242;;;
0,507124841;0,098844266;0,510495424;0,116032706;;;0,492043048;9,117483748;0,50815177;10,83897123;;;
0,507394016;0,09756113;0,511666775;0,114994069;;;0,493202776;9,152417807;0,509198189;10,93774264;;;
0,50910455;0,099203077;0,513219059;0,115381151;;;0,494512945;9,122228748;0,509697199;10,8868571;;;
0,510235965;0,101100904;0,513281286;0,117919448;;;0,494955093;9,157018086;0,511791468;10,81999079;;;
0,510587871;0,099062969;0,514472842;0,116572624;;;0,496730506;9,089920024;0,511947155;10,80675062;;;
0,511714876;0,100439796;0,515955448;0,112591136;;;0,497033685;9,129225362;0,513277292;10,90879057;;;
0,512164116;0,099851907;0,516409636;0,114962862;;;0,498161554;9,125306825;0,513659537;10,83915843;;;
0,513426423;0,099893092;0,517398059;0,115933797;;;0,499274522;9,136544347;0,514705896;10,79186407;;;
0,514190972;0,101342352;0,518256485;0,114431443;;;0,499862701;9,16577289;0,516407371;10,80655287;;;
0,516333103;0,100623115;0,520001888;0,116944308;;;0,50170821;9,097559168;0,516962469;10,85250453;;;
0,516397893;0,100532589;0,520245194;0,116606874;;;0,50189054;9,120909745;0,518351555;10,87965635;;;
0,518473983;0,101253288;0,521405995;0,111867087;;;0,503122389;9,163438446;0,518585861;10,90196666;;;
0,518762648;0,100138642;0,52272737;0,115461495;;;0,50434339;9,116960635;0,520392656;10,96702347;;;
0,519776881;0,101948516;0,52403605;0,114521571;;;0,504809797;9,135100056;0,521185517;10,89209695;;;
0,519824803;0,101571934;0,524430156;0,11667027;;;0,506633878;9,155213506;0,521876991;10,78198733;;;
0,522129238;0,10034157;0,525795162;0,115258729;;;0,506947815;9,156397656;0,523443222;10,88506666;;;
0,522510529;0,100892548;0,526343703;0,117340783;;;0,508128762;9,163156135;0,523814917;10,91017577;;;
0,523678958;0,101724386;0,527350187;0,112528491;;;0,509079337;9,175267197;0,525080383;10,93015178;;;
0,524613857;0,101305334;0,528782487;0,108932398;;;0,509871304;9,14174135;0,526264131;11,003831;;;
0,526005507;0,100787021;0,529848814;0,116326848;;;0,51175946;9,178142314;0,526672006;10,84306669;;;
0,526219785;0,10018167;0,531042278;0,118932109;;;0,511960566;9,168316857;0,528292;10,95056768;;;
0,527866781;0,100241138;0,531629801;0,117926679;;;0,513120234;9,14332838;0,528875709;10,94181258;;;
0,528619587;0,100307937;0,532855213;0,117082678;;;0,514187813;9,175664797;0,530205607;10,86268665;;;
0,52970612;0,100470141;0,533406973;0,117723691;;;0,514955103;9,160019757;0,531239212;10,8563381;;;
0,530497432;0,101893804;0,535154223;0,118025704;;;0,516674459;9,153391016;0,531727374;10,86060237;;;
0,532022238;0,101828914;0,535411119;0,116761441;;;0,516958356;9,174465816;0,533319056;10,89581702;;;
0,532381773;0,10147544;0,536735237;0,116857874;;;0,518093765;9,208095934;0,533843219;10,79253758;;;
0,533988774;0,10230479;0,537419498;0,116446542;;;0,51940614;9,207189264;0,535169065;10,91235625;;;
0,534691334;0,102832981;0,538903952;0,119071029;;;0,51995182;9,18796347;0,536211967;10,82145432;;;
0,535625219;0,100552541;0,539493918;0,118385166;;;0,521639466;9,182077826;0,5367257;10,85529668;;;
0,536686897;0,101511223;0,541111946;0,116895221;;;0,521973312;9,149036136;0,538289845;10,92103127;;;
0,537692189;0,101515844;0,541587293;0,118596805;;;0,523066282;9,18865734;0,538891256;10,91456978;;;
0,538466334;0,101796916;0,542377353;0,118265491;;;0,524504662;9,193207754;0,540287971;10,91172481;;;
0,539629877;0,102662039;0,543580115;0,114045979;;;0,524733543;9,20812681;0,541342735;10,92771233;;;
0,540633678;0,101569565;0,543859839;0,112813029;;;0,526435971;9,206373325;0,541691124;11,00536656;;;
0,541635215;0,101653133;0,54558605;0,119949444;;;0,527158856;9,177481661;0,543769896;10,99295965;;;
0,542447388;0,102875182;0,546640635;0,119007636;;;0,528052449;9,222119888;0,543836474;11,01196779;;;
0,543604851;0,102697569;0,547471941;0,121183314;;;0,529615998;9,227565887;0,545099914;10,99173007;;;
0,544308722;0,102545468;0,54866749;0,120232455;;;0,529703081;9,202102596;0,546129167;11,00402028;;;
0,545941114;0,103061014;0,549170554;0,116694178;;;0,531142294;9,173966688;0,54675293;10,9625199;;;
0,54631716;0,101848181;0,55071342;0,119274461;;;0,532527804;9,227552476;0,548348725;10,96905548;;;
0,547994554;0,10276034;0,551088691;0,11786101;;;0,533161759;9,208138611;0,548921645;10,9765385;;;
0,547832191;0,102415884;0,552464902;0,110763636;;;0,53452599;9,20656329;0,550244272;11,01059441;;;
0,550179899;0,102788886;0,553744614;0,117917586;;;0,53492558;9,216906685;0,55122596;11,08263328;;;
0,550486386;0,103663358;0,55504775;0,115676228;;;0,536164701;9,198796335;0,551661015;11,0850696;;;
0,552029788;0,10253549;0,555587113;0,121580375;;;0,537766457;9,230643745;0,553658366;11,05839286;;;
0,552256644;0,102394996;0,556838393;0,116828627;;;0,537772775;9,247068243;0,553877473;11,01524027;;;
0,553836048;0,102043782;0,557339251;0,111930924;;;0,539594591;9,235923864;0,555205524;11,04126546;;;
0,553990781;0,103111822;0,55905062;0,118338627;;;0,540150285;9,229008301;0,556147039;11,08481861;;;
0,555570364;0,102625608;0,559290946;0,117388521;;;0,540885925;9,246788213;0,556672215;11,03854095;;;
0,557077527;0,102453788;0,560686707;0,122324886;;;0,542735875;9,251638964;0,558365464;11,12677463;;;
0,557473838;0,10210723;0,561428964;0,121763662;;;0,542764306;9,249287613;0,558869481;11,09568556;;;
0,559054732;0,102502335;0,562773883;0,121711773;;;0,544155121;9,232167905;0,560163379;10,97908318;;;
0,559457302;0,102823677;0,563303411;0,119877049;;;0,545227706;9,240028918;0,561354876;11,01625295;;;
0,561372042;0,10228079;0,564814448;0,119111002;;;0,546025932;9,233365752;0,561630309;11,0404463;;;
0,561105549;0,1035487;0,565738022;0,120496521;;;0,547374308;9,226333722;0,563572288;11,12701304;;;
0,563631535;0,10348362;0,566773474;0,119090034;;;0,547812045;9,235299317;0,563834846;11,07782747;;;
0,563445389;0,103211384;0,567679465;0,122516501;;;0,549225092;9,197825857;0,565130055;11,11022599;;;
0,565220535;0,103273497;0,56906718;0,122915542;;;0,550532162;9,243619439;0,566118956;11,12011719;;;
0,565174878;0,10503767;0,569399834;0,121208095;;;0,551109731;9,268788844;0,566625237;11,09850835;;;
0,567016482;0,103371136;0,570716083;0,12144208;;;0,552291393;9,234228231;0,568403363;11,09655106;;;
0,567646801;0,104538013;0,571836472;0,123385047;;;0,553123474;9,263281891;0,568958163;11,08129105;;;
0,569042802;0,104534926;0,572929263;0,121212452;;;0,553825498;9,243564435;0,570258439;11,15178766;;;
0,569446564;0,103961738;0,57377106;0,117073792;;;0,555665493;9,252863024;0,571079254;11,21623972;;;
0,570822537;0,103471752;0,574413896;0,121791663;;;0,556117177;9,251676699;0,571836352;11,19181386;;;
0,572109163;0,104126207;0,575726748;0,122726507;;;0,557190895;9,264112078;0,573848426;11,19139434;;;
0,572686136;0,104062173;0,576314747;0,124903659;;;0,558476508;9,261733141;0,57381773;11,22235895;;;
0,573932648;0,103746055;0,577260256;0,125734651;;;0,558820188;9,267496824;0,575341523;11,20704082;;;
0,57477802;0,103331521;0,578306556;0,126467245;;;0,560694575;9,248691709;0,575885653;11,19585104;;;
0,576837122;0,104526693;0,579975247;0,122089484;;;0,561043024;9,279717693;0,576922536;11,1521327;;;
0,576280534;0,105875642;0,579995632;0,125735107;;;0,5620839;9,298800179;0,578524053;11,23910083;;;
0,578077018;0,104143775;0,582052171;0,126532744;;;0,563613534;9,288231344;0,578734457;11,2390077;;;
0,57837832;0,104932673;0,582415402;0,120182602;;;0,563767195;9,284789671;0,580313027;11,25371433;;;
0,580538511;0,104495805;0,583739221;0,123705803;;;0,565630734;9,306223445;0,581326723;11,2378028;;;
0,579850614;0,104127191;0,584410489;0,120010674;;;0,566328228;9,303527593;0,581907868;11,3058512;;;
0,581805289;0,105410055;0,585704386;0,124401812;;;0,56697166;9,293168217;0,583376884;11,31878787;;;
0,582232058;0,104912747;0,586302757;0,125275917;;;0,568494856;9,2800595;0,5836851;11,27681694;;;
0,583571315;0,105203252;0,587566614;0,12504953;;;0,569129646;9,288168764;0,585045755;11,29459276;;;
0,584553957;0,107029066;0,588583827;0,127098354;;;0,570468485;9,313739208;0,586220205;11,2766439;;;
0,585230112;0,10689302;0,590066314;0,125165477;;;0,571357846;9,310604068;0,586785674;11,24636006;;;
0,587110579;0,106603898;0,590030313;0,125409485;;;0,571918428;9,293160878;0,588203549;11,34806144;;;
0,58715111;0,107911615;0,591925085;0,127440379;;;0,573542655;9,323904902;0,58867377;11,29672246;;;
0,589442432;0,105566683;0,592235088;0,126880071;;;0,573945582;9,301580852;0,589943349;11,32310516;;;
0,589054704;0,106179723;0,593583107;0,125700478;;;0,575238347;9,281394898;0,591265023;11,34245622;;;
0,591137588;0,106182082;0,594219506;0,122934998;;;0,576370597;9,312040661;0,591811538;11,38689723;;;
0,591299891;0,106226652;0,595896006;0,123955681;;;0,576845706;9,343335105;0,593454957;11,36237533;;;
0,593321204;0,106019445;0,596757889;0,125017865;;;0,578438759;9,336384102;0,593587339;11,37339494;;;
0,593135536;0,107262483;0,597730637;0,126444093;;;0,579100192;9,332856752;0,594956517;11,38295934;;;
0,594696045;0,106431755;0,598504007;0,1233263;;;0,579962313;9,344731021;0,59618175;11,37553168;;;
0,595276952;0,108006298;0,598987401;0,125537483;;;0,58166641;9,313336451;0,596919835;11,42896025;;;
0,596484184;0,106850651;0,598123014;0,129581711;;;0,581919789;9,357693745;0,59843415;11,46900005;;;
0,597925842;0,106677541;0,599553525;0,121095858;;;0,583246946;9,34740119;0,598662853;11,44226987;;;
0,598407149;0,107479954;0,598418117;0,114233674;;;0,584367335;9,314152308;0,599349976;11,42250024;;;
0,599598348;0,107291534;0,597048044;0,109948584;;;0,584517837;9,345715663;0,599628806;11,44862555;;;
0,60036397;0,104694824;0,596681595;0,112133838;;;0,586532593;9,344348919;0,60006392;11,45277343;;;
0,605334401;0,108112809;0,595152378;0,11022623;;;0,587230444;9,337647012;0,598204076;11,40014134;;;
0,599530637;0,104709188;0,594624043;0,109016808;;;0,588144004;9,337443389;0,597533047;11,34583738;;;
0,599161804;0,101670912;0,592869341;0,103481896;;;0,589528501;9,359397876;0,596600115;11,32944894;;;
0,597791195;0,099178562;0,592801392;0,102884985;;;0,589668393;9,352469899;0,595230877;11,33024128;;;
0,596506357;0,096774533;0,591013014;0,104355914;;;0,591501355;9,344427658;0,594904661;11,32931547;;;
0,595531344;0,095962242;0,59064877;0,10497791;;;0,592494428;9,319790817;0,593252718;11,28821027;;;
0,595240831;0,094726719;0,589146078;0,105572471;;;0,592974544;9,368787804;0,592494547;11,26688265;;;
0,59402293;0,094426855;0,588208973;0,098633477;;;0,594627023;9,384225757;0,591710865;11,24457274;;;
0,593227923;0,092083931;0,586936355;0,102384256;;;0,594848633;9,373708237;0,589850187;11,26833061;;;
0,591976404;0,091906477;0,586550653;0,101063504;;;0,595970094;9,36515442;0,589856565;11,28047011;;;
0,5907197;0,091224067;0,585760653;0,101536149;;;0,597483993;9,396561899;0,588372827;11,33032268;;;
0,589909017;0,089970053;0,58401227;0,098177399;;;0,598061562;9,374462863;0,587583184;11,18525614;;;
0,58876729;0,089746473;0,583493292;0,101142569;;;0,59935689;9,352121477;0,586946607;11,16559939;;;
0,588287115;0,090307842;0,581940472;0,101168109;;;0,600270092;9,385645056;0,584939063;11,19057219;;;
0,586277425;0,089241625;0,582046688;0,098922824;;;0,600239992;9,374137234;0,584541738;11,20168652;;;
0,58573103;0,088283296;0,579847515;0,097911031;;;0,599817991;9,366732437;0,583479583;11,14355431;;;
0,584477603;0,089070098;0,579597771;0,097787341;;;0,599262536;9,341269383;0,582715034;11,19817623;;;
0,583342254;0,088350769;0,578307629;0,097412217;;;0,597674668;9,357936197;0,581904769;11,15753624;;;
0,583354235;0,086658285;0,577687144;0,095697726;;;0,597128749;9,343675386;0,580001831;11,12051836;;;
0,581472456;0,087167615;0,576242685;0,095623389;;;0,595906496;9,320061088;0,579844177;11,07030223;;;
0,581078112;0,086127506;0,576047838;0,096615841;;;0,594691753;9,337144265;0,578700542;11,11065553;;;
0,579512656;0,085373884;0,574137509;0,096195179;;;0,594109833;9,327005084;0,577428877;11,10232727;;;
0,579822004;0,085942475;0,573672593;0,089647196;;;0,592711687;9,32916402;0,576854765;11,13867216;;;
0,577548802;0,084533159;0,572257757;0,088160415;;;0,591843665;9,322814598;0,574949741;11,09082363;;;
0,577293098;0,084518157;0,571609735;0,091778152;;;0,591090143;9,348081956;0,574458361;11,07305839;;;
0,575551271;0,083785419;0,56999886;0,094591777;;;0,589641869;9,357593588;0,573543429;11,07327157;;;
0,574835837;0,082919766;0,569411576;0,091308441;;;0,588930547;9,293800169;0,57244736;11,0566596;;;
0,572747588;0,083626769;0,569122314;0,090941856;;;0,587978959;9,286278618;0,571778178;10,99362859;;;
0,572677612;0,082072578;0,567403615;0,092343323;;;0,586791635;9,312482344;0,570200324;11,02865944;;;
0,572523952;0,082092136;0,566647589;0,091856521;;;0,586132526;9,290034251;0,569454908;10,9810303;;;
0,570242822;0,082354682;0,565058053;0,091040145;;;0,584542274;9,259493239;0,568791866;10,95095375;;;
0,570582986;0,082924676;0,565211654;0,092318519;;;0,583575547;9,28294585;0,567348599;10,9508884;;;
0,568589628;0,081516778;0,563291371;0,091724776;;;0,583447874;9,324557092;0,566911221;10,99888443;;;
0,568395197;0,081415767;0,563357055;0,091521441;;;0,581790447;9,303901187;0,565400064;11,03475905;;;
0,566108823;0,081247091;0,561121821;0,09001042;;;0,580892682;9,310556891;0,564495564;10,93846143;;;
0,566488266;0,080299972;0,560823262;0,087460429;;;0,58006376;9,273726513;0,564214051;10,92409585;;;
0,56412977;0,08068245;0,55889827;0,087872119;;;0,578477919;9,292346353;0,562161565;10,93576526;;;
0,563900232;0,079755644;0,558242619;0,090857199;;;0,577967942;9,297653035;0,561621726;10,88859538;;;
0,562824845;0,079723935;0,557550609;0,090578503;;;0,576655924;9,309197753;0,560950398;10,8867716;;;
0,561380148;0,079600006;0,556332231;0,089137772;;;0,575717747;9,266944956;0,559405446;10,92779219;;;
0,561481595;0,07900053;0,55599016;0,083920718;;;0,575385988;9,29140697;0,558700025;10,87747019;;;
0,559393644;0,079084923;0,553735614;0,084690131;;;0,573496997;9,279965007;0,557311952;10,87610901;;;
0,558812737;0,079597388;0,554221809;0,086219559;;;0,57320869;9,228225844;0,556461394;10,72470495;;;
0,557576656;0,079741267;0,551611602;0,087460021;;;0,571664155;9,269444171;0,556134105;10,78785965;;;
0,557262957;0,078931143;0,551970065;0,088614994;;;0,57062757;9,268209692;0,554403841;10,73299453;;;
0,555968642;0,078840265;0,549675643;0,089850406;;;0,570154786;9,265721404;0,553665936;10,74870311;;;
0,554702103;0,0785467;0,550272822;0,085574802;;;0,568335772;9,274014688;0,552688479;10,83882969;;;
0,553543508;0,078236502;0,547755778;0,086432893;;;0,567808986;9,290610624;0,551365852;10,77736578;;;
0,55282712;0,078704049;0,547627687;0,087787582;;;0,567484736;9,307125176;0,550960183;10,77661941;;;
0,551685333;0,077310607;0,546259463;0,085447285;;;0,565550208;9,259166361;0,549484074;10,70797275;;;
0,55058074;0,076832687;0,546020091;0,08861485;;;0,564885557;9,24695065;0,548328638;10,76580073;;;
0,550270021;0,078078312;0,544307709;0,087521079;;;0,564251661;9,265633701;0,547934771;10,75848962;;;
0,547904253;0,076826109;0,542865515;0,084926462;;;0,562282205;9,254548032;0,546150386;10,73818577;;;
0,547812939;0,076497064;0,543074191;0,082599631;;;0,56172353;9,257539366;0,545843542;10,68558703;;;
0,546588719;0,076374072;0,541164994;0,086163816;;;0,560877562;9,287652294;0,544719577;10,75122628;;;
0,545936882;0,076451125;0,540820718;0,084935101;;;0,559697866;9,233462324;0,543306112;10,70026329;;;
0,545265734;0,07603871;0,538815498;0,083216136;;;0,558966458;9,285124258;0,5428316;10,6798217;;;
0,543522239;0,075044795;0,539084017;0,083293381;;;0,557654083;9,247606106;0,541169167;10,69475691;;;
0,543449104;0,075302539;0,536812544;0,084765843;;;0,556685328;9,252533905;0,540509403;10,6222584;;;
0,541261911;0,074603317;0,536079705;0,084005999;;;0,556251764;9,259852978;0,539725721;10,69573979;;;
0,541330099;0,074369101;0,535158813;0,083987132;;;0,554700971;9,286918794;0,538262248;10,72093519;;;
0,539771914;0,0734631;0,53450191;0,080626758;;;0,553765059;9,278915699;0,537894726;10,66699944;;;
0,538950562;0,07295318;0,534431934;0,082857361;;;0,553249002;9,269182566;0,536302149;10,65792668;;;
0,538045168;0,073447704;0,531229675;0,082590109;;;0,551537931;9,27278099;0,535211623;10,71634732;;;
0,536248505;0,073926349;0,532271564;0,079510372;;;0,550902009;9,224934377;0,534983754;10,69111457;;;
0,535887837;0,073033781;0,529530108;0,080295293;;;0,550111294;9,229041479;0,533372104;10,62351737;;;
0,534476161;0,072760894;0,52956593;0,08223563;;;0,548884809;9,272828594;0,532706976;10,51890995;;;
0,53383249;0,072665015;0,527990401;0,082991386;;;0,548129976;9,266573607;0,531361103;10,54935047;;;
0,532576084;0,071494374;0,527298093;0,082382424;;;0,546630144;9,238555105;0,529973805;10,59095639;;;
0,531990409;0,071532059;0,525776088;0,080564716;;;0,545415342;9,258163536;0,529982328;10,63239714;;;
0,531533241;0,071555631;0,525126994;0,079544932;;;0,54549396;9,254728738;0,528292179;10,55707229;;;
0,529655218;0,071391566;0,524892926;0,080157013;;;0,543635666;9,236213191;0,527789116;10,55687851;;;
0,528618574;0,070623591;0,523246527;0,076173062;;;0,542955101;9,248357906;0,526611507;10,54791154;;;
0,528143823;0,070283713;0,522313356;0,079102868;;;0,542192936;9,253305862;0,525011718;10,56331595;;;
0,526965976;0,069683408;0,520911336;0,079534665;;;0,540510714;9,235598451;0,524989307;10,53311223;;;
0,526424348;0,070087156;0,520589352;0,078532844;;;0,540034771;9,239965423;0,523383021;10,53093646;;;
0,524448395;0,06937588;0,519554496;0,072806197;;;0,538657904;9,26059509;0,522654295;10,52161731;;;
0,524344623;0,068694756;0,518565655;0,074110199;;;0,537663519;9,243813218;0,521394372;10,53948261;;;
0,522211909;0,069374553;0,517184854;0,076425656;;;0,537031531;9,275263041;0,52002281;10,52329629;;;
0,522466421;0,06957682;0,516084552;0,077469967;;;0,535607338;9,281278934;0,519678712;10,522683;;;
0,520476639;0,068432163;0,515743494;0,075291915;;;0,534712493;9,225791878;0,518454492;10,52027949;;;
0,520008922;0,068537812;0,51397723;0,076461978;;;0,534363449;9,193528932;0,517608345;10,51145304;;;
0,518461585;0,067908341;0,514146566;0,0772644;;;0,532518268;9,232013695;0,516699851;10,54343592;;;
0,517294586;0,068889399;0,511982143;0,076706671;;;0,531922579;9,229608665;0,514873266;10,44207685;;;
0,517257094;0,068367989;0,511430383;0,073791292;;;0,530715346;9,228171643;0,51498431;10,45642032;;;
0,515209496;0,068424324;0,510516584;0,074867562;;;0,529627681;9,234776664;0,51356858;10,44273048;;;
0,51501441;0,06767326;0,50962919;0,075723187;;;0,529301167;9,261099214;0,512728751;10,49461949;;;
0,513143241;0,066871037;0,50849402;0,074598683;;;0,527397275;9,210547044;0,511655033;10,46406273;;;
0,512602985;0,06733599;0,507085681;0,074674534;;;0,526911914;9,204434905;0,510288894;10,38937545;;;
0,512570858;0,066885849;0,506664097;0,074196963;;;0,526193321;9,188103372;0,509760559;10,44437549;;;
0,510402441;0,065310116;0,505213559;0,074692138;;;0,524566293;9,210489142;0,508141339;10,45582948;;;
0,51029104;0,065670908;0,504723072;0,073356787;;;0,523953497;9,214027068;0,507564068;10,49439601;;;
0,508615077;0,065525852;0,503324211;0,073967587;;;0,522893012;9,191806509;0,506641865;10,44424838;;;
0,508328974;0,065235201;0,502620995;0,072757634;;;0,521803856;9,217941718;0,505142331;10,43920153;;;
0,506976485;0,064914857;0,501206458;0,073991201;;;0,521336317;9,205206275;0,504810929;10,4316876;;;
0,50502485;0,065097099;0,500555992;0,073139901;;;0,519767463;9,232382273;0,503252268;10,41327705;;;
0,505177617;0,065024004;0,500141978;0,071798656;;;0,518922687;9,224213052;0,502444148;10,45461217;;;
0,503252625;0,065068836;0,498151213;0,072468741;;;0,518146813;9,245901121;0,502001882;10,46555666;;;
0,50313592;0,064147879;0,497815549;0,072114759;;;0,516512811;9,198074688;0,50009644;10,32960021;;;
0,501397669;0,064376879;0,495972812;0,072442945;;;0,516477227;9,221313286;0,499777734;10,4212256;;;
0,500795186;0,063737743;0,49533543;0,069450866;;;0,514673173;9,197251457;0,498193592;10,36537496;;;
0,499267071;0,062733525;0,494874388;0,070053363;;;0,513806999;9,221841222;0,497638732;10,38424545;;;
0,498557955;0,062423879;0,493658096;0,070145862;;;0,513287723;9,229440525;0,496809453;10,39753705;;;
0,498478144;0,062999222;0,493168652;0,069557926;;;0,511399031;9,205645549;0,495292038;10,41195726;;;
0,496254593;0,062760735;0,490879387;0,069418392;;;0,511259913;9,19900017;0,494651318;10,3760711;;;
0,49540022;0,062484722;0,491256088;0,068715738;;;0,51011622;9,209333398;0,493151933;10,35366637;;;
0,494520664;0,061759486;0,488991261;0,06878705;;;0,50872016;9,204109647;0,492706239;10,3963864;;;
0,493694693;0,061301084;0,488956124;0,069716535;;;0,508190095;9,197918226;0,491438508;10,31649923;;;
0,493175179;0,061564704;0,486878663;0,069179055;;;0,506566167;9,205100635;0,49035725;10,36628469;;;
0,491508931;0,061510401;0,486193538;0,068641213;;;0,505919576;9,190639799;0,489915729;10,35950235;;;
0,491017073;0,060576026;0,486144751;0,067250898;;;0,505118251;9,196764724;0,488089889;10,36780145;;;
0,489294261;0,060442554;0,483651072;0,066564843;;;0,503745556;9,216035825;0,487997979;10,34379772;;;
0,489031762;0,059591343;0,484195262;0,066573245;;;0,503222942;9,21339578;0,486422211;10,38238427;;;
0,488518655;0,05921975;0,481785208;0,066607548;;;0,501838565;9,160809726;0,485415161;10,38265559;;;
0,486745238;0,059910123;0,481127471;0,067382728;;;0,500678837;9,168148731;0,484846354;10,31795618;;;
0,485836804;0,058313703;0,480175227;0,065319542;;;0,500439405;9,179537957;0,483118296;10,35738497;;;
0,485430866;0,05880201;0,478987366;0,066478669;;;0,498645931;9,170320652;0,48285374;10,37410814;;;
0,483557045;0,058372949;0,47862947;0,064857599;;;0,497936785;9,170955516;0,481270432;10,36794271;;;
0,483447582;0,057601586;0,47643736;0,062490118;;;0,496807873;9,161413065;0,480716676;10,316064;;;
0,481375486;0,057944298;0,476387411;0,066340029;;;0,495652467;9,16527821;0,479689389;10,33249779;;;
0,481388003;0,05752972;0,475375205;0,067538839;;;0,495361388;9,15060566;0,478094578;10,31431273;;;
0,480401158;0,056838812;0,474020809;0,066934705;;;0,493642688;9,131868985;0,47822699;10,37475964;;;
0,478425473;0,056444167;0,473229796;0,068118442;;;0,492943048;9,132544415;0,476432145;10,37734011;;;
0,47871998;0,056555428;0,471789598;0,065532608;;;0,491856605;9,167155794;0,475715131;10,30904792;;;
0,476058304;0,055939127;0,471709102;0,065895824;;;0,490656674;9,131202283;0,474605322;10,26769913;;;
0,476268113;0,055893481;0,469884545;0,065660608;;;0,489997298;9,143973843;0,473417222;10,23873109;;;
0,474347442;0,056068798;0,469056398;0,065062497;;;0,488646924;9,116570529;0,472879082;10,18464313;;;
0,473551929;0,055862865;0,468779743;0,065138238;;;0,487928241;9,130214329;0,47135964;10,2364748;;;
0,473264068;0,0556225;0,467155337;0,063197544;;;0,486802727;9,144687977;0,4710145;10,21504042;;;
0,471532077;0,054847505;0,46684745;0,06187521;;;0,485636532;9,102919071;0,469390064;10,24507167;;;
0,471300811;0,054479774;0,465130866;0,061419377;;;0,485298336;9,107178031;0,468573451;10,18905395;;;
0,468874633;0,054300346;0,464651287;0,061598093;;;0,483717889;9,115729376;0,467463851;10,04461551;;;
0,468515337;0,054489816;0,46292299;0,058361607;;;0,482912302;9,122533461;0,466335982;10,0792261;;;
0,468000293;0,053276704;0,462190241;0,06115208;;;0,482044011;9,108948987;0,46602571;10,02520244;;;
0,466146201;0,05313943;0,461427718;0,06095928;;;0,48067674;9,099835796;0,464296341;10,04363791;;;
0,465889633;0,052292422;0,460364491;0,061099842;;;0,480567575;9,107619437;0,46399042;10,08578971;;;
0,464433283;0,052280242;0,4596349;0,060688677;;;0,478739977;9,106402151;0,462233782;10,12081661;;;
0,464011371;0,052178717;0,457906693;0,06154309;;;0,478000253;9,110121194;0,461721063;10,15115521;;;
0,462998122;0,052721869;0,457648337;0,058766634;;;0,477113008;9,095236581;0,460668087;10,13017493;;;
0,461734504;0,05306013;0,456942022;0,059773303;;;0,475700915;9,096958731;0,45950681;10,07847038;;;
0,460926741;0,051349625;0,455224425;0,059344637;;;0,475570679;9,082616917;0,458952963;10,10325033;;;
0,459524393;0,051185554;0,455023944;0,058546146;;;0,473480374;9,069017159;0,457113534;10,13545316;;;
0,458695412;0,049834951;0,453291237;0,059868837;;;0,473058313;9,100090135;0,456711173;10,11399788;;;
0,458327591;0,04982751;0,452538908;0,058888913;;;0,471922129;9,096216308;0,455333441;10,06793662;;;
0,456397295;0,05029473;0,451033026;0,057749328;;;0,470715791;9,069566549;0,454490483;10,13491288;;;
0,456268013;0,050330133;0,45059213;0,057714224;;;0,470323712;9,083126795;0,453815043;10,14940361;;;
0,454509467;0,049112494;0,449198723;0,057087193;;;0,468459129;9,082203395;0,452060223;10,12154321;;;
0,454212695;0,048473722;0,448199272;0,057101931;;;0,468178451;9,054892744;0,451877058;10,1261421;;;
0,452943861;0,048157192;0,447846651;0,056182782;;;0,466885;9,066374111;0,450497955;10,09791372;;;
0,451351672;0,047946778;0,446072936;0,056327457;;;0,465765715;9,05926088;0,449346244;9,998524192;;;
0,45100829;0,047814535;0,446101457;0,053646221;;;0,465097934;8,987274186;0,448887587;10,04917243;;;
0,449784011;0,047185456;0,444057733;0,051764309;;;0,463610649;9,035176146;0,447251499;10,05527086;;;
0,448761165;0,046281223;0,44341594;0,052260863;;;0,463288486;9,057927997;0,447025806;10,08637857;;;
0,448247999;0,046594314;0,442947954;0,052704175;;;0,461841494;9,040324555;0,445270181;10,0707904;;;
0,446824431;0,04557188;0,441073596;0,052263697;;;0,460838795;9,027342498;0,44447279;10,04418498;;;
0,446436763;0,048439698;0,441132843;0,050786917;;;0,459834874;9,061139633;0,443399072;10,03597622;;;
0,444700181;0,044758109;0,43924883;0,051407816;;;0,458741039;9,076770456;0,442240536;9,944170153;;;
0,443877637;0,043887167;0,438691974;0,051198814;;;0,458241761;9,048642563;0,441840291;9,937581273;;;
0,443128109;0,043983001;0,437183976;0,051138526;;;0,457001567;9,03596625;0,440217912;9,888110544;;;
0,441149205;0,043475417;0,436397195;0,050525957;;;0,455774039;9,071745107;0,439668417;9,949894956;;;
0,441835791;0,043063869;0,435890973;0,049376395;;;0,455407321;9,063509001;0,438391238;9,940898254;;;
0,439060181;0,042936602;0,433189631;0,049138833;;;0,453504741;9,075123246;0,437489003;9,93660774;;;
0,43891257;0,042312638;0,433953166;0,048324503;;;0,453108132;9,095492346;0,436859757;9,980761655;;;
0,437423766;0,041983321;0,432705343;0,046699679;;;0,451971829;9,10375251;0,435106486;9,920298105;;;
0,436736375;0,041445175;0,430837035;0,045924734;;;0,450801551;9,069000366;0,434648901;9,919271105;;;
0,436309159;0,04091356;0,430719107;0,045623119;;;0,450380743;9,094075781;0,433303982;9,923014081;;;
0,434347302;0,040261706;0,428459287;0,045501562;;;0,448688984;9,132198159;0,432622045;9,850236101;;;
0,433799088;0,04021449;0,42891252;0,044847698;;;0,448305279;9,105636676;0,43122983;9,901194668;;;
0,433734387;0,040346938;0,427635461;0,04419762;;;0,447037518;9,125733406;0,43048507;9,895299972;;;
0,431032717;0,039796753;0,425330073;0,043369532;;;0,445806831;9,107554182;0,429758608;9,88578592;;;
0,430914819;0,038920299;0,425734699;0,043849991;;;0,445316046;9,12438251;0,428212553;9,865269129;;;
0,429887742;0,03849356;0,424273223;0,041925437;;;0,44351086;9,106526075;0,42778793;9,878444027;;;
0,428241521;0,038115943;0,423169017;0,041916059;;;0,443222553;9,123324011;0,426162452;9,87150803;;;
0,427690297;0,037847614;0,422524959;0,041788357;;;0,441999316;9,105936862;0,425800294;9,861028688;;;
0,425923914;0,036911506;0,420778006;0,041478645;;;0,440754831;9,135561675;0,424632251;9,858074274;;;
0,425602078;0,036637456;0,420583844;0,038853855;;;0,440285444;9,16905018;0,423302084;9,788883808;;;
0,425179124;0,036193847;0,419196635;0,039178485;;;0,438374102;9,118491396;0,422997177;9,786253649;;;
0,423603684;0,035871567;0,418030679;0,038986332;;;0,438251376;9,138600215;0,421405703;9,75748764;;;
0,422701955;0,036870696;0,417577535;0,03870965;;;0,436775595;9,110250268;0,421063572;9,793638437;;;
0,422009736;0,034699617;0,416098118;0,039060622;;;0,435860783;9,133940518;0,419367164;9,836624366;;;
0,420667052;0,034545214;0,415598303;0,038189286;;;0,434937537;9,126678774;0,418465793;9,736056006;;;
0,42028302;0,034251438;0,414774448;0,037537914;;;0,433625251;9,132478978;0,417437732;9,787322353;;;
0,419418782;0,033657011;0,413084239;0,037471978;;;0,433113247;9,131436529;0,416089654;9,754679203;;;
0,417534411;0,033158819;0,412908554;0,036496369;;;0,431454509;9,117427328;0,415936083;9,730783563;;;
0,417348921;0,032941152;0,411019534;0,03563835;;;0,430767477;9,123447462;0,414398521;9,765178;;;
0,415838033;0,03226355;0,410427392;0,035524965;;;0,429905713;9,120473801;0,413818061;9,762862804;;;
0,414678752;0,03206251;0,409707457;0,035254725;;;0,428790599;9,10961487;0,412222356;9,701442453;;;
0,414601415;0,031580982;0,40800029;0,034018128;;;0,428224564;9,112767892;0,411762595;9,708603712;;;
0,412690639;0,030882628;0,407943994;0,033812107;;;0,426746845;9,104414939;0,410571426;9,554882193;;;
0,412247121;0,031248272;0,405807197;0,033474733;;;0,425804555;9,124416366;0,4095231;9,53966918;;;
0,410936981;0,0304561;0,405599475;0,032949537;;;0,425108135;9,106064666;0,408981949;9,591361964;;;
0,40925476;0,029882166;0,404943109;0,032426437;;;0,423608094;9,104897;0,407269716;9,565730156;;;
0,40941903;0,029425525;0,402684331;0,032038635;;;0,423176825;9,119851327;0,406882077;9,507885157;;;
0,408225805;0,029102592;0,402886599;0,03144113;;;0,421512604;9,098285065;0,405098766;9,562762033;;;
0,406681001;0,028801369;0,400565684;0,030758039;;;0,420919031;9,093955844;0,404721767;9,52531654;;;
0,406286687;0,028238562;0,39996922;0,029771184;;;0,419882268;9,087591954;0,403400362;9,472140991;;;
0,404323667;0,027701775;0,399648249;0,029475439;;;0,418919712;9,081612681;0,402373046;9,467695147;;;
0,404075593;0,027324757;0,397712529;0,028949192;;;0,418073952;9,093584371;0,401901156;9,503251998;;;
0,402855456;0,027410907;0,397689223;0,028719897;;;0,416302711;9,069196246;0,400123805;9,475422869;;;
0,401101649;0,026588469;0,395894289;0,028248891;;;0,415806711;9,068402884;0,399987191;9,462233251;;;
0,401043952;0,026316314;0,395223141;0,027967605;;;0,414720088;9,068450407;0,39836067;9,540028821;;;
0,399745405;0,02598016;0,394806802;0,026780408;;;0,413773507;9,060340513;0,397625774;9,463959926;;;
0,398647338;0,025508692;0,3929061;0,025499182;;;0,412964702;9,064125894;0,396550864;9,460012851;;;
0,398221105;0,025149799;0,392055601;0,025985316;;;0,411315352;9,013214348;0,395533234;9,495906007;;;
0,396544188;0,024697892;0,391471982;0,025983519;;;0,411189228;9,017049516;0,394888312;9,450252611;;;
0,396174282;0,024159794;0,390090227;0,025070907;;;0,409543812;9,032136021;0,393311679;9,460522235;;;
0,395327359;0,024056087;0,389965355;0,025484322;;;0,408785135;9,048609749;0,392901689;9,432226421;;;
0,393510848;0,023541459;0,387914091;0,024601646;;;0,40814054;9,042546042;0,391533583;9,40979444;;;
0,392964572;0,023030957;0,387468219;0,024386179;;;0,40663752;8,992739446;0,390681088;9,448432413;;;
0,392275542;0,022807072;0,387012899;0,02408047;;;0,406267643;9,017774158;0,389367104;9,445089085;;;
0,3903189;0,022281605;0,38475427;0,023822742;;;0,404670238;8,986787596;0,38854304;9,334910185;;;
0,38995415;0,022058536;0,384467155;0,023238457;;;0,404042691;8,981829221;0,387873858;9,331979096;;;
0,388854921;0,021781777;0,383322775;0,022420359;;;0,402838498;9,005380426;0,386000514;9,337286149;;;
0,387952805;0,021170627;0,382161796;0,022109179;;;0,401705444;8,993606452;0,386009991;9,342222412;;;
0,387084723;0,020847033;0,382139862;0,02138743;;;0,401357681;8,996344177;0,384305149;9,350273068;;;
0,385775238;0,020450269;0,380115896;0,02079315;;;0,399629861;9,018715316;0,383875132;9,333233985;;;
0,385454476;0,020201576;0,379667938;0,020126104;;;0,399223953;8,979964854;0,382092953;9,268163041;;;
0,384489834;0,019949795;0,379338652;0,019960425;;;0,397682667;8,973820629;0,381829143;9,289281773;;;
0,382211059;0,01952307;0,377340734;0,019654743;;;0,396775275;8,991263847;0,380641133;9,191359385;;;
0,382922083;0,019060719;0,376504868;0,01880879;;;0,396068275;8,999554682;0,379408449;9,21061495;;;
0,381188959;0,018525334;0,374957174;0,01864891;;;0,394687086;8,978633207;0,378685236;9,203731104;;;
0,379263133;0,018180704;0,374285281;0,018273131;;;0,394056261;8,984281733;0,377321452;9,171363611;;;
0,379674286;0,017952147;0,374470472;0,01777234;;;0,392556429;8,960508107;0,377153993;9,17126831;;;
0,378077865;0,017491154;0,371772408;0,017363654;;;0,391907752;9,040376105;0,375304163;9,237257085;;;
0,377012819;0,017144749;0,371252418;0,017039836;;;0,390726;8,992605354;0,374752313;9,180606698;;;
0,376201659;0,016831243;0,371183634;0,016353557;;;0,389557689;8,948216674;0,373466849;9,11936931;;;
0,374168068;0,016398362;0,369150758;0,016466989;;;0,389183521;8,934559505;0,372514695;9,078789277;;;
0,373760462;0,016008188;0,368840128;0,01564624;;;0,387589306;8,97659617;0,37172848;9,10175778;;;
0,372856289;0,015896374;0,366897285;0,015330769;;;0,387149394;9,003248587;0,370425463;9,072891001;;;
0,371237755;0,015513331;0,366205484;0,015130165;;;0,385756463;8,973315131;0,3695921;9,094466197;;;
0,370910138;0,014999764;0,365607232;0,014718642;;;0,385167211;8,988798753;0,368255615;9,019953148;;;
0,370215803;0,014684941;0,363415152;0,01372072;;;0,384112507;8,973756563;0,367847919;9,001344985;;;
0,368784785;0,014373102;0,362994224;0,013258451;;;0,382559657;8,943245933;0,366137683;9,034568289;;;
0,368183792;0,014021006;0,362349838;0,012868568;;;0,382160991;8,9189509;0,365931243;9,038647532;;;
0,367207527;0,013627102;0,361459196;0,012748467;;;0,38062185;8,926102298;0,36446774;9,021179212;;;
0,365834862;0,013373275;0,360550642;0,012324281;;;0,379995227;8,912212952;0,363584667;8,987156085;;;
0,365442634;0,013033446;0,359340549;0,01197933;;;0,378703266;8,952223367;0,36237523;8,998287611;;;
0,363630593;0,012766443;0,358416826;0,01145938;;;0,377866924;8,892201932;0,361605346;8,979078262;;;
0,362787277;0,012414354;0,357920021;0,011000016;;;0,376980752;8,916593856;0,360837638;8,977604524;;;
0,362712026;0,012102092;0,355871111;0,010692304;;;0,375425726;8,8980409;0,359296799;8,979904853;;;
0,360743552;0,011736898;0,355771661;0,010331609;;;0,375264525;8,883045435;0,358901918;8,890257099;;;
0,360000581;0,011322855;0,354494482;0,009577104;;;0,373792261;8,874843642;0,357200176;8,937879639;;;
0,359185427;0,011039466;0,35315603;0,009474927;;;0,37313509;8,865139556;0,356929034;8,847475646;;;
0,357253224;0,010782186;0,352769464;0,009339376;;;0,371901304;8,822993956;0,355484724;8,866811361;;;
0,357336253;0,010233911;0,35093227;0,008865954;;;0,370774448;8,89596012;0,354722142;8,798240788;;;
0,355444878;0,01008945;0,350572139;0,008586091;;;0,370261371;8,866903772;0,353136688;8,799186717;;;
0,354630888;0,009660267;0,350157589;0,008273487;;;0,368778437;8,845353542;0,352745086;8,839333975;;;
0,354819268;0,009462223;0,347783893;0,007953732;;;0,368151963;8,864241136;0,351514786;8,784730105;;;
0,352289408;0,009141518;0,347292602;0,007656865;;;0,366550326;8,86307914;0,350577444;8,742969521;;;
0,351464361;0,008916961;0,346858382;0,007159964;;;0,366167307;8,828630084;0,349590838;8,824361416;;;
0,351287365;0,008664905;0,345388442;0,006877813;;;0,364718646;8,832034495;0,348599285;8,787635075;;;
0,348917335;0,008301078;0,344870716;0,006638234;;;0,36392355;8,801945903;0,3475869;8,732109692;;;
0,348828137;0,007965556;0,342615336;0,006244145;;;0,362669617;8,793051408;0,346029192;8,776506731;;;
0,347601712;0,007717314;0,342329204;0,005916383;;;0,361678541;8,861193586;0,346082091;8,766376225;;;
0,346106946;0,007517884;0,341741681;0,005602912;;;0,360934377;8,789219178;0,344359249;8,583465151;;;
0,346049845;0,007171907;0,339533597;0,005312665;;;0,359652877;8,804077312;0,343500435;8,594076064;;;
0,344740748;0,007000877;0,339868426;0,00519042;;;0,359149426;8,825541406;0,342580199;8,609338589;;;
0,343154997;0,006798089;0,33873409;0,004658712;;;0,357580692;8,772141133;0,34153074;8,603295936;;;
0,34300977;0,006454382;0,336979508;0,004527317;;;0,357091904;8,744372206;0,34105742;8,566011856;;;
0,341634899;0,006238504;0,336768657;0,004368247;;;0,355891973;8,678928561;0,339377999;8,62073023;;;
0,340162575;0,005974848;0,334609687;0,004121503;;;0,354878575;8,711819294;0,338668406;8,543812031;;;
0,340497524;0,005728296;0,334374368;0,003821714;;;0,354046524;8,744587113;0,337605238;8,559842465;;;
0,338145494;0,005499881;0,333402365;0,003507574;;;0,352753311;8,758081608;0,336584419;8,554138564;;;
0,337397039;0,005342619;0,331827611;0,003243713;;;0,352250874;8,727543307;0,335485309;8,472879734;;;
0,337702304;0,005110439;0,331098914;0,003125193;;;0,350319505;8,729407909;0,334526867;8,356280043;;;
0,335724443;0,004891366;0,33057484;0,002817695;;;0,350077718;8,718235407;0,333780348;8,374847103;;;
0,334423721;0,004707528;0,329037517;0,002539825;;;0,348699868;8,699814819;0,33201924;8,323356986;;;
0,334669679;0,004538939;0,328577667;0,002484739;;;0,347894281;8,690477953;0,331927449;8,335450345;;;
0,332115024;0,004310305;0,327483773;0,002341035;;;0,346804738;8,691358004;0,330359876;8,35854936;;;
0,331769496;0,004116066;0,32631886;0,002196747;;;0,345397949;8,650519412;0,329646111;8,39197152;;;
0,331477791;0,003954739;0,325796694;0,001946674;;;0,345380962;8,655097477;0,328149825;8,33974696;;;
0,328859717;0,003706398;0,32427302;0,001748087;;;0,343816549;8,642581697;0,327731431;8,358666412;;;
0,328660518;0,003530195;0,323087871;0,001552564;;;0,343118936;8,649474996;0,326719195;8,372930674;;;
0,328432471;0,003365819;0,323717058;0,001358631;;;0,342009157;8,613153931;0,325438917;8,353736092;;;
0,326119632;0,003178955;0,321551591;0,001222907;;;0,340594023;8,625527436;0,324800372;8,304883452;;;
0,325670213;0,003021112;0,320480853;0,001096449;;;0,340447724;8,629323114;0,323334873;8,306547534;;;
0,32475245;0,002813322;0,319831729;0,000916343;;;0,338751614;8,622728627;0,323227823;8,281234287;;;
0,322925836;0,002641694;0,317880124;0,000706183;;;0,338170856;8,593757268;0,321357548;8,282257623;;;
0,322822005;0,002479681;0,317242563;0,000485938;;;0,336544812;8,565848022;0,320849419;8,268741677;;;
0,321952969;0,002279472;0,317184359;0,000286691;;;0,336130172;8,50505815;0,319362521;8,288805096;;;
0,320218623;0,00210029;0,314964414;6,1153E-05;;;0,335099995;8,516910993;0,318548292;8,285836099;;;
0,319805145;0,001908049;0,314142019;-6,711E-05;;;0,333768666;8,495502107;0,317599475;8,229542335;;;
0,319033504;0,001741459;0,313459009;-0,000246898;;;0,333190918;8,513682628;0,316429317;8,269523759;;;
0,317306787;0,001572359;0,311853588;-0,000454345;;;0,331529915;8,51094991;0,315672159;8,183272482;;;
0,316853315;0,001357605;0,311282247;-0,000565142;;;0,331083566;8,510520573;0,314228803;8,205329404;;;
0,316489518;0,001171247;0,310934424;-0,0007436;;;0,329722583;8,510823086;0,313820064;8,229351187;;;
0,314592093;0,001000564;0,308844864;-0,000985873;;;0,328725159;8,509135247;0,311994463;8,167900771;;;
0,313465446;0,000849813;0,308374941;-0,001189833;;;0,328104258;8,514998964;0,312036037;8,151772029;;;
0,313753664;0,000710311;0,307919592;-0,001264833;;;0,326635867;8,541223481;0,310368925;8,150275639;;;
0,311687469;0,000565823;0,307287455;-0,001369345;;;0,326625288;8,478685042;0,309504896;8,115637073;;;
0,310520649;0,000398508;0,306753695;-0,001368913;;;0,324630439;8,491302914;0,308371753;8,152131299;;;
0,310247183;0,000247392;0,304142356;-0,001666419;;;0,324143797;8,434575634;0,307713032;8,061957894;;;
0,308305472;0,00012089;0,306111932;-0,00165322;;;0,322826236;8,497588399;0,306704968;8,125243298;;;
0,307227224;-1,33858E-06;0,30542779;-0,001834095;;;0,321909428;8,469875767;0,305281818;8,090319159;;;
0,305815369;-0,000102304;0,30397284;-0,001894786;;;0,321080387;8,447146415;0,304790378;8,082486577;;;
0,307294011;-9,85781E-05;0,303376645;-0,002077535;;;0,31973204;8,487292967;0,302957445;8,043090307;;;
0,308181286;-0,00010247;0,302375942;-0,002117856;;;0,319371641;8,43179526;0,302998632;8,065780938;;;
0,307152838;-0,000195275;0,301027805;-0,002364898;;;0,317673564;8,48182648;0,30136463;8,018461189;;;
0,304956764;-0,000186259;0,299818575;-0,002500557;;;0,317262441;8,404458121;0,300727129;8,019041655;;;
0,306285799;-0,000293508;0,300325632;-0,002610105;;;0,315495253;8,421068623;0,299577117;7,991130795;;;
0,304480761;-0,000405717;0,29805541;-0,002846857;;;0,31465888;8,488291733;0,298454642;7,900657839;;;
0,303943276;-0,000545233;0,29728651;-0,002956744;;;0,314052582;8,333833385;0,298021406;7,93333314;;;
0,302389592;-0,000671605;0,296912789;-0,00302878;;;0,31273073;8,326993092;0,296439439;7,946651913;;;
0,301360101;-0,000777218;0,295286179;-0,003148243;;;0,312195271;8,30066272;0,295591116;7,908886724;;;
0,301006377;-0,000873543;0,293427765;-0,00334568;;;0,310246319;8,318212331;0,294441223;7,877714105;;;
0,300562829;-0,000982373;0,29407528;-0,003361185;;;0,309948266;8,342045075;0,294018745;7,883842678;;;
0,298430234;-0,001104332;0,291648746;-0,003533549;;;0,308892399;8,276286767;0,291826636;7,846350655;;;
0,297735959;-0,001196086;0,290493548;-0,003602401;;;0,307905614;8,319471939;0,291883856;7,851064179;;;
0,297508985;-0,001279642;0,290586621;-0,003645717;;;0,306917697;8,334746855;0,290232897;7,83607061;;;
0,296035677;-0,001407173;0,289659828;-0,003671469;;;0,30581215;8,305610547;0,289520085;7,81780647;;;
0,294460326;-0,001537724;0,287335604;-0,003767055;;;0,305268347;8,272212207;0,288521647;7,807738648;;;
0,29479441;-0,001652326;0,287165195;-0,003919454;;;0,303656042;8,318907082;0,287568599;7,77284091;;;
0,293088883;-0,001754513;0,286406904;-0,004025239;;;0,302965045;8,256153885;0,286997825;7,75662168;;;
0,291494131;-0,001854666;0,284917921;-0,004083157;;;0,301547706;8,309892642;0,285418779;7,725943171;;;
0,291685432;-0,001968828;0,284575999;-0,004223382;;;0,300912768;8,256490281;0,284790933;7,725149489;;;
0,289487004;-0,002085272;0,283336937;-0,00429835;;;0,299729913;8,207589387;0,283495784;7,724799665;;;
0,288361371;-0,002128196;0,282048225;-0,00437271;;;0,29869312;8,24638001;0,282695293;7,729959566;;;
0,289019525;-0,002285745;0,281650245;-0,004378574;;;0,298098445;8,218072128;0,281470835;7,723821597;;;
0,286430985;-0,002416341;0,279842436;-0,004676018;;;0,296651721;8,199580663;0,280595362;7,667481577;;;
0,285758436;-0,00253845;0,279056638;-0,004772546;;;0,296414107;8,162287945;0,27962628;7,640670677;;;
0,285223663;-0,002639101;0,279663473;-0,004930738;;;0,29443264;8,140270229;0,278184116;7,628727551;;;
0,284396768;-0,002752632;0,277311295;-0,005031648;;;0,294130832;8,192980275;0,277938277;7,569634311;;;
0,282421023;-0,002895997;0,275957137;-0,0050633;;;0,292918205;8,180266833;0,276301295;7,572580193;;;
0,281615376;-0,002998644;0,275509089;-0,005234096;;;0,291746825;8,21471023;0,275784582;7,621897461;;;
0,281066;-0,003034098;0,273667663;-0,005356638;;;0,291240215;8,153945581;0,274174929;7,593998579;;;
0,279611975;-0,003150366;0,272841752;-0,005487266;;;0,289651275;8,183411779;0,273646474;7,540149354;;;
0,278925061;-0,003239193;0,273150921;-0,005593041;;;0,288960159;8,147355292;0,272366226;7,48082868;;;
0,278101712;-0,003365618;0,27077955;-0,005714971;;;0,287723154;8,119420662;0,271820843;7,48226561;;;
0,276819915;-0,003478376;0,26913324;-0,005736349;;;0,286869794;8,132665419;0,270519406;7,400218094;;;
0,275594473;-0,003553734;0,269589752;-0,005776117;;;0,285800397;8,027222461;0,269251853;7,386243095;;;
0,275561541;-0,003671171;0,267858267;-0,005915844;;;0,284691513;8,053010484;0,268782735;7,377126574;;;
0,273342043;-0,003763212;0,266725272;-0,005955498;;;0,284148663;8,062247218;0,267322421;7,407306863;;;
0,272425085;-0,003803604;0,266144872;-0,006252418;;;0,282821685;8,033069966;0,26698038;7,371930612;;;
0,273402482;-0,003922132;0,265435249;-0,006471783;;;0,282303333;8,05424612;0,265147299;7,320741477;;;
0,270692021;-0,004010561;0,264089435;-0,006364468;;;0,280513018;8,045181051;0,264878392;7,338886756;;;
0,26925686;-0,004112908;0,26293084;-0,006345203;;;0,279984057;8,03342593;0,263173461;7,287962098;;;
0,269135952;-0,004116735;0,262367576;-0,006536739;;;0,278882712;8,047359732;0,262538075;7,287267725;;;
0,268524349;-0,004207132;0,26104334;-0,006515353;;;0,277710289;8,016429418;0,261596352;7,304270709;;;
0,265969008;-0,00444792;0,260377824;-0,006819241;;;0,277177155;8,094688748;0,260487944;7,254295109;;;
0,266067237;-0,004354361;0,259693533;-0,006768325;;;0,27542302;8,099118215;0,259887516;7,214702561;;;
0,264957428;-0,00436382;0,257745236;-0,007031691;;;0,275409043;8,06346699;0,2581985;7,181457797;;;
0,262994617;-0,004392378;0,256927669;-0,007031078;;;0,273571014;8,026111173;0,258004427;7,220060932;;;
0,262911618;-0,004521902;0,256499916;-0,006708655;;;0,272845984;8,025841916;0,256155759;7,189572039;;;
0,262135863;-0,004550752;0,255419761;-0,006875604;;;0,271721303;7,992533946;0,255684465;7,184525893;;;
0,26092726;-0,004594978;0,253651321;-0,007189007;;;0,270825595;7,967586338;0,254091859;7,208612343;;;
0,259566247;-0,004621183;0,253160626;-0,007100663;;;0,269924492;7,937676012;0,253652453;7,184135208;;;
0,259263963;-0,004693493;0,252189964;-0,006668104;;;0,268657893;8,004883121;0,25224188;7,155439817;;;
0,258816808;-0,004766507;0,251063228;-0,007028984;;;0,268305987;7,973771664;0,251511186;7,161286691;;;
0,256189078;-0,004823292;0,250496715;-0,007268627;;;0,266170263;7,946265975;0,250610024;7,167353586;;;
0,255972981;-0,004879885;0,248382151;-0,007351815;;;0,266180664;7,980734487;0,249231294;7,105878541;;;
0,255868971;-0,004972515;0,247824982;-0,007404425;;;0,264833421;7,949148068;0,248891369;7,120568723;;;
0,253452152;-0,005049884;0,247450948;-0,007303831;;;0,264045835;7,929995127;0,247462779;7,087717561;;;
0,252784163;-0,005079484;0,246115848;-0,007416035;;;0,262960374;7,936920253;0,246875107;7,083106096;;;
0,252056092;-0,005170939;0,245224267;-0,007570694;;;0,26151967;7,958804819;0,245172977;7,068769873;;;
0,250775069;-0,005247297;0,244506225;-0,007786846;;;0,261474252;7,913331059;0,24491708;7,0342073;;;
0,249762312;-0,00530481;0,24313198;-0,00759889;;;0,259633034;7,867372678;0,243495971;7,013140704;;;
0,24916552;-0,005291481;0,241979569;-0,007527065;;;0,25887081;7,892039248;0,242477283;6,998644298;;;
0,247456938;-0,005356646;0,241637379;-0,00791084;;;0,257569194;7,884584038;0,241749704;7,015791076;;;
0,245889038;-0,005447074;0,240825295;-0,007708835;;;0,256860048;7,876576172;0,240360424;6,932966701;;;
0,245735317;-0,005525715;0,239085555;-0,007873389;;;0,255830914;7,900231674;0,239455715;6,928464069;;;
0,245209351;-0,005587019;0,23826474;-0,008075042;;;0,254516393;7,900799749;0,238310307;6,943063985;;;
0,243865505;-0,005671171;0,237931699;-0,007853711;;;0,254380435;7,933331972;0,238178298;6,947293688;;;
0,242570147;-0,005717628;0,235302836;-0,007915128;;;0,252724022;7,911593351;0,236340612;6,866786615;;;
0,242226735;-0,005834882;0,234995395;-0,008078151;;;0,25205189;7,921580871;0,235464886;6,881257456;;;
0,24118261;-0,005901081;0,235200137;-0,00838985;;;0,250625044;7,871071376;0,234499112;6,878720249;;;
0,239698559;-0,005975912;0,232297719;-0,008415944;;;0,2499796;7,818035008;0,233556688;6,879775833;;;
0,238920569;-0,006041036;0,231896177;-0,008466722;;;0,249105081;7,801595091;0,233018681;6,859316662;;;
0,238717049;-0,006149111;0,23145546;-0,00842367;;;0,24773021;7,826663838;0,231340364;6,825784091;;;
0,236048579;-0,00609401;0,229989022;-0,008528484;;;0,247189686;7,83476163;0,230691105;6,829981793;;;
0,235829592;-0,006193469;0,228467852;-0,008829095;;;0,245578453;7,794359349;0,229436249;6,812017589;;;
0,235745862;-0,006276331;0,228047937;-0,008935064;;;0,245178819;7,77452846;0,228487417;6,715236171;;;
0,233293265;-0,006334519;0,226823509;-0,008521302;;;0,243632272;7,762326068;0,227622241;6,738020862;;;
0,232222378;-0,006364468;0,225225836;-0,008327506;;;0,242982343;7,775898868;0,22625196;6,751629178;;;
0,23212491;-0,00635634;0,225592211;-0,008719745;;;0,241585404;7,725079433;0,225890815;6,766392758;;;
0,231157109;-0,006428691;0,224498332;-0,009179005;;;0,240632504;7,769590048;0,224002734;6,74852851;;;
0,228715912;-0,0065753;0,222427905;-0,009154318;;;0,239960402;7,746578339;0,22360985;6,697911447;;;
0,228773132;-0,006554952;0,222433358;-0,008949711;;;0,238543212;7,768920582;0,222410068;6,696458685;;;
0,228175312;-0,00655716;0,221888915;-0,008999146;;;0,238007918;7,750269787;0,221576661;6,703672985;;;
0,226625577;-0,006553861;0,219710797;-0,009356629;;;0,236805916;7,713869525;0,220737994;6,66216758;;;
0,225761622;-0,006621735;0,218848899;-0,009165655;;;0,235640928;7,695755422;0,21901302;6,661099556;;;
0,225129902;-0,00665156;0,219353944;-0,009406686;;;0,235149071;7,719786614;0,218922943;6,649151779;;;
0,224372;-0,006663973;0,216221631;-0,009161331;;;0,233722419;7,742236461;0,217454001;6,601494295;;;
0,222720698;-0,006652291;0,215485573;-0,009378526;;;0,233044952;7,676539577;0,216631368;6,597731076;;;
0,221844941;-0,006764935;0,215672314;-0,009462014;;;0,23170279;7,700114973;0,215520516;6,624178038;;;
0,221622229;-0,006772017;0,214747474;-0,009511452;;;0,230677977;7,714028809;0,214086682;6,62808078;;;
0,219101682;-0,006795887;0,213239416;-0,009280099;;;0,230253994;7,654064872;0,214104503;6,604197664;;;
0,218606666;-0,006822369;0,211658493;-0,009352008;;;0,228448838;7,641249547;0,212225035;6,551828728;;;
0,21853441;-0,006943441;0,211205155;-0,009384186;;;0,228226185;7,686023799;0,211704999;6,588855987;;;
0,216921255;-0,006920849;0,21037294;-0,009582013;;;0,226613909;7,660700482;0,210256457;6,583703027;;;
0,215235829;-0,006881192;0,208878562;-0,009608449;;;0,225819975;7,69060246;0,209694415;6,545901785;;;
0,21424599;-0,006985439;0,207963824;-0,009571951;;;0,225160658;7,676128782;0,208734721;6,541844466;;;
0,214043319;-0,007148048;0,207433179;-0,009520029;;;0,223627895;7,608905744;0,207226664;6,477914973;;;
0,213403076;-0,007057648;0,207242668;-0,009595211;;;0,223243102;7,587103395;0,206845567;6,521259318;;;
0,211634934;-0,007105778;0,204869479;-0,009715699;;;0,221581012;7,61831512;0,20526661;6,547473865;;;
0,210759446;-0,007195619;0,204106048;-0,009718881;;;0,220686346;7,585886991;0,204763666;6,476388641;;;
0,209858403;-0,00728358;0,203539446;-0,009621989;;;0,219833076;7,572944742;0,203632608;6,468226242;;;
0,209429115;-0,007260386;0,202030495;-0,009673936;;;0,218606651;7,543813888;0,202349246;6,452416563;;;
0,207952544;-0,007260746;0,200861737;-0,009364717;;;0,218466073;7,526084151;0,20193401;6,429598303;;;
0,206728101;-0,007355105;0,200380638;-0,009838363;;;0,216549188;7,551253547;0,200378522;6,407165071;;;
0,206392214;-0,007381324;0,199951157;-0,00977094;;;0,215870768;7,552425486;0,199869379;6,40042636;;;
0,205912024;-0,007526518;0,197942927;-0,010065039;;;0,214665681;7,535304431;0,19822143;6,386484242;;;
0,203085989;-0,007478386;0,196575925;-0,009866676;;;0,213675499;7,497794751;0,197581768;6,342896421;;;
0,202669501;-0,007518689;0,196294129;-0,009957999;;;0,213308766;7,491452716;0,196544051;6,360235093;;;
0,201987907;-0,00767895;0,195444793;-0,0101296;;;0,211447388;7,534154235;0,195441619;6,37029551;;;
0,200868666;-0,007668548;0,193893492;-0,010255206;;;0,210965067;7,523649286;0,194895267;6,363923556;;;
0,199423775;-0,007681937;0,192989126;-0,010326748;;;0,209965408;7,545634021;0,19323276;6,330181535;;;
0,19842647;-0,007694872;0,192159981;-0,01042797;;;0,208778292;7,410328336;0,192904443;6,30903119;;;
0,197773322;-0,007802006;0,19187656;-0,009915734;;;0,208273754;7,453082557;0,191512898;6,285231339;;;
0,197515771;-0,007870096;0,189805925;-0,010263093;;;0,206667885;7,479290323;0,190531313;6,260750623;;;
0,195520401;-0,007907189;0,189245641;-0,010545683;;;0,206157982;7,434487257;0,189542204;6,250459576;;;
0,194740668;-0,007889348;0,188743785;-0,010790641;;;0,204689845;7,456131159;0,188336089;6,271531643;;;
0,194189474;-0,008045982;0,186947867;-0,010675119;;;0,203707278;7,416725601;0,188045844;6,227848492;;;
0,193482876;-0,007889492;0,18552351;-0,010649241;;;0,203124225;7,381562322;0,186266899;6,222001956;;;
0,191144049;-0,007958121;0,184559509;-0,010871004;;;0,20156391;7,37941245;0,185708746;6,236790617;;;
0,190550476;-0,008000854;0,185048029;-0,010846566;;;0,20110178;7,371817515;0,184055805;6,212884144;;;
0,190358803;-0,008029188;0,183306977;-0,010648414;;;0,199669674;7,382189228;0,183288053;6,180349511;;;
0,189459711;-0,007998333;0,180638552;-0,010908404;;;0,198908508;7,356721793;0,182890967;6,174294754;;;
0,188314736;-0,008032613;0,181407467;-0,011004076;;;0,197970495;7,354815887;0,181209356;6,176174459;;;
0,185547248;-0,007985574;0,180909649;-0,011138961;;;0,196507692;7,373248399;0,180840805;6,140480084;;;
0,186034843;-0,008097595;0,17884469;-0,011009131;;;0,196139976;7,397541244;0,179319933;6,139131886;;;
0,185455382;-0,008134272;0,177958339;-0,011056104;;;0,19457531;7,356497933;0,178428531;6,118553406;;;
0,183517337;-0,008087555;0,177535757;-0,011120727;;;0,193690196;7,33538358;0,177869216;6,077376974;;;
0,182626933;-0,008066838;0,176490635;-0,011020886;;;0,192854956;7,325871723;0,176412269;6,101167875;;;
0,18157348;-0,008200814;0,175301418;-0,011022662;;;0,191532016;7,359982597;0,175801188;6,114034717;;;
0,181395203;-0,008190619;0,173970327;-0,010892929;;;0,191145137;7,28683405;0,174219176;6,087737792;;;
0,180989221;-0,008140683;0,172993869;-0,010942235;;;0,189302787;7,307816236;0,173432305;6,041840985;;;
0,178675056;-0,008207086;0,173750058;-0,011133523;;;0,188778147;7,238761279;0,172292933;6,026661338;;;
0,177763641;-0,008266078;0,170494258;-0,01103623;;;0,188014939;7,236479758;0,171549737;5,98463655;;;
0,177742332;-0,008254833;0,169692144;-0,011240479;;;0,186802283;7,243833425;0,170607075;6,034449866;;;
0,175851405;-0,008384841;0,17016919;-0,011089792;;;0,186134502;7,248421285;0,169160455;6,004830281;;;
0,174070582;-0,008435644;0,16818206;-0,010851731;;;0,184746936;7,215504206;0,16889368;6,011639664;;;
0,173906296;-0,008511293;0,166383907;-0,011280155;;;0,183860779;7,165752159;0,167298421;5,968722778;;;
0,173290417;-0,0085552;0,16637975;-0,011269153;;;0,182993695;7,193655497;0,166495159;5,971441223;;;
0,172348082;-0,008532185;0,165761173;-0,011323054;;;0,181400299;7,137428313;0,165581197;5,976921928;;;
0,170419857;-0,00861673;0,163884848;-0,011157409;;;0,181154579;7,113339722;0,164424911;5,980394648;;;
0,16982843;-0,008579639;0,162842408;-0,011169628;;;0,179699197;7,108042672;0,163910061;5,918468595;;;
0,169004813;-0,008621085;0,162290052;-0,011388811;;;0,178897843;7,092643073;0,161955401;5,897000648;;;
0,167914078;-0,008716034;0,16130127;-0,01141004;;;0,177974582;7,122433268;0,1614777;5,900424207;;;
0,166232884;-0,008727039;0,160596788;-0,011382496;;;0,176353902;7,112496726;0,160405099;5,881816653;;;
0,165870368;-0,008793444;0,158847436;-0,011246427;;;0,176241472;7,095335005;0,159444556;5,878719798;;;
0,165713519;-0,008962942;0,158011869;-0,011121083;;;0,17469281;7,063716114;0,15885587;5,857222669;;;
0,163865939;-0,008785812;0,158043295;-0,011503045;;;0,173863932;7,065779588;0,156974122;5,867772226;;;
0,162129015;-0,008847951;0,156194702;-0,011645079;;;0,172856867;7,004725017;0,157066226;5,876253995;;;
0,161652625;-0,008986445;0,154263422;-0,0107946;;;0,171362266;7,023714355;0,155403629;5,840061815;;;
0,16085127;-0,009007006;0,154203877;-0,010738109;;;0,171414137;7,03393943;0,154677227;5,81389137;;;
0,160539195;-0,009041592;0,153572589;-0,011448517;;;0,169596314;6,995179614;0,153729334;5,819646553;;;
0,15838252;-0,009003433;0,152244806;-0,011636143;;;0,16888611;7,017094915;0,152215168;5,796579868;;;
0,157077655;-0,00911369;0,150577992;-0,011927706;;;0,167844117;6,990057033;0,152030692;5,783612434;;;
0,156614423;-0,00917406;0,150221139;-0,012361663;;;0,166492611;6,992779584;0,150412813;5,79192235;;;
0,156040967;-0,009121837;0,149705246;-0,011988672;;;0,166297406;6,98856956;0,149671555;5,76943423;;;
0,154932052;-0,009127751;0,147915795;-0,012146899;;;0,164625958;6,929927602;0,148213372;5,72941944;;;
0,153136566;-0,009145986;0,146948054;-0,012392107;;;0,163892418;6,927836417;0,147285655;5,722860598;;;
0,152961656;-0,009157066;0,146211952;-0,012430853;;;0,16276674;6,85998841;0,146838859;5,757504354;;;
0,152981624;-0,009209212;0,145394281;-0,012088546;;;0,161591157;6,882772209;0,145310774;5,733253619;;;
0,15087451;-0,00925145;0,14467223;-0,012393202;;;0,161437452;6,904730303;0,144927442;5,741141493;;;
0,149395794;-0,009209423;0,142580867;-0,012388707;;;0,159775436;6,89191369;0,14310497;5,701814697;;;
0,148230284;-0,009293527;0,14200896;-0,012383297;;;0,158922061;6,889827405;0,142767161;5,690223272;;;
0,147639379;-0,009297435;0,141865239;-0,012801574;;;0,158010453;6,881002095;0,141827732;5,662359346;;;
0,147788838;-0,00930391;0,140133545;-0,012524932;;;0,156745881;6,853118827;0,14037922;5,678477822;;;
0,144993618;-0,009300601;0,13871251;-0,012636806;;;0,156492531;6,765637673;0,139797658;5,614455442;;;
0,144079879;-0,009359235;0,137960568;-0,0124724;;;0,154657453;6,784079912;0,138361931;5,635680458;;;
0,144123435;-0,009391862;0,137658611;-0,012762056;;;0,153863728;6,790671624;0,137872666;5,555934579;;;
0,143449187;-0,009300343;0,135944322;-0,012515319;;;0,152911842;6,759827663;0,136165649;5,574506402;;;
0,1420362;-0,009459744;0,134722173;-0,012655703;;;0,151821151;6,779132469;0,13565743;5,60449752;;;
0,140561834;-0,009419721;0,134209752;-0,012488831;;;0,151333496;6,762951166;0,134724408;5,564776259;;;
0,139901355;-0,009438663;0,133477256;-0,012611432;;;0,149738193;6,756241294;0,13349171;5,58025342;;;
0,139015168;-0,009449392;0,132225275;-0,012726581;;;0,148996264;6,761158147;0,133018449;5,548602479;;;
0,13867107;-0,009645657;0,131087944;-0,012245843;;;0,147822767;6,734244437;0,131121859;5,497954449;;;
0,136614278;-0,009717882;0,130169854;-0,012458653;;;0,146354645;6,713551652;0,130840167;5,47423692;;;
0,135210827;-0,00959538;0,129666761;-0,012709016;;;0,146427795;6,777760876;0,129437044;5,472458609;;;
0,134547278;-0,009726641;0,128347382;-0,011869409;;;0,144631088;6,713489372;0,128315613;5,499855795;;;
0,134745494;-0,00976693;0,126717851;-0,012280694;;;0,143931374;6,71862818;0,128087938;5,486508896;;;
0,132573217;-0,009828397;0,126060024;-0,012872565;;;0,142592698;6,715579551;0,126133114;5,480756792;;;
0,130954921;-0,009891301;0,125070021;-0,012804296;;;0,141506195;6,698092811;0,125574946;5,434039677;;;
0,130792737;-0,0098954;0,124762841;-0,012999713;;;0,1413569;6,644821697;0,12454363;5,401973554;;;
0,129995465;-0,009846449;0,122340113;-0,012939619;;;0,139466733;6,647190479;0,123432755;5,432734886;;;
0,129150778;-0,009947265;0,122023322;-0,012680163;;;0,13891235;6,604570237;0,123027213;5,42298124;;;
0,127612725;-0,010039996;0,121383488;-0,012947571;;;0,137788862;6,617080212;0,121201567;5,387181454;;;
0,12673296;-0,010048498;0,120297223;-0,013238428;;;0,136658803;6,627429764;0,120620213;5,35281067;;;
0,125976071;-0,010149659;0,119133428;-0,013064357;;;0,136347145;6,611223427;0,119803444;5,376173733;;;
0,125272006;-0,010256188;0,118330754;-0,013285227;;;0,134332091;6,609126351;0,118379474;5,334278745;;;
0,122632831;-0,010340014;0,117038727;-0,01340019;;;0,134161443;6,587739077;0,117899723;5,322269442;;;
0,122190826;-0,010206233;0,117321566;-0,013551254;;;0,132733449;6,522713273;0,116110116;5,318390991;;;
0,121749617;-0,010168599;0,11469166;-0,013500828;;;0,13196829;6,521964968;0,11531695;5,311917013;;;
0,121429726;-0,010317292;0,113953024;-0,013674296;;;0,131292;6,506174824;0,114702769;5,302656003;;;
0,119925581;-0,010330747;0,113609076;-0,013217963;;;0,12942332;6,506287401;0,113318667;5,290407668;;;
0,117750622;-0,010247463;0,112789236;-0,013645229;;;0,12894091;6,530733463;0,113102697;5,269956241;;;
0,117403843;-0,01034958;0,110377021;-0,013671038;;;0,128034607;6,50716941;0,11133007;5,267386586;;;
0,117264971;-0,010224724;0,109789222;-0,01352152;;;0,126752034;6,474638091;0,110548496;5,219111589;;;
0,115949564;-0,0103697;0,109285049;-0,013727265;;;0,126232579;6,446272858;0,109930679;5,188169126;;;
0,114347845;-0,010372633;0,108580947;-0,014007786;;;0,124580003;6,465508095;0,108491994;5,202644618;;;
0,113443784;-0,010394548;0,106754258;-0,014224222;;;0,123835944;6,416370168;0,107826941;5,224061487;;;
0,11313308;-0,010508264;0,105994992;-0,014237788;;;0,123196758;6,406964577;0,106216304;5,175582644;;;
0,112793878;-0,010483847;0,104930952;-0,014332743;;;0,121582411;6,397125506;0,105375439;5,13709966;;;
0,110005163;-0,010419702;0,104750708;-0,013791356;;;0,120951667;6,392478806;0,104792006;5,143623307;;;
0,109664738;-0,010567415;0,103286065;-0,013560759;;;0,120037943;6,357887502;0,103420556;5,144456977;;;
0,1086694;-0,010706196;0,101615153;-0,014067079;;;0,118684255;6,329009837;0,103000261;5,109542216;;;
0,108714849;-0,010560047;0,10092257;-0,014599442;;;0,118408717;6,308651084;0,101220056;5,093474771;;;
0,107113324;-0,010549576;0,100459829;-0,014448439;;;0,116678789;6,276950809;0,100505359;5,100044125;;;
0,104933947;-0,010663069;0,100445837;-0,013964107;;;0,115861624;6,295787685;0,100098722;5,076369363;;;
0,104292713;-0,010723447;0,096912324;-0,014157955;;;0,115160868;6,293416873;0,098445699;5,073485984;;;
0,103750989;-0,010646559;0,096666574;-0,014615053;;;0,113457479;6,27250344;0,097817644;5,068103758;;;
0,102790549;-0,010649331;0,096115999;-0,014803066;;;0,11334613;6,247619841;0,096181646;5,06429375;;;
0,102292426;-0,010825206;0,095627032;-0,014779413;;;0,111823961;6,215854162;0,095269874;5,009886062;;;
0,100598544;-0,010845354;0,094072223;-0,014750866;;;0,110840276;6,181418703;0,094870672;5,034884313;;;
0,099310778;-0,010913088;0,09289445;-0,014199882;;;0,110348441;6,186682302;0,093392357;5,01298229;;;
0,098883435;-0,010898129;0,092229627;-0,014623312;;;0,108402282;6,188133837;0,092823714;4,990407454;;;
0,098594062;-0,011007064;0,091470137;-0,014683574;;;0,108015358;6,183231177;0,091566719;5,017367172;;;
0,097324751;-0,011084205;0,090856165;-0,014525864;;;0,107038066;6,147722367;0,090563901;4,993958733;;;
0,094827861;-0,011203491;0,089410521;-0,014864662;;;0,105751209;6,111753191;0,089993119;4,984186537;;;
0,094428256;-0,011174816;0,087460108;-0,0137063;;;0,105278403;6,100236353;0,088319972;4,949967127;;;
0,093656585;-0,011277391;0,087145798;-0,014288277;;;0,103450999;6,096299418;0,0878212;4,919436683;;;
0,09277676;-0,011379976;0,087366916;-0,014486522;;;0,102780923;6,076647862;0,086320668;4,921595364;;;
0,092008211;-0,011328571;0,084952213;-0,014786915;;;0,102268033;6,099602148;0,085417382;4,905288015;;;
0,089854322;-0,011427678;0,083426535;-0,015249636;;;0,100665301;6,066795236;0,084635869;4,887003874;;;
0,089849025;-0,011430668;0,083444446;-0,014831215;;;0,100181028;6,033895682;0,083465725;4,865437781;;;
0,088755347;-0,011427038;0,082823999;-0,015082322;;;0,09866932;6,050604272;0,08326453;4,867600601;;;
0,088520847;-0,011636611;0,081767023;-0,015119263;;;0,097588122;6,058132551;0,081295922;4,898625379;;;
0,087425858;-0,011642944;0,079852574;-0,015447263;;;0,0970634;5,996315829;0,08049535;4,862538401;;;
0,084982798;-0,011862973;0,078668445;-0,015643985;;;0,095487185;6,006962998;0,079681024;4,846878751;;;
0,084580801;-0,011888358;0,078273669;-0,015265447;;;0,09495189;6,007222372;0,078215428;4,858559488;;;
0,083660729;-0,0119871;0,077628613;-0,015851602;;;0,093951307;5,978128118;0,078129649;4,830373355;;;
0,083891809;-0,011817477;0,077071764;-0,015991174;;;0,092613526;6,000695276;0,076314606;4,811564923;;;
0,081514217;-0,01185496;0,074115701;-0,015994331;;;0,092297956;5,964242589;0,075598754;4,786564344;;;
0,079797588;-0,011996894;0,073767826;-0,015790844;;;0,090745799;5,970302284;0,074439198;4,764338901;;;
0,079646483;-0,011917001;0,073985428;-0,015623694;;;0,089845851;5,932765898;0,073413074;4,716977043;;;
0,078706272;-0,011833429;0,072512954;-0,01557733;;;0,089096352;5,90317154;0,073183276;4,673575675;;;
0,078550562;-0,012049544;0,071142554;-0,016226114;;;0,087652706;5,876276531;0,071385175;4,704479438;;;
0,076897897;-0,012093031;0,069705673;-0,016122324;;;0,087011397;5,880632874;0,070541196;4,687141266;;;
0,075272918;-0,012140914;0,068997249;-0,016416614;;;0,085929126;5,851990908;0,069875106;4,687013232;;;
0,074467294;-0,012125303;0,068276085;-0,015829239;;;0,084750414;5,839532802;0,068366095;4,684836778;;;
0,073894911;-0,012191904;0,067743361;-0,015913062;;;0,084104866;5,853277402;0,068095006;4,711344632;;;
0,073258899;-0,012313355;0,065935791;-0,016486413;;;0,082579508;5,835946764;0,066361494;4,696707014;;;
0,072140649;-0,012312807;0,064238384;-0,016789136;;;0,082030445;5,821632897;0,065354429;4,692190229;;;
0,070290893;-0,012268432;0,06441725;-0,01696276;;;0,081228942;5,825813282;0,064743467;4,685610355;;;
0,068813369;-0,012339251;0,063963689;-0,016845718;;;0,079725988;5,809578032;0,063295826;4,638277539;;;
0,068892747;-0,012459367;0,062318411;-0,015419574;;;0,079188563;5,793362664;0,063047059;4,594924531;;;
0,068375468;-0,012605868;0,060542684;-0,016434394;;;0,077625915;5,76812654;0,061429951;4,639278879;;;
0,067389667;-0,012374776;0,059879642;-0,017072426;;;0,076919101;5,767657943;0,060516074;4,594945748;;;
0,065409578;-0,012525038;0,058956187;-0,017416733;;;0,076260842;5,745747821;0,059914589;4,478770073;;;
0,064522348;-0,012596745;0,058988005;-0,017204524;;;0,074573457;5,723573295;0,058251016;4,490716155;;;
0,06413535;-0,01256542;0,057219744;-0,015999939;;;0,07408677;5,657238118;0,057764906;4,499316129;;;
0,06340193;-0,012603857;0,05573066;-0,016545856;;;0,072832786;5,672946464;0,056283429;4,476166089;;;
0,062494569;-0,012722089;0,055206195;-0,016577433;;;0,071518347;5,644148485;0,055368494;4,439447766;;;
0,059643161;-0,012703536;0,054849606;-0,017928069;;;0,071349837;5,668897547;0,054601874;4,46917656;;;
0,059396178;-0,012964025;0,0540343;-0,018355359;;;0,069518082;5,657836883;0,053249527;4,444767088;;;
0,058968265;-0,012935962;0,051231157;-0,017457463;;;0,068995573;5,624496614;0,053382952;4,461021826;;;
0,058163393;-0,012961797;0,050379805;-0,017629412;;;0,068113647;5,619787021;0,051325411;4,433905207;;;
0,057579331;-0,013087957;0,049905349;-0,01793396;;;0,0665958;5,615810242;0,050550252;4,405691306;;;
0,055197634;-0,013146668;0,049697679;-0,017969969;;;0,066033922;5,593812003;0,04967026;4,382912512;;;
0,054595422;-0,013171965;0,048783913;-0,018595043;;;0,064654857;5,563853008;0,048345644;4,409650812;;;
0,053876739;-0,013122623;0,046619497;-0,018374815;;;0,064019784;5,530429771;0,048200432;4,34907606;;;
0,053764265;-0,013319845;0,04609099;-0,018110578;;;0,063144349;5,550929937;0,046174817;4,32427709;;;
0,052683167;-0,01327981;0,045174785;-0,017536521;;;0,061544806;5,527969284;0,045601755;4,343518168;;;
0,050353251;-0,013501744;0,044535387;-0,018121319;;;0,06096499;5,492639837;0,044628616;4,34031327;;;
0,049547676;-0,013462064;0,04357383;-0,018236122;;;0,059931483;5,507531303;0,043506086;4,328726649;;;
0,047824115;-0,013620173;0,041937776;-0,017066788;;;0,0585026;5,483804924;0,043071888;4,317635361;;;
0,047745384;-0,013735677;0,04067127;-0,018070103;;;0,058267273;5,473469713;0,041272752;4,320338918;;;
0,047396932;-0,013689132;0,040141787;-0,018035066;;;0,056687869;5,444282024;0,040691275;4,276675757;;;
0,045670185;-0,013750329;0,03956439;-0,018451114;;;0,055907678;5,429133984;0,039868575;4,293837754;;;
0,044927109;-0,013926784;0,039285094;-0,018776728;;;0,054956883;5,411082632;0,038369205;4,263592069;;;
0,043205678;-0,013877192;0,036593195;-0,018931944;;;0,05325982;5,425938912;0,038030233;4,249914601;;;
0,042558011;-0,01398492;0,035701592;-0,019020392;;;0,053270355;5,43945072;0,036065001;4,232015531;;;
0,04225501;-0,014006802;0,034962393;-0,019423266;;;0,051687829;5,385041803;0,035543807;4,224530937;;;
0,04144289;-0,014034897;0,034429789;-0,01929179;;;0,050843127;5,369431052;0,034487061;4,224803976;;;
0,039997946;-0,014218302;0,033653181;-0,01925222;;;0,050234564;5,360434624;0,033333767;4,205942815;;;
0,037740294;-0,014394327;0,031768631;-0,019661745;;;0,048240691;5,333239618;0,032836311;4,172521044;;;
0,037881278;-0,014347957;0,030952249;-0,01961735;;;0,04763969;5,290833454;0,031159736;4,144248618;;;
0,036670703;-0,014431032;0,030075369;-0,018600523;;;0,046871174;5,310953292;0,030930817;4,167888444;;;
0,036368657;-0,014560342;0,029632621;-0,019657541;;;0,045730609;5,326787064;0,029620018;4,162033735;;;
0,034798786;-0,014657423;0,028875574;-0,019307959;;;0,045170862;5,290891143;0,028369484;4,206727587;;;
0,033048801;-0,014724997;0,026305517;-0,019768104;;;0,043289416;5,269570997;0,027976518;4,146355111;;;
0,032664999;-0,014803382;0,026359497;-0,019981899;;;0,042702176;5,270443553;0,026251668;4,13279922;;;
0,031778831;-0,015000717;0,024693726;-0,020140178;;;0,041903019;5,258980629;0,025877673;4,141859148;;;
0,031349421;-0,015010557;0,024505269;-0,020424084;;;0,040740106;5,243808451;0,024359275;4,105583312;;;
0,030267268;-0,014790822;0,023877868;-0,020140706;;;0,040148512;5,253516799;0,023497142;4,103491317;;;
0,028556816;-0,01508186;0,021621736;-0,020148254;;;0,038409159;5,19680249;0,022541137;4,05871242;;;
0,02726534;-0,015196149;0,020973578;-0,020538616;;;0,037600376;5,181078676;0,021353818;4,03090457;;;
0,026674917;-0,015115594;0,020462178;-0,020444659;;;0,037024625;5,159015182;0,020764934;4,040667971;;;
0,026132684;-0,015210155;0,019708203;-0,020743048;;;0,035554569;5,158269341;0,019355571;4,022254577;;;
0,025182433;-0,015319303;0,018513704;-0,020494598;;;0,035181448;5,145441652;0,018590076;4,046592408;;;
0,023693124;-0,015387515;0,017548919;-0,020514027;;;0,033827823;5,131830285;0,017914336;4,014401792;;;
0,022437202;-0,015520092;0,015946798;-0,020801581;;;0,032660756;5,104536875;0,016230697;4,00084225;;;
0,021566756;-0,015563147;0,014907788;-0,02111249;;;0,032224037;5,100841711;0,015850434;3,997952619;;;
0,020719815;-0,015576591;0,014879373;-0,020688585;;;0,030734828;5,101099614;0,014366957;3,942991641;;;
0,020090178;-0,015713603;0,014332953;-0,02126672;;;0,03011463;5,101910785;0,013429664;3,961010931;;;
0,019284569;-0,015680884;0,011303284;-0,021306887;;;0,028607843;5,073347315;0,012761689;3,942267731;;;
0,017898994;-0,015639898;0,010571546;-0,021858078;;;0,027673442;5,046677522;0,011127497;3,953395118;;;
0,016278397;-0,015807824;0,010332222;-0,022024553;;;0,027282298;5,021740678;0,010938983;3,909327753;;;
0,015237475;-0,015906926;0,009164196;-0,022028059;;;0,025585255;4,991023627;0,009660845;3,920716397;;;
0,014607895;-0,016081051;0,008631542;-0,020881491;;;0,025064772;5,001047079;0,008438896;3,905123067;;;
0,014397951;-0,016072055;0,006997576;-0,021679633;;;0,023692064;4,985568931;0,007922042;3,910966735;;;
0,012966945;-0,01613769;0,005957683;-0,022093144;;;0,022614978;4,951159993;0,006425858;3,869362028;;;
0,011611182;-0,016433511;0,005285246;-0,022717733;;;0,022320418;4,949311744;0,005710946;3,88389868;;;
0,010561797;-0,016307418;0,004888139;-0,022931063;;;0,020509934;4,953729431;0,004388459;3,857204622;;;
0,009683054;-0,016392044;0,004223115;-0,022711019;;;0,020066891;4,944386203;0,003425723;3,843139142;;;
0,009373501;-0,016521243;0,001395707;-0,02332422;;;0,018927347;4,943578917;0,002693027;3,845923696;;;
0,008401508;-0,016644072;0,000535836;-0,023379826;;;0,01754719;4,909627333;0,00135229;3,829577399;;;
0,00709966;-0,016686904;-9,63598E-05;-0,020803071;;;0,017285401;4,914940153;0,000882999;3,837796079;;;
0,005506638;-0,01667091;-0,000466994;-0,020881392;;;0,015633915;4,866491605;-0,00050088;3,835702505;;;
0,004571714;-0,016818263;-0,001296156;-0,021900592;;;0,014710546;4,883805237;-0,001768351;3,782897277;;;
0,004038543;-0,016946535;-0,002826346;-0,023910647;;;0,014256971;4,868242534;-0,001775862;3,768070324;;;
0,003772472;-0,01702062;-0,004314177;-0,02355711;;;0,012583225;4,855132819;-0,003728456;3,750469916;;;
0,002261966;-0,016944899;-0,00481824;-0,023632133;;;0,012122092;4,852298071;-0,004430662;3,776642955;;;
0,000180286;-0,017339738;-0,00579142;-0,024082169;;;0,01114056;4,841872249;-0,005791275;3,712531202;;;
-0,000393344;-0,017388233;-0,006525276;-0,024479753;;;0,009710614;4,82834096;-0,006675648;3,709499763;;;
-0,001587969;-0,017368886;-0,007022985;-0,024264157;;;0,009333452;4,819087145;-0,006978141;3,701705868;;;
-0,002135991;-0,017551681;-0,008595534;-0,024329478;;;0,007705087;4,799183578;-0,008644246;3,698098818;;;
-0,00179255;-0,017581474;-0,011195267;-0,024827016;;;0,006783887;4,794281415;-0,009190681;3,653069405;;;
-0,003697536;-0,017786684;-0,011313871;-0,02510659;;;0,006366301;4,779797902;-0,010553542;3,659537895;;;
-0,005438965;-0,017909595;-0,011743807;-0,024540844;;;0,004530375;4,746029381;-0,011609205;3,674656683;;;
-0,007108473;-0,018013359;-0,012506254;-0,025098728;;;0,004110503;4,768254129;-0,011774516;3,6399939;;;
-0,00801639;-0,018092034;-0,013156451;-0,025363715;;;0,002874648;4,725263093;-0,013638187;3,655127422;;;
-0,008520399;-0,018610501;-0,014544741;-0,025904269;;;0,001583564;4,719929674;-0,014271531;3,611121077;;;
-0,009040861;-0,018364331;-0,016335433;-0,025925654;;;0,001064309;4,722758196;-0,015760241;3,61056174;;;
-0,010248859;-0,018469711;-0,017199542;-0,024583272;;;-0,000568244;4,685852526;-0,016709246;3,588741798;;;
-0,01093297;-0,018562661;-0,017635832;-0,025842338;;;-0,001132167;4,676379353;-0,017029738;3,601600438;;;
-0,011676031;-0,018689648;-0,019166023;-0,025943608;;;-0,002017271;4,635986106;-0,018711731;3,586695873;;;
-0,014047261;-0,018953382;-0,019068601;-0,026058293;;;-0,003448277;4,644212296;-0,019184016;3,558442581;;;
-0,014533804;-0,018949366;-0,02040288;-0,023553264;;;-0,004075833;4,637904733;-0,020636912;3,556092921;;;
-0,015491041;-0,019008848;-0,0232017;-0,024840161;;;-0,005520586;4,62011181;-0,021558112;3,540205468;;;
-0,01574963;-0,019324893;-0,022968728;-0,026225066;;;-0,006292269;4,611695892;-0,021910835;3,508288294;;;
-0,016560534;-0,019388287;-0,023669872;-0,027001678;;;-0,006761872;4,578332474;-0,023645395;3,536737166;;;
-0,017616425;-0,019442903;-0,024764717;-0,027209778;;;-0,008363518;4,5714359;-0,024229944;3,503809123;;;
-0,019560346;-0,019714056;-0,025367372;-0,02746207;;;-0,008973022;4,558564815;-0,025990095;3,468702637;;;
-0,020900192;-0,019678842;-0,026031228;-0,027481295;;;-0,010435721;4,557309188;-0,026684603;3,473113251;;;
-0,021354914;-0,019974978;-0,028442115;-0,026706264;;;-0,011515972;4,537506115;-0,027172729;3,444238179;;;
-0,02252624;-0,019969796;-0,030072199;-0,027232564;;;-0,011662252;4,532821615;-0,028655319;3,443937322;;;
-0,023180263;-0,02003358;-0,029899521;-0,027888015;;;-0,0133042;4,505419383;-0,029266298;3,446339406;;;
-0,023301106;-0,020279463;-0,030718163;-0,027976974;;;-0,014005923;4,487571631;-0,030956427;3,466689698;;;
-0,023724046;-0,020379529;-0,031319469;-0,027030583;;;-0,014852978;4,469402037;-0,031059194;3,452905473;;;
-0,025922567;-0,02053819;-0,032489795;-0,028281853;;;-0,016658055;4,462768122;-0,032353193;3,397832498;;;
-0,028044624;-0,020618992;-0,034065392;-0,026835037;;;-0,016749214;4,450185859;-0,033541255;3,429147523;;;
-0,029068589;-0,020737316;-0,035408277;-0,028477647;;;-0,018197175;4,454717686;-0,034187302;3,399287587;;;
-0,02926152;-0,020975523;-0,036058269;-0,028900383;;;-0,019054726;4,416182973;-0,035920948;3,34169598;;;
-0,029968528;-0,020885009;-0,036842104;-0,028748108;;;-0,019814748;4,408987761;-0,036292501;3,387071997;;;
-0,030973414;-0,020988701;-0,037012786;-0,027869272;;;-0,02167066;4,363260514;-0,03744546;3,343117243;;;
-0,031584743;-0,02125089;-0,037563249;-0,029310168;;;-0,021840416;4,375787277;-0,038579848;3,348563784;;;
-0,033383865;-0,021410479;-0,039913956;-0,029871096;;;-0,023342444;4,367406729;-0,039350718;3,354156098;;;
-0,034578491;-0,021487926;-0,041344777;-0,029188319;;;-0,024208467;4,333647607;-0,040707286;3,358500182;;;
-0,036169562;-0,02150011;-0,042442307;-0,029918319;;;-0,024858249;4,317949476;-0,040980637;3,329734651;;;
-0,036320083;-0,021827886;-0,042891912;-0,030229752;;;-0,026628477;4,298828792;-0,042768009;3,321281127;;;
-0,037323106;-0,022024923;-0,043300673;-0,029431317;;;-0,026801238;4,300197385;-0,043638416;3,302419098;;;
-0,038126327;-0,022113025;-0,044378683;-0,028925348;;;-0,028355205;4,309169705;-0,044106532;3,298045772;;;
-0,038353164;-0,02230197;-0,045838915;-0,030255221;;;-0,029203087;4,294636293;-0,045743689;3,288147531;;;
-0,040013324;-0,022381853;-0,04727916;-0,030720089;;;-0,029812708;4,280613738;-0,046309158;3,262795202;;;
-0,041598901;-0,022595694;-0,048363533;-0,028838254;;;-0,031670902;4,277589087;-0,047619943;3,289091737;;;
-0,042705547;-0,022728023;-0,049239289;-0,031907188;;;-0,031812713;4,243263731;-0,048666388;3,228008892;;;
-0,043205;-0,02279003;-0,049593903;-0,03187266;;;-0,033014987;4,232901776;-0,049303781;3,227709617;;;
-0,044447135;-0,022956363;-0,049773;-0,031955918;;;-0,034245647;4,193335102;-0,050691109;3,198574403;;;
-0,04441851;-0,023174254;-0,052028362;-0,031878575;;;-0,034914512;4,208148881;-0,051177166;3,189521012;;;
-0,04527818;-0,023328731;-0,052962571;-0,032471372;;;-0,036661401;4,188626519;-0,052959394;3,178977353;;;
-0,047269925;-0,023399488;-0,054360203;-0,033702471;;;-0,037233926;4,173339138;-0,053443294;3,208557843;;;
-0,048507586;-0,023540654;-0,055009533;-0,03381891;;;-0,038203709;4,174418856;-0,054363571;3,167476201;;;
-0,049418554;-0,023739584;-0,055594038;-0,032780171;;;-0,039385613;4,172720706;-0,055621617;3,162312026;;;
-0,050674662;-0,02396286;-0,056194503;-0,032963135;;;-0,039803006;4,153900998;-0,05609284;3,156680529;;;
-0,051139101;-0,024059908;-0,057184063;-0,033089847;;;-0,041551206;4,135292861;-0,057929084;3,15662085;;;
-0,051179223;-0,024301111;-0,058491375;-0,033999685;;;-0,042228546;4,117515847;-0,058311358;3,116326437;;;
-0,052804209;-0,02458325;-0,060392026;-0,033239465;;;-0,04329909;4,102211696;-0,059524886;3,136775185;;;
-0,053903997;-0,024785839;-0,061985925;-0,033866157;;;-0,044609312;4,096881025;-0,060448319;3,141895034;;;
-0,05611036;-0,025035583;-0,062138245;-0,033161731;;;-0,045047101;4,071718061;-0,061501957;3,097660917;;;
-0,057202056;-0,025134386;-0,063130662;-0,032901607;;;-0,046384826;4,079946889;-0,063062891;3,101408503;;;
-0,057859372;-0,025477518;-0,063267246;-0,033885659;;;-0,047163926;4,04944608;-0,063031167;3,09103215;;;
-0,058197513;-0,02540618;-0,064808048;-0,035014391;;;-0,047799822;4,044556228;-0,064631201;3,092459474;;;
-0,058977686;-0,025670135;-0,065443344;-0,03531166;;;-0,049790617;4,001626871;-0,065517589;3,058829385;;;
-0,059685763;-0,025803042;-0,067023374;-0,035559932;;;-0,049923114;4,00277373;-0,066453658;3,046089677;;;
-0,06071078;-0,026071679;-0,06798587;-0,036036956;;;-0,051225845;3,988868688;-0,067838661;3,015919783;;;
-0,06228919;-0,02625786;-0,06910634;-0,034519377;;;-0,05222651;3,973985343;-0,068019852;3,047458447;;;
-0,063535698;-0,026419854;-0,069094613;-0,035883474;;;-0,052872051;3,971621863;-0,06956692;3,03153569;;;
-0,065109804;-0,026660381;-0,069512978;-0,036342285;;;-0,054867189;3,955941144;-0,070327319;2,997917718;;;
-0,065479867;-0,026835396;-0,071450777;-0,03681075;;;-0,054982521;3,945507076;-0,071794905;2,972558809;;;
-0,066459186;-0,027039022;-0,072815865;-0,038034376;;;-0,056170892;3,940374979;-0,072761856;2,980352015;;;
-0,067314617;-0,026992252;-0,074585244;-0,036588763;;;-0,057200048;3,90302109;-0,073376022;2,99586749;;;
-0,067734383;-0,027250589;-0,075529963;-0,037415125;;;-0,057942051;3,885141452;-0,074970834;2,973548665;;;
-0,068713821;-0,027536798;-0,076364465;-0,037308344;;;-0,059743989;3,899215489;-0,075279914;2,957532579;;;
-0,069825895;-0,027778498;-0,076588914;-0,037835532;;;-0,0596794;3,867960417;-0,076723404;2,94561067;;;
-0,071451813;-0,027733751;-0,076821364;-0,03859991;;;-0,061293788;3,859430493;-0,07723283;2,911047755;;;
-0,07298246;-0,027906185;-0,077870257;-0,039906516;;;-0,062141817;3,83564344;-0,078597762;2,93375228;;;
-0,0734028;-0,02809647;-0,080068469;-0,038057846;;;-0,062957995;3,846783172;-0,079687364;2,945868509;;;
-0,074462235;-0,028271662;-0,082238443;-0,038876031;;;-0,064740926;3,8092394;-0,08006864;2,91935152;;;
-0,075225435;-0,028485912;-0,082206488;-0,039593531;;;-0,064775921;3,788036958;-0,081695132;2,899014299;;;
-0,075990602;-0,028492113;-0,082869589;-0,037507412;;;-0,066318206;3,783338055;-0,08210396;2,908387369;;;
-0,076583289;-0,02909947;-0,083326839;-0,040318446;;;-0,067282811;3,776424801;-0,083868086;2,883654826;;;
-0,078055643;-0,02890092;-0,084402949;-0,040263623;;;-0,068012096;3,749567295;-0,084363766;2,815551552;;;
-0,080119476;-0,029253514;-0,085880153;-0,039233198;;;-0,069756873;3,731988027;-0,085337862;2,846180659;;;
-0,080442779;-0,029627028;-0,086641587;-0,040929024;;;-0,069972128;3,709669132;-0,086708292;2,823420013;;;
-0,081349097;-0,029653029;-0,088301092;-0,041522362;;;-0,071412601;3,719283385;-0,087493002;2,815630628;;;
-0,082317919;-0,0299781;-0,089498639;-0,041952568;;;-0,072203353;3,708639502;-0,088720314;2,79141875;;;
-0,082914695;-0,030255468;-0,089960307;-0,041417173;;;-0,073305681;3,698521467;-0,089126967;2,791756265;;;
-0,083041146;-0,030326724;-0,090109661;-0,041801438;;;-0,074643485;3,690312706;-0,090556532;2,767140933;;;
-0,084843911;-0,030456972;-0,091693863;-0,042863861;;;-0,074833222;3,668593203;-0,091759451;2,783158279;;;
-0,086043835;-0,030842118;-0,092130147;-0,042700787;;;-0,076195329;3,670443118;-0,092062376;2,781826998;;;
-0,087794617;-0,030879591;-0,094044775;-0,043460465;;;-0,077221416;3,649756315;-0,093838491;2,776214786;;;
-0,088689603;-0,031174574;-0,09523923;-0,043318343;;;-0,077939041;3,655250831;-0,094565734;2,772737402;;;
-0,089683898;-0,031973638;-0,096184701;-0,041888891;;;-0,079493009;3,639868035;-0,095054947;2,741907485;;;
-0,090041116;-0,031647238;-0,096958973;-0,043141768;;;-0,079673208;3,606692702;-0,09677577;2,738666781;;;
-0,090720579;-0,03195517;-0,097384855;-0,044061898;;;-0,081272855;3,603441212;-0,097327515;2,711992531;;;
-0,091855891;-0,032115166;-0,098508224;-0,044740399;;;-0,082006283;3,582605819;-0,098761313;2,714001494;;;
-0,091895066;-0,032813205;-0,098979943;-0,045397867;;;-0,083224215;3,542880787;-0,099471807;2,702255496;;;
-0,094363809;-0,032901456;-0,101107962;-0,044386207;;;-0,084403954;3,541580753;-0,099912405;2,693830831;;;
-0,095981784;-0,032859176;-0,102613561;-0,04243121;;;-0,084825896;3,521145704;-0,101549461;2,64964328;;;
-0,097138904;-0,033109449;-0,103814654;-0,044772332;;;-0,086280219;3,516623714;-0,102245271;2,665733494;;;
-0,097597882;-0,033637555;-0,103686519;-0,046924245;;;-0,086961754;3,497593072;-0,103687488;2,649400754;;;
-0,098406523;-0,033686514;-0,104965732;-0,045900837;;;-0,088283621;3,477006467;-0,105007038;2,625167706;;;
-0,098760709;-0,033739714;-0,105242223;-0,046917258;;;-0,089608632;3,44602799;-0,105290897;2,635259703;;;
-0,099463493;-0,034023421;-0,106093526;-0,046464717;;;-0,089689195;3,441733692;-0,10673207;2,624362287;;;
-0,100843608;-0,034242298;-0,107842974;-0,04648285;;;-0,091488019;3,432724552;-0,107275344;2,594433316;;;
-0,102187693;-0,034466275;-0,109609254;-0,04855391;;;-0,092117712;3,424879386;-0,108012341;2,614864603;;;
-0,103923924;-0,034978816;-0,11026375;-0,048782403;;;-0,092913724;3,423453938;-0,109991409;2,607159656;;;
-0,105077289;-0,034832491;-0,110841878;-0,04903613;;;-0,094472997;3,401330979;-0,110105895;2,573161095;;;
-0,105416477;-0,03547218;-0,111306183;-0,05030865;;;-0,095068611;3,38627892;-0,111661442;2,568576032;;;
-0,106091745;-0,035299449;-0,112171918;-0,049868707;;;-0,095789514;3,377106633;-0,112513959;2,570387912;;;
-0,107157007;-0,035221016;-0,113278687;-0,050431923;;;-0,09766043;3,363529338;-0,113118365;2,560279564;;;
-0,107312821;-0,035700213;-0,114870146;-0,050494466;;;-0,097864978;3,359059874;-0,115058638;2,545813304;;;
-0,108868912;-0,035964034;-0,116436109;-0,051159912;;;-0,099179402;3,323696554;-0,115508676;2,538257511;;;
-0,110427119;-0,036496423;-0,116801679;-0,050682443;;;-0,100227751;3,303658511;-0,116580352;2,520505164;;;
-0,112066828;-0,036750748;-0,11861559;-0,051625857;;;-0,100592397;3,300995948;-0,117500566;2,515396481;;;
-0,112643592;-0,037004449;-0,119078435;-0,05182907;;;-0,102514185;3,273694796;-0,118103124;2,507811498;;;
-0,114219822;-0,037233318;-0,119899198;-0,051075437;;;-0,103522316;3,249533913;-0,119770929;2,512349392;;;
-0,114638679;-0,037526455;-0,120718747;-0,053351112;;;-0,103807382;3,249577062;-0,12018504;2,497957071;;;
-0,115003161;-0,037741824;-0,121289283;-0,051938852;;;-0,105388924;3,250334613;-0,121863365;2,477046226;;;
-0,11652533;-0,037649558;-0,122403555;-0,051310779;;;-0,105907269;3,227593409;-0,122743465;2,473466923;;;
-0,116701066;-0,038510651;-0,124138981;-0,054240449;;;-0,1069768;3,243082466;-0,123082101;2,473161876;;;
-0,116852865;-0,038486349;-0,12562488;-0,054912212;;;-0,108373888;3,218344099;-0,124709949;2,44461936;;;
-0,118668653;-0,038563116;-0,125974342;-0,054074121;;;-0,108672582;3,201824782;-0,125492558;2,447256571;;;
-0,120677091;-0,038991917;-0,126945421;-0,056374594;;;-0,110338092;3,180253992;-0,1263704;2,436865509;;;
-0,121997073;-0,03962994;-0,127812609;-0,056470022;;;-0,111345135;3,169206775;-0,127894163;2,417084329;;;
-0,122865044;-0,039800668;-0,128797516;-0,057703866;;;-0,111953527;3,163995162;-0,128173798;2,413472047;;;
-0,123818152;-0,039932138;-0,12965256;-0,057902723;;;-0,113532931;3,158129092;-0,129635245;2,38975332;;;
-0,124228366;-0,040190622;-0,13093555;-0,057401884;;;-0,113930576;3,134911141;-0,130466431;2,346091859;;;
-0,125067994;-0,040351049;-0,132160708;-0,057485817;;;-0,115153678;3,12440457;-0,131130323;2,359740978;;;
-0,126002818;-0,040921757;-0,133173123;-0,057640865;;;-0,116390713;3,107586426;-0,133019567;2,358479301;;;
-0,126443803;-0,041064658;-0,134240806;-0,059203844;;;-0,117069162;3,107351111;-0,133321404;2,325254308;;;
-0,127653196;-0,041375943;-0,134937331;-0,060331214;;;-0,118575372;3,083517319;-0,134642959;2,322082451;;;
-0,129153162;-0,041837681;-0,13516587;-0,059943682;;;-0,119454123;3,073325457;-0,135515556;2,321471334;;;
-0,130814195;-0,042395681;-0,135517657;-0,061061451;;;-0,119835712;3,06245612;-0,136418805;2,304579217;;;
-0,131915346;-0,042282423;-0,137814671;-0,061446209;;;-0,121438444;3,044265627;-0,138019815;2,303455753;;;
-0,132957518;-0,042672003;-0,138840646;-0,062172578;;;-0,12198098;3,038824012;-0,137959599;2,291973267;;;
-0,133215174;-0,043242974;-0,140839607;-0,062201;;;-0,123174749;3,015970931;-0,139478117;2,301733515;;;
-0,134021774;-0,043661405;-0,141590759;-0,063665864;;;-0,124676749;3,015485444;-0,140492618;2,276421363;;;
-0,135019228;-0,044161913;-0,142169058;-0,063791689;;;-0,125077441;2,998866739;-0,141103595;2,279552518;;;
-0,135653138;-0,043992259;-0,142691001;-0,064241508;;;-0,126359001;2,985015337;-0,142990693;2,27646777;;;
-0,136780947;-0,043933052;-0,143573016;-0,065684866;;;-0,127143383;2,974681246;-0,143163428;2,251798682;;;
-0,138815105;-0,044673166;-0,144292146;-0,065658376;;;-0,127860799;2,959819962;-0,144816339;2,247220551;;;
-0,139757812;-0,044793911;-0,145214647;-0,065781681;;;-0,129740402;2,931919484;-0,145466551;2,230491132;;;
-0,141099423;-0,044857798;-0,14737159;-0,066442846;;;-0,130035073;2,936609606;-0,146131545;2,218656992;;;
-0,141740724;-0,046129911;-0,148324847;-0,066974675;;;-0,131215766;2,927767743;-0,148202792;2,213450604;;;
-0,142248988;-0,045928024;-0,149308413;-0,063544564;;;-0,132303506;2,910948887;-0,148313016;2,203853847;;;
-0,142950177;-0,046268803;-0,149691775;-0,063831587;;;-0,132832631;2,875898797;-0,149462163;2,198405652;;;
-0,143836245;-0,046464206;-0,151017576;-0,065668476;;;-0,134651408;2,86912069;-0,1505135;2,157035769;;;
-0,144934505;-0,04702486;-0,151261285;-0,069038279;;;-0,135199413;2,869931347;-0,151204824;2,16298554;;;
-0,145748585;-0,047466667;-0,152440816;-0,06986029;;;-0,136060163;2,848675321;-0,153090999;2,160021541;;;
-0,148070976;-0,047789863;-0,153985634;-0,071276777;;;-0,13740316;2,837118925;-0,15361841;2,126068251;;;
-0,149220109;-0,048169412;-0,15509136;-0,071856873;;;-0,138002068;2,799772705;-0,154590487;2,128798983;;;
-0,149919719;-0,04821972;-0,156389222;-0,071672167;;;-0,139214694;2,803582365;-0,155408025;2,11341008;;;
-0,150629744;-0,048841979;-0,157315165;-0,074049498;;;-0,140150696;2,791506358;-0,156109035;2,108808763;;;
-0,151457772;-0,049086132;-0,157914624;-0,070085713;;;-0,140785649;2,801531002;-0,157983467;2,108356238;;;
-0,152236879;-0,049478103;-0,157857373;-0,06938864;;;-0,142444402;2,770823686;-0,158301055;2,111257804;;;
-0,152977839;-0,049804902;-0,159851298;-0,07335502;;;-0,143086925;2,761087373;-0,159497917;2,096608572;;;
-0,153258726;-0,050332806;-0,160986558;-0,074872061;;;-0,144018859;2,744321096;-0,160549209;2,080583529;;;
-0,154943064;-0,050306672;-0,162400275;-0,073777502;;;-0,145442247;2,723161196;-0,161039457;2,073421394;;;
-0,156438753;-0,051015159;-0,163139433;-0,073104862;;;-0,145706207;2,727567851;-0,16317229;2,052603577;;;
-0,158037245;-0,051401121;-0,164167657;-0,075938971;;;-0,147162735;2,718042667;-0,163575709;2,056173625;;;
-0,159012288;-0,051833122;-0,164554223;-0,077423121;;;-0,148268223;2,705998596;-0,164416537;2,055158658;;;
-0,159940988;-0,052555452;-0,165707469;-0,0809439;;;-0,148647711;2,680293016;-0,165520027;2,024626695;;;
-0,1600364;-0,053067267;-0,166206181;-0,079555953;;;-0,150701284;2,669673788;-0,166295096;2,024385208;;;
-0,160752967;-0,05316922;-0,16697605;-0,080265466;;;-0,151030585;2,666654196;-0,167902514;2,012773419;;;
-0,16181615;-0,053720084;-0,169540823;-0,079902961;;;-0,151908278;2,639289681;-0,16852951;2,01632902;;;
-0,162914306;-0,053970214;-0,170193791;-0,08357231;;;-0,153168619;2,629035528;-0,169627056;1,99521229;;;
-0,164678812;-0,054774703;-0,17105937;-0,082067145;;;-0,153847024;2,624560689;-0,170694023;1,999362886;;;
-0,165643826;-0,055164268;-0,17195949;-0,084859511;;;-0,155347094;2,608210006;-0,171232104;1,965057957;;;
-0,166770726;-0,056291605;-0,172974989;-0,08598769;;;-0,156298831;2,602964159;-0,172821462;1,950726485;;;
-0,167602718;-0,055981447;-0,173447445;-0,084028502;;;-0,156590313;2,580425907;-0,173460096;1,938179092;;;
-0,168611825;-0,056047628;-0,174511537;-0,085954223;;;-0,158361569;2,572169707;-0,174782634;1,938460488;;;
-0,169051349;-0,056884339;-0,174448088;-0,087056515;;;-0,158944607;2,565593597;-0,175567403;1,917680561;;;
-0,170333281;-0,057108483;-0,176573351;-0,08516773;;;-0,160259008;2,538972193;-0,176301166;1,907350695;;;
-0,170693681;-0,057959187;-0,178231701;-0,084680507;;;-0,161447197;2,532353082;-0,177876785;1,92724108;;;
-0,171999544;-0,058108737;-0,179991663;-0,086995785;;;-0,161472723;2,524154878;-0,178377792;1,904269186;;;
-0,172472373;-0,058345952;-0,180033177;-0,089941476;;;-0,163551375;2,519944162;-0,179567382;1,88848472;;;
-0,173909724;-0,059425682;-0,180834576;-0,093802798;;;-0,164070815;2,502325685;-0,180601597;1,882765936;;;
-0,175700083;-0,059350806;-0,181975082;-0,093461887;;;-0,165023714;2,488863988;-0,181231767;1,89056733;;;
-0,177576289;-0,059645209;-0,182159334;-0,089508439;;;-0,166237473;2,476029202;-0,182701513;1,861801393;;;
-0,177586839;-0,059986301;-0,183157295;-0,0924681;;;-0,166299954;2,47155643;-0,183279842;1,856377798;;;
-0,178131729;-0,06094115;-0,184817284;-0,095376724;;;-0,168522805;2,468250495;-0,184928477;1,852740662;;;
-0,179523513;-0,061462253;-0,186761305;-0,095115349;;;-0,16923511;2,450303879;-0,185345709;1,838838036;;;
-0,179880828;-0,061314177;-0,187389523;-0,097944789;;;-0,170067221;2,427549532;-0,186449155;1,822146385;;;
-0,180547491;-0,062142533;-0,188623086;-0,097877845;;;-0,171289414;2,42342075;-0,187664881;1,826570751;;;
-0,181825846;-0,062636302;-0,188909113;-0,098550404;;;-0,171832129;2,398374244;-0,188077822;1,802810505;;;
-0,182639927;-0,063463503;-0,189907357;-0,100035799;;;-0,17344968;2,385389868;-0,189936534;1,788553256;;;
-0,185015395;-0,064251242;-0,19074744;-0,098943082;;;-0,174465194;2,371585681;-0,190264553;1,761712606;;;
-0,185992718;-0,064292811;-0,191486686;-0,1024262;;;-0,174903989;2,364160106;-0,191461235;1,768469611;;;
-0,187204748;-0,06490964;-0,191855133;-0,104354186;;;-0,176466465;2,353791468;-0,192570955;1,748352382;;;
-0,18751806;-0,065321339;-0,194271892;-0,104073467;;;-0,177010044;2,345855715;-0,193135545;1,75273825;;;
-0,188498557;-0,065458127;-0,195616528;-0,103924136;;;-0,17813915;2,324111467;-0,195099726;1,73478544;;;
-0,189214081;-0,066522753;-0,196310088;-0,106962173;;;-0,179654956;2,323158693;-0,19539848;1,729330797;;;
-0,189536318;-0,067210164;-0,197078913;-0,107302781;;;-0,179807648;2,316257371;-0,19665429;1,715035838;;;
-0,191053942;-0,067640124;-0,198089123;-0,107650119;;;-0,181399718;2,293263067;-0,197500333;1,685657024;;;
-0,19180049;-0,067639873;-0,198225796;-0,105685916;;;-0,182037845;2,296429847;-0,198465109;1,683343679;;;
-0,193379909;-0,068513502;-0,199595124;-0,109519588;;;-0,182973728;2,273354122;-0,200113863;1,676626936;;;
-0,194748104;-0,069331625;-0,200419933;-0,112713217;;;-0,184616849;2,268067247;-0,199999541;1,668630465;;;
-0,195858181;-0,069629124;-0,201161504;-0,112691018;;;-0,184721783;2,24711551;-0,201585874;1,658338692;;;
-0,196562022;-0,069932577;-0,203537494;-0,105243053;;;-0,186348721;2,238444173;-0,202482775;1,653223984;;;
-0,197370797;-0,071029325;-0,20427689;-0,109664389;;;-0,187346354;2,222842056;-0,203242153;1,639626635;;;
-0,198788047;-0,071424883;-0,205331355;-0,114423641;;;-0,187895551;2,218075834;-0,204963923;1,630406548;;;
-0,199112386;-0,072239445;-0,205919147;-0,114795478;;;-0,189566001;2,162157547;-0,205420345;1,624707746;;;
-0,19959788;-0,072519977;-0,207170755;-0,114573889;;;-0,189646572;2,173238993;-0,206613779;1,627666027;;;
-0,200569913;-0,072675891;-0,207549021;-0,116496223;;;-0,191414863;2,165401822;-0,207270399;1,606498377;;;
-0,200983107;-0,073523992;-0,208286911;-0,117013192;;;-0,192183137;2,162293281;-0,20835574;1,586817824;;;
-0,203313202;-0,07478427;-0,209137499;-0,122813856;;;-0,192848846;2,145963455;-0,209916785;1,592324478;;;
-0,204425126;-0,074497706;-0,211106911;-0,123929845;;;-0,194599882;2,133314431;-0,209991828;1,574502201;;;
-0,20646058;-0,075475189;-0,211897805;-0,124276807;;;-0,194803476;2,130160597;-0,211833417;1,573943416;;;
-0,206634209;-0,076556093;-0,213984102;-0,124321938;;;-0,196471944;2,096331571;-0,212372378;1,556074846;;;
-0,20741345;-0,076506931;-0,214399248;-0,126374386;;;-0,196991324;2,088840239;-0,213187888;1,553336004;;;
-0,208300531;-0,078026977;-0,214877874;-0,126015193;;;-0,197973952;2,084090228;-0,214817509;1,534993306;;;
-0,209285274;-0,078145652;-0,215597704;-0,124884794;;;-0,199690074;2,071274205;-0,215218961;1,545702783;;;
-0,209475294;-0,078376145;-0,216331795;-0,118576653;;;-0,199583054;2,063916171;-0,216877162;1,533573579;;;
-0,210482001;-0,079780363;-0,217693642;-0,126555533;;;-0,201418966;2,046633452;-0,217261642;1,520280863;;;
-0,210841373;-0,080019969;-0,218623385;-0,131675977;;;-0,202150404;2,041641594;-0,218422189;1,51559016;;;
-0,213138208;-0,079819399;-0,220079869;-0,128783523;;;-0,202728093;2,01747425;-0,21985282;1,489798149;;;
-0,214659512;-0,080166543;-0,221080154;-0,13242114;;;-0,204625472;2,001680858;-0,220273241;1,494029123;;;
-0,215784162;-0,082341228;-0,222962812;-0,135591143;;;-0,204921395;2,003398994;-0,221837386;1,481347536;;;
-0,216291785;-0,082083962;-0,223458558;-0,136623947;;;-0,206087232;1,989763088;-0,222271487;1,471633487;;;
-0,217473805;-0,082698947;-0,224553227;-0,134657314;;;-0,207505479;1,975095862;-0,223404706;1,462617177;;;
-0,218398005;-0,083295955;-0,225538343;-0,136886521;;;-0,207786426;1,964835538;-0,22474201;1,448607017;;;
-0,219375461;-0,083856494;-0,226320833;-0,135893106;;;-0,209502578;1,955632267;-0,225099042;1,438011263;;;
-0,22026585;-0,084916351;-0,227139488;-0,134736954;;;-0,210013568;1,948178608;-0,226904407;1,436958193;;;
-0,221563429;-0,085259206;-0,2278312;-0,137164398;;;-0,211079851;1,938179675;-0,227308795;1,420362819;;;
-0,221914157;-0,085522076;-0,229064673;-0,140223483;;;-0,21243453;1,917546024;-0,228695095;1,415552567;;;
-0,223229632;-0,08650378;-0,229393691;-0,143202707;;;-0,212847784;1,908312144;-0,229616493;1,411065686;;;
-0,224100053;-0,086935404;-0,230629787;-0,132646863;;;-0,214568332;1,907808486;-0,230204105;1,409659043;;;
-0,22419849;-0,087663696;-0,23153238;-0,141444447;;;-0,215376049;1,894053877;-0,231846586;1,389661046;;;
-0,225358114;-0,08817521;-0,232180133;-0,144152264;;;-0,215912357;1,884450704;-0,232108116;1,38382813;;;
-0,226330206;-0,08830648;-0,233071938;-0,144287964;;;-0,217656136;1,876069552;-0,233599141;1,378573749;;;
-0,227448449;-0,090725271;-0,234449446;-0,141170933;;;-0,218163908;1,850064979;-0,234628409;1,342841171;;;
-0,228448957;-0,089827019;-0,234847829;-0,147672406;;;-0,21935001;1,847359643;-0,235180274;1,342855115;;;
-0,230157837;-0,090819659;-0,236182973;-0,147961296;;;-0,220466211;1,8384002;-0,23688823;1,341316507;;;
-0,230440825;-0,091497198;-0,237427354;-0,150180317;;;-0,22064276;1,824923315;-0,237091288;1,331241662;;;
-0,231742203;-0,09215192;-0,239188254;-0,150835181;;;-0,222758979;1,813787878;-0,238749877;1,322193781;;;
-0,233085558;-0,093111157;-0,239945516;-0,156033305;;;-0,223031387;1,800955142;-0,239605606;1,323071575;;;
-0,233672798;-0,093306685;-0,241634473;-0,158800195;;;-0,224366874;1,790060665;-0,2402917;1,304843069;;;
-0,235224396;-0,094846404;-0,241857186;-0,159647486;;;-0,225348577;1,777684626;-0,241635442;1,283136068;;;
-0,237057373;-0,096081771;-0,243130744;-0,161643929;;;-0,225658104;1,773938914;-0,241979659;1,282211802;;;
-0,237217426;-0,095266689;-0,244418383;-0,154352601;;;-0,22773695;1,761770408;-0,243730158;1,27188645;;;
-0,238681048;-0,096272984;-0,245506018;-0,158665556;;;-0,228083387;1,746811687;-0,244431153;1,261326835;;;
-0,239754036;-0,096861823;-0,246514007;-0,163069749;;;-0,228986591;1,740707457;-0,245235011;1,257160006;;;
-0,240482435;-0,098249862;-0,247291401;-0,165105553;;;-0,230455682;1,730427625;-0,246925026;1,248493529;;;
-0,24189949;-0,097947792;-0,248084545;-0,162439367;;;-0,23081924;1,717845519;-0,247093529;1,244217316;;;
-0,242775053;-0,099203552;-0,24865216;-0,164252868;;;-0,232301176;1,708013646;-0,248612985;1,231953828;;;
-0,244209111;-0,099847253;-0,249819219;-0,167945727;;;-0,233234987;1,685474834;-0,24940826;1,217687655;;;
-0,24481447;-0,10092836;-0,250675827;-0,16904379;;;-0,233991846;1,677031146;-0,250578403;1,210343421;;;
-0,245735645;-0,101968082;-0,252064556;-0,163716686;;;-0,235486388;1,669813045;-0,251657486;1,203376455;;;
-0,2464609;-0,101077232;-0,252143562;-0,163280858;;;-0,235991031;1,649220789;-0,252086341;1,199582099;;;
-0,247326702;-0,102498564;-0,253649533;-0,173430248;;;-0,237449571;1,645208614;-0,253639877;1,186779784;;;
-0,248600826;-0,104291204;-0,253867507;-0,160628807;;;-0,23816818;1,644187201;-0,254233837;1,182848904;;;
-0,249093741;-0,103846672;-0,255274862;-0,169420089;;;-0,238803193;1,625278951;-0,255573511;1,173251081;;;
-0,250556558;-0,104164;-0,256465137;-0,170595805;;;-0,240528852;1,607065894;-0,256710768;1,158754608;;;
-0,251535058;-0,105183098;-0,257146418;-0,173052469;;;-0,240927458;1,59670488;-0,257251948;1,148476065;;;
-0,252461374;-0,106370775;-0,258332103;-0,175521521;;;-0,242404029;1,59002661;-0,258578688;1,144062773;;;
-0,253453553;-0,107216311;-0,259837419;-0,182395119;;;-0,243190616;1,581022208;-0,259114653;1,135186596;;;
-0,25408113;-0,107463475;-0,261140406;-0,181497412;;;-0,243906066;1,566979693;-0,260757059;1,131326456;;;
-0,255030841;-0,108332047;-0,26224798;-0,181697062;;;-0,245574519;1,554564888;-0,261705935;1,122227229;;;
-0,25602299;-0,109501963;-0,264167994;-0,174037264;;;-0,245963573;1,548864988;-0,262313664;1,116362272;;;
-0,256723732;-0,109661937;-0,264480412;-0,177345821;;;-0,247401968;1,540999381;-0,263616264;1,102439945;;;
-0,257812262;-0,109368011;-0,265448242;-0,181813823;;;-0,248281762;1,525517196;-0,264140487;1,090150695;;;
-0,259078979;-0,112081942;-0,266238123;-0,186170976;;;-0,249082059;1,511985396;-0,265681237;1,080257083;;;
-0,259961903;-0,111624779;-0,26720506;-0,179833976;;;-0,250561833;1,501137157;-0,266439408;1,077641757;;;
-0,260827988;-0,112133778;-0,268248141;-0,185230459;;;-0,251207501;1,498105455;-0,267376602;1,068700392;;;
-0,261951715;-0,114874735;-0,268853873;-0,185641828;;;-0,252477288;1,489135347;-0,268655688;1,055144725;;;
-0,262318343;-0,113748455;-0,270465583;-0,186799347;;;-0,253393143;1,481150852;-0,26894176;1,050379704;;;
-0,262848318;-0,114868056;-0,270647705;-0,190376362;;;-0,253958076;1,465581871;-0,270850956;1,040226558;;;
-0,264636427;-0,115498403;-0,272126108;-0,194495248;;;-0,255479217;1,451552995;-0,271516055;1,027547823;;;
-0,266121656;-0,115818019;-0,273159564;-0,193768851;;;-0,256179869;1,441124018;-0,272321701;1,0262288;;;
-0,267208159;-0,117481696;-0,273601145;-0,195244709;;;-0,257351995;1,429043362;-0,273660421;1,015854583;;;
-0,268942297;-0,118217543;-0,274042726;-0,196883845;;;-0,258366674;1,417848506;-0,274315864;1,008899004;;;
-0,270037323;-0,118138331;-0,275497913;-0,194061188;;;-0,258685708;1,409080029;-0,275667161;1,009176956;;;
-0,269789279;-0,118503342;-0,275427818;-0,197853654;;;-0,260486871;1,401144369;-0,276384085;0,976427588;;;
-0,27185294;-0,119454333;-0,277084678;-0,194975706;;;-0,26120007;1,393059536;-0,277580708;0,971065917;;;
-0,272949129;-0,120358274;-0,278226703;-0,199258313;;;-0,26187548;1,379696581;-0,278692633;0,9634749;;;
-0,27374655;-0,121435745;-0,27949959;-0,200610036;;;-0,263537347;1,367170517;-0,278862029;0,956455298;;;
-0,275435925;-0,121893019;-0,280514002;-0,202831816;;;-0,263675153;1,357466607;-0,280777603;0,950005522;;;
-0,276042193;-0,123078617;-0,281625926;-0,205828989;;;-0,265111476;1,347457373;-0,281319886;0,935849856;;;
-0,276913464;-0,124406918;-0,283326417;-0,197996601;;;-0,266179979;1,33850354;-0,282819301;0,936217341;;;
-0,277689487;-0,124508022;-0,283873022;-0,198857659;;;-0,266882747;1,321528615;-0,283756554;0,921017158;;;
-0,278730392;-0,12471421;-0,285580069;-0,206602511;;;-0,268554449;1,317029102;-0,284206271;0,914798048;;;
-0,279931486;-0,126142602;-0,286644876;-0,207512633;;;-0,268831015;1,296815443;-0,285627753;0,910142254;;;
-0,280734897;-0,127362525;-0,287573814;-0,20286195;;;-0,270235538;1,29661288;-0,286307633;0,893227559;;;
-0,282313228;-0,127599861;-0,288038939;-0,208772823;;;-0,271277398;1,289884455;-0,287604749;0,890805175;;;
-0,282867432;-0,126807422;-0,289748102;-0,214244317;;;-0,271791607;1,271602366;-0,288718641;0,883575112;;;
-0,28393504;-0,128597387;-0,290107191;-0,215692098;;;-0,273606211;1,265228361;-0,288834214;0,871347399;;;
-0,284440786;-0,130264701;-0,291305542;-0,187031279;;;-0,273883015;1,262216722;-0,290908605;0,863814307;;;
-0,285328925;-0,131370868;-0,292596668;-0,200936711;;;-0,275061727;1,242654093;-0,291180849;0,865741593;;;
-0,286582917;-0,131578805;-0,293465018;-0,209391572;;;-0,2764301;1,227630353;-0,292730004;0,858514108;;;
-0,2882092;-0,131130008;-0,294245481;-0,210984985;;;-0,276862681;1,217806772;-0,293752015;0,84151129;;;
-0,288425207;-0,132325749;-0,294956028;-0,217718244;;;-0,278398633;1,209834202;-0,294174969;0,831597839;;;
-0,289488405;-0,132471781;-0,296238452;-0,214800515;;;-0,279159725;1,200668896;-0,295714229;0,838907187;;;
-0,29041779;-0,134481993;-0,296844155;-0,21310188;;;-0,279991865;1,188253587;-0,29630506;0,828428322;;;
-0,291256517;-0,13458179;-0,298038661;-0,217675837;;;-0,281467348;1,180508302;-0,297599167;0,816121136;;;
-0,292559266;-0,136009134;-0,298651874;-0,222156531;;;-0,281864017;1,167159844;-0,298422992;0,809188021;;;
-0,293472081;-0,135659997;-0,299659908;-0,207790028;;;-0,283303291;1,162468695;-0,299370825;0,804470541;;;
-0,294347465;-0,137392156;-0,300444663;-0,212662213;;;-0,284344286;1,153303336;-0,300625533;0,791330393;;;
-0,295956671;-0,138154026;-0,301775694;-0,212776915;;;-0,28487739;1,139630165;-0,301006943;0,785707;;;
-0,296445221;-0,139665938;-0,301880062;-0,220163013;;;-0,286528856;1,128333599;-0,302716166;0,779290252;;;
-0,296993226;-0,139068686;-0,303502887;-0,226965969;;;-0,28693071;1,124089295;-0,303558975;0,762860713;;;
-0,298343509;-0,139412946;-0,30407989;-0,225910239;;;-0,288273633;1,116225865;-0,304635882;0,754403657;;;
-0,299270123;-0,139670823;-0,304986447;-0,227898992;;;-0,289383441;1,102375955;-0,30556038;0,756972493;;;
-0,300197601;-0,142562659;-0,305924594;-0,222634436;;;-0,290137082;1,097228985;-0,306151301;0,741047906;;;
-0,300916463;-0,143135328;-0,307225078;-0,227373233;;;-0,291615814;1,088172279;-0,307778925;0,741240098;;;
-0,301992208;-0,142407058;-0,308685303;-0,222909462;;;-0,29212147;1,076644992;-0,308235347;0,731018731;;;
-0,303626716;-0,143291878;-0,309146047;-0,227555898;;;-0,293384016;1,063049405;-0,309574932;0,721960665;;;
-0,303400934;-0,145078933;-0,310606271;-0,226628648;;;-0,294326246;1,059029674;-0,310733318;0,7084741;;;
-0,305280328;-0,144558497;-0,31144923;-0,234775985;;;-0,295005888;1,049263238;-0,310982227;0,707999004;;;
-0,305984408;-0,146468802;-0,312559366;-0,235246056;;;-0,296585113;1,041239767;-0,312622517;0,696558897;;;
-0,30657354;-0,148208445;-0,313444346;-0,227653532;;;-0,297031403;1,026635755;-0,313638121;0,686016401;;;
-0,30786252;-0,147404614;-0,316087574;-0,235623155;;;-0,297865599;1,016404714;-0,314537078;0,679966849;;;
-0,308101326;-0,148021664;-0,316453904;-0,238978604;;;-0,299349636;1,005810066;-0,315770864;0,675519732;;;
-0,309405893;-0,148819204;-0,317850113;-0,238499224;;;-0,299650669;1,000202167;-0,316213548;0,667160732;;;
-0,310561299;-0,150033243;-0,318623692;-0,243022282;;;-0,301447302;0,983584703;-0,317664295;0,662570865;;;
-0,311955065;-0,151566519;-0,3190929;-0,227954759;;;-0,302081227;0,968548731;-0,318637401;0,656335777;;;
-0,312629342;-0,151404164;-0,320213169;-0,220121795;;;-0,302869916;0,960381548;-0,319073766;0,645129061;;;
-0,31364274;-0,152667753;-0,320944011;-0,236768114;;;-0,30420965;0,955798193;-0,320976526;0,637840611;;;
-0,314567238;-0,154256206;-0,322200865;-0,230536784;;;-0,304823488;0,943940327;-0,321231872;0,634255567;;;
-0,314659268;-0,153986377;-0,323098749;-0,234045699;;;-0,306469619;0,938548837;-0,322498322;0,629615798;;;
-0,316939443;-0,154109492;-0,324265778;-0,242412413;;;-0,307118386;0,928989135;-0,323552042;0,617902927;;;
-0,317531884;-0,155503173;-0,324866325;-0,244775308;;;-0,307804197;0,918281682;-0,324320912;0,611212593;;;
-0,318887651;-0,156798979;-0,326061785;-0,250269312;;;-0,309302181;0,906180717;-0,32591781;0,605776921;;;
-0,319902509;-0,156763347;-0,326828301;-0,245631392;;;-0,31000796;0,896343765;-0,326225996;0,599399678;;;
-0,320740491;-0,157414072;-0,327703178;-0,249751072;;;-0,311170787;0,888955508;-0,3273516;0,592050926;;;
-0,321833402;-0,157977878;-0,328303695;-0,247986694;;;-0,312580526;0,87757819;-0,328541815;0,582473044;;;
-0,323264569;-0,159790321;-0,32943669;-0,252167113;;;-0,312886953;0,868308247;-0,328979224;0,577909486;;;
-0,324293673;-0,160610882;-0,329499424;-0,252478558;;;-0,314362466;0,861542994;-0,330839068;0,565455315;;;
-0,32522434;-0,159974753;-0,331794947;-0,253314196;;;-0,315250635;0,853943477;-0,331584215;0,563771405;;;
-0,326878369;-0,160194228;-0,332497209;-0,247867452;;;-0,31587404;0,846535477;-0,332284063;0,55400662;;;
-0,327130228;-0,161395553;-0,333569765;-0,252679132;;;-0,317575693;0,836456713;-0,333515763;0,547039708;;;
-0,328831702;-0,162812895;-0,334561825;-0,257226805;;;-0,317943186;0,826130953;-0,334452957;0,542598681;;;
-0,329865038;-0,163537857;-0,335309625;-0,248146527;;;-0,319048762;0,817649654;-0,335995853;0,533294523;;;
-0,33065474;-0,163886553;-0,336333722;-0,25506373;;;-0,320603728;0,809778141;-0,336243629;0,52044363;;;
-0,331378818;-0,164835073;-0,336564481;-0,260175371;;;-0,320926011;0,805678927;-0,337159604;0,521749373;;;
-0,3332147;-0,164820866;-0,338472635;-0,223447346;;;-0,322452426;0,795941977;-0,338779867;0,514595171;;;
-0,333368331;-0,164978616;-0,338872999;-0,243198812;;;-0,323232591;0,782426853;-0,339094341;0,506177452;;;
-0,334858626;-0,166625125;-0,340395987;-0,244402691;;;-0,323821962;0,781033296;-0,340680748;0,500498367;;;
-0,335568935;-0,167259073;-0,341444135;-0,25116703;;;-0,325424671;0,768923868;-0,341486484;0,494380858;;;
-0,335910261;-0,168503923;-0,34171325;-0,242453619;;;-0,326119125;0,760147069;-0,342217237;0,488778118;;;
-0,338134974;-0,169123151;-0,343127936;-0,245565887;;;-0,327107966;0,752726918;-0,343678564;0,48110086;;;
-0,338451058;-0,169625032;-0,343443722;-0,249893683;;;-0,328644991;0,742192179;-0,344303399;0,47373352;;;
-0,339287251;-0,170411852;-0,345383495;-0,251538035;;;-0,328720212;0,734137079;-0,345714957;0,463898221;;;
-0,340796858;-0,171404098;-0,346549451;-0,253068801;;;-0,330207437;0,72752443;-0,346503794;0,461945086;;;
-0,341206044;-0,172288755;-0,347678274;-0,263058916;;;-0,331190079;0,718712056;-0,34715721;0,459109459;;;
-0,34245801;-0,171527179;-0,348804712;-0,250534959;;;-0,332041204;0,711880773;-0,348681182;0,452865565;;;
-0,343740493;-0,173920032;-0,349040031;-0,251310099;;;-0,33372134;0,70182281;-0,348772138;0,44389953;;;
-0,343606919;-0,173503628;-0,350727737;-0,25073863;;;-0,334189802;0,695314945;-0,350575507;0,434792791;;;
-0,345421314;-0,173927557;-0,350757658;-0,24515365;;;-0,335321963;0,68139752;-0,351767898;0,431848341;;;
-0,34623149;-0,175039426;-0,353196442;-0,249887377;;;-0,336558968;0,675568752;-0,352372557;0,423732521;;;
-0,34705618;-0,175053249;-0,354047835;-0,256746528;;;-0,336979777;0,666015076;-0,35371536;0,415663594;;;
-0,348452061;-0,178382388;-0,355353415;-0,265791958;;;-0,338510424;0,658386507;-0,354332745;0,411142415;;;
-0,34926948;-0,177302047;-0,356019646;-0,256969834;;;-0,339493096;0,652745773;-0,355735779;0,407315049;;;
-0,349600405;-0,178174935;-0,357307106;-0,258670232;;;-0,33986935;0,642440648;-0,356335223;0,40193611;;;
-0,35132587;-0,178812612;-0,357812434;-0,263104496;;;-0,341728628;0,634198324;-0,357467234;0,395268219;;;
-0,352172822;-0,178908792;-0,359405547;-0,268102954;;;-0,342048705;0,625207228;-0,358751893;0,384444403;;;
-0,352331012;-0,180152902;-0,360459805;-0,264264932;;;-0,343363136;0,619473579;-0,359218717;0,380798224;;;
-0,354716837;-0,180547983;-0,361310512;-0,267805216;;;-0,344352096;0,608534348;-0,360663086;0,375083401;;;
-0,355176866;-0,181876039;-0,362501472;-0,272829906;;;-0,345031589;0,603187921;-0,361386418;0,367738804;;;
-0,356558979;-0,182444984;-0,363194942;-0,275608181;;;-0,346696824;0,596476007;-0,36239779;0,363205238;;;
-0,357397586;-0,183645034;-0,364940226;-0,270845897;;;-0,347188681;0,589628616;-0,363783866;0,356802941;;;
-0,357484519;-0,183636054;-0,365016311;-0,27007199;;;-0,348201871;0,581786024;-0,36426571;0,350678911;;;
-0,3594383;-0,184504009;-0,367193729;-0,262821218;;;-0,34933728;0,571063602;-0,365668803;0,348063693;;;
-0,360441923;-0,186623523;-0,367507041;-0,269462826;;;-0,349946946;0,563967441;-0,366669357;0,334770942;;;
-0,360969931;-0,186352615;-0,368340552;-0,270224429;;;-0,351588756;0,557000228;-0,367488086;0,331802807;;;
-0,362324476;-0,187015587;-0,369756132;-0,259346278;;;-0,352211028;0,545918108;-0,36875242;0,32508058;;;
-0,363263696;-0,187839278;-0,370170444;-0,267574455;;;-0,3529827;0,538885577;-0,368939906;0,316857862;;;
-0,363440871;-0,189709833;-0,371893287;-0,276484825;;;-0,354345828;0,534144718;-0,370814443;0,311571873;;;
-0,364922553;-0,187458769;-0,372081876;-0,261239394;;;-0,354983985;0,525013221;-0,371380776;0,307041944;;;
-0,365804493;-0,189664628;-0,373583943;-0,264827122;;;-0,356627107;0,518323952;-0,372369885;0,302024676;;;
-0,366709709;-0,18892536;-0,374493092;-0,257056779;;;-0,357496172;0,507743159;-0,373704195;0,295911852;;;
-0,368206501;-0,191270905;-0,375663728;-0,272843948;;;-0,357653081;0,501802656;-0,374372452;0,285625803;;;
-0,369191408;-0,191209433;-0,376558065;-0,277800569;;;-0,359444529;0,494235761;-0,375772327;0,282067287;;;
-0,370139897;-0,192072842;-0,377005219;-0,276011377;;;-0,360028535;0,487271995;-0,37650618;0,275995567;;;
-0,371103495;-0,192187875;-0,378130615;-0,274151322;;;-0,361199856;0,479026984;-0,37763077;0,271832413;;;
-0,371816069;-0,192478803;-0,378834814;-0,273850378;;;-0,362459093;0,471680601;-0,378718436;0,265102333;;;
-0,372820675;-0,194011319;-0,380157411;-0,279866785;;;-0,362830102;0,462677928;-0,378893018;0,258290538;;;
-0,373917758;-0,197029815;-0,381034136;-0,281713471;;;-0,364391506;0,456470183;-0,380923301;0,255451546;;;
-0,374747664;-0,193657651;-0,381881386;-0,274931748;;;-0,365122885;0,445794987;-0,381389022;0,249343118;;;
-0,375927508;-0,195959912;-0,383355498;-0,274630313;;;-0,36593169;0,440928884;-0,382378995;0,243143266;;;
-0,37709567;-0,196575789;-0,384007782;-0,275136542;;;-0,367448717;0,435349593;-0,383738816;0,23404193;;;
-0,377796143;-0,198222851;-0,38472572;-0,277787253;;;-0,367564082;0,425715765;-0,384258866;0,228955865;;;
-0,378736526;-0,197501725;-0,385977447;-0,285435179;;;-0,369339615;0,418675211;-0,385704249;0,224417172;;;
-0,379338622;-0,198831919;-0,386363924;-0,281860007;;;-0,370384842;0,411644828;-0,386284411;0,220413519;;;
-0,38074103;-0,199661822;-0,387689769;-0,287191459;;;-0,370889306;0,405799828;-0,387638986;0,216479634;;;
-0,382308751;-0,20094419;-0,388970137;-0,268917968;;;-0,372524977;0,396210978;-0,388712794;0,209823693;;;
-0,382952183;-0,200183237;-0,38991043;-0,273362211;;;-0,372884244;0,38945669;-0,389242202;0,206299469;;;
-0,384028077;-0,20199424;-0,390896291;-0,282400984;;;-0,374230474;0,383359553;-0,390700638;0,199391028;;;
-0,384606838;-0,204291167;-0,391921401;-0,284641423;;;-0,375448465;0,378284404;-0,391053051;0,195999055;;;
-0,385423869;-0,201352132;-0,392904013;-0,286380801;;;-0,375833184;0,370826124;-0,392619193;0,190397428;;;
-0,386653721;-0,20101937;-0,393384814;-0,28208478;;;-0,377678633;0,363136397;-0,393592387;0,18501302;;;
-0,387485832;-0,202507189;-0,395159692;-0,286938194;;;-0,378027648;0,356235173;-0,394565552;0,1816207;;;
-0,38904497;-0,204800622;-0,395823628;-0,286093496;;;-0,379099071;0,351543712;-0,395739973;0,174634578;;;
-0,389562368;-0,204815517;-0,396771401;-0,288220034;;;-0,380472839;0,343734601;-0,396241844;0,17006166;;;
-0,390970051;-0,205266883;-0,398046374;-0,28850761;;;-0,38084808;0,336308323;-0,397849411;0,165753612;;;
-0,391534001;-0,206115143;-0,3984541;-0,293406907;;;-0,382650107;0,328719513;-0,398442447;0,160016921;;;
-0,392610937;-0,20692257;-0,399741739;-0,284694772;;;-0,383393168;0,319414199;-0,399721593;0,155639544;;;
-0,393603206;-0,208765748;-0,400562465;-0,278216699;;;-0,384043992;0,314556173;-0,400622785;0,151448681;;;
-0,393908352;-0,208194496;-0,401910514;-0,280134657;;;-0,385429442;0,307945572;-0,401216835;0,145213977;;;
-0,39616406;-0,208832327;-0,402936727;-0,283949098;;;-0,38618508;0,302540395;-0,402689815;0,142003664;;;
-0,396727264;-0,210392274;-0,403874844;-0,291054513;;;-0,387655437;0,294835905;-0,4031865;0,137827132;;;
-0,397913069;-0,209692103;-0,404886007;-0,287688465;;;-0,388363481;0,288860355;-0,404736876;0,13265519;;;
-0,398814082;-0,20878786;-0,405156195;-0,290418633;;;-0,389021695;0,282941844;-0,40563798;0,127610959;;;
-0,399616659;-0,210224143;-0,406855136;-0,291477419;;;-0,390476108;0,275855874;-0,406372964;0,123809362;;;
-0,400739044;-0,211658012;-0,406649321;-0,286106362;;;-0,390897959;0,270013466;-0,407587558;0,118585244;;;
-0,401942164;-0,21463405;-0,408121377;-0,265145833;;;-0,392616212;0,263315715;-0,408128709;0,11293384;;;
-0,402626932;-0,211461707;-0,40914315;-0,269868383;;;-0,393499196;0,258142773;-0,410065472;0,110646642;;;
-0,403755844;-0,212792905;-0,410046071;-0,281203348;;;-0,393791795;0,25197895;-0,410499692;0,106602805;;;
-0,405122966;-0,214724803;-0,411233515;-0,260968813;;;-0,395499438;0,244208755;-0,411746085;0,100456294;;;
-0,405852526;-0,213999201;-0,412353814;-0,282355667;;;-0,395991266;0,239633883;-0,412542462;0,096676691;;;
-0,406574368;-0,215680172;-0,413518786;-0,285775511;;;-0,39732796;0,233159843;-0,413403302;0,092939301;;;
-0,407326043;-0,217422724;-0,413582504;-0,293021293;;;-0,398385853;0,226960614;-0,414760172;0,087383163;;;
-0,407813519;-0,217723442;-0,415284038;-0,293398095;;;-0,398728222;0,221183104;-0,414957881;0,083119642;;;
-0,410115838;-0,218202432;-0,416513205;-0,289788898;;;-0,400612861;0,213285507;-0,416461527;0,079960775;;;
-0,411090672;-0,217117891;-0,417143583;-0,294076606;;;-0,401160926;0,20804161;-0,417157322;0,075277938;;;
-0,411821395;-0,217713963;-0,419095069;-0,297150051;;;-0,402229398;0,202491552;-0,418674439;0,069624694;;;
-0,413104087;-0,219255388;-0,419402331;-0,300201049;;;-0,403286159;0,195982924;-0,419781476;0,066346963;;;
-0,41342622;-0,21943164;-0,420642346;-0,281094923;;;-0,40389362;0,190176124;-0,421205699;0,061333359;;;
-0,414560437;-0,220952388;-0,421003431;-0,283834389;;;-0,405564368;0,184140759;-0,421981961;0,057638709;;;
-0,415845484;-0,220788265;-0,422676504;-0,294241464;;;-0,405857831;0,178192469;-0,422761321;0,05314219;;;
-0,416873366;-0,222066879;-0,423701674;-0,291970022;;;-0,407409638;0,171026765;-0,424339175;0,049827712;;;
-0,418047875;-0,222252018;-0,424905628;-0,294671066;;;-0,408203572;0,166783458;-0,424830437;0,045739825;;;
-0,419171631;-0,222620396;-0,426064163;-0,292799168;;;-0,408943504;0,161016199;-0,426081151;0,042108918;;;
-0,419889092;-0,220460296;-0,426882416;-0,28641755;;;-0,410598159;0,154762334;-0,42697069;0,039040594;;;
-0,420741737;-0,224251643;-0,428180039;-0,286490829;;;-0,410753697;0,149777063;-0,427552015;0,034741441;;;
-0,421783328;-0,223824892;-0,428645611;-0,298783338;;;-0,412650347;0,144800368;-0,429283142;0,031374547;;;
-0,422026098;-0,22284864;-0,429794937;-0,296305175;;;-0,412806183;0,138899961;-0,429692209;0,027610415;;;
-0,424683571;-0,224788616;-0,431482643;-0,288854621;;;-0,414160818;0,132596509;-0,431291193;0,024285998;;;
-0,425064027;-0,224859411;-0,432434887;-0,293490876;;;-0,415649056;0,127695292;-0,431950629;0,021424705;;;
-0,426090091;-0,225245455;-0,433425665;-0,296216727;;;-0,415912002;0,123024762;-0,432937801;0,017824655;;;
-0,427027047;-0,225455362;-0,4346174;-0,274925687;;;-0,417274117;0,116977072;-0,434069902;0,014576448;;;
-0,427903831;-0,226788914;-0,435283303;-0,269808371;;;-0,418101937;0,11297086;-0,434580326;0,011855118;;;
-0,429257423;-0,227939428;-0,436104119;-0,275927747;;;-0,419258326;0,108305322;-0,436275691;0,008607801;;;
-0,430088609;-0,229205735;-0,437516868;-0,289656008;;;-0,420624763;0,103194598;-0,436684251;0,006017172;;;
-0,431174964;-0,228329953;-0,438251704;-0,293378688;;;-0,420964956;0,097038229;-0,437394887;0,004236604;;;
-0,432246685;-0,227735997;-0,439917147;-0,279682617;;;-0,422553957;0,092367567;-0,434669137;0,004533198;;;
-0,433378726;-0,228086515;-0,440805942;-0,288250301;;;-0,42324084;0,087616976;-0,436308414;0,003781346;;;
-0,433771938;-0,228888465;-0,440910667;-0,292685642;;;-0,424048603;0,082872209;-0,438234776;0,002553101;;;
-0,434798658;-0,228387441;-0,442039579;-0,295625144;;;-0,425531507;0,07873084;-0,439041644;-0,0004486;;;
-0,436067939;-0,230047312;-0,443002343;-0,297864969;;;-0,425785959;0,074064741;-0,439685613;-0,003081218;;;
-0,43693608;-0,229911493;-0,443951041;-0,284296964;;;-0,427443683;0,069899399;-0,441374749;-0,005796906;;;
-0,437891006;-0,233931361;-0,444857538;-0,291336415;;;-0,428200573;0,065365755;-0,441426426;-0,008443448;;;
-0,439446181;-0,230922643;-0,445536286;-0,28799707;;;-0,428981245;0,060913624;-0,443080515;-0,01093636;;;
-0,440140456;-0,23380658;-0,447107643;-0,297536294;;;-0,430591792;0,05682413;-0,443798572;-0,013426662;;;
-0,441209793;-0,232928193;-0,446973234;-0,271257217;;;-0,430957615;0,052981221;-0,44518137;-0,015957838;;;
-0,442970723;-0,234451379;-0,448891073;-0,284529626;;;-0,432500988;0,048363211;-0,446407795;-0,018415361;;;
-0,443883419;-0,231897715;-0,448964119;-0,295010844;;;-0,433263183;0,044810369;-0,446682036;-0,020859748;;;
-0,445531666;-0,232537072;-0,450226545;-0,291352587;;;-0,434031695;0,040985251;-0,448103189;-0,022798121;;;
-0,445428848;-0,233533;-0,451319188;-0,296284441;;;-0,435538262;0,036906521;-0,448599845;-0,025140579;;;
-0,446774483;-0,235152928;-0,451461256;-0,306971406;;;-0,435730875;0,032965341;-0,450327992;-0,027128167;;;
-0,447486311;-0,235406364;-0,453344971;-0,302070116;;;-0,437481999;0,029468941;-0,450733691;-0,029063943;;;
-0,447738618;-0,235464588;-0,454725832;-0,289321369;;;-0,437983394;0,025570048;-0,451852918;-0,031486193;;;
-0,449458927;-0,236640362;-0,455862135;-0,304358648;;;-0,439077288;0,022256299;-0,453183025;-0,033223518;;;
-0,450177699;-0,236051786;-0,456551522;-0,307573666;;;-0,440428764;0,018724874;-0,453695506;-0,034811557;;;
-0,451050073;-0,235885856;-0,458086967;-0,297835741;;;-0,440549642;0,01549181;-0,455264837;-0,03693985;;;
-0,45194146;-0,237525003;-0,458714962;-0,307222563;;;-0,442721575;0,012239712;-0,455469251;-0,038236143;;;
-0,452927321;-0,236686503;-0,459647864;-0,292937058;;;-0,443401068;0,009092497;-0,457299113;-0,040077995;;;
-0,453474939;-0,237139687;-0,460803211;-0,296473716;;;-0,444231063;0,006066932;-0,458208859;-0,041567411;;;
-0,453992635;-0,237576107;-0,461999834;-0,300261049;;;-0,445410818;0,003171178;-0,459101319;-0,04314208;;;
-0,45586881;-0,23747632;-0,462841511;-0,297040223;;;-0,446172953;0,000300292;-0,460092634;-0,044615346;;;
-0,457101554;-0,238927969;-0,464007616;-0,299341117;;;-0,447713137;-0,002382524;-0,46084556;-0,046217119;;;
-0,458135068;-0,239579761;-0,465006173;-0,290760599;;;-0,448448747;-0,004232097;-0,462607712;-0,047489312;;;
-0,459261894;-0,238231424;-0,465846002;-0,299136415;;;-0,448381901;-0,005505817;-0,462388426;-0,048431159;;;
-0,460434198;-0,239468782;-0,467007637;-0,30049937;;;-0,448388517;-0,006439413;-0,464348555;-0,050041881;;;
-0,461283326;-0,240581764;-0,468049616;-0,289564412;;;-0,450076967;-0,008766358;-0,465118438;-0,050973412;;;
-0,462844729;-0,240468761;-0,469789237;-0,297347902;;;-0,450614363;-0,011278747;-0,466006905;-0,051641302;;;
-0,463748813;-0,240573977;-0,469912291;-0,299041146;;;-0,451818585;-0,013548409;-0,467150658;-0,052998266;;;
-0,464685917;-0,240455062;-0,472125828;-0,284264745;;;-0,452973932;-0,015614007;-0,467811316;-0,054085281;;;
-0,46613425;-0,240304921;-0,472617954;-0,279561342;;;-0,453253746;-0,017792664;-0,469371021;-0,054914365;;;
-0,466405302;-0,241919202;-0,473635077;-0,290953186;;;-0,45505783;-0,019635855;-0,469778925;-0,055652265;;;
-0,467920035;-0,240444723;-0,475074738;-0,28834342;;;-0,45564732;-0,021660239;-0,471095234;-0,056654309;;;
-0,468771368;-0,240872105;-0,475245029;-0,292744868;;;-0,457090139;-0,023196315;-0,472110718;-0,057285162;;;
-0,46994248;-0,24207521;-0,475766242;-0,284074919;;;-0,457769364;-0,024908306;-0,473203421;-0,058073616;;;
-0,470207512;-0,242746831;-0,476563424;-0,295670283;;;-0,458448887;-0,026555674;-0,474203229;-0,058563621;;;
-0,471452683;-0,243481648;-0,476761669;-0,297535194;;;-0,459965706;-0,027798709;-0,474709421;-0,058446543;;;
-0,472157925;-0,243663174;-0,478481621;-0,291210211;;;-0,460468203;-0,029055289;-0,476618737;-0,059356849;;;
-0,472354323;-0,244004894;-0,479357123;-0,304559181;;;-0,462206602;-0,030298661;-0,476874918;-0,0593796;;;
-0,473344624;-0,243851698;-0,480442554;-0,305954407;;;-0,46292311;-0,031794632;-0,478212416;-0,059357729;;;
-0,474687099;-0,243348787;-0,481328905;-0,29991846;;;-0,463731945;-0,032909105;-0,478970528;-0,059958806;;;
-0,476272821;-0,244648572;-0,481959134;-0,310000895;;;-0,464765489;-0,033714743;-0,479753196;-0,060956944;;;
-0,477143109;-0,245317124;-0,483315557;-0,296162553;;;-0,465762854;-0,034451574;-0,481614023;-0,060116818;;;
-0,478156477;-0,245199702;-0,48429206;-0,296168667;;;-0,467265934;-0,035467724;-0,481455982;-0,060601085;;;
-0,479335159;-0,24732613;-0,485761732;-0,307338947;;;-0,467478961;-0,036094121;-0,483080178;-0,060644309;;;
-0,480347514;-0,245914689;-0,48676762;-0,285957355;;;-0,468965143;-0,036666;-0,483974159;-0,060563441;;;
-0,481867552;-0,246208408;-0,487728149;-0,288315272;;;-0,469777137;-0,037203756;-0,485212177;-0,060616421;;;
-0,482774854;-0,246877249;-0,489169449;-0,302352467;;;-0,470821232;-0,03795581;-0,486446828;-0,06094477;;;
-0,484441221;-0,249175044;-0,490056843;-0,302113443;;;-0,471934259;-0,038627775;-0,486710548;-0,060814437;;;
-0,484732747;-0,246383329;-0,4908517;-0,301744506;;;-0,472297847;-0,039051577;-0,488402754;-0,060834629;;;
-0,485450357;-0,246991534;-0,492262602;-0,306553554;;;-0,473768026;-0,03908611;-0,488513738;-0,06157638;;;
-0,486852765;-0,249418439;-0,493032455;-0,302948202;;;-0,474923462;-0,039955112;-0,490269661;-0,061396709;;;
-0,486946225;-0,248013076;-0,494249225;-0,283321829;;;-0,475602984;-0,040576698;-0,490916789;-0,061201166;;;
-0,488257319;-0,249210177;-0,494829565;-0,294580676;;;-0,476997912;-0,040032433;-0,49166432;-0,061949563;;;
-0,489023656;-0,250783509;-0,4962973;-0,305239636;;;-0,477163225;-0,041364074;-0,493426681;-0,060915871;;;
-0,489407301;-0,25009253;-0,497202635;-0,301284786;;;-0,479024619;-0,041703223;-0,493523836;-0,061262208;;;
-0,490846843;-0,250483261;-0,498703182;-0,303355159;;;-0,47982493;-0,041631787;-0,49518314;-0,060607546;;;
-0,491471171;-0,249753169;-0,499898821;-0,293044186;;;-0,480722725;-0,042313398;-0,495698959;-0,06141189;;;
-0,49274537;-0,250262895;-0,500394344;-0,297299682;;;-0,482041389;-0,042538788;-0,497419566;-0,060983132;;;
-0,493896455;-0,250544312;-0,500611424;-0,304943899;;;-0,482391208;-0,042192743;-0,498037159;-0,060840589;;;
-0,495393217;-0,251494788;-0,501879215;-0,309967834;;;-0,484275877;-0,04274931;-0,498918027;-0,061586631;;;
-0,496257961;-0,250334904;-0,502121508;-0,305625282;;;-0,484845072;-0,043433421;-0,500089407;-0,060361631;;;
-0,49725458;-0,250112732;-0,503023207;-0,30793553;;;-0,485817134;-0,04355233;-0,500720501;-0,060658383;;;
-0,498724818;-0,253322864;-0,504423678;-0,308300874;;;-0,486841142;-0,04354418;-0,50244242;-0,061634357;;;
-0,499515146;-0,253998144;-0,505188406;-0,311506735;;;-0,487470746;-0,044586993;-0,502995193;-0,060835913;;;
-0,501110852;-0,251712669;-0,506298065;-0,311418237;;;-0,489374548;-0,044542055;-0,50380069;-0,060611288;;;
-0,502156019;-0,253066522;-0,507300019;-0,306332292;;;-0,489888728;-0,044565326;-0,505114138;-0,060945558;;;
-0,502449691;-0,254531353;-0,508746326;-0,306897613;;;-0,490710706;-0,044947511;-0,505613863;-0,05933431;;;
-0,503264844;-0,253541279;-0,509204447;-0,306961186;;;-0,491907895;-0,044855859;-0,507384479;-0,060562246;;;
-0,503828049;-0,253311667;-0,510561407;-0,286150748;;;-0,492711395;-0,044953334;-0,507544577;-0,060981551;;;
-0,504904211;-0,255585792;-0,511723936;-0,26545744;;;-0,494396746;-0,044934949;-0,509004772;-0,060294134;;;
-0,505190849;-0,256291752;-0,513112485;-0,295853206;;;-0,494537801;-0,0449778;-0,510176957;-0,060088858;;;
-0,506717563;-0,255716081;-0,513875008;-0,300203857;;;-0,495627403;-0,045474371;-0,510529637;-0,060369461;;;
-0,507255316;-0,255671074;-0,515039742;-0,310175025;;;-0,496844351;-0,044972221;-0,512252629;-0,060349178;;;
-0,509059846;-0,25404274;-0,515952647;-0,300034111;;;-0,497503698;-0,045711874;-0,512662411;-0,060555246;;;
-0,510219872;-0,254231495;-0,517095149;-0,297713163;;;-0,499318242;-0,045192806;-0,514180779;-0,060469025;;;
-0,510986924;-0,257457891;-0,518216252;-0,301939398;;;-0,499524891;-0,045749602;-0,515127599;-0,060458849;;;
-0,512039542;-0,257549289;-0,519659936;-0,307750136;;;-0,500974238;-0,045962065;-0,51593405;-0,060521077;;;
-0,51348424;-0,255767818;-0,520170271;-0,306747918;;;-0,502001286;-0,045909511;-0,517279387;-0,060824468;;;
-0,514631271;-0,25720664;-0,521138251;-0,290432009;;;-0,502569497;-0,045899707;-0,517577171;-0,060269642;;;
-0,515439808;-0,257587038;-0,523024559;-0,291586599;;;-0,504369378;-0,045774908;-0,519261777;-0,060112555;;;
-0,516808748;-0,256129879;-0,522915125;-0,30516458;;;-0,504908741;-0,045493348;-0,519940615;-0,060766389;;;
-0,517767787;-0,256029712;-0,52488035;-0,306899584;;;-0,505911708;-0,046148421;-0,521096289;-0,060590543;;;
-0,5188905;-0,25696707;-0,525330603;-0,295662703;;;-0,506871998;-0,046015703;-0,522092283;-0,060665221;;;
-0,519834816;-0,257097962;-0,526005328;-0,298629097;;;-0,507660747;-0,045717032;-0,522413254;-0,060541359;;;
-0,52141428;-0,255568505;-0,526888371;-0,297814581;;;-0,509337604;-0,045922208;-0,524507642;-0,060630263;;;
-0,521274805;-0,255701517;-0,527723789;-0,308921809;;;-0,510073185;-0,045728037;-0,524980128;-0,060868453;;;
-0,522643805;-0,256831596;-0,527996063;-0,292821444;;;-0,510863006;-0,045551013;-0,526304722;-0,060805871;;;
-0,52302438;-0,256190695;-0,529562771;-0,284905916;;;-0,511844456;-0,045505427;-0,527323544;-0,060978186;;;
-0,523003399;-0,256091946;-0,529208541;-0,301042254;;;-0,51228112;-0,045695699;-0,527465403;-0,060462392;;;
-0,524276257;-0,256843959;-0,53151679;-0,310497293;;;-0,51452738;-0,04515298;-0,529592931;-0,060640973;;;
-0,525503755;-0,257985593;-0,532563329;-0,298204688;;;-0,514847517;-0,045455859;-0,530013382;-0,06063324;;;
-0,527017534;-0,257758834;-0,533493817;-0,291732779;;;-0,515758932;-0,045432739;-0,530607402;-0,060587414;;;
-0,527927935;-0,258338028;-0,53449589;-0,300091338;;;-0,516880572;-0,045071419;-0,532151341;-0,060589091;;;
-0,529704511;-0,255922933;-0,535276473;-0,297296955;;;-0,517452955;-0,044884889;-0,53296572;-0,060163761;;;
-0,530373275;-0,257266374;-0,536352217;-0,303974065;;;-0,5196082;-0,045013145;-0,534134746;-0,060875977;;;
-0,531181097;-0,258096933;-0,537388086;-0,301133566;;;-0,520017207;-0,044991175;-0,535187423;-0,060810259;;;
-0,532621205;-0,259051601;-0,538764596;-0,310134326;;;-0,520409524;-0,044435345;-0,535622478;-0,060009393;;;
-0,533720851;-0,257305668;-0,539703965;-0,298312114;;;-0,521864891;-0,044985097;-0,537090361;-0,060784535;;;
-0,534562528;-0,258718366;-0,540707707;-0,285742181;;;-0,522577047;-0,044863801;-0,538320899;-0,061190935;;;
-0,535826445;-0,258695293;-0,541832268;-0,301590949;;;-0,524097562;-0,044915112;-0,538532615;-0,060590659;;;
-0,537192404;-0,25943547;-0,543157101;-0,312335861;;;-0,52497375;-0,044828551;-0,540413201;-0,059876167;;;
-0,53757292;-0,259513798;-0,544037282;-0,294703773;;;-0,525259912;-0,044821534;-0,541056156;-0,060564833;;;
-0,539477408;-0,260712871;-0,545368135;-0,294030854;;;-0,527002633;-0,044602319;-0,541931868;-0,059680385;;;
-0,539875269;-0,259348184;-0,546408832;-0,304033585;;;-0,527657628;-0,045127494;-0,543328583;-0,060441627;;;
-0,540792346;-0,25968751;-0,547165275;-0,304617548;;;-0,528518379;-0,044992288;-0,543744743;-0,060194246;;;
-0,540835559;-0,260431851;-0,547910154;-0,27819117;;;-0,530174077;-0,045167732;-0,545123518;-0,060179075;;;
-0,542115033;-0,260025014;-0,549310684;-0,30296336;;;-0,530516505;-0,045150054;-0,546300113;-0,060014995;;;
-0,542649865;-0,261953562;-0,550479591;-0,316201964;;;-0,531507254;-0,044982117;-0,546394348;-0,06030248;;;
-0,543327689;-0,261461814;-0,55139786;-0,315409116;;;-0,532833576;-0,045528015;-0,548180819;-0,061016138;;;
-0,544393003;-0,263230959;-0,552885473;-0,302450352;;;-0,53346324;-0,045479792;-0,549049079;-0,059525783;;;
-0,54593116;-0,260987455;-0,553373873;-0,295083164;;;-0,534702539;-0,045113281;-0,549688637;-0,060275647;;;
-0,54675889;-0,261518493;-0,55346179;-0,303042602;;;-0,536119521;-0,045716882;-0,551509023;-0,060094067;;;
-0,548082888;-0,262995966;-0,554211497;-0,304197787;;;-0,536131322;-0,0458179;-0,551576853;-0,060304069;;;
-0,549485385;-0,261373015;-0,554524124;-0,316580621;;;-0,538251638;-0,046120135;-0,552985251;-0,06039365;;;
-0,550179541;-0,262511731;-0,556398273;-0,320879888;;;-0,53880465;-0,045811639;-0,55424422;-0,060630333;;;
-0,551534176;-0,263189521;-0,557431936;-0,321136817;;;-0,539526522;-0,046511775;-0,5546785;-0,059979633;;;
-0,553041577;-0,260304735;-0,558739603;-0,316321807;;;-0,540979683;-0,046425561;-0,556537867;-0,060632146;;;
-0,554257333;-0,262255823;-0,559594154;-0,301438476;;;-0,542019665;-0,046820899;-0,5571872;-0,060178852;;;
-0,555020332;-0,263095937;-0,560547233;-0,282035442;;;-0,542307973;-0,046905399;-0,557694435;-0,060027372;;;
-0,555637538;-0,264173681;-0,561806142;-0,299094234;;;-0,544272363;-0,047077532;-0,559352756;-0,060843634;;;
-0,555435121;-0,265288728;-0,563095093;-0,316763712;;;-0,54473114;-0,047110063;-0,559903443;-0,060524005;;;
-0,556845069;-0,262829913;-0,563953161;-0,318782364;;;-0,545754015;-0,047487286;-0,560649931;-0,060596419;;;
-0,557626128;-0,266176034;-0,564831793;-0,323060709;;;-0,547062933;-0,047455485;-0,56238234;-0,060832076;;;
-0,558891058;-0,263522927;-0,566393673;-0,312534612;;;-0,547684312;-0,047530961;-0,562574148;-0,060243899;;;
-0,559901714;-0,266139299;-0,566836417;-0,323499506;;;-0,548625708;-0,04802603;-0,564201772;-0,060594263;;;
-0,560933352;-0,266143018;-0,568564534;-0,328294606;;;-0,550131857;-0,048190667;-0,565120876;-0,060800156;;;
-0,562416434;-0,266254699;-0,569485903;-0,327863195;;;-0,55053997;-0,048202472;-0,565904498;-0,061301624;;;
-0,562986553;-0,265393186;-0,57085377;-0,32134398;;;-0,551887393;-0,048145782;-0,567639053;-0,06051672;;;
-0,564715385;-0,267607286;-0,571583688;-0,323010018;;;-0,552829564;-0,048660313;-0,567863464;-0,060785426;;;
-0,565514863;-0,266732447;-0,572757244;-0,324964157;;;-0,553150773;-0,048993953;-0,568473458;-0,061750596;;;
-0,566382825;-0,268253145;-0,573463321;-0,330406299;;;-0,555300415;-0,048942008;-0,570083141;-0,061269143;;;
-0,567602813;-0,27074551;-0,573894978;-0,334951639;;;-0,555995822;-0,04899182;-0,57079047;-0,060912771;;;
-0,568401814;-0,267682668;-0,575258255;-0,330692251;;;-0,556730211;-0,049371892;-0,572248518;-0,061169602;;;
-0,569810867;-0,268023582;-0,576149821;-0,327176285;;;-0,55816561;-0,049398817;-0,573300242;-0,061538055;;;
-0,571323395;-0,2699217;-0,577663183;-0,285885393;;;-0,558879018;-0,049229004;-0,573419034;-0,0618091;;;
-0,572240174;-0,270371967;-0,578048587;-0,30761101;;;-0,559508204;-0,049580808;-0,575310111;-0,06177469;;;
-0,572554111;-0,269734832;-0,578441501;-0,302366826;;;-0,561024487;-0,049531187;-0,576031268;-0,062539922;;;
-0,573324561;-0,264791649;-0,579727173;-0,320864485;;;-0,561835408;-0,049741343;-0,57671541;-0,061907762;;;
-0,57435298;-0,262668126;-0,580688596;-0,329988377;;;-0,562820137;-0,049769997;-0,578062296;-0,062658166;;;
-0,574862897;-0,266483091;-0,580420613;-0,334231205;;;-0,564169526;-0,049920523;-0,578834355;-0,06260947;;;
-0,575399518;-0,265727833;-0,581957161;-0,332476739;;;-0,56438905;-0,049830643;-0,580218315;-0,062766952;;;
-0,576807976;-0,267712779;-0,582822144;-0,334788808;;;-0,566193044;-0,049953891;-0,581294298;-0,062811364;;;
-0,578249574;-0,269107783;-0,584473252;-0,333980131;;;-0,567297578;-0,049977767;-0,58174324;-0,063021334;;;
-0,578439832;-0,26919896;-0,585667729;-0,315549;;;-0,567490578;-0,050211224;-0,583527684;-0,062947707;;;
-0,580185115;-0,270870625;-0,586850643;-0,334783247;;;-0,569090068;-0,050260612;-0,584067643;-0,062608565;;;
-0,581246138;-0,270255432;-0,587807775;-0,32845235;;;-0,570098162;-0,050354834;-0,584499717;-0,063954259;;;
-0,582370937;-0,272652492;-0,589232266;-0,337541343;;;-0,570128202;-0,050012251;-0,586147428;-0,063044374;;;
-0,583689451;-0,273008201;-0,590007603;-0,332126223;;;-0,572386622;-0,049916794;-0,587153494;-0,063883884;;;
-0,584878206;-0,271677406;-0,590951979;-0,297933962;;;-0,572970748;-0,050263069;-0,588009417;-0,063828015;;;
-0,585178792;-0,271640553;-0,591841519;-0,325895393;;;-0,573776305;-0,049958111;-0,58952868;-0,063637719;;;
-0,586982965;-0,27220828;-0,593017995;-0,323139201;;;-0,575214744;-0,050065137;-0,589588463;-0,063366138;;;
-0,587420523;-0,273796936;-0,594221532;-0,333105984;;;-0,575891137;-0,04966936;-0,591016591;-0,063090241;;;
-0,58904779;-0,274660823;-0,594800234;-0,332961168;;;-0,576958656;-0,050136727;-0,592380166;-0,06432606;;;
-0,589481294;-0,270612518;-0,59689188;-0,333120072;;;-0,578047097;-0,05007014;-0,592917383;-0,064352873;;;
-0,590164781;-0,272683223;-0,597458184;-0,335225754;;;-0,578276873;-0,049962686;-0,59424001;-0,063622583;;;
-0,591694653;-0,274118386;-0,599552035;-0,344410811;;;-0,580069542;-0,050101355;-0,595365703;-0,063541625;;;
-0,591823995;-0,27545059;-0,599443734;-0,328416428;;;-0,581030965;-0,04986496;-0,595738411;-0,06361857;;;
-0,592640817;-0,274984645;-0,599741459;-0,329711924;;;-0,58162266;-0,050035099;-0,597279251;-0,063959939;;;
-0,593730927;-0,273131233;-0,600501478;-0,34023813;;;-0,583046019;-0,049806193;-0,59806478;-0,063507066;;;
-0,593595624;-0,27903853;-0,601311386;-0,333979637;;;-0,584107101;-0,050042442;-0,598601878;-0,062949435;;;
-0,595992863;-0,276298759;-0,596041143;-0,341414536;;;-0,584649742;-0,049940999;-0,599386394;-0,063559751;;;
-0,596843064;-0,276751021;;;;;-0,585909128;-0,050157406;-0,599758089;-0,063117587;;;
-0,598438621;-0,273778526;;;;;-0,587057114;-0,05044809;-0,599958181;-0,063901762;;;
-0,598893821;-0,276940235;;;;;-0,587311268;-0,050322592;-0,600844562;-0,064299358;;;
-0,601365983;-0,278996048;;;;;-0,589138985;-0,050243192;;;;;
-0,600135326;-0,273374086;;;;;-0,590236247;-0,050425827;;;;;
-0,600583673;-0,249899635;;;;;-0,590280592;-0,050968399;;;;;
-0,598456264;-0,180024767;;;;;-0,592016876;-0,051009276;;;;;
-0,59901911;-0,133398853;;;;;-0,592805505;-0,050939919;;;;;
-0,603999019;-0,16589691;;;;;-0,593379021;-0,051049878;;;;;
;;;;;;-0,595372856;-0,051580124;;;;;
;;;;;;-0,595794618;-0,051480595;;;;;
;;;;;;-0,596550584;-0,051812697;;;;;
;;;;;;-0,598174334;-0,051725546;;;;;
;;;;;;-0,598966122;-0,052005609;;;;;
;;;;;;-0,597969711;-0,051679212;;;;;
;;;;;;-0,5996297;-0,052105461;;;;;
;;;;;;-0,598670959;-0,051498764;;;;;
;;;;;;-0,603770077;-0,043182257;;;;;
;;;;;;-0,600202084;0,637432158;;;;;
;;;;;;-0,601556778;1,880194848;;;;;
